Player,Team,Age,Nationality,Position,Competition,Born,0,1,2,3,4,5,6,7,8,9,10,11,12,13,14,15,16,17,18,19
Yunis Abdelhamid,Saint-Étienne,37,MAR,DF,Ligue 1,1987,-2.134283729203921,-5.352885104512747,1.896948474057082,-1.2683675674045038,0.7755729747771334,-1.6992253529439707,0.983334323516092,0.5828573127392133,0.7519166318462742,0.8147255932743115,-0.13899942670295595,-1.5081849811079444,-0.08883882849565894,-0.39192699276370924,1.1090578124402555,-0.08967505545984611,0.6913129739477636,-1.0881878537357443,-0.5466096051504757,-0.7382400819002102
Himad Abdelli,Angers,25,ALG,"MF,FW",Ligue 1,1999,10.957318111759088,1.2278331620383367,-1.6442882902101414,1.584498851930775,0.15116690173306596,0.06717034997415945,-5.043741320406968,-1.548887819393409,0.3215627368799202,-0.2806055382113836,-0.7823420752446592,-0.18747232843964826,-0.7539005450111917,-0.20158083198850313,1.3605083408438152,-2.0101568535160057,-1.0768299326436523,-2.172996769359003,0.16734423992271988,0.5273738044709775
Mohamed Abdelmoneim,Nice,25,EGY,DF,Ligue 1,1999,-4.45897718289701,-2.8889176426624887,-0.5944563696186889,-0.7230739781116315,-0.1461122306301735,0.055551029276967,0.16080207046096365,0.3536509331971747,0.01576072656532063,-1.3238848627632769,1.3408436858506236,-1.3013206503546908,-0.215125007925165,-0.37706537043822363,0.3026026291581274,-0.3000471696907261,0.06432024645423887,0.18246448352721337,0.9207356526273139,0.7333210343715727
Ali Abdi,Nice,31,TUN,"DF,MF",Ligue 1,1993,-1.061349228513497,1.2365709815509782,-1.117379877861896,-1.0966192207652194,-0.9152161455084582,0.28577170160161997,1.4667269772863862,1.2486817339140734,0.45102208246860304,0.19394211673416184,0.6634778765550642,-0.12949757391214772,-0.030100766202848316,-0.6619981572459318,-0.33264139639217705,-0.0570070977471851,0.1607245043340487,-0.5947748104363809,-0.12248796399521229,1.558813928304747
Abel,Osasuna,24,ESP,"DF,FW",La Liga,2000,2.0129977999018474,-1.2847768158842938,-1.1286542451998103,-0.9796122393816478,-4.083128038767125,-1.5709510494947925,0.5794356471700197,-1.0029178993265724,-0.9370449393165037,0.017134594644878556,-0.24554905144914016,0.2687876513696461,0.2981845438523119,-1.5186250264532022,-0.3676959683588141,0.7571486628184788,-0.4580056448097788,0.024365922843389363,-0.12608809833564613,0.4605899848227263
Nabil Aberdin,Getafe,22,FRA,MF,La Liga,2002,-7.403572184110232,0.6423661723788949,-1.0680902495205344,0.22486841213393446,0.32596599580540453,-0.47077629275363664,0.33413632356606027,1.1887512482349702,-1.4936745304305872,-0.43246238195770215,1.6865082461862455,1.0753581974355326,1.0122830175861437,-1.1083334214450855,-0.4181173090779082,-1.5205850162992747,-0.3234732974647994,-0.1237361307380718,0.8312099676010615,0.02645386477649717
Matthis Abline,Nantes,21,FRA,FW,Ligue 1,2003,1.6955684824656412,6.221670221597537,1.3866396659712288,-1.375816994700217,2.3728318546159697,-1.89124443467356,-1.2414271775284786,-2.29588461047593,-0.24765215875415098,-0.8828553792705984,0.26538066038841984,-0.5068358449969766,-0.8127860145629948,-0.5336159368776541,0.19213913528985274,-0.8486446379539951,0.4532159451997692,0.6097060722851051,-0.010356019737370218,0.4526788455929941
Abner,Lyon,24,BRA,DF,Ligue 1,2000,-1.2328283568761214,-0.6644669558054882,-0.8856783967910675,0.31491868330356937,-2.2220226455213266,-0.5059871086123031,-0.02079936634415712,-0.43773699768836455,-0.15160869649976877,0.43825573179421023,0.9489230802376433,0.4646937460162058,0.08950708418297115,-0.15567501655330282,-0.852323930766822,0.3719880621542767,0.675729365128545,-0.4895545711973975,-0.7516111573691304,0.43284443097557296
Zakaria Aboukhlal,Toulouse,24,MAR,"MF,FW",Ligue 1,2000,3.332233071064346,7.646844220390249,2.7810848366653413,-3.933842114868552,3.2927017780354224,1.27741133326921,0.5646334447585811,-0.33626116607858647,1.4242423281640622,1.5869917134074376,0.32109133574092996,0.12450700226004828,-1.4748571586915964,-1.4485937973475267,-0.4863635440709019,0.814162915923027,0.15257765230796427,1.4108348173305105,0.35603252832590854,0.03659269058783919
Abdel Abqar,Alavés,25,MAR,DF,La Liga,1999,0.8527976006529145,-5.477357734133922,1.243840816223679,-2.2256094525987233,1.1374984060510984,0.01322868881225021,1.6439414425181338,0.933132008496292,-0.25193807315058775,-1.767736602437021,-0.7159443595030612,1.0309628151434755,1.0917945383287024,1.8089335402974993,1.5926328828185845,1.7232672943470588,-0.06707117650427957,-0.4402802889928129,2.3739068913427195,-0.05777723213399186
Tammy Abraham,Milan,27,ENG,FW,Serie A,1997,-4.06835460578241,4.480709545156043,1.3902355970007254,-1.5713865262798847,3.4877164893131547,2.8086452550521663,0.8325140903187798,-0.544556672375183,1.8978975898387076,1.9610861815836043,1.0254273329468675,0.018857443164687446,1.6009079486561506,1.0618734736939437,0.6450151949533532,0.7438207324033996,-0.28979621536046707,-0.04288607151688148,0.053061949812872475,-0.15241426436832145
Francesco Acerbi,Inter,36,ITA,DF,Serie A,1988,-2.5806052230561325,-3.8874503250128574,1.8957269327778181,2.856893820385241,1.838700278469914,-0.23658642380852676,-0.053155296986501815,1.883418856897893,-0.8879171021325934,0.9437142095503793,-0.28019343426492127,1.0422943489870236,0.5608738233015342,-1.1704649763440116,-0.647380726893014,0.2217186687201868,-0.0938099624072604,0.05953887218215512,-1.20131369543264,-0.7914752115989613
Akor Adams,Montpellier,24,NGA,FW,Ligue 1,2000,-2.4155919326061968,5.103038477109198,3.223714107765532,-1.7582360092188565,2.1884129704267203,1.1104886313575308,0.6671944391437772,-0.2594150846802568,0.06164673324302883,0.8476550077021656,1.0573003788032305,0.3669497998717293,2.183359962639079,0.5631301460392425,0.2354629567546149,-0.3450142643761382,0.47752305551977814,1.1985263380735909,0.19365225198096697,0.41743374349557755
Che Adams,Torino,28,SCO,FW,Serie A,1996,0.006338384967265295,6.088546880727853,3.8161146066828073,-0.16235538729508361,-1.1919682410473194,0.7540274458240224,0.45119901327223116,-0.41546705872423384,-0.940541662229968,-2.1189969508834223,-0.6871500341232761,-0.3238886864801045,-0.9638974158107669,-0.11286459965290963,-0.28394778245817437,-0.1838237739285834,0.9722310643131667,-0.2707823900552409,-0.4900857812001363,-0.18002404078180123
Tyler Adams,Bournemouth,25,USA,MF,Premier League,1999,-3.3225436607014287,-1.6840833088018023,-1.5852778574637676,-3.1754778881324524,-0.474692566801439,1.6620423762661443,-0.31809308600918507,-0.1317873913512703,2.2602401032679085,1.2523469781826162,2.254468570076135,1.4418541135437568,-1.0039954298427283,0.13899273806432472,2.1994988445398644,0.13375190153328737,-0.6541542411829605,-0.5133915237188312,0.14363903339240755,-0.21959346294170523
Junior Adamu,Freiburg,23,AUT,FW,Bundesliga,2001,-1.7571686206048012,4.931052570045662,2.7763148725510676,-3.0868043813514876,3.525691122398314,1.6845363758703031,0.6550784577167792,-2.0474007177011435,-0.8789708367116926,-0.044637234742654935,-2.5552044186126794,0.6196102239846639,-0.08192491395799374,0.8240410376663518,-1.4044047603822456,-0.5983632978636186,-0.0670484067115038,-0.10116894918059281,-0.7533976887417828,-0.4048119796213495
Tosin Adarabioyo,Chelsea,27,ENG,DF,Premier League,1997,-3.741326985758319,-4.2240660156690675,1.2188719981055358,1.9515014066082694,1.5094782160696507,-0.4612688379578756,-0.4482496568272707,1.5470003592816175,-1.304399085742836,1.1668671827137267,0.7097150204520326,0.27229782525548785,0.059143084708904815,-0.15581627623324457,-1.4780671329412463,0.2822418445890645,-1.032719832801099,0.05621493726626796,-0.1927543359839317,-0.18334237376250387
Karim Adeyemi,Dortmund,22,GER,"FW,MF",Bundesliga,2002,-2.9152890426038462,4.490338452941585,0.08540054381037013,1.2102599601233,-1.7354282396749905,-0.6684489273212043,0.22405112125716875,2.6854411169804506,0.21386867538045812,-0.07641294887248351,-0.97479591924304,-0.3133805353927019,-0.36107340932349624,0.2518711171926845,-0.551417200368668,-0.29032621735091085,-0.004334024096596858,-0.5188640487731678,-0.06479903712271622,0.8945315122865716
Simon Adingra,Brighton,22,CIV,"FW,MF",Premier League,2002,-1.768108425557845,3.4444103579877186,-0.39180201791117053,0.10368050771865933,-2.29232439901998,-1.1944523813238574,0.0961625214902233,0.4475500054418987,0.7221771847196399,0.19855557068461488,-0.21377360583422797,-0.10702269891392314,-0.29846390566168807,-1.6285414193023615,0.9089629999530149,0.35363363436945694,-0.35753922045694475,-0.16960100448272822,-0.25553655867787123,0.575857013093236
Amine Adli,Leverkusen,24,MAR,MF,Bundesliga,2000,-5.006935510316172,2.059917289557076,-1.7031677764534672,0.6156511649899951,1.070639492859099,-0.6239193906990711,-0.3102738728495321,0.5582315160961236,-0.35974671724019397,-0.5166359278523545,1.7308075329052426,0.10220575345261411,3.941717847322598,1.1244509603794006,0.9197554890588331,1.5943278653066204,-1.9373892252241547,0.2611532703132271,-0.43058944852032854,1.5669841326544591
Yacine Adli,Fiorentina,24,FRA,MF,Serie A,2000,3.064661052999204,-0.20915027885804718,-0.08951385688345091,1.999360512864969,-4.588612814480797,2.386445016215395,0.6413410326933181,2.170059606227706,0.24493677063796035,-1.6190685138516028,-1.6757885391767358,-0.08112735919377327,0.4119024540261484,-0.12521436818751605,-0.20201825924145872,0.05173821678859246,-0.13568804532332143,-0.24442062923566463,1.3765690143112332,1.2845935607321606
Michel Aebischer,Bologna,27,SUI,MF,Serie A,1997,-5.093315807754181,0.4034183629542072,-1.3414852809496451,0.8390068121642247,0.09421469779072637,0.5597546086847689,-0.9223249003876955,-0.14063852201576446,-0.44217638432245737,-0.24082313883477735,0.49692434173937705,-0.017209834116249836,-0.12262414998693848,0.3672537993275933,-0.20621617884465615,0.3807819692002275,1.0109937923436108,-0.4037668594066088,-0.5927844336137935,-0.14332764420595565
Oladapo Afolayan,St. Pauli,26,ENG,"FW,MF",Bundesliga,1998,4.4034964936472365,5.296072760826005,-1.2789190210781134,-1.9371178798104336,2.1591986920427053,-3.5361294241025067,-1.8870722521729026,-1.2593630735280934,-0.4852697201406929,-0.03164288227456496,-0.8183272621432143,0.5776043061048605,2.105293903658207,1.0237179107735659,-0.449952490871212,0.41545045961195204,-0.1713192319742522,0.03201134660268281,1.066097188317124,0.1581350145286734
Emmanuel Agbadou,Reims,27,CIV,DF,Ligue 1,1997,4.730834008734097,-9.789183706639433,2.03236524853834,0.9771870706460675,1.9520012811310006,-0.524608374805486,-0.5410289478906568,0.18363502617368896,-0.9062286785057511,0.21730024491679556,0.2089342951523424,-1.4597731025426848,0.33569854228419577,-0.22455822932196254,0.22001822334152785,0.09504977067120052,1.5259341516233065,-1.4691783781608396,4.467324657410482,2.0547444700302018
Lucien Agoume,Sevilla,22,FRA,MF,La Liga,2002,0.3772737506899364,-3.8190374846603117,-0.9683617048927524,-1.0507485983485827,0.3767914335343363,-0.1270777919356297,-1.3278905973805675,0.7586982282899964,-1.9953659869983584,-0.3697135752958645,0.07118316788390978,2.2160932340291035,-0.8494186558168724,1.0866710300028637,0.08574473512679213,-0.06161553612452517,-0.7272989847304703,-0.44339897915123705,0.36568733110627,0.4934567159414045
Felix Agu,Werder Bremen,25,GER,DF,Bundesliga,1999,-0.7674376113032257,1.7442635564126063,1.7103118620247602,1.192547123445333,-4.176771264015949,-1.3291634475190106,1.639089269206778,-3.1702473758389598,1.3411574766048016,1.9895445861392576,-1.555839756279624,1.0233354691746201,1.235976507216196,-0.26898997977503075,0.08099498659663125,0.2486698507763718,0.7974062240134814,-0.2686806614464253,-0.23202344995784968,-0.9000558523368921
Álvaro Aguado,Espanyol,28,ESP,MF,La Liga,1996,-5.183526963771871,0.3789036281980172,-1.5180225438813508,1.42374749256646,0.922788557793848,0.24669786415173947,-0.29541060743661335,-0.21118680497615294,-1.1394566769095718,-0.32577637831318146,0.20856879872703374,-0.46886275915477105,-0.06006637793060177,-1.0231054492172644,0.7755982603566993,-0.5734686811940279,-0.557110555483634,1.1213594490121535,0.6955189568902671,-0.1107372801134217
Nayef Aguerd,Real Sociedad,28,MAR,DF,La Liga,1996,1.6182028175231546,-6.643614970298103,2.9974361286615405,1.2211854847215824,3.7924762307766273,1.1477652117460788,-1.0689298935258793,-1.1171638039466536,0.6652933977629496,1.23009726899233,-0.4552107110754756,0.49347974534376166,1.2759963302230326,-1.223860012707029,-0.28835982194451865,1.1324801295812112,1.632000599016747,-0.23730035823032863,4.842076916441174,1.464831903189425
Ruben Aguilar,Lens,31,FRA,DF,Ligue 1,1993,-5.146737894258209,0.2933027245209208,-1.7160462305966235,0.5867018050694867,-0.06712579018031258,0.6421683682843526,0.6057615411710375,0.7436229051582051,0.8155111542209151,-0.38913487448309775,1.5880068056595276,-0.14498106907672828,-0.10388057357686473,-0.14203036029546107,-0.5912540163414771,-0.4350301621798467,-0.5797423888926627,-0.020180052626433475,0.32904286562936647,-0.25420216760224984
Jean-Eudes Aholou,Angers,30,CIV,MF,Ligue 1,1994,1.6666694851644208,-2.729018655472637,0.4518610641519127,-4.254105343603486,-2.175516013305699,-0.3051134171146964,-1.5685883808734784,0.8531595068329494,-0.4004246909121058,0.02460974936709705,0.9283126943905895,-0.46594737005639564,-0.5158052620221596,-0.9974082491832472,0.08260442595327204,0.6465747601677861,-0.21220475000093605,-1.1467402044779196,-0.3949920510465028,1.1410653967390352
Ola Aina,Nott'Ham Forest,28,NGA,DF,Premier League,1996,7.235140592468057,-4.426039817345801,-0.986130468070787,-2.0798460994936203,-4.265387872936274,-3.4666695964148606,-0.1398697882145576,-0.7189358598751614,0.4129435664002755,1.0413725754831258,-0.9541183793841553,-0.8255192077363942,0.26806543955937334,-0.3816835708678409,-1.1525571738847489,0.3810741230363702,-0.8652845016868282,1.0467329763749482,1.6802368139996433,-1.649937038311424
Rayan Aït-Nouri,Wolves,23,ALG,DF,Premier League,2001,10.6595259501935,-0.9096150801905045,-0.5620459316941835,-1.1446431647935023,-2.982079705824499,-1.4205729796205426,0.7584388908228136,4.824750013097496,1.8265781472670601,-0.23111253049575833,-1.4559723683593613,-0.8256247809101677,-0.1338862702290329,-0.5626745151365573,-1.0080205652831096,-0.6443802037617289,-0.6256321458151939,0.74367382939794,0.9241077688221494,-0.8067940562880569
Kristoffer Ajer,Brentford,26,NOR,DF,Premier League,1998,-2.8354353890316744,-0.47030317827786533,-0.24640706453903938,0.15813637978628262,0.8009476284809616,-0.16810512063295008,0.3130779975471867,-1.5592914808078757,0.560071637570386,0.8905161547595057,-1.0309900214601406,0.2673901363998723,0.3488378349681392,-0.782501504692184,0.17673515505927362,0.9481652155522147,1.0598026006079282,-0.16472784867285264,0.010553409662556206,-0.2993932156279791
Ludovic Ajorque,Brest,30,FRA,FW,Ligue 1,1994,-0.31447566395663185,3.735228910119946,4.654300768374002,-3.175868485129627,-1.3187525593566705,1.1626581362391546,0.724511769248248,-1.2564777770600346,-1.3746275644480124,-2.2084268531036098,-0.13842294377922312,1.4084142152282675,4.356868945108502,0.7915574831980619,0.26909379013841395,1.6093105129457301,-0.4005148479600359,0.2651496011990636,-1.0341019701450878,1.909593771437405
Manuel Akanji,Manchester City,29,SUI,DF,Premier League,1995,5.27628027646306,-7.465493780954189,1.0349258322107067,5.065306790405669,2.4820473260043356,0.478020790355969,-2.936657289264909,-0.9760849537250991,-1.3635094373059415,-0.09780208173714751,-0.712854472940949,0.5104912559790802,0.3322028032448114,0.19523570493911085,-1.6664950501445615,-0.6105044092817257,0.07759456519537508,1.1647851503503104,-0.9299083571474539,0.8190176477034432
Ümit Akdag,Toulouse,21,ROU,DF,Ligue 1,2003,-6.707492221592246,-0.7943681008793178,-0.48486992725022926,0.7599990257408079,0.6342060250275056,-0.39092806624613113,-0.08020843066909128,1.5802434541236827,-2.985045791642631,0.2849839222180895,0.31190677996967886,0.41947430192678953,0.1416344212327659,-1.6565509907564313,0.2907362047938463,-0.039283494538373424,-1.0235867538171621,0.037367197716803635,-0.311391241716984,0.0457553236657941
Nathan Aké,Manchester City,29,NED,DF,Premier League,1995,-4.525204178550714,-2.529919456023073,0.23541416239558474,2.635564873986571,1.159366844115281,-0.7289116317374671,-1.3139735530000418,1.7610610987468396,-1.1727270734219555,1.3198890552144442,1.333206927776248,0.48287791266502916,0.42059955085208073,-0.09318089093080663,-1.4205661777850918,-1.0137955432352832,-0.7326316486886403,0.9382675733220239,-0.5020780337651122,-0.0017586056965080506
Ilias Akhomach,Villarreal,20,MAR,"MF,FW",La Liga,2004,-0.1465845428511137,3.480650452609409,-2.0264885194473146,-0.04742075956771338,0.1894116698765009,-3.051073581427385,-1.319540866419437,-0.11263768107218254,-0.48224449341442577,-0.050939185150102345,0.41951339345752436,0.06911260254185259,0.19389171002539193,-0.7915447701269612,0.5718492245090483,-0.14194389375773558,0.43330244932790796,-0.9723651186883496,0.08842076299383131,0.8260499399368013
Sergio Akieme,Reims,27,ESP,DF,Ligue 1,1997,0.14561171347273374,-1.1042005452864827,-0.46494481933528653,-0.07235987195543746,-1.1852277734323073,-2.2500970824911635,1.3291841373825704,0.2501620821935502,-0.024012826910002193,0.206987088262945,0.2605130853228237,-1.0617650517187895,0.3770555045525879,0.14618251167797658,-0.45652000437427004,-2.295626438239776,-0.04547551550878026,2.4557406745194137,-0.4487311850418836,-0.066957804840285
Maghnes Akliouche,Monaco,22,FRA,"FW,MF",Ligue 1,2002,9.638079319282555,4.786940038517979,-3.078500021438731,0.37759513579809173,1.280305971471575,0.5081468470509363,-1.2065952635404158,1.1521253604350883,1.4738074580692915,1.0850683196968984,-0.978030358163124,-0.07993951949510655,-0.6677283091622831,-0.09605580669011674,-0.48064946664331876,-0.2603696878937527,-1.5467356012946947,-1.0849901796908834,-0.24387888059101498,1.962413520182827
Clément Akpa,Auxerre,23,CIV,DF,Ligue 1,2001,1.789545813029667,-5.0321816276702585,-1.4343722564315415,-0.636011769649152,-0.21329032559779276,-1.0859234942285627,1.2364351927305877,-0.8182483392451184,0.26930946226506564,-0.6781547163642457,0.5798496947481694,0.41749435477646024,-0.2059504544292094,0.9191656667282012,1.211301097359677,0.3523259399949223,1.833658400666698,0.012461408576740303,3.3005229806803897,2.456103845757685
Kevin Akpoguma,Hoffenheim,29,NGA,DF,Bundesliga,1995,0.309050792246484,-7.186189572135753,1.505303904059108,-1.1754971441542883,1.2879757059885892,-1.9221079176369087,1.1947189800197797,0.6788430458387731,-0.5673368225374344,-1.7889843430488475,-0.6614140874765422,1.3171870005190822,-3.047629474850174,3.1068447659152203,1.9680147557505872,0.8958537478530508,-0.8242946058266967,-1.6219080963680284,0.1568345697967928,0.4914614623601086
Raúl Albiol,Villarreal,39,ESP,DF,La Liga,1985,-0.7863131367299656,-7.663930899079755,3.1695437880163873,1.6091191771957898,2.327883134088699,-1.5920226727124938,1.4868066590292508,0.43374145838293815,0.5498716834111107,-1.5782868655855418,0.6360366751675852,2.0318627891863974,-2.062101045643708,2.096236480723228,2.3717387969965804,0.11379575397613337,-0.710645359078745,0.3635840175960443,0.24663205592835694,0.22901672368694892
Omar Alderete,Getafe,28,PAR,DF,La Liga,1996,3.994439951386934,-6.15876861208157,1.9018499858330644,-1.093319881120171,2.3769390279319644,-0.6372117121427185,0.9377272902830718,-1.3621523441049208,-1.4069883770459546,-1.1721762560018034,0.24875083122022662,0.11663427843715636,1.4828466759473384,-0.8551929896958218,-0.28697965489916105,-1.1025359420296204,2.1466961364444517,-1.740543164552268,3.518529879071775,2.117000456698251
Carles Aleñá,Getafe,26,ESP,"MF,FW",La Liga,1998,-6.562857941706127,1.0234751366741155,-0.5453695272814456,-0.23808573176844963,0.8875420001818348,0.6099015987014885,-0.6099487455752454,0.5367291140923509,-0.6992597938986773,1.692694090124549,-0.4191713597799227,0.23313407631215646,0.25764514401560606,-0.08682489665490792,-0.3611576506421544,0.011417970164535723,-0.3370529799602241,-0.04006777930572863,0.0665534439629122,0.002210461869078783
Trent Alexander-Arnold,Liverpool,26,ENG,DF,Premier League,1998,13.591574064636198,-3.416581220783035,-5.7398254366400625,1.6536436281103941,-2.5330222099239648,3.8328930599317688,4.591193243092025,-2.28524118400255,-1.909532425603254,0.7507643136159343,0.7784529560791285,-1.7482177054623378,-0.4308822317082112,0.9039287280690709,-0.1133625227066708,0.9994083072651595,0.4825828699511732,-2.0216138359230933,3.036725792898685,0.7618713954175833
Alfon,Celta Vigo,25,ESP,"FW,MF",La Liga,1999,-2.7483635492360765,4.883779684473215,-0.9035523881075702,0.5959965125203295,2.2432094292803217,-0.31519363348711854,-0.44779357405439707,-0.5471890156244205,0.07197633188692293,1.337980465855433,-0.8717671720171519,-0.6448388204861089,-0.7370521317457283,1.1442180671438211,-0.8046966893878934,0.66813657252197,-0.002891058614461486,0.05283148491188648,0.27017123321207137,-0.0627494325056181
Mohamed Ali Cho,Nice,20,FRA,"FW,MF",Ligue 1,2004,1.2905002570345248,5.733472512170326,-0.6885458839184483,0.7070846199386974,0.3516295772202595,-0.9124807861001132,-0.547717462354525,-1.6474711453674025,0.34819997626514554,-0.5896300627632064,-0.43098063072754333,-0.09870543209355981,0.12243310437462877,0.3609827538801696,0.864662788700097,-1.1734747998560973,0.7758314024804123,-1.9607879340839725,-0.5254064461731607,-0.1271864291898721
Jim Allevinah,Angers,29,GAB,FW,Ligue 1,1995,-1.8666377084011303,3.0311760036847017,-1.697004355323316,-0.46351228800564553,2.3859565070574953,1.532550933574485,0.1468300685797286,-0.28684335928451526,2.3617293189385267,-0.9756327722525666,-0.8998236794390714,-0.6613380317976513,-0.7918814585491942,-0.6976253082937052,0.5870701179382702,0.5043432020189571,-0.1796203084950756,0.29195677566012906,-0.16228126430803091,0.0702247708883315
Domingos André Ribeiro Almeida,Valencia,24,POR,"MF,FW",La Liga,2000,-0.9776396766409418,0.027835678221167226,-2.5951638236877272,0.4837806601854283,0.12700372783623837,0.20294484214981845,-1.7032935437380132,0.07656049666115433,-0.6735390671685492,0.27277412244368765,0.09450031045730885,0.4199046930559741,-0.16826681357721304,0.7261145915523722,-1.2171942123082484,0.023985962495805417,0.415291239088015,-0.4992495031908475,-0.7521533574123397,-0.27944677596862133
Pontus Almqvist,Parma,25,SWE,"FW,MF",Serie A,1999,-2.378911101221426,3.3826534145420415,-0.627356838745905,0.3961962505043371,0.3695410767455883,-1.6469208287525487,-0.5432720338639316,0.9096706356132145,0.8912549866337168,-0.21355181622904795,0.9161024243518592,-0.0931424779241639,1.7580898862046557,0.8578136331115362,0.02036530226071943,1.1066881127423318,0.18272772723224665,-0.06085689053859051,-0.41982499685676633,0.41577636847182725
Marcos Alonso,Celta Vigo,34,ESP,DF,La Liga,1990,4.266657888369301,-7.501871912600693,1.9370540367818594,2.4461662146231062,2.5625400507746887,-0.550873699391464,-0.7196086726339244,-1.959092327707137,0.7558999069215587,-0.9185426075715868,-0.25389169159924985,0.47828597357614566,0.5753668576358393,-1.4967886258934648,-0.7382707866052745,0.6685390281041693,1.192393976914062,0.6577663644647607,0.9548201762063738,1.5548577016501683
Giorgio Altare,Venezia,26,ITA,DF,Serie A,1998,-3.769942763188106,-2.3874710090507487,0.24967215250125113,-0.7285078108367328,0.7671700939916469,-0.9312046842508412,0.5165512510063323,0.5572496911499855,-1.743263791649438,0.3219854403755384,-0.9963111602957381,-0.41389422229704187,-0.09549939250634173,-0.5528986711676281,-0.11729398734410898,0.7014033265501454,0.3326145550326713,-0.9186771673130362,-0.2314540735070801,0.47380444484989853
Adrià Altimira,Leganés,23,ESP,"DF,FW",La Liga,2001,-2.6330577671838,-1.7989071012043898,-1.5141179962045053,-1.5780596139245935,-0.2579090302737464,-1.3207657167782503,-0.37892096239338596,0.5942410886825601,0.04509604401317451,-0.4844195543316142,0.1986642234568084,0.27213031552852146,-0.8521791473785282,0.976491254889041,1.9432694517259317,-0.6229348207132163,0.6688281338810835,1.6013641526536295,0.20520906312091072,0.39256505381463014
Sergi Altimira,Betis,23,ESP,MF,La Liga,2001,3.482935596576341,-3.9697183039520083,-1.9381648443414912,-1.588561317997591,0.585876590341641,3.2156673001137364,-2.842771229859539,0.39464880797049506,-1.6669874646522063,1.472475522831047,-0.38128141590570097,-0.34783401855170504,0.18574018097330053,1.1284989547625972,-0.8315720699366747,-0.10281921642443664,0.5525414717128575,0.2800367934154629,1.726341174298306,0.6197276520898622
Edson Álvarez,West Ham,27,MEX,MF,Premier League,1997,-0.07021850782160939,-3.165920145215201,-0.9559228537114297,-0.4635972583539541,0.4919245978799188,-0.0660532721719066,-1.5450138977281351,0.09855414193651003,-0.6571642860193113,-0.5961408879098575,0.6426696057956346,0.1994549878823843,0.1457533726315014,-0.5892506489256677,0.04945310918714679,-0.3276217761338588,-0.03413631907251037,-1.352066069621881,0.33333418492358874,0.33016728609726986
Hugo Álvarez,Celta Vigo,21,ESP,"MF,DF",La Liga,2003,7.778173986735794,1.8971476325279841,-0.15109307859124607,1.0091774422087751,-0.45173091952066347,-5.173255039530376,-1.3594063176769735,0.9852017772205026,2.60491539808165,-0.07749205983708551,0.0252998792718981,1.5950674442845738,-1.4809095497002365,-0.8338370962214646,0.9619119111955124,0.7940224522017495,-0.5192755222807257,1.7798012643342618,-0.1509799023860869,1.0131592594337258
Julián Álvarez,Atlético Madrid,24,ARG,"FW,MF",La Liga,2000,3.37407232789072,6.003401936556965,2.138559606940049,1.0565453665703297,-0.7014131503047993,0.00834320803281474,-0.2271582247629339,-0.41796949792159505,-0.43533713063283264,-0.6633813150630075,-0.503410424054253,-0.3458091418700216,-1.6660918854040572,-0.9099899491793016,-0.32703199722037274,1.1825547097401317,-0.08962402286722647,0.1854663867025405,-0.6211030999689664,1.2036146856429355
Yeray Álvarez,Athletic Club,29,ESP,DF,La Liga,1995,-1.8089834432442564,-3.880133703011304,0.8317349514515021,1.6582518147583423,1.085876457686717,0.13160331093847888,-0.594796449713483,-0.6136667666454048,-0.2163051505681411,-1.2492280482847906,-0.10245921060225827,-0.10105524808441144,0.7433005218606445,-0.52109221036205,-0.05794834358390101,-0.28185563774096134,1.6147501332796115,0.33013502411012935,2.0775801340411024,0.9274203815470231
Selim Amallah,Valladolid,28,MAR,"MF,FW",La Liga,1996,-1.6219856154059802,2.512038452710947,-0.3692591861816634,-1.0073818859827786,0.5866372526965987,0.4587417035392959,-1.7263665678199622,0.7100849657880935,0.006829586832172913,0.373363200899835,-1.8824716341745769,-0.8012691687781216,-0.5672076822920543,0.03155045390516179,0.7073711784669012,-0.359881049156635,0.5298394974934254,0.787298999776047,1.1122418093426107,-0.6077065888645167
Amath,Valladolid,28,SEN,"FW,DF",La Liga,1996,-6.140893358404416,2.224003681163805,-1.3575444501391416,0.9725839308528855,0.8514899246623395,0.3111670348023232,0.16507474148015935,0.5430014685476197,-0.09545858267726566,-0.6992315761146274,-1.3644965856928926,-0.7740914166469333,-0.5989827177962862,0.26526909174774144,-0.3399137156284704,0.6588701373788433,0.19842918525926986,0.35980632455422845,0.5977611022972769,-0.020599135673768646
Jordan Amavi,Brest,30,FRA,DF,Ligue 1,1994,-0.5163342298841428,-2.714257121442843,-1.669672700043307,-1.4262057252387879,-0.19113087006202611,-0.9437029201065132,-0.1877030692749569,0.5077465680998425,0.2845632755131204,0.1477081871534389,1.2971231567043873,4.353668593998717,-1.4887350405782083,0.8876512672121227,1.8107332499688307,0.6999476357698811,0.485459577613447,0.9070660206951291,0.168057266640425,0.9396803735351749
Kelvin Amian,Nantes,26,FRA,"DF,MF",Ligue 1,1998,-1.2043880702319407,-1.8430886918975233,-2.5452814390842207,-0.2793669892447769,-0.5773638373366136,-1.0330202777626811,1.013025169775227,-0.1121449071116774,0.159322109249035,0.5678582886937298,1.775837326444004,0.5098378327098406,0.20637491146407755,-0.4492363994020573,-0.7808032898209996,-0.1883452143126779,0.3108547076282958,-0.3127546669965427,-0.1530869516249428,-1.4668906717442958
Michael Amir Murillo,Marseille,28,PAN,DF,Ligue 1,1996,2.0257612465604864,-5.129756672398082,-1.2476041257265316,-0.10640221784093813,0.35458438172075923,-0.48022411746299165,-0.7169037202322581,-0.3795856883533114,0.0993742709544997,0.1423905531678223,1.401246770848096,-0.37232793469764636,0.08358942345682145,-1.459928871210963,0.30209507336956914,-0.7485976735016306,-1.079369030456907,1.6996419121366868,-1.4612945214979327,0.4927772265131198
Nadiem Amiri,Mainz 05,28,GER,MF,Bundesliga,1996,9.436533912106151,0.908555041391467,-1.3379997535858956,2.1842598788210528,-0.11199389853908219,2.320802704449619,0.2237703337729054,-2.679727487432392,-3.2205661353822554,-0.3926812528169223,-0.2836060787655759,-0.5737975567202166,-0.39396108654436984,0.1285176637407261,2.0379375406668823,-0.9990813984054597,1.6224113432617018,-1.1598700157675101,0.331838414208474,-1.5299187306446222
Mathis Amougou,Saint-Étienne,18,FRA,MF,Ligue 1,2006,-3.8629475934530633,-0.052769166668047,-1.7295042716767877,-0.6010181320619745,0.131641624758731,-0.048518524495196766,-1.0542155000232771,-0.11764293127109199,0.6024417980167508,-0.4212282707099414,-0.020229460466948335,-0.554334513884373,-0.48856663044251153,0.6885869405620139,-0.9262707195553921,0.25997737649090047,0.3784469987577166,-0.17750595884252246,0.6308991572119013,-0.9356545857118055
Mohamed Amoura,Wolfsburg,24,ALG,FW,Bundesliga,2000,5.969444158803783,7.925813303043103,1.5105885207872007,0.31447596526229,-0.3523829828620765,0.707326627267078,1.6769331788240542,4.481563557157182,1.0507821685108203,-1.9231540616361222,-1.747401126535564,-1.036545549849761,0.5069986798480168,-0.019346877210177076,0.3685835859789199,1.5011208621097716,0.008929933563747985,0.3642782331467367,0.2358269881143533,1.0867635122680228
Joachim Andersen,Fulham,28,DEN,DF,Premier League,1996,-0.9760058362277726,-6.060348267931201,2.729215066893375,2.2135091140196224,2.4593376834680307,-0.511677658118601,-0.07262594425689241,0.206642176100378,-2.49004872148574,-0.31536002097667754,-1.1048795290715057,-0.1819559691754567,0.4033214064915005,-0.6822846648765629,-0.4564444139123291,1.0052608465768118,0.9467138333822925,-0.6265983184908978,2.6738635792289425,1.1333287080103773
Elliot Anderson,Nott'Ham Forest,22,ENG,"MF,FW",Premier League,2002,8.990146258852276,-0.9169866097291945,-3.944867442376305,-4.074214590072911,0.13198927804352098,1.5159344268289525,1.1319578463584146,4.1520396469175935,0.585916960364773,0.08972628588480232,-1.1209087231989734,-0.9181480733233431,0.3161267907827043,-0.9359465847854682,1.194797334764969,-1.0278842837279354,0.032791210611922965,-0.39424882243911946,-0.2999490201334835,0.2392435273466319
André,Wolves,23,BRA,MF,Premier League,2001,0.9627902556441914,-4.923885395643233,-2.093296407495929,-2.5404594266533076,-1.766382159347669,0.38299404564603096,-2.0436859995297016,1.3575866990541317,0.18450685804382583,0.7306936418577971,0.5880286202543957,0.4748086535723046,-0.8167585422987782,2.8569577392297494,0.46585729951820504,0.4367415499094031,2.1228910062762067,0.008797899753148633,0.8819307165850576,0.7122761808271749
Benjamin André,Lille,34,FRA,MF,Ligue 1,1990,5.391641441297512,-5.297836956071601,-0.2985775373071906,-3.659932313117767,0.7751443052050269,2.901873374205406,-1.0971610563267187,-0.7392204513246888,0.313950209092874,-1.658862159412761,-0.03249975417300665,0.9106883840538531,2.643997325233767,-0.09672222558469126,-0.3997884725707747,1.4631639427984258,-0.2495856275895769,0.1359118136709623,-0.2878648075094005,-0.1822433830670695
Marcos André,Valladolid,28,BRA,FW,La Liga,1996,-5.307798781714415,2.7311823321914797,1.8385972516493556,-0.7728917295633013,-0.4032886969991126,0.3445826867457397,-0.19920218437792517,-0.1724526344193098,-0.7330582789750053,-0.45065978843097787,-2.8013811148714316,0.5665197823256795,0.6832621845811647,-1.3314968693805667,0.39796117123785724,-0.9722786854902309,-1.8015898964483295,0.17722361434979755,0.7642232005105112,0.27835981233114077
Robert Andrich,Leverkusen,30,GER,MF,Bundesliga,1994,-0.8189387350793036,-2.0298914087234308,1.8170970131560498,1.0881911770564703,-1.3576190905465442,0.91600806125451,-1.4867689412974503,-0.028802431933100982,-0.8746328146068809,-0.636121798421414,0.7607171881332242,2.105386872283555,-1.295422687747836,0.15940547275495426,1.481850741535579,0.5868495744947846,-0.40244630809806686,0.4720098661054545,0.36216092980611414,-0.8913570400481379
Angeliño,Roma,27,ESP,DF,Serie A,1997,7.878185452482785,-5.748626210036179,-1.4806148686889549,3.2615048307210692,1.6304542165319305,0.6437366393500961,1.5376096182752672,-2.341774542207056,-0.8061239571471424,-0.7318787844686997,0.4836314664908072,1.735822891216796,0.8210005508760341,-0.9452990833229581,-2.1053958088799005,0.5314964889487656,-0.03836412775280839,0.19507286963959747,0.6460920100918708,0.15765860004923085
Faustino Anjorin,Empoli,23,ENG,MF,Serie A,2001,0.8242968637637136,0.11537095321234381,-1.8592921529778836,-0.36282628461169897,0.7049694153453587,1.2453894901525062,-0.09488173600312959,2.738131313053519,0.8165625752572219,-1.3280149713646745,-0.9381862176541165,1.478957168529934,-1.1807920973062997,1.0545347457905871,1.375009548052955,0.07100592535227332,0.21526921340510555,-0.4941314602072762,0.19098935809590417,0.7898018452201592
Waldemar Anton,Dortmund,28,GER,DF,Bundesliga,1996,1.835285517166047,-7.079381984517282,1.9085648749963888,2.31076459799335,2.4267921255829394,-0.7736177790614087,-1.3617112051483766,0.6769658084464711,-0.17861020974838912,-0.3899979760396312,0.3707032352657544,-0.13399699995126538,0.4094485201571854,-0.061161887715624065,-1.0846896674754014,-0.5937959407608064,-0.38605819136065533,-0.21940509293341526,-0.319244755913928,0.6530684080535207
Michail Antonio,West Ham,34,JAM,FW,Premier League,1990,-0.6739399489573195,4.68349188174069,-0.2715182800903838,-0.31641098598140077,2.8152770982900956,-0.5072941929371885,0.2363255407414581,-1.1500806143042126,0.05341425503728471,-0.3087975599817878,-0.3145775560722882,1.0421595262363883,0.7540696396689375,-0.13577781242323594,-0.9814919887780369,-1.9325166257185127,-0.08184084947549895,-0.5884412459705127,1.4730547072743239,0.47617177828941926
Antoniu,Espanyol,22,ESP,"MF,DF",La Liga,2002,-5.36892777796,2.1292225740312203,-1.446999600767269,0.5550070024373635,0.6726441618169161,-0.017307386589868363,0.42541708812295514,0.8780633330104219,-1.538431912150966,1.5332969006229282,-0.30586175152504647,0.23290310274812395,0.811946183564095,-0.7849616816657593,0.6739062150064854,-1.0150924366537493,0.5275565936700716,0.42119564020813366,-0.4963164688830602,0.7733704123778442
Anuar,Valladolid,29,MAR,"FW,MF",La Liga,1995,-3.9830692087021866,2.2185008808768063,2.0409406119115476,-1.0129297193236546,-3.0208467390749787,-0.25120904648274456,0.05249277784960706,-0.7634907491222733,-0.22509820987223753,0.36985996667100407,-1.403428405265095,-0.7449986465215334,2.5861719440566584,0.5122736570544466,1.911498433634678,0.6030955503457159,-0.3653516849103401,0.3721675615144314,-0.6146283247251892,0.31350622975694137
Dennis Appiah,Saint-Étienne,32,FRA,DF,Ligue 1,1992,2.0837004287252223,-2.8488817137639995,-3.350635058669619,-2.107272267875885,-0.5620085378983091,-1.145296544713028,1.9696281091763796,0.6077708912655413,-1.3350423100643687,0.17921818889511068,0.0866006707782076,2.811455834136142,-2.372953179045944,1.8514233988945055,1.5516738312510285,1.1402993208071839,-1.3831026107819289,0.6900366761382511,0.44354650789658956,0.21249694511360415
Mauro Arambarri,Getafe,29,URU,MF,La Liga,1995,-0.046773916670764866,1.0951289680116008,2.015937326345202,-3.205898859628071,-1.0889745271224396,0.35840588576192556,-1.4037778393128955,-0.4006551348666535,-1.9026023109540766,-1.852328428993783,-0.2650310417686541,0.8317097038515326,0.1406388721678175,-0.8360387909577839,-0.9863340231961164,-0.47807660168425453,-0.09511841907109965,-0.07117475455830138,0.3218848048508298,0.8277814583099055
Jon Aramburu,Real Sociedad,22,VEN,DF,La Liga,2002,5.524465567336338,-6.62661840406072,-4.185808980847158,-6.3940101125692514,-2.926757086421487,-0.06351641429421444,0.9054192677316737,-0.5556857703243664,1.05396929603162,0.7039438608468219,1.7704843611760104,1.3638966922317095,-1.000057759790296,0.19118000180287936,0.3322110374466783,2.0847410149642873,0.5177599154537627,0.3433931142344238,-0.2605780706860316,0.12896681941413057
Julian Araujo,Bournemouth,23,MEX,DF,Premier League,2001,-6.5344743327294035,-0.2080778988201086,-1.4666393843489183,0.5784061791082673,0.01997711308144743,0.20825903656936484,-0.3313030239036588,0.304968127475296,-0.6988355863016862,-1.2049383092651758,0.3651546938615064,-0.9611554354741205,-0.6995720399009423,0.38593494609466694,-0.618947899135236,0.8398536071128903,-0.20409058567978838,0.14643941099764127,-0.019144521094271463,-0.5729528481441429
Cameron Archer,Southampton,23,ENG,FW,Premier League,2001,-2.996222186384242,4.232104685134994,1.1273211570366202,-1.6180575995592164,2.5402724511321946,0.4692682051097013,-1.3515433654692761,-0.914529117123815,1.605319118038782,1.4986798666983727,-0.264372323072403,-0.5665327084669275,-1.0483404775747842,0.5650796235728408,-0.7098749430041809,0.21861850867793045,-0.5694310428531112,0.1641503793253049,0.4054712872314184,-0.2320041262629365
Carlens Arcus,Angers,28,HAI,DF,Ligue 1,1996,1.744757992087375,-4.6842377464797895,-3.155851795289038,-2.836043772085094,-1.158278380175593,-1.171529381273864,1.1085264072084173,-0.22331503270896297,-1.0002343146404944,0.26568400756502264,1.160524217668386,-1.029753336599152,-0.030102662110904704,-1.0564607496146043,0.03139512403876978,-0.33756435932986417,-0.6948464658434367,1.995264415800199,-0.19643040684759472,-0.7868401574537768
Jesús Areso,Osasuna,25,ESP,DF,La Liga,1999,7.216008408828662,-2.458909214575981,-5.786924532555968,-0.2054363154813286,-0.24806904423408524,-3.038695306956829,4.209851022649231,-1.9859299314507937,-0.30125764829339824,0.11720066145998576,0.5126776500700764,1.4095047156197438,0.5318536939971072,-2.0294841166783746,-2.23840710634603,0.5668254709497843,-1.4873365927499564,1.6659825216962,0.029836793122643448,-1.1080676509156262
Joe Aribo,Southampton,28,NGA,MF,Premier League,1996,2.0987517830633946,0.2442383714056261,0.5245659085748209,-1.7777510680867057,-0.6189734246252732,-0.7186561068197854,-1.8548566635997685,-1.3572675364563276,1.4184581905657176,2.000581359042633,0.5310705569315357,-0.3417939952865159,0.07232436841620678,-0.9709406626286609,1.2626107890173632,-0.41840010365688485,0.00040174873577992457,-0.3370971193270059,-1.0836291108868616,0.3180574878399296
Adam Armstrong,Southampton,27,ENG,"FW,MF",Premier League,1997,-0.9554741494054825,3.9378404732787264,-0.21792366157316365,-0.37607966293818706,0.6703792511650908,1.4315680116314597,0.21763094353350523,0.5619344015931117,0.8535792576182216,0.29943784646900695,-0.8398869998985948,-0.8788350392559124,-1.3204969859201723,0.18595548767801634,-0.7674461862138652,1.3275726040457092,-0.4094207847592866,0.7634032192091873,-0.2959680974613013,0.6440353842868388
Hákon Arnar Haraldsson,Lille,21,ISL,MF,Ligue 1,2003,-3.620055238265609,1.4441320182255197,-0.28756623288250605,0.9121652307102821,-0.8943391443928962,0.9376196983393933,-1.1599521228808465,1.1613937306637057,0.1341307212606192,1.4600108899400652,-1.1112828550995408,0.012854423246842044,-0.14305090099748036,1.2936310788431566,-1.9103245244263072,0.3774843838426099,-0.43593100909130067,0.47332719330872597,0.6072905934312463,0.015765867633325017
Maximilian Arnold,Wolfsburg,30,GER,MF,Bundesliga,1994,3.049357724530743,-1.9306022260491218,-0.5335618026206886,0.8735449261452373,-1.2398207809307424,2.8465796535887065,1.7881288962161899,1.217223541985399,-0.9918293656912526,-1.6410231126985673,-0.7096478742425106,-0.3138066606448569,0.7565754302918898,0.4894837364859284,0.29155380213180826,-0.8415550002199391,2.045069934472203,0.4031700949832701,0.6273208262498937,-0.7467714735725434
Jann-Fiete Arp,Holstein Kiel,24,GER,FW,Bundesliga,2000,-5.490125041362314,3.359202717328665,-1.41379786841259,-0.5468744107594341,0.9651641229291961,0.22348998517984534,0.41059395997260817,-1.426959670746916,-0.46967311368710396,-0.4364605146757469,-0.970943539527098,-0.18235798128776023,-0.08662280963254665,0.10624824886703407,-0.0780137206291075,0.3216749270050571,1.4102866108870515,0.0317981030260444,0.6944552283989912,0.16995015627178076
Arthur,Leverkusen,21,BRA,DF,Bundesliga,2003,-6.31277304495672,1.2887688154127226,-1.6149992595060585,0.897472691484172,0.24097801733972246,0.3574404677306706,0.23587914104943097,0.7217875723241965,0.4644715902206051,-1.9464785846619324,0.1706834544589888,-0.6599743388841379,-0.7689646285459308,-0.6969092730697108,0.3274129508135056,0.28898964774799074,-0.6185239150790593,0.14710098862418508,-0.3051865687953875,0.2899743186246845
Takuma Asano,Mallorca,30,JPN,"FW,MF",La Liga,1994,-5.55830514060835,2.383298782337551,-1.288354451922156,-0.2789886153232485,1.198716822965375,-0.4589255609279529,0.06708178491091453,-0.5239429376848089,0.9791279800317568,0.21194200796269363,0.11527471651856495,-0.09371829349171724,0.16760313223072285,0.1185608133473508,-0.8207518650755709,0.23190534960276366,1.2903274893804022,-0.0695848997691108,0.7652939377183213,0.5021351492563865
Raúl Asencio,Real Madrid,21,ESP,DF,La Liga,2003,-5.5449726632562735,-1.5819311980818807,0.016144333419813108,2.1084399364211324,0.864564866814431,-0.42997294124341073,-0.022756857198632328,2.442328071947205,-0.9975293288445964,-0.17312961175681635,1.459343076558794,-0.2606738708550716,0.2819034610390522,-1.2822811355109234,0.962405562205245,-1.1781180335882782,-0.6628656113458652,0.5471462184403194,-0.33329177125793397,-0.31919102269039795
Marco Asensio,Paris S-G,28,ESP,"FW,MF",Ligue 1,1996,0.25857974583161486,5.334975392976016,1.1881849407486493,2.018682215224444,4.370960298495506,5.175692074821524,0.8164538735858582,1.0965317663258358,1.5954147807198689,3.7955514621873,-0.9642348542048745,-0.8567857579240759,-1.3819461684003984,0.21077209322251694,0.8503456008158169,1.2305830775056705,0.15619564046012582,0.2418407687179021,-0.20820443457753587,-0.7705920791925304
Kristjan Asllani,Inter,22,ALB,MF,Serie A,2002,-4.240121399511,-0.233872828202726,-0.5431275791708232,2.629515545119359,0.6675688797302496,1.2486933715640038,-0.21354779124923273,-0.1839574135977558,0.409519356740314,0.33025514523816507,-0.5896255777769814,-0.7396642154078376,-0.5765818094181705,0.4569619151781853,0.10403171371133749,1.3448208105108885,0.9610363353912807,-0.14827635973694944,-0.9529840307378974,-1.0008629977544934
Iago Aspas,Celta Vigo,37,ESP,"FW,MF",La Liga,1987,8.060493571306154,5.061381631926012,1.366383967949357,2.381725150976441,0.27731708554248513,2.597867140453834,-0.621934770093804,0.6262523644606407,-1.4454265550386918,-0.2663587619612222,1.2998112713069632,-0.175584922452587,1.2151976558701294,0.7016397931315237,1.4887873210459972,0.07064847250746857,-0.0585273104135899,-1.3372189510171635,-0.2806963824452843,-1.8769952382117476
Yaser Asprilla,Girona,21,COL,"FW,MF",La Liga,2003,1.77737235645265,2.843096346220994,-2.3805820849679042,2.238029582138085,0.6951421943346124,-0.8640796370921009,-0.48457760960063867,-1.0010760586939746,-1.0657126402659125,0.20768074284412663,1.172518397847346,0.752074744635556,0.5026207247481692,-2.3865436694994786,1.9533782514995321,-0.5624049915444354,-0.740452407305339,-0.872443066313772,0.595750437632835,0.4363774588277886
Lorenz Assignon,Rennes,24,TOG,"DF,MF",Ligue 1,2000,2.2331506396808143,-0.40411919540464475,-0.4658588872158143,-0.409215892419709,-2.1525903493059824,-2.0837944296574933,0.002036770951023337,-0.022520900263704912,1.1821344272653476,-0.9462735421723294,-1.6869530338846137,2.245669472295243,-0.9572156735057376,-0.6555334121346729,1.4772751824227643,0.31121531214631243,-2.0683566242391054,0.6604598757478969,0.3345874552346908,-0.25216764449779255
Valentin Atangana Edoa,Reims,19,FRA,MF,Ligue 1,2005,1.7403455566397013,-3.3026351924870543,-1.4285967932594819,-2.5210773038049648,0.303302181034065,-1.2966970421545827,-2.5142608213781497,0.928464671671797,0.35912444282313005,-1.0279249993807327,0.7941350189014179,0.8596240148559782,0.5066204032544342,-0.3116134397613508,-0.8255422614064879,-0.7694931503723296,-0.1252440755632159,-0.6760398684396579,-0.20961536703077172,-1.4305170955740092
Tommaso Augello,Cagliari,30,ITA,"DF,FW",Serie A,1994,5.204310674844588,-2.302874353199248,-3.6665755836154155,1.4405440772898928,0.6470299549886799,-1.362477831365037,4.378427306746489,-0.9360380758842957,-1.26692392263187,-0.12672544265683236,0.30882982602012826,1.0756294359579948,0.5976443539337333,-1.396998975377471,-1.310365736299002,-0.661687808110163,-1.2288731537617401,-0.06585516717831084,-0.46805368986948287,-0.2612294209210281
Carlos Augusto,Inter,25,BRA,DF,Serie A,1999,-4.445213792124976,1.2780885155977981,2.516986683551039,0.7315318273156461,-4.101997169034544,0.07689668489109046,-0.07118997777138676,-1.9577711139884046,3.0314046175067797,-0.027008111073383606,-0.010549283213014968,0.20246184900577696,0.17600968030087993,-0.5682384102436705,0.23788489236247257,-0.2909864799332241,-0.9466553783427348,-0.4846992762495427,-0.39121409303021404,0.4984595667758178
Yann Aurel Bisseck,Inter,24,GER,DF,Serie A,2000,-0.4948692853985329,-2.506211188640843,2.5274339246239417,2.1618716878194695,0.3330601591011702,0.057149566786974595,0.04106361498921521,-0.2957562760616758,3.217421386930516,-0.08652308531072574,1.2750668421849538,1.8832413790636433,-0.8383232923078796,0.22808161796122228,0.7480150927031097,-1.3627670252990578,-2.1691767856352926,0.8717015348340778,-0.525793233441986,0.8290987684488773
Ezequiel Ávila,Betis,30,ARG,FW,La Liga,1994,-1.7087902276273572,3.9688278210380843,-0.38683276428625696,0.2464965028954192,-0.4487612259836895,-0.06448739348611501,0.5107332817560424,-1.565673495042795,-1.419949042014602,0.2056639884317831,0.5218949729297925,0.38449699438713136,0.0025182606982909394,-0.06255426056955303,-0.3375562896135867,0.4309830937757686,1.0942059274848275,0.1593747873782302,-0.28224216077013803,0.34524477208332727
Taiwo Awoniyi,Nott'Ham Forest,27,NGA,FW,Premier League,1997,-6.733457913591086,2.202911522586017,-0.6743471069022541,-0.4305223706625297,0.9181427993524817,-0.04650640187957632,-0.08619636968535377,-0.23732837360691006,0.7352695729442154,-0.3484880781044575,0.9064850595858189,0.7412025638914871,0.7759829797950358,0.7492149976098226,-1.3943962015345532,-1.4499148633857528,1.0427951391726396,-0.5622452468659916,0.30570347450814594,-0.17287406114111814
Yasin Ayari,Brighton,21,SWE,MF,Premier League,2003,2.852072564376636,-0.5492167813127651,-3.377566295621403,-3.231845068390007,0.1896290435144362,1.3351276613401604,-2.1383090039686103,-0.7659085416881728,-0.36648784489244396,1.1137587679239718,0.20611390348220887,-0.4413992261102687,-0.2593372527728681,0.812783260688343,0.5196304480326337,-0.03637974735345936,0.5133274122618278,-2.1100107880629797,-0.6302305646575653,-0.3733100727118583
Florian Ayé,Auxerre,27,FRA,FW,Ligue 1,1997,-7.066886887010196,1.5736200497210475,-0.3001845260252089,0.5133742384666624,1.2875352451575826,0.17826720886092104,-0.8766461698980722,0.70357237707904,-2.7221549553542315,0.5178357462964897,-1.8231251064861582,0.11312553790154009,-0.23213192297378277,0.12709472855064116,-0.6830449770702904,0.7266715878391278,-0.370751185122412,0.3319271361593811,-0.7755460092421341,0.54368604689677
André Ayew,Le Havre,35,GHA,FW,Ligue 1,1989,-6.144198994199002,1.6239700575245577,-0.3947477871497918,-1.0165588462754733,1.63632451119631,0.5105775224663625,-0.5314620439244196,0.010744690841502685,0.2746965647246575,0.48703220363806027,0.32160665711236525,0.5689113383746143,0.5248156623660225,-0.3002426084521171,-0.6192159768880166,-0.8954229014590049,-0.4197622606923671,-0.06048049455972165,-0.06054351526461151,0.09575109463056573
Jordan Ayew,Leicester City,33,GHA,"FW,MF",Premier League,1991,0.22152686010141445,3.2951318549692856,1.7491984592369612,-1.8122314169506661,-1.538224531756936,-1.4252575611347846,-1.57921055661572,-1.0774775404705819,-0.5203199541956107,-2.239957374936449,-0.8703337559488964,0.6010050516285058,0.08701639610302421,-0.8535357235851125,-0.24622686336607885,-0.7823118109320376,-0.1294053586391341,0.30310850576097587,0.557846360122604,-1.1794132706977616
Neil El Aynaoui,Lens,23,FRA,MF,Ligue 1,2001,-4.97024735388452,0.666395212967363,0.46528394357810166,-0.19185141132989314,-2.8080636632408558,0.45569432565758144,-0.24773109611500052,-0.9140572493337259,0.6451577822798475,0.49503208432229784,-0.34760165401382603,-0.503051387857357,-0.4017851061186495,-1.0820561112102327,1.2842267649596426,0.022467779845571478,-1.984154371258768,-0.28294029743315907,0.21575631561155567,-0.365677728352592
César Azpilicueta,Atlético Madrid,35,ESP,DF,La Liga,1989,-3.98897292554047,-2.0328242486181196,-0.5130985551980032,1.4400279701599625,0.18066309167411307,0.5733044181315585,-0.7401814443147442,0.12907962681635707,0.41609349891664915,0.07788626955205281,1.3987976571426741,0.3376803976054845,0.4514537064397322,-0.4259594767225397,-0.4845703737026942,0.47300822728822267,0.8270764930351155,-0.30088545505245123,-0.041331122438912786,0.06358126638211395
Paulo Azzi,Cagliari,30,BRA,DF,Serie A,1994,-3.7795651639177343,0.8935531462521172,-1.9501638445678025,0.23182483134384593,0.5597533604651049,-0.775088195562383,0.35612579681432494,-0.3301858581325124,-1.1389649531511994,1.3461156978229165,0.5211268360296453,0.33494658896214224,0.27876765593174613,-0.5350446648782117,-0.027962175958592145,0.06882178401255404,0.40572125647665297,-0.643148395795449,-0.2778514821305347,0.11184236410580457
Shavy Babicka,Toulouse,24,GAB,"MF,FW",Ligue 1,2000,-1.8235474058857506,4.134558024733562,1.73675723563658,-0.6519072316274918,-3.697302022319723,-0.7675265543404914,-0.47670022364713766,-1.035950461394087,0.15413963205536488,1.880872158548829,0.5914873963669901,-0.9536505855065153,0.19570705426157634,0.4772677031314288,0.22372390094385633,-1.746102571913253,-0.08256277129282352,0.9577867826887063,0.5103700772979516,1.203614329033623
Loïc Bade,Sevilla,24,FRA,DF,La Liga,2000,1.0750694044526368,-7.418981696725796,2.190432359030651,-0.03624694150945807,1.2169462866870049,-1.2766702935388103,0.6202502613933784,1.7543256566053773,-0.03216110971955553,0.7132855993185516,0.17376374737969544,-0.2840571185025233,0.4957868487513483,-0.7298746743618695,-0.3497817946171509,-0.12020679094299441,0.910135297898691,-0.2169950853298762,0.10350449596213183,-0.4885467355267671
Milan Badelj,Genoa,35,CRO,MF,Serie A,1989,1.5693485977021786,-3.2258780287481263,0.05813934659411829,-0.4934413260053938,-0.6981128321935727,1.218559292606108,-1.061177468596015,-1.1500420274484882,-1.115536047444142,0.08606828532631697,0.29569922367046164,-0.6880083069037115,-0.30989825796459497,-1.0611624163974889,1.0263821004328393,0.3767602709350215,-0.9169827572871475,-1.2709276111038923,0.8728576407342598,0.9065686242814269
Benoît Badiashile,Chelsea,23,FRA,DF,Premier League,2001,-6.405821990018644,-1.2080543471854124,-0.633403360593898,1.2766454610249358,0.07628674310862446,0.14062378840042764,-0.09616469905989937,0.09448000635905887,1.943234392306473,-1.8382981218230694,3.42352826689951,-0.23181388093949234,0.09522180788410865,-1.0094404733167188,0.779994272504183,-1.7003839673222005,-0.1837227148439647,0.21601666120690924,-0.11456666112904543,0.002500122611925293
Alex Baena,Villarreal,23,ESP,"MF,FW",La Liga,2001,12.254425580471631,5.505207934180539,-1.696364074460506,4.3712755093948426,0.32458915238400876,3.4840858338446123,3.9554358895662407,-2.319517069999603,-3.389794283658133,-0.8853169072456436,-0.8463161247249588,-0.3906103222843557,-0.4151853131306785,0.9143245173133535,1.1564197389051225,-3.0421417909773245,-0.526556033382336,-1.7279099213630091,0.6599461350563817,-1.660405503161383
Leon Bailey,Aston Villa,27,JAM,"FW,MF",Premier League,1997,1.6438404498578199,4.947949965312856,-2.722786067806514,1.4758623339220476,3.231203209709247,-1.6047669622794711,-0.19595049367644568,0.7455719159792544,0.34885688679652066,-1.121601139909333,-1.1889588270089781,-0.2336592878900238,1.6252983960500302,0.8270933391549835,0.6192144152417746,0.282399043728141,-1.1388840858132139,-0.40200007799730403,-0.4154263793038711,-0.2682649468900826
Eric Bailly,Villarreal,30,CIV,DF,La Liga,1994,-5.186901259116311,-2.4682947062786345,0.6303484932360125,0.8528634437597702,1.29117180403102,-0.9831237540810887,-0.3562953617159913,1.998084012336196,-1.7411075317053362,1.0223264318978336,0.3640960136984389,1.6615289468037497,-1.1513060424190453,1.037832905335847,0.3749497841325679,0.10791112160278526,-1.1481094083047831,-0.018891179635444195,0.022410718201667092,-0.08705176737658978
Theo Bair,Auxerre,25,CAN,FW,Ligue 1,1999,-5.954503456554614,2.9379292284743372,1.3054958697149806,-0.6700370120166617,0.6149104361386908,0.9927264836915589,1.1742000867716362,-2.7123023840038583,0.9009785183838933,-1.4071151953643524,-0.3498703238116355,0.1499041942749918,-0.19431012202006773,-1.1568430241655583,0.8507106535227384,0.12197506177327815,0.5960348919119407,-0.5247477716323455,-0.7039597503563798,0.7458001629575929
Cédric Bakambu,Betis,33,COD,FW,La Liga,1991,-6.739899985863236,3.4672739168509144,-0.23931313357608913,-0.38847012406330095,2.249109408559692,1.5795943989685532,0.6840650192375305,-0.6830095881587712,0.5588161250425536,-0.023350306741102618,-2.0819147637540287,-0.4637758236980967,-0.41714751833959435,0.3045828613536494,-0.3404480228459885,0.42957548299183096,0.7892805617356513,0.18157152474402774,0.1850071214423617,-0.21764162626126163
Mitchel Bakker,Lille,24,NED,"DF,FW",Ligue 1,2000,-2.9534858257022267,1.6878009988314358,0.18765540231665856,0.18858183164470335,-1.668856079952711,0.2363974448332381,-0.1050601060476528,-0.8345501887090262,0.649403816789127,2.4442207384388195,0.7275415369004736,0.15937215442334196,-0.2186038714295528,-0.2013756399746005,-0.6394849101488124,0.8086849408076277,-0.021777200999861027,0.11937735989865664,-0.10777362522820343,0.33581241648488697
Ridle Baku,Wolfsburg,26,GER,"FW,MF",Bundesliga,1998,3.8833889933246137,0.9817968092654863,-1.4866757177271228,-0.908690669280682,-1.3563121502764008,0.13241338303960087,0.8458462759100646,-0.872280068158072,-0.5717541402350147,0.08294915357412937,-0.4290225630893434,-0.31442847876595215,-0.5561176771962804,0.3006743571527309,-1.190408064008072,0.7034875071223908,0.05612096933616436,-0.4247896081387266,-0.6254936485524356,0.13937031366495992
Dilane Bakwa,Strasbourg,22,FRA,"FW,MF",Ligue 1,2002,9.380710479498902,5.643817071388549,-1.930600563369103,2.120785608581535,2.2943636303817168,-0.11849852078126855,1.2266845770434436,0.9533330066070083,1.1985980790028101,-0.6931963824513612,-0.6933756464165176,0.5593789642944279,0.6787606592988417,-1.7331438301242115,1.6386876541575008,-1.2266406622182624,1.3784239244108718,-0.4751296867533666,2.0471986495960537,-0.48414018013535076
Tommaso Baldanzi,Roma,21,ITA,"MF,FW",Serie A,2003,-3.5482204105655164,2.881450697296798,-0.25188940226330186,1.5109208495045137,-0.5970322260018305,-0.2020357564669443,-0.9035989926894706,0.6593757927059867,1.2786533447692192,-0.6007840046192651,-0.7524096603117328,-0.2848848058238569,-0.409514380461057,-0.8577529931884073,0.31685768184961194,-0.15360913842174698,-2.0058247970314653,0.21045933745401887,0.4222536917469035,0.641155383383885
Alejandro Balde,Barcelona,21,ESP,DF,La Liga,2003,5.96838501433525,0.28405062106041834,-2.7134068235153532,3.488448654796648,2.3997847321375803,-3.2574386657126544,-0.6689674906731695,0.6918558600559862,1.9423778017856226,-1.2424312235338582,-0.8625622122107656,1.1421522499575076,0.8914510338969048,-1.054793256373995,-0.6729550023466188,-0.7308731037011462,-0.5154417078018579,0.23257709993145115,-0.23120776463875384,-1.2018440042129748
Carlos Baleba,Brighton,20,CMR,MF,Premier League,2004,5.348290079898475,-2.902601575529114,-0.706906174988662,-3.0826247238306084,-2.4918885152428256,0.33135068027450976,-2.950281347458516,1.9606708176034753,-0.2922946740416652,-0.44821235961599065,0.7993047949323411,1.9575444636582215,-1.080545099812411,0.11621669543151286,1.4776667384767028,0.180819579050226,0.3484494340907666,-1.0206295803283854,-0.31291716338843967,0.28382164579206876
Leonardo Balerdi,Marseille,25,ARG,DF,Ligue 1,1999,3.5289996902777774,-8.953493046542544,1.4924571111361578,2.9530696891069277,1.7026239612557896,-0.9779654308858858,-2.243828077036762,0.26380141924769324,-0.8554946164017758,0.1689496248077031,-0.19537190920178454,-1.8132582873296448,-0.21466649697296544,0.21628654672584857,-0.030314921086351365,-0.7228571462752479,-0.4222398817351187,1.8508563337062534,-0.7565708257524482,0.18026539517908116
Iván Balliu,Rayo Vallecano,32,ALB,DF,La Liga,1992,-3.892191071307475,-0.9464638560913406,-1.4571841680424331,0.05551747822607578,0.34378072228778145,0.06279583588329068,-0.05877359868139787,-0.3165467500431652,-1.585729489556638,-1.1950616806359722,-0.5315998507953937,-0.4035785473501488,-0.5395263267349093,0.22958516034377496,-1.0946248710605082,0.913525867124161,-0.6569220237466478,0.031261239687652334,-0.8210828344052578,0.5858617209485474
Botond Balogh,Parma,22,HUN,DF,Serie A,2002,0.1993578409048746,-8.684076987232173,3.3085024552224436,-1.0293917362738936,1.7615101401015576,-2.2566263510385314,2.8804385177321103,1.9020004769279244,1.1358604921781363,-0.4506540658103428,-0.09580820082861893,-1.7546059438981958,-1.490655938211584,2.193615778244728,1.4149372579964976,-0.5126614528578803,-0.4321391719698136,-0.5828520584442497,-0.3127333768592282,-0.5867932050683318
Folarin Balogun,Monaco,23,USA,FW,Ligue 1,2001,-3.769461848952306,5.93187297911342,1.73721382066915,0.02983737425002924,1.4112633063428477,0.7389208985951972,-0.3159393663516006,-2.036561192406232,0.22040102395548286,0.9659233828628896,-0.49903549688521587,-1.0012487659030755,-1.4020164644585782,0.8964700474889359,-0.8848259222801861,0.8300350817431453,-0.7944897033357637,0.6388394886302571,0.4881834436596201,-0.22828966857671615
Abdoulaye Bamba,Angers,34,CIV,DF,Ligue 1,1990,-5.294991110323845,-2.424334420427259,-0.5848433014632545,1.1347212309575336,0.33908910975127066,-0.9328531699640826,-0.03760897508692783,2.132424679042429,-2.2237339135786627,0.9652765426038439,1.2394249308423835,-0.032401615175621415,0.013266330189577772,-0.29470951795495315,-0.6942102753983374,-0.10126857723066718,-0.8029727139822255,-0.18833426744608583,0.0001662585717191864,-0.6830409429309907
Jonathan Bamba,Celta Vigo,28,CIV,"FW,MF",La Liga,1996,0.33948131355687217,2.1242859053123793,-2.765604698325141,1.0213208810114447,1.6064626141627982,-1.2167268993765372,-1.1470005148442928,-1.4859437330449148,0.29976112182445885,0.2345101888098172,-0.2954146027073955,0.20009318695968067,-0.013782483304146758,0.06514582563211556,0.10488131411804047,-0.21042996633914174,0.2703941527416419,-0.8120715708079381,-0.35247273899721215,-0.6105418774772705
Lameck Banda,Lecce,23,ZAM,"FW,MF",Serie A,2001,-3.1074629785109464,2.9345147514253243,-2.1731920706512144,0.3137712703722444,1.5642897110387504,-0.9842019360140022,-0.2966928862960946,0.060954750456523786,0.4452346294751111,-0.6934100638820342,-0.980671067060145,-0.7930326882540872,-0.46486553375204065,0.5662256624492339,-0.2258955929644266,0.28926441896972377,0.08638388814909462,0.011628385599553693,0.5964378449670471,-0.7165110628274785
Daniel Bandeira,Hellas Verona,24,POR,MF,Serie A,2000,-5.708559557749405,-0.6996976455180047,-0.31319363801856875,1.653285620724324,0.3864373987226735,-0.07609726878587098,-1.0699834788784401,1.0591520105065526,-2.4434132637213235,0.9244628031704607,-0.20005784919688865,0.9369475305902674,0.4580873075557077,-1.184139353152707,0.26627022063456746,0.2868803306327484,0.8975790527281872,0.19703319052720136,-0.5302484394670464,-0.3920576190477406
Mattia Bani,Genoa,31,ITA,DF,Serie A,1993,-3.5592576416909494,-3.8510582065602885,1.5301415154508575,1.582610121896075,1.4034536244274443,-1.3345674139329462,0.639233928690429,0.45748816284831156,-0.9657321265973693,0.10034229440135427,-0.3551139922197384,-1.4884906930282924,0.10012530407036865,0.5174470346178632,0.03871365613883152,-0.3688250409202108,0.8579772444849398,0.8455587972199157,-1.0800473731768285,-0.2371891874343398
Federico Barba,Como,31,ITA,DF,Serie A,1993,-5.864934371401702,-0.778512214485857,0.3877233727017178,2.035255536067175,0.7967996211198938,0.23459527798640595,-0.5074110932379753,-0.4068232714606988,0.31786942900133286,0.005854198293597667,-0.48518232190407456,-0.4267134283799228,-0.27120949848176523,-0.11768644664553729,0.18377693981130294,1.2736052070494983,1.0068130698092752,-0.27236525588560695,-0.6387822972576728,-0.5118214246112056
Valentín Barco,Sevilla,20,ARG,"DF,FW",La Liga,2004,-4.33102475939534,0.7429473101892367,-3.060225969401756,-0.35637744071962074,-0.4464009217137962,0.2811496061043563,-0.438158837952837,-0.3547475754690501,0.6577698852715458,-0.5950641016633575,1.6259317383054912,-0.6658549013313957,-0.3144210423299175,1.7792108790458796,-1.7495462792572862,-0.4823468500399055,0.13064222263351521,-0.653472565780495,0.9510361541247738,0.7107331235198217
Bradley Barcola,Paris S-G,22,FRA,FW,Ligue 1,2002,10.94129531475174,12.036539515601136,4.348379424376432,0.957204658073804,0.5743772972987794,-3.6205152920889607,-1.2140371455641943,-0.5444889711290108,1.1171671514932007,2.082508456668963,3.0283087060979343,-1.9674276029642002,-3.2041305454326685,-2.373305431190677,2.0217652795675782,2.418883149915198,-1.1775944708556283,-0.5481324905902288,-0.3806837781222336,0.758319913055163
Melvin Bard,Nice,24,FRA,"DF,MF",Ligue 1,2000,-2.019013325696118,-0.6284554586846813,-0.14727183858536586,-0.5179236073843423,-1.5685239252942667,-1.2951856557704347,-0.06770628675846614,-0.20658786076420216,0.04608196614415189,1.6311696792193457,-0.23572846837413108,-1.3108187590664535,0.2639476126881595,0.7242086959668405,0.2747383774659679,-1.3188451420551375,0.862273742219823,0.43679307043020316,0.04254697278914508,-0.7710483889755515
Nicolò Barella,Inter,27,ITA,MF,Serie A,1997,8.675793778588629,0.2579942689130958,-0.44204376486505154,2.886221267148241,-2.5175788785787603,3.768019594132833,0.06512431767609499,1.2629585682448632,-1.0639690682796863,-2.0722412403100225,-0.9737564868927537,-0.07892768475104853,0.09541202467093521,-0.8535937875005772,0.9366619204030726,-1.0440032544506082,0.37257002865357874,-0.13621597926238765,0.5910457512574391,0.6007107598103845
Ross Barkley,Aston Villa,31,ENG,MF,Premier League,1993,-2.3587608186160085,0.4657579104859463,1.3700392090473843,1.3314102962500054,-1.4527752658472506,0.6822623934800279,-0.4151232141990333,1.3386656139200492,-0.367726059755442,1.3468994489650161,0.8886641057939565,0.6663793013060972,0.1970260311590578,-1.468198107784859,0.2297359669582498,-0.4173337963401554,-1.1895125587233166,0.041372372365406467,0.4552788266651477,-0.18101205035199303
Harvey Barnes,Newcastle Utd,27,ENG,FW,Premier League,1997,2.6569370143730526,5.84295272914775,1.369124280810847,2.296774051135199,-1.8335556158411224,-2.2388178317306546,-0.07610103632632939,-0.5049097509206033,-0.9129113993834848,0.6058086194063654,1.9905695900448825,-0.8054860389035436,-0.8388357006678141,0.4856980947238647,-0.5949016120961564,-0.385521379674983,-0.14167432198045116,0.05551700563879948,-0.5894198489281394,0.4884740649790246
Enzo Barrenechea,Valencia,23,ARG,MF,La Liga,2001,-1.4124522745377506,-0.7675296888710835,1.2494830515527735,0.28566763702266107,-1.9468616192045516,1.775273930583423,-0.677024758049781,0.5893038215842197,0.5923387851140366,-0.704685025773326,-0.5238459821193496,-0.05076066481694079,2.5863560360744735,0.3929654180727478,1.0403996274817988,0.4150513972165018,-1.579805321639983,-0.3062100715357275,1.9420309770046296,1.0678273990234286
Ander Barrenetxea,Real Sociedad,23,ESP,"MF,FW",La Liga,2001,1.2045060544871111,3.545545593285644,-1.7056199589407395,-0.4401359321665073,0.6940031772945441,-0.8916994794204331,0.4543975046537779,0.27239856584798416,0.9638983776511091,-1.1178663441110182,-1.491366658603428,1.487529546193528,-1.594417529735935,0.11205700368688279,1.483551034327032,0.5721170062823512,0.06259792194457088,0.5647713091626296,1.1689306482149688,0.8090629383507748
Pablo Barrios,Atlético Madrid,21,ESP,MF,La Liga,2003,3.70106774693758,-2.719593060438852,-1.1375960720029066,0.8658432205685557,1.092071678147166,1.9769603625740946,-1.006928225601989,0.787042938606481,-0.6801399989821907,-0.5108091783718665,-0.522474536805177,-0.5581260155753829,0.49178185618021436,-1.0815887045866797,1.5157124537018452,-1.731777974899678,0.6728626033366475,2.3153914546423184,-0.004073676435245381,0.18305725177530358
Thierno Barry,Villarreal,22,FRA,FW,La Liga,2002,2.079070168702469,8.130687199070856,5.779388701738364,-3.7618905525827944,3.244619584294385,1.1173782913504962,0.8347429667877388,-0.43967416523864516,-0.5472310199072227,-0.17307430180137254,1.6309811378975296,0.6242515496209627,1.1850407225846737,-0.7715828647241131,0.28534538016808747,-0.087313949668204,-0.7669614019731654,0.7921852433460382,0.49374498598103733,-0.7941092699185177
Marc Bartra,Betis,33,ESP,DF,La Liga,1991,-0.9375430904907757,-3.734501406388229,3.846533966639923,0.7083485507585279,-1.2950679417584665,-1.4686912150882376,0.7391777768273043,-0.12260731677317588,0.12627791658079654,-0.45343163704131,-0.058385290174925726,-0.5383030281866976,0.29185218074264013,-0.44909167692899243,-0.18627984218884752,0.12406140042352477,0.8001480805132818,-1.4926382171564936,1.8048909522459569,-0.23813950979540016
Federico Baschirotto,Lecce,28,ITA,DF,Serie A,1996,0.32642774003075453,-8.688455774603229,3.8364799744499187,-0.8508088429118215,2.2653022527961726,-2.523477064575359,1.9435485241724422,1.63764474938506,-1.557169059652187,1.0911904932738485,-0.23386368067499128,0.8847751315717943,-0.6131795952319647,1.1623430914335595,0.2917218344997564,0.8944502439059069,1.1893334681752368,-1.9720844608000239,1.5318209300418018,1.6120414827108385
Calvin Bassey,Fulham,25,NGA,DF,Premier League,1999,4.377322729208277,-9.87366440740044,3.155725663769477,0.725729564998429,2.3033470197019454,-2.074969751119496,-0.6684269056940962,-0.3646853913673836,1.6293474610162075,-0.4483887549047287,-0.41874877135207594,-2.25421696190158,0.16703015240563815,1.1658461951389665,-0.48690578855564365,-0.8457126412403058,1.8357233471251853,0.9320125043346011,0.06987107115617265,-0.4085616482143041
Alessandro Bastoni,Inter,25,ITA,DF,Serie A,1999,8.754882660418643,-5.285071769799478,0.7492971109575834,5.047060597099334,-0.6087626603233269,1.847171926137539,2.0380093495448333,0.7985597805552268,1.1365437810171959,-1.8828673062886825,-0.8446581589189379,1.759139749574296,1.7725765585873758,-1.4498857722477512,-0.93807640567892,-0.5916931918780342,0.5217303884560892,1.4769099417920166,1.2254832206322384,0.3500045239304054
Dylan Batubinsika,Saint-Étienne,28,COD,DF,Ligue 1,1996,-0.6549033992663269,-6.833332337805977,2.472155120654874,-0.41037751721106114,1.8781140732387425,-2.064983503532013,0.5626668833700615,0.6698386990814178,0.09918234963339782,0.6622001391894492,-0.3259960793334383,-0.3244424627011168,-1.061929202877213,0.6615532792868967,2.2971412968769642,-0.9782818562073164,-0.3073595906186301,1.6851767174390504,-1.025977839726449,-0.08836779807461638
Maximilian Bauer,Augsburg,24,GER,DF,Bundesliga,2000,-3.809862085398818,-2.22987498838863,0.7339787242183166,-0.11289505866922138,-0.16510559767096886,0.18600389983659732,0.2715386647098057,-0.6601524998976451,0.6014984103800098,1.4535718858414366,-0.14605139504573061,0.35928402861694664,1.4840174333950589,-0.8316512538207741,1.0377486812494994,-0.04344329369950876,2.8409003220152838,-0.11798334793095222,-0.6976890812216399,-0.6422052211387366
Christoph Baumgartner,Rb Leipzig,25,AUT,MF,Bundesliga,1999,1.452492020801436,1.2274961017050516,-1.7963317580615137,-3.8070988094630906,1.5202354870710948,1.2198979693823495,-0.7508097052602549,0.04362413060489561,-0.1874086304354332,0.6201285346135051,-2.130434498172925,-0.7321601410535629,0.013908508451197546,-0.3737879225939064,1.5256214540897635,-0.5369120901530159,0.6381470204393768,-0.8974051226729177,-1.45843642188332,0.6526173245722462
Adrian Beck,Heidenheim,27,GER,"FW,MF",Bundesliga,1997,-3.300379636458878,0.6096693699929037,-0.37090910959432855,-0.6042013470099704,-1.170744306415383,0.2885826526263553,0.3705623368564532,0.7736276515705838,-0.6787805493414172,0.3195002547980414,-0.5992121652788751,-0.535745820414226,-0.4645435718743411,-1.222527089590352,0.5851221717419353,0.30785475381725114,-0.8986108015325701,0.023590290287432533,0.7389072047605411,-0.16887090731222681
Sheraldo Becker,Real Sociedad,29,SUR,"FW,MF",La Liga,1995,-2.8815443272596495,3.859594134580783,-0.4584866279352886,1.0421426348999958,1.8052068786100572,-1.0646589453970596,1.0299646824684725,-2.122093696792471,-1.5395044596799146,1.0317188458819293,-1.1310305004977361,0.32098106715876645,-0.11975312335999685,-0.7374822524866186,-0.34109259828034033,1.3876157936568698,0.9046752246944278,0.7993818993514962,-0.26181552421051624,-0.2841678722564789
Timo Becker,Holstein Kiel,27,GER,DF,Bundesliga,1997,-1.480170712763721,-2.371767243640973,-0.4373880559742533,-1.0773040824523026,1.2637229871384552,-0.5614057985674777,0.7363793432776061,-0.2661067535911914,0.4764089983868211,0.9936250435618331,0.5577370449804716,-0.1755600958342864,0.4268497563221982,-0.7054909674651137,-0.5388350085317938,0.4182523864393633,0.7627389499099524,-0.16961632154957818,2.3859126772217607,0.21818901740670713
Jan Bednarek,Southampton,28,POL,DF,Premier League,1996,2.755843023903088,-11.507842620524116,4.534787351732294,1.367467512470106,3.021710541574047,-2.2589103309161294,0.9129766595136055,0.3296398242805003,-2.1503434597080386,-0.5274999701567089,-1.6862478650045623,-2.836023787286064,-0.9317359662057002,0.4665901262307432,0.15206844750342968,0.4613904818683503,-0.5949143033701619,-0.41033657818956004,-0.5848134616100208,0.09098501775672935
Donny Van De Beek,Girona,27,NED,MF,La Liga,1997,-0.10449912642858442,2.0706622675852846,-0.12919439253671608,-0.4602618479473697,-2.1871944648855504,0.8099791890848023,0.4257992735888029,0.2547881193514286,-0.6094133906095298,0.9957150429661109,1.0845823493041487,-0.4763945368094681,-0.6584477535424479,0.24530070141082355,-0.008687161626987159,-0.5185287191645903,-1.2879508863412161,-1.3825879987468503,-0.7987159806222943,0.9044209471568665
Maximilian Beier,Dortmund,22,GER,"FW,MF",Bundesliga,2002,0.059092276088926136,4.039118457589904,0.5669323252968358,-1.791428520168241,-2.05756614907221,0.7049361490347751,0.6090356790880763,0.3119920193567155,0.7164525277101595,1.0946830264692975,-0.7092994764745822,-0.9132775348459057,-0.35180736482313757,-0.7896713985408864,0.9315896503047875,-0.8879377303739882,-1.3427470224853955,0.3271275902996643,-0.19189037360585381,0.8435215146281052
Reda Belahyane,Hellas Verona,20,MAR,MF,Serie A,2004,3.5951462551025966,-2.55014964883671,-1.6973417593727604,-0.6170513231433717,0.414367035750148,-0.44766825899375506,-2.874558948546086,2.8838729871689437,0.7465526996501247,-0.7184526870463936,-0.6230537684087817,1.046965129307178,0.36854962188460316,0.45814979912233195,-1.4587593934526994,-1.137391119435684,0.3749852233315385,-1.4433214933061669,-0.001713890183841123,0.8087670253514985
Haris Belkebla,Angers,30,ALG,MF,Ligue 1,1994,-2.239582892975072,-2.784885551147187,-1.317007813886887,-1.0216421800828683,-0.253673803840833,0.2107379261655104,-0.7219189747272593,-0.5583258681312369,1.5738779530552156,-1.893036190517029,0.8306620598347635,-1.5651577059716908,-0.6366223590187431,0.3462248520728806,-0.2250528514397674,0.0030764393509509678,-0.09584291124137265,0.680555799407669,-0.09606328970407849,-0.719824844609366
Yassin Belkhdim,Angers,22,FRA,"MF,FW",Ligue 1,2002,-2.6844130812480738,-1.0085910454808413,-3.0021865534461973,-3.313876111092253,-1.779041118705575,0.6435364439634238,-0.9561989729296235,-0.21585685356120404,1.293861414680922,-0.1750676612098791,0.46733384399622785,-1.3923699057399501,-0.8349957568674836,0.7599271250630796,-0.2095219781841836,1.5422557465917979,0.998076925233096,-0.7047297675919381,-0.5765165598634399,0.5466177372008421
Stefan Bell,Mainz 05,33,GER,DF,Bundesliga,1991,-3.1840699499526233,-3.119619619740567,2.242435956080963,-1.1559884901046342,2.059595073621514,-0.24918983240444512,2.0693780898782284,0.2038872957298094,0.328266995348596,-1.376981949848999,0.09388730789124272,-0.15964699848450184,0.1449583991231504,-1.3614643084334963,0.5796696814544624,-0.34445854617199595,-0.4634482064189887,-1.415292641490932,-0.2890380749824697,-0.1013377397984244
Raoul Bellanova,Atalanta,24,ITA,DF,Serie A,2000,3.0394600889320627,1.603476358206798,-2.5436902618762622,2.7817794564756975,2.0478084768956175,-0.15104144422618673,2.8603154221724227,1.0967645627440537,1.1892588470632146,-0.6751409811545052,-1.112338572914876,1.0020670687833826,0.6219358715600382,-0.8981677993315043,-1.0700953608898274,-0.2533568279105909,0.0028638170013764123,0.9843973959831909,-0.8473674920544014,-0.7427399661035613
Jean-Ricner Bellegarde,Wolves,26,FRA,"MF,FW",Premier League,1998,-0.7321913033143997,2.3288438251196952,-0.9348894359394074,-0.13664488222443444,-0.8965797986083416,-0.97741752545568,0.15737703179990825,1.4516529147220243,1.681292262249325,-1.5703544741001703,-0.7763937615615053,-0.5326980860501833,0.3729994878084321,0.9043932326699111,-0.6804792725191808,-1.772224791250491,0.2633561494226385,0.2734518207448274,0.521304421250519,-0.28169047477587394
Héctor Bellerín,Betis,29,ESP,DF,La Liga,1995,-3.007527972230501,-0.029277286518416917,-0.8115257158730391,0.8336381147552369,-0.4815468073122189,0.6909074510971482,0.7384155800168637,-0.3021691550385955,-0.8223364774757589,3.255861832917287,-0.47034827340932783,0.3700749677677137,0.6421151258721273,0.28725818825892263,0.44802934042775466,0.4370294863533875,1.8408089071796776,-1.612517800219957,-1.4025639386111575,-0.13701812887617595
Jude Bellingham,Real Madrid,21,ENG,MF,La Liga,2003,7.768145971978869,1.4717894043412836,2.6656652911393315,0.9331405817047372,-3.9617792819275146,1.644939158961198,-1.6404234792171453,3.482651341709455,0.7123157610962444,-0.646993642935296,-0.06546592660642511,0.1469917709693512,-0.3987877654347277,0.11138181169154746,-1.1805735812272113,-0.3846118207323177,0.6519989083630636,-0.5467942528042466,0.38902482740266364,-0.645538552056529
Andrea Belotti,Como,31,ITA,FW,Serie A,1993,-4.429388772472424,3.0437507265121404,1.5808449404136256,-1.0141358666482867,-0.1791817017572615,0.1567827959097992,-0.6394443582370976,-0.7249139894032809,-1.0602817784045016,-0.10949704303705601,-0.6189099944684795,0.32939855230930326,0.06939611149175881,-0.048267901118432294,-0.8801051010212277,-0.2747584207618323,-0.971643190164588,0.2843617561617671,-0.17675342507985883,-0.007915524647849568
Fran Beltrán,Celta Vigo,25,ESP,MF,La Liga,1999,1.8284033689175692,-3.7718187684275466,0.052968614738718126,0.5054026823234594,-2.3674061592081372,0.9223308400744689,-2.009576591022128,-1.2958855218268366,-0.4827713644161773,-0.39505201302262616,-0.14644068947215697,-1.5908995046292056,-0.48127330133216434,0.6833329678805482,-0.046941373589063355,-0.7652954833540296,-1.0900841520647562,0.6344049399873266,-0.05454389943349092,0.9156315067083945
Lucas Beltrán,Fiorentina,23,ARG,"MF,FW",Serie A,2001,-0.30336639832365103,2.7371729415258272,-0.05371689204669123,0.7875280677586372,0.18474024885322377,2.7145799888449442,0.4398766799862384,3.318228335368727,0.4489810808416051,-0.4179931782004651,-1.7260584092870848,0.02903612341945861,-0.2288658217239694,0.4762065908583127,-0.9188784120381092,-0.43789012225190943,-0.20814618857395425,0.0722011207947322,0.02964047252245189,-0.13996011547928205
Eliesse Ben Seghir,Monaco,19,MAR,"MF,FW",Ligue 1,2005,9.961228105838554,5.638212753451942,-1.0610475326615745,0.10836164235026464,0.31397973361601683,-0.9849962902466157,-2.4507134171175533,0.265008192664087,0.9137851121850603,-1.1584281308765387,0.8853887668066903,0.5498905061715629,-0.2864898147370298,-0.012798572820073774,-0.3021752472566725,-1.1345798434102852,0.7932054819136232,-0.8961005311471765,0.2040368826327117,-1.466440938310124
Carlos Benavídez,Alavés,26,URU,MF,La Liga,1998,-5.986185543627997,1.7103737457325765,1.486631362792285,1.5244178887220148,-3.451376335269615,0.43320859337263506,-0.03235278220608726,0.16362988504694168,-0.8753397030111337,0.34979193459602137,-2.400269224808392,-0.19655351570337876,0.28668834989126335,-0.8253351607343633,1.6285528067038106,-0.5029457826177038,-0.8086531422019448,0.5005405899358483,-0.5769118574484836,0.5811341630721281
László Bénes,Union Berlin,27,SVK,"MF,FW",Bundesliga,1997,-6.119155212301968,2.9619962112425915,-0.05703427666070818,1.570518908780593,-1.0069009120085155,0.529350122131109,0.9803428181487215,-0.2931358574337315,-0.6999449153605322,-0.6159953087104678,-1.8883089901941374,-0.33043061655973194,-0.5689241963153019,0.3533289270745629,-0.3503340612330051,1.1776858691280907,1.5859821263846665,0.48336192446329457,-0.363226508811221,-0.2809996835757638
Saïd Benrahma,Lyon,29,ALG,"FW,MF",Ligue 1,1995,0.34641716937115047,4.691917594225547,-1.9580241238490113,2.183789191128282,0.9889217680287831,0.8816372903000391,1.5710932477663042,0.3225018453287378,1.8139625573544966,0.25067669382192326,-1.4575194884399048,-0.7360064290660382,-0.645947263427893,0.8505614994061459,-0.5920988082021402,0.3937008482784957,-0.13483814027606358,-0.048079933083497096,0.4321941761137043,-0.014927167026495271
Ramy Bensebaini,Dortmund,29,ALG,DF,Bundesliga,1995,2.5092420407130933,-2.2714745890700097,-0.015268517450010248,0.16596735686615974,-1.8240217528354212,1.6887260099003194,2.0954947317338033,2.209427153859347,1.3183321996504775,-1.1007099079290052,0.03738250124559192,-0.9612147560500814,-0.18194846760904218,-0.5334753691378498,0.3648162454849612,-0.8124243609297346,-0.36936373049882415,-0.14796043498778946,-0.6259290324181196,-0.14770266071117874
Rodrigo Bentancur,Tottenham,27,URU,MF,Premier League,1997,-0.3308755516516595,-2.2643055938173187,0.9760660075182648,-0.324850534411116,-2.779294824370719,0.34120954356224303,-1.513518108386846,-0.1328119632481257,0.17834837826402303,-0.4215141722483498,1.3049324824942221,0.06332954319645347,-0.2917117682561211,-0.8278078178746843,-0.2785379052148397,-0.42160788823778717,-0.5998262374958194,0.8155254166073126,-0.6558427289596346,-0.6974146389570682
Lucas Beraldo,Paris S-G,21,BRA,DF,Ligue 1,2003,1.0181558652754525,-5.778563405358154,2.068207283562901,2.534588540527899,-1.6802243248350264,0.7049812736579862,-1.1242159051710012,-1.1562455626524575,1.0697316597245012,0.16644452634834947,0.024279544100185426,1.4991250265634526,-0.9877316335352436,0.699589578365047,1.1237839325626016,0.9992927379807759,0.23220327592434659,1.3835217868552723,-0.25964748440682506,-0.7528779606000336
Yuri Berchiche,Athletic Club,34,ESP,DF,La Liga,1990,1.5142749007886285,-4.604226485825219,-0.3485159051256624,1.4893183839597661,1.0319642417617,0.09122180252555884,-0.6556423852136858,-1.346294532402684,-0.8900049103298978,-0.35283783243526146,0.07525485527917687,0.003657746881582821,0.5097243675106499,-0.9961716389205066,-0.11176822560378584,0.42256289250927503,1.4682161542512586,0.8314098182392881,2.166199815136418,0.9326493831194173
Álex Berenguer,Athletic Club,29,ESP,"FW,MF",La Liga,1995,5.213340775543174,6.1825313899611976,0.9927668959544597,0.01011622887637297,-0.17736179374766928,0.9837391743161225,2.312812046376916,1.3792728240433132,0.2746621052615044,-0.9319629069120131,0.542643714095891,0.4989540413430461,3.949571459037618,1.7834097540238054,0.020145541754524404,1.0385834229402697,-0.7654844438474525,0.2413928868550402,-0.5527207364013205,0.772405134725131
Sander Berge,Fulham,26,NOR,MF,Premier League,1998,-0.8439193845622438,-4.3201466552286805,-1.0695217308239298,-0.9051421299817225,-0.3811068662452401,0.7725172432011935,-1.0520305044265479,0.4981812564641663,-0.02212781978536694,0.0704731485035932,1.353500691782848,-0.28609700536448107,-0.25592462725690834,-0.7998502429184969,0.13892255993779162,0.26903101773170496,-0.9330792435024827,-1.047484503862576,-0.24696372583643078,-0.036825029241888685
Lucas Bergvall,Tottenham,18,SWE,MF,Premier League,2006,-4.499055330726983,-0.17427036983324787,-1.995575916536019,0.6670720880479886,0.014711772594810303,-0.2772666271111224,-1.3009653912126873,0.9627951110229525,-0.5809408147881643,-0.07682706591266109,0.7113082414232069,-0.11986826931807337,-0.2551474619552896,0.5372513567686823,-1.160903324412351,0.11238453553518142,-0.4902787386267974,-0.07135569538690127,0.18480354399871546,0.5783432164757939
Medon Berisha,Lecce,21,ALB,MF,Serie A,2003,-5.745283007372638,1.3025673157103492,-0.8051782441919668,1.7872280701466465,0.4071194061112337,1.1075347943441638,0.11315417952790745,0.3947659263035198,0.685717909374911,-1.0325820865605726,0.18537833933684156,-0.18017026913810666,-0.30346951525275107,-0.5649715879472657,0.7690402747044567,0.45797760188244646,1.1974835639919243,-0.14812207486890888,-0.3162710506338168,-0.32960580997555927
Mergim Berisha,Hoffenheim,26,GER,"FW,MF",Bundesliga,1998,-5.768245324087015,3.366970083565168,0.12287035854268714,0.42550265019367417,-0.03843724429453335,1.051830764436635,0.030902398035931266,-0.6196978640500689,-0.32164599568155,-0.8768452995960375,-1.4458863780446507,-1.0312023174858949,-0.8706649949348085,0.817925488288681,0.052050012267619176,0.22026579078234024,-0.045953943033011625,-0.5491858457120017,0.27678849539280687,-0.2701922799906938
Adrian Bernabe,Parma,23,ESP,MF,Serie A,2001,2.7773644388703227,-3.482327656222252,-2.055352702632507,0.9217986721344306,1.0293587391628707,0.706441552633249,-1.1899860388257302,-0.8509157701873292,-1.1227556863587407,-0.19471440099402287,0.5372102769592114,-0.7161763161183161,-0.020614993752476916,-0.8606537853018664,1.0439322960418436,0.46557904300159303,-0.1806591369699477,-0.8449940820773773,2.255369866630893,-0.30063758577620664
Marc Bernal,Barcelona,17,ESP,MF,La Liga,2007,-6.361819959419838,-0.21118012758991023,-1.0822212297283378,0.9148718258717098,-0.45102371061877194,-0.013372827697623187,-1.1241343960301289,1.252497137295986,-0.2208179227448121,0.7951590875202817,0.8986253074792515,0.10452909031203507,0.11761653251178388,1.3969529702063455,-1.537737048070402,0.26065314120289057,1.6291960732039708,-0.30792376218335554,-0.1839096281010939,-0.08574034812923423
Bernardo,Bochum,29,BRA,DF,Bundesliga,1995,-5.563482995997735,-1.297093541437246,-0.03782230658930732,0.18362866940529834,0.10703856746017022,-0.4558566365125287,0.6987334705856858,0.34635310689015014,0.04787140485321871,0.31831835189953905,1.324623642467086,0.3666283216115983,0.7951468365181895,-0.5174190169289362,-0.1369303309118323,-0.2731781514555999,1.3285368965991815,-0.9936800063960816,-0.3964525250863915,-0.7512711674366425
Juan Bernat,Villarreal,31,ESP,"DF,MF",La Liga,1993,-5.846546460253792,1.1785190610245528,-0.9911620660522659,0.5971198884664521,-0.05759936641326978,0.19717475986980174,0.9519951508284719,0.963830039707418,1.3633695622384987,0.9740793834092106,1.139725920773479,0.5403194946556307,0.6843043109381659,-0.9832630627011033,0.2809143799110398,-0.5704037645896105,0.8083779383122838,-0.4053743001655326,-0.1997195656000534,0.09178258024434348
Alexander Bernhardsson,Holstein Kiel,26,SWE,"DF,FW",Bundesliga,1998,-5.724322151818908,2.3589930520323157,-0.23003504405873154,0.10236203219946753,-1.2832566013300268,-0.5065215596236148,-0.1636926536928937,-0.04816183435920676,-0.4897748845364275,0.27509480094595845,0.1343153278074941,0.46387058695312117,0.4084087751969613,-0.31999062602052636,-0.4221136250893756,-0.8844301162228275,-0.25324510030526465,-0.5588332968443807,0.5645783604390536,1.099908969516726
Victor Bernth Kristiansen,Leicester City,22,DEN,DF,Premier League,2002,6.385394496777775,-7.6107776782576595,-3.6903493838405383,-3.5288646055861173,-1.7817571797664853,-0.927269761324074,3.3165533620381376,-0.02525531703846143,0.00022723070206012727,0.1482106253995295,0.366572683519582,-2.643931018444315,-0.3679812127712813,0.5425751081570985,-1.0623496451983332,0.608766039918704,-0.25076747025642393,1.366670768440947,-0.2636736538901042,-1.2184779658086324
Matúš Bero,Bochum,29,SVK,MF,Bundesliga,1995,3.2448269426036447,0.6656030401545683,0.17533686427247228,-1.1422896436552155,-3.525124884903278,0.31037461100508307,-0.6753712072529898,-2.4796081134571937,-1.1674611888092108,-0.1591372873897048,-1.1122464666794536,-1.0308124287219074,-0.5679128901526489,-0.2647478314096095,0.7175759398736115,-0.012017911311889905,-0.7855155001282386,-0.11079510663490984,-0.43497307189280415,0.46165005586915553
Juan Berrocal,Getafe,25,ESP,DF,La Liga,1999,-5.763142451009003,-1.9197761641031295,0.21327520922623433,-0.6025300962489453,0.5981196398020189,-0.32786069139804463,0.9469003154214791,0.6031763481920747,-0.1813944421051023,-0.43377647615713494,1.4001081764625747,1.8195669755150499,-0.5714098534954917,0.20856782180322325,0.9514788234825251,-0.2004888957949868,-0.7276695137206207,0.0682565161627514,0.8097546167716622,-0.18517295491719854
Beto,Everton,26,GNB,FW,Premier League,1998,-6.5720217592441115,3.265833348312158,0.8252527722581567,-1.0652403471574727,0.9274977360790845,0.22007789906739406,0.29093542296227753,-0.5550084369784369,-0.5275127258247467,0.6251284856698618,-0.703608342641445,0.7568616893091186,0.6866982866754592,-0.40605021497746596,-0.765173624539987,-0.5891525975381201,0.37306255325854215,0.15436617171144437,0.9034414050120119,0.4130299039505159
Sam Beukema,Bologna,26,NED,DF,Serie A,1998,4.94691677525732,-8.38129206595568,2.819076678519161,1.9248997101832972,2.9294397796203806,1.3103288029436206,-0.3842988846384347,-0.9889961439966294,0.2394255817697631,-2.5874407948556164,-1.2637696745219622,0.19397308150782816,0.8518025829801079,-1.2043245374055191,-0.2962772967225631,1.0471927312156042,0.5772724481636741,-0.8427163653723725,1.7392752753255107,0.31767433953761604
Alessandro Bianco,Monza,22,ITA,MF,Serie A,2002,3.577803957675252,-3.1630615278118492,-1.0415148941014654,-0.512456147179685,-0.6741691354369191,-0.7432019020590235,-2.4435044227124143,-0.583093920795195,0.5020934635319483,0.12172862773518811,0.8527803915191154,0.36336688386424704,-0.5271936178626417,2.1999837379664786,0.9383398068027208,-2.6053220650515865,0.6409134511952644,3.3687936601620496,-0.02904063957673399,0.33667201909463024
Jaka Bijol,Udinese,25,SVN,DF,Serie A,1999,1.9355579964736274,-7.047745328811151,4.051076359780452,-1.4208049192582195,1.0546535229998184,-1.2355459807016362,1.5758514958059797,-0.7409164078211086,-0.22813144279415126,-1.11355833834238,-0.0552363884309712,0.9212990128146286,-0.9747733722195321,0.3997593396712994,0.9271992044950612,0.32151137426038034,-0.2618231198926267,-0.3239781082627848,-0.44173784342152017,-0.17563960569348352
El Bilal Touré,Stuttgart,23,MLI,"FW,MF",Bundesliga,2001,-5.144881267980894,3.1268048439844014,1.4805012674695643,0.6941642936743903,-0.6604874248049127,0.14331236954974236,0.32881027078282354,1.1761746375921158,-1.2149995555218278,1.3227944626094603,1.4915673665662073,1.0915480715794699,0.6024531639229364,-0.23581907497906116,-0.9045046060333095,-1.4530946246744585,-0.48527019847176,-0.4557678110389487,-0.0006199642778557729,0.25121806863987095
Cristiano Biraghi,Fiorentina,32,ITA,DF,Serie A,1992,-4.662153073332528,0.2127601983221977,0.17980393643607384,2.301039897725609,-1.7135678242572296,-0.004019025156566333,0.3483748404184647,-1.0923009116313636,-0.706968819907683,-0.43883549797483007,-0.12391529042539233,-0.3040709239629597,-0.13177313163250148,-0.26395128279173613,0.1510579924455602,0.9531145298605889,0.35866728549460924,0.2503533166388594,0.23986267170346803,-0.40149427964472056
Samuele Birindelli,Monza,25,ITA,"DF,MF",Serie A,1999,-3.4660827848776044,1.7168672997992447,-0.6976634466181981,1.2626855225738185,-1.7293258635420552,-0.9371567447647696,0.03782108503797445,-0.745299717816791,-1.5723575539529961,2.0782088291592875,-0.3337036154314182,0.9795158273132321,0.7398298096779102,0.6990080898209424,-1.254713588466044,0.48546733367639855,1.7001899845521256,-0.34527281632211143,-1.045744937962959,0.3123558833147926
Tom Bischof,Hoffenheim,19,GER,MF,Bundesliga,2005,7.335232152667193,-2.0709468628656706,-3.232410072104089,-2.536546738302751,-3.72267069872734,1.3176793251528707,0.5109946459820306,-0.18888803218476938,-1.549633073812544,0.6410457027417672,1.3702548342230247,-0.24468208083905896,-0.44905686946889106,0.1930342850607911,-0.8784944911185314,1.1714506494041168,0.4633249029042504,-1.043007397644108,-0.7774090220690983,0.5286766085070485
Yves Bissouma,Tottenham,28,MLI,MF,Premier League,1996,1.628480843577788,-3.0164550341524787,0.8199113069033748,-0.29095509807598685,-4.98020287394321,-0.45539239742690224,-2.4164856220615634,-0.6194224590275069,1.3965748333385801,-0.10414202868100444,-0.2397312637673473,0.667947736848735,-1.120552978813216,1.8951505774104127,1.1328001069328966,-0.6368816260303691,-0.2672487457555188,1.6431733931592574,0.32704053082414275,-0.26349432884808144
Leonardo Bittencourt,Werder Bremen,31,GER,MF,Bundesliga,1993,-3.908622103418225,-0.2919819376514199,-1.067702752828887,1.3912566058302238,0.9337670490984574,0.7626048245487043,-0.7357888704150937,-0.6866375755802622,0.5470692618445491,-0.6085809073988248,0.2810733559179728,-0.5562443004581499,-0.5905794003056047,0.26207672359970124,-0.5896041478966719,1.1351870379133262,0.5609619132109217,0.3003497978807776,0.1804851638117303,-0.08089698104350676
Emmanuel Biumla,Angers,19,FRA,DF,Ligue 1,2005,-4.2409552048990165,-1.4818641403203385,2.356897954217604,-0.18135630684768608,-2.026854234930845,-0.998446592625803,0.22467106403484874,0.4563978943616117,0.9535411814863383,3.0318874839800003,-0.7537766404838965,-0.0636604028585585,0.5824300551736935,-0.4449828676376295,0.4650179083209758,0.25245199446646044,-0.03793062928202552,-0.9875673086200295,0.28315336884462683,-0.5869245672686685
Antonio Blanco,Alavés,24,ESP,MF,La Liga,2000,2.152046273539214,-4.0045122249568275,-2.056434264339267,-3.009463399592557,-0.3569348549798487,2.142063083538468,-1.454062652345766,0.7751679592384729,-2.408817234734919,-0.4307595212394888,-1.4727585192755905,-0.8484624626017385,-0.10169691583487919,-0.4498412202701162,0.5828959938785534,-0.015938411078282706,0.36639844037522973,0.5014260299912627,2.2889597973069913,-0.7220732892517866
Ludovic Blas,Rennes,27,FRA,"MF,FW",Ligue 1,1997,10.625282256567974,6.899251806784659,-0.4900044898413523,0.11408246769280211,0.0742967314739391,0.1840810607103189,0.2033108308158185,2.539395131184053,1.5258697341177723,-2.412569549829845,-0.7780445770948946,0.16258507378319234,1.881593936146446,0.409617810731975,0.14835861018634908,0.23863125503150195,1.4555002471831162,-0.257614953007591,1.6177192698690914,2.2901221128001636
Daley Blind,Girona,34,NED,DF,La Liga,1990,8.030145597279638,-8.876273666841964,0.759407289671906,6.1367027432729495,1.7190536363553777,1.1992264723165522,-2.16282868819191,-0.9833086151459131,0.6992895920808798,-0.5454950646238654,-0.560512774068909,1.0164376314559909,0.9205045863329437,-0.9243776649037915,-1.2870456184319061,0.8252209415127265,2.1291138116811537,0.6921003526844054,1.9964456629150085,0.9360367836933847
Myron Boadu,Bochum,23,NED,FW,Bundesliga,2001,-6.2452998044757,3.866368460254084,1.7979749619169547,1.3534989296527897,-0.5656443277375737,0.8794128267658682,-0.1228038654941022,0.7389631609848474,-1.4374150789914668,2.5651191560709474,-2.6743908023703575,-0.20445073416038292,-0.4309728102803522,0.46827501998983123,-0.8201028049416071,1.0180774343027397,-0.5104143806055981,0.9124544635843898,0.32999759198666717,-0.21984833892942401
Augustine Boakye,Saint-Étienne,24,GHA,"MF,FW",Ligue 1,2000,-5.112119435076675,2.0936438792472565,-1.530896961293958,0.7928434967749314,0.6730761547893661,-0.4373760527934799,-1.4564244739415733,-0.13163448680182802,-1.2569409714589637,0.3675248911890782,-0.8472654167502428,-0.19158394077969973,-0.5379989818292845,0.19643576583639816,0.09085151629167175,0.8441597301263236,1.082879365328652,-0.15727845782598518,-0.2692589856250675,-0.23988874003583208
Sacha Boey,Bayern Munich,24,FRA,DF,Bundesliga,2000,-4.587345931669512,0.07032273805286574,-1.5419852773039866,1.4111443286853904,0.1295234549158631,0.015645324283103067,-0.15877411644995637,1.5508383378501476,0.278272408096251,-0.427880841253433,1.8623332021547723,1.9202678714121495,-1.0311530404003988,0.5953369567036148,0.8853675809488651,-0.31841984174665494,-1.0025600487647237,0.15175871162477217,-0.7425353005103464,1.3132442797704404
Jeremie Boga,Nice,27,CIV,"MF,FW",Ligue 1,1997,-0.9344826534591649,3.8755501863746233,-2.141312837738143,1.782109462361569,2.51067468110572,-1.7805007802734434,-0.5327035605166018,0.14708183971327712,1.2652810247539283,1.5688635208696757,0.4794151252091302,0.0201669316391011,0.01385235317580038,0.028521123891113966,0.17786139628245137,-0.13306268164971516,1.3123696813287058,-0.9577382536934466,0.3441928753162123,-0.06569049649867637
Lamare Bogarde,Aston Villa,20,NED,DF,Premier League,2004,-6.370350771506635,-0.07820438200077962,-1.6003407615028524,1.0596725324526348,0.07192290843593442,-0.1171110269019183,-1.4147543036718606,1.577803789388621,-1.756183748333125,0.10407715931659219,0.8465973871816415,-0.011309411960832643,-0.21659888623963683,-0.24917766069257108,-0.43306480221216614,0.2596940989965096,-0.638344113218727,0.24603660217911216,-0.21303380592632074,-0.06424614912915552
Adama Boiro,Athletic Club,22,ESP,DF,La Liga,2002,-5.38582988055013,-0.2659748803606891,-1.1903611827831986,0.11119427541093346,0.2901773869196733,-0.40706950861561625,-0.24424906950884334,0.4257016131212905,0.10180376416479484,-0.5708593798245903,1.0853191282872163,0.10362215420971407,-0.01318457191473194,-1.2186655146000276,0.2251626298834134,-0.3441646880877986,-0.9048458760133837,-0.21964925361899343,-0.1617561707321083,0.1708510102053433
Moïse Bombito,Nice,24,CAN,DF,Ligue 1,2000,0.5639864551066933,-7.049744782045899,2.3439214142393556,-0.0480529992782188,1.8739196970524865,-1.3053009866750023,0.01948099509365471,0.7029362456874351,0.20663333804492998,1.0161630271268127,-0.7950439752305263,0.5746809538403831,-0.9829199716331368,1.9058372766582379,0.13579237893288612,0.3841811275851977,0.022966810611037114,-0.1370104043609208,0.4715899815039158,0.05900808129034829
Warren Bondo,Monza,21,FRA,MF,Serie A,2003,2.681897238505875,-3.24142415135081,-2.178585345637969,-2.1103163565238887,0.26094374346857746,-1.8281250350506844,-3.7006299389383175,0.7800196849645428,0.2839504079288158,-0.3082836611809212,0.19499720863809336,-0.8062954873896399,0.6458678420815023,0.7413183619982783,-0.14837814081073847,-2.5932040757586647,0.7154013326684356,2.1535905656994196,0.3880565109633138,-0.3855128320767651
Victor Boniface,Leverkusen,24,NGA,FW,Bundesliga,2000,-0.6041662974599709,7.199972044999674,4.343977448742741,-0.8861771799851969,1.171785046394916,0.18211739423427725,0.004781846878170521,0.7080276781743757,0.4831571497487547,1.3860768058660888,3.6804025159984177,0.5701844781231125,-0.6404867599847313,-1.2422856034989014,-0.6227764943084588,-1.1526527749536923,0.19709839844949198,0.22596132666668406,0.9301222179144671,-0.04146501208397191
Ange-Yoan Bonny,Parma,21,FRA,FW,Serie A,2003,3.321937949277902,6.299495910493017,1.7351254541318393,-2.7487757020362156,3.082305124755753,1.0351047372021267,-1.7196556043199396,-0.7504500671625491,-0.6670746420949906,0.05855531311294777,0.2400084548226215,0.4644710445057489,1.4445693555237336,2.1690901116803247,-1.4235945691630318,-0.049966522190249205,-0.15405609697619893,0.28059485722499816,-0.15562004855721412,-0.7431164045357758
Sebastiaan Bornauw,Wolfsburg,25,BEL,DF,Bundesliga,1999,-4.832107739247089,-0.2584449326444394,3.4702813954510012,-0.7062301013209066,-2.805781569916287,-0.41981068239745845,1.6102417013131678,-1.5571349196239752,1.671185939691352,-1.477667726447744,-0.3221304667884053,0.7047329478096607,-1.4056546716297724,0.5526394024231698,2.1067969958393546,-0.11859585900337925,-1.1787576762806322,-1.1600935324082082,0.3608236252621801,0.803866031242916
Ayyoub Bouaddi,Lille,17,FRA,MF,Ligue 1,2007,-3.075272486978912,-0.21081721679535406,-1.8161198056918841,-0.4365556143673079,-1.4785021291822964,0.6743139072822748,-1.0164805393960128,0.914544275485563,0.8876231884795384,0.8204954483683132,-0.1937980702850015,0.19663939893804927,0.25876764171387706,0.7288232407625526,-0.3161326405768126,0.9253061975340217,2.9883511122094313,-0.9125432780960421,-1.330628536104146,0.625483512817954
Badredine Bouanani,Nice,20,ALG,"MF,FW",Ligue 1,2004,-2.370631283563834,3.804772828900819,0.1033867473667395,1.5038374707376305,-0.2809248593044055,-0.8970274011162217,-1.0158699633812602,-1.0283756822436712,-0.8379321229798067,-0.596999681539244,-1.1652032632143026,-1.1375247132790476,-1.198102238269751,0.6080654768309839,0.0357452416664039,1.2497920147222992,0.6175111995490056,-0.40064709920442654,-0.5527370918019311,-0.22849886946007422
Benjamin Bouchouari,Saint-Étienne,23,MAR,MF,Ligue 1,2001,-2.010533184981505,-0.301169965995505,-0.25600277163619906,0.3939079242436727,-3.6810798828567757,-0.21717469801869949,-1.8690665799209776,-0.20400633881296248,0.2567296085118802,0.04628203793616156,-1.0993560212319153,-0.666426024334491,0.1171036929315655,0.9807494033865114,-0.3217531909689961,-0.5511899597976492,-0.6074472123354171,0.26920709369239393,-0.04754858493773176,0.39637007921452877
Hicham Boudaoui,Nice,25,ALG,MF,Ligue 1,1999,3.596242690722065,-0.9781821249321067,-1.5672080093743794,-2.77567680712858,-1.280407165358493,-0.3443655977449939,-1.877231588089183,0.8153587481586558,1.2645005523679462,-0.016191443327432678,-0.13314052879679028,0.057420342185240905,-0.16381623016685296,-0.2648894572252373,-0.0961717444665617,0.544592312749045,1.8650071089068916,-1.348623731664432,-0.6097737600410942,-0.2488588636070576
Carlo Boukhalfa,St. Pauli,25,MAR,MF,Bundesliga,1999,-1.8901085462873726,0.5251432462231315,0.0057655450563526365,-2.0372035625578975,-0.8269055933861382,-0.863335683265232,-0.41118445933435704,-0.6616379675583981,-0.8227082408036459,-0.9524441071554687,-0.7398471171735281,-0.0857352565683578,0.2994506302936906,0.23750057936269062,-0.8401160275129371,-1.2206692624479096,-0.1952346093661804,0.3478985207257906,-0.12065631074262273,-0.12508253360997829
Edoardo Bove,Fiorentina,22,ITA,"MF,FW",Serie A,2002,1.1361410896620887,0.4072931313344239,-1.1467282052006036,-1.8659130519060796,-2.112224332506695,1.5966724653806685,-0.7536921352483602,1.4525417182667828,0.04230388180437246,-0.8646733085807853,-0.336513989328017,-0.07897796731213115,2.3247125131255486,0.8251141743661703,0.571059860131723,1.1467462642229245,-0.7971167183789964,0.0046585971433912915,-0.013908897110416972,-0.02022893281978055
Jarrod Bowen,West Ham,28,ENG,"FW,MF",Premier League,1996,14.328620467945212,8.934791907113672,-1.9557932378436567,-1.131020113951524,1.4779621674695649,-1.5503096420039617,-0.3488378268674116,1.0733183641635868,-0.18517219978463734,0.2638186323767924,-0.15587829481278176,-0.8676369692513125,-1.2737173529140133,0.19458289048778893,0.21609157244567226,-0.6617193568168503,0.7627641350803376,-2.5206094837287174,-0.6601460451581218,1.790090308068379
Enzo Boyomo,Osasuna,23,CMR,DF,La Liga,2001,0.4772646581946475,-6.906081748256985,3.3650001503881852,-1.4195943437130953,-1.5094331528879152,-2.1381699349609886,-0.010250981369944945,1.4413279203606708,-1.0910830143777102,1.950312561216884,-0.9463874369549585,-0.9537630076906065,0.613262174330404,0.974059971166951,-0.8809813355975661,-0.8298087857918702,0.7449777081275465,0.04597086199847422,0.279628878907192,0.0926292711223111
Enzo Boyomo,Valladolid,23,CMR,DF,La Liga,2001,-6.86473509656967,-1.0776172566926498,-0.3472025132166402,1.8175167341487504,0.6331148128865817,-0.7614959435526258,-0.7628444550227051,2.36867594742186,-1.766746193707133,1.0841029209253892,1.3335989730601732,0.11524655822805287,0.06498995942508466,0.8269427459550074,-1.6825375227198582,-0.35999602808655695,-0.4549885866905722,-0.17447549786208086,0.28837152247064557,-0.058106720319039996
Domagoj Bradarić,Hellas Verona,25,CRO,DF,Serie A,1999,-2.648104065081894,-0.18466491404350788,-1.7944279033789172,0.2016708474265777,-0.09450760379077675,-1.1040951892497097,0.9499938327305054,-1.203929619144268,-0.513662264215356,0.6651178576036878,0.5924914563455415,-0.022851799002136897,0.5015324772988843,-0.3924414067624322,0.4707627794355524,-0.4309383812206553,1.73487312889266,0.10743189842049614,-0.5089304695498318,0.0972914136944881
Conor Bradley,Liverpool,21,NIR,DF,Premier League,2003,-5.878199156278613,0.5339947164209002,-0.6327883543577685,1.2890641314456464,0.7060975406606418,0.15109425788930111,-0.8278238316698386,0.515383340471,-0.4632368713874958,0.8699962061923685,0.028379850694708303,0.08127118669482257,-0.13869247683856253,-1.2311590276649318,0.7279080705704364,1.0208891176951407,0.20361018202672826,0.30584286505538283,-0.49822963645083274,0.37927834154330453
Julian Brandt,Dortmund,28,GER,MF,Bundesliga,1996,4.795834900184235,3.6395676581457623,-0.9791882330125958,3.093602780831143,1.327394907444216,3.119870622650867,0.7287433359640038,0.5497362991788426,-0.07404545134547563,1.2747386137561176,-0.49787135919298364,-0.2027145869077266,-0.8708850349491825,-0.10544914088964559,0.5405823640684909,-0.5834904181764962,-0.31044712282337955,-1.0743372970254959,-0.4123852717941703,-1.240978754062974
Jarrad Branthwaite,Everton,22,ENG,DF,Premier League,2002,-3.5245971777104224,-3.268902294550364,0.3849446094557949,0.1797953987535336,0.5104464223064308,-1.0569455029463999,0.19205581689875853,0.7471797775707201,0.04469742181603546,0.5500826109590012,0.6800835537926768,-0.6300338812176042,0.3394147336293919,0.5025009517283409,-0.9743672158171144,-0.3905016287040779,0.960274717467133,0.10525354587944118,-0.11930167693200673,-0.5833214193245109
Darko Brašanac,Leganés,32,SRB,MF,La Liga,1992,-2.882817518972198,0.6169979925126872,1.1510563721192544,-1.4448255624085125,-1.2041532107262465,1.9872747712703218,1.2720548922999968,0.26587090897900606,2.7152008816141806,-1.5672668597810964,-1.0066333000077825,-0.11987062743490062,-0.11864743860690051,-0.07411685595426269,-0.16366649814234366,-0.37313557701535777,-0.28725344992583934,-0.9535144630580593,-0.547390943203503,1.1099459321256953
Lilian Brassier,Marseille,25,FRA,DF,Ligue 1,1999,-3.411745487868822,-2.8404509247714835,0.7507948778297799,1.8394092650147749,1.2604176312545963,-0.6009383276736378,-0.14894109419553522,-0.6148745747532761,1.9997156586360019,-1.1945419390609562,1.581762291523092,-0.15383914840469248,0.06442759634051118,-1.048592455125514,0.14790266787971415,-0.8118464272717731,0.1743924108641857,0.44995535510025214,-0.5242083913215784,-0.0037764586720552833
Matthias Braunöder,Como,22,AUT,MF,Serie A,2002,-6.20987855097732,-0.11844034733473785,-1.588056017459628,0.1825139251399749,-0.2758170850824294,0.31034518477251366,-1.044390684660196,0.474932912947443,0.4853089449356058,-0.7172467074958466,1.0855043446622805,-1.0923702634132737,-0.5106931661371782,1.0781150243517788,-0.7087584068934418,-0.39437371675401395,-0.15473359346598395,0.8267859036072684,0.02685282452726916,-0.11320999582452475
Iker Bravo,Udinese,19,ESP,"FW,MF",Serie A,2005,-5.740316386735092,2.5726772139183485,0.6308891925384593,0.9036070838098614,-2.2305582864021067,-0.11601826721405625,-0.2757802303036214,0.7668372525249624,0.3379581087753011,0.7132459380166629,-0.7077703793589374,0.6662229185116731,0.5612033320461947,-0.02039266386478595,-0.5698618038448209,-1.2731613035299458,-1.3285832408439897,-0.034436572342270454,0.7677066442651144,-0.20642460513368366
James Bree,Southampton,27,ENG,DF,Premier League,1997,-6.158289889592887,0.3965340291207619,-0.6322596256170425,1.7208816162191471,-0.14571918644765836,-0.4711072382766528,0.3222340671051507,0.06705031009043359,-1.2647540051029829,1.6101616156676286,-0.17322270453701744,0.6097946213474523,0.6152383158706958,-1.3610820682570715,1.2617880981750753,0.9017588923444325,2.4331070689257515,-0.4368047619047401,-1.3349025175934164,-0.41849614033607174
Gleison Bremer,Juventus,27,BRA,DF,Serie A,1997,-3.2625648797196622,-4.45074543905444,1.0062125121711323,1.2519055077002563,1.1806096120609237,-0.9374153519071812,-0.7216326493383347,1.548697705310334,-0.42272989713467246,0.06578149203163616,1.0328018542995494,-0.23484500838979275,-0.149854811899278,-0.024496688864531012,-0.8130060268101874,-0.03681742617691611,-0.7105053950063063,-0.8581922397765261,-0.2466760912833871,-0.15350302898713752
Brenner,Udinese,24,BRA,"MF,FW",Serie A,2000,-5.039395504017493,2.358745878548679,-0.06102682919211263,1.0154355683254563,-1.2851545331152416,0.8338579100244851,0.40006144830253093,1.640571709165891,-0.016735174655285855,0.33779573805361723,-1.2143655937800573,-0.09992033118911432,-0.06697484762643298,-0.3437050210623133,0.03988718121487622,0.3660652933974319,1.1545074552564236,0.20471698626964827,0.029929521971156628,-0.07262918311015777
Ben Brereton,Southampton,25,CHI,FW,Premier League,1999,-5.071157427537891,1.7914715188145265,-1.1650289071123925,0.3127575651481983,1.7517550047871306,0.47409243641731935,-0.5456375353307443,-0.9614824228799129,0.19324600440101017,-0.5909181164089963,-0.30031540100530413,-0.400861808368771,-0.6161157917362207,-1.0873600755760964,0.5443272238065793,0.7156637306474642,-0.8447826295094542,0.38037926294685337,-0.4578845479062646,0.12134032355681759
Marco Brescianini,Atalanta,24,ITA,MF,Serie A,2000,-2.5931918883008755,3.3007260460412673,1.8559258115244226,0.9197828136377434,-2.146388618062238,-1.2689731674861269,-0.8323945220892657,-0.9913655812353531,0.41458523637604333,0.4275725756547984,0.5591211807395132,0.43892189342653143,-0.005480291538730168,-0.22241195425239885,-0.5358888716905029,-0.6355228299549374,-0.6865321154461654,-0.42814651677941556,0.48792012851791666,0.0701366373023722
Maximilian Breunig,Heidenheim,24,GER,"FW,MF",Bundesliga,2000,-5.265819037877109,3.2089345809080556,1.496582905360665,-2.0052868776522996,1.3171495047801833,1.126192983993261,0.4782951957981726,-1.469671404741117,0.5015941153601867,1.7890989722963648,-1.325876069322051,0.11733399516073138,0.2849664174697257,0.9240606518144695,-1.756261728745716,-0.6690952271026923,-0.9623456850014205,-0.03702671902086346,1.2177627579297021,0.17362064722538995
David Brooks,Bournemouth,27,WAL,"FW,MF",Premier League,1997,-4.558448180217759,3.1136144419971177,-0.6900835746597463,0.8291135857361697,-0.14428658781416343,-0.4804719773701058,0.5042140735151479,-1.4590944754288164,-0.19490914226296205,0.37191996251755394,-0.1315200301364777,-0.5145822860575673,-0.11816355670510266,-0.09915634835162532,0.46966003982951166,-0.5941867247176794,0.3735055001149562,0.3821589684666453,-0.2921817335693878,0.2320429370352602
Moritz Broschinski,Bochum,24,GER,"FW,MF",Bundesliga,2000,-0.7723439092278958,4.156254726709794,0.1163020056304048,-4.0334031049684915,2.6118691003966323,0.17518966704592967,-0.24111358133644878,-1.1903121032330661,1.2727653521968683,-1.5974511493564536,-1.541996956539308,0.5129245588748561,-0.41069027749086984,-1.0215583761521279,-0.8273843685196306,-0.2715866305827232,0.2628255549531312,0.44641175429992436,-0.7242470539705016,1.0996214382825336
Nathaniel Brown,Eint Frankfurt,21,GER,"DF,MF",Bundesliga,2003,0.22084017657598037,2.9550219576922707,1.5390480797062014,1.0737252960396115,-4.513109225473822,1.5039118915393228,1.657082727930944,1.187902729141609,3.101696598223533,1.9052933123268934,-1.2063448754382768,0.22856343455370662,0.6969716883896975,0.8815093626590605,-1.1019222052980564,-0.33745968965005946,0.2370159196289614,-0.4875404144413225,0.5608933373750882,0.2717796478659731
Jacob Bruun Larsen,Hoffenheim,26,DEN,"FW,MF",Bundesliga,1998,-2.346778656409113,4.289509469185816,0.45304093300497583,1.0877465716999362,0.15321996614079647,0.8212017286962154,0.774371373214666,1.0183376536850135,1.5245840332665728,0.6372314251625909,-0.3929691555921591,-0.1851276201697057,-0.30808002453036143,-1.3234426128294383,0.9008678294145653,0.0005739801128645996,0.023933744944325527,-0.09179685123455687,0.5319259639565048,0.3374677167827321
Ante Budimir,Osasuna,33,CRO,FW,La Liga,1991,2.474270033980913,7.790539342107565,8.651926325679872,-4.966080600421686,0.5850902592134797,-0.009253901794709276,1.1978185070282525,-0.054764936732821436,-2.8571237557805134,-4.9159100272253475,1.9278526971601024,0.7259104152313665,7.057720198155161,2.9732668729139977,-0.10909922338666674,2.956651049834459,-1.6907050265121732,1.1675734744273598,-1.7847826538722908,0.26566817867002424
Santiago Bueno,Wolves,26,URU,DF,Premier League,1998,-2.8380847545261703,-4.117256238759921,1.3337789435275407,-1.0987867063301482,0.6786515254602369,-0.1434252687817601,1.511963116475312,-0.502336159687265,2.4785086822237834,-1.3898970329329494,1.1710144538727143,-0.6438924073623856,0.10891533631313777,-0.112862103426028,-0.06133275654461217,0.01478838562157696,0.6353930234764111,-1.5490176514248108,0.03789489639564315,-0.15348018949763012
Marius Bülter,Hoffenheim,31,GER,FW,Bundesliga,1993,1.1054219531086793,6.056502758037769,1.1238615683133037,1.1103817760833443,-1.8961145283328518,-1.50061931044281,1.3346831501705396,-0.8394330931924491,-0.9096294358252228,0.6458039641720341,1.2535117382515475,0.4610963291493816,2.319916866900076,1.2210257494869121,-0.36787856488359016,0.07011101434946293,-0.4918774641665155,-0.20260171709190716,0.2883220480872088,-0.4910275032790149
Facundo Buonanotte,Leicester City,20,ARG,"MF,FW",Premier League,2004,7.810917439144741,3.314515797499942,-1.2717722549113275,-4.934984133427357,-2.606889315993066,0.7052356885873996,-2.061800285470162,-0.18563484516727755,-0.3285869601026165,0.022545617853141325,-1.3029743594898628,-2.2345857366906423,-1.608420246397529,0.39754903956939547,1.47330867042119,0.5179138159931733,-0.17584324624429584,-2.552897686642009,0.18911346514501368,1.4441701173843273
Alessandro Buongiorno,Napoli,25,ITA,DF,Serie A,1999,2.9941439095085904,-7.684327616377703,3.0442982594387926,-0.01834215964270992,-0.39850719812719637,-0.5885567830471604,0.10877834892091624,-1.666361198789694,3.5152961365246727,-0.44336521269230017,1.800143834664812,-0.8974644615612688,0.10650511992790074,-0.368283190203444,0.008465301279203271,-0.3206745865190541,0.5590082482720498,-0.7594873731786475,-0.6869729185034796,-1.4056756690138368
Cameron Burgess,Ipswich Town,29,AUS,DF,Premier League,1995,-3.4784364533276073,-3.628964297140999,2.3766016602349826,1.024897864551612,2.3767987331787963,-0.7727443400999351,2.1215621516593326,1.4553798590063187,0.6290902277252294,-0.2853376780475672,1.2882441339724453,-0.8224155572654639,0.5264870512823997,-0.09700889087826242,-0.11705579133193819,-1.5202893706727492,0.07750078855735516,-1.1285976553944903,-0.6100350772917771,-0.2829650252541418
Jonathan Burkardt,Mainz 05,24,GER,FW,Bundesliga,2000,2.1845760486272416,8.277108386903894,7.253176757708993,-1.0188676713966152,-2.1502127351256237,0.7566405464810699,0.017527948495397547,-1.0878764764664102,-1.4165598359460663,-0.8390364792971785,1.134167404681557,-0.624545144724176,0.05862778989394065,1.5415934638416615,-1.5394103270310942,1.363088381379049,-0.47816849680668444,1.2258970325229113,1.0847758819404105,-0.19803571934739014
Dan Burn,Newcastle Utd,32,ENG,DF,Premier League,1992,2.384325791534258,-9.37647858685634,4.73102490468449,-0.5688969229175669,3.416300451284737,-1.610086575074399,1.460085178069785,0.4975180631928481,-1.4402251362486616,0.7254644767887649,-1.0224819319868033,-0.5408202163970381,0.4000323711846574,-0.40932154004919624,-0.9900569145838017,0.5680923772747167,0.050880377665959736,-0.4658896978926732,-1.0906973217664777,0.12425113838149988
Wes Burns,Ipswich Town,30,WAL,"FW,DF",Premier League,1994,-0.9774238819751996,2.185705651945664,-3.1153063060587933,-0.2549098907540922,0.987590348029911,-1.9561161002211815,1.6816014062108722,-1.643197160973554,0.1409154665753146,-0.6035888224183295,-0.7894584492234927,-1.109145179369687,0.1581390460528478,0.3430347653147982,-0.5137537068147585,-1.3345570584734912,0.31735940083445857,1.6632669934147999,-0.2650210563345907,0.13387122779776953
Marnon Busch,Heidenheim,30,GER,"DF,MF",Bundesliga,1994,-3.45883250928183,-1.4129272274485722,-1.7812374857173914,1.1060077612342363,0.34774636123699737,-1.2187770355241978,1.7163472128048742,-0.46094522926975884,-0.8859216082788842,-0.2217203262044428,1.198177713283496,0.22130952392747447,-1.080773222991442,1.8519648003343243,0.8600889704218878,-1.301437345943955,-0.07897776035966729,1.6167838504310088,0.839186023555648,0.129225840150615
Gianluca Busio,Venezia,22,USA,MF,Serie A,2002,3.702414244659442,0.7864946522332306,-2.1638285134381783,-1.1248677184911668,0.35496297915995134,-0.831689032711561,-0.6616595743446589,-1.9448774055026936,0.3329759092169388,-0.6992988686944704,0.3204328322474577,-0.14774926452528653,1.7011464886243333,-0.04628150648990591,0.7408249388243704,1.318165428395424,-0.6241235585341701,0.04371903780331703,0.3649141971184774,-0.5604293830000083
Aurélio Buta,Reims,27,POR,DF,Ligue 1,1997,-0.3919345878918359,-2.4872115909295918,-2.4061424812925045,-0.8663430054615094,-0.8955519147528983,0.3512010712883498,0.20315263460216232,1.3691942912027997,0.25547500261884837,-0.30432794883809783,0.18046923598463582,1.7109434695336905,-1.1288797762828549,1.0688574575882945,0.19332133425282946,1.210366727281183,0.12284149244759196,1.167785268590696,-0.05340872871811595,-0.788230457321888
Rémy Cabella,Lille,34,FRA,"MF,FW",Ligue 1,1990,-0.6215453968496125,1.7206518142545495,-2.5467115133406164,-0.023489479033273815,0.8539013367511485,1.63480987422888,-0.45908056661100016,1.7548531821197293,1.4577731950696502,0.20791484292123297,0.691741837709708,-0.10776703136776024,1.7002885703758222,1.6316742934800001,-0.5586618880516506,1.2525099963950048,-0.6389354213963623,0.13930007581299875,-0.9283948323286646,1.2594927578198127
Leandro Cabrera,Espanyol,33,URU,DF,La Liga,1991,0.4294957655300814,-5.515137601950683,3.0910428398754775,0.4274523962116017,-0.5716060379595018,-0.7855353974601232,1.9250616685862512,1.1504237050316577,-2.2215749440554373,0.5054607492017352,-1.4014714283488,-0.3625920911210673,0.649036195761733,-0.6706735951016409,-0.5819033292579323,-0.033735773386701196,0.08435258152329363,-0.09211698331481187,0.8324005749215388,0.700373290199551
Liberato Cacace,Empoli,24,NZL,"DF,MF",Serie A,2000,-1.004402213944696,1.6509187455549201,-0.5372692872205813,-0.4451447300541159,-0.47023049579838927,-0.8548230440600743,2.034605661497616,0.7989944611664479,1.1211820778972528,-0.8488155845360487,-0.7931820455176418,-0.04146646753030848,0.0034493352305041422,-0.3184934831627959,-0.5398016413991986,0.005485409927151383,1.397703427940126,-0.478210753796523,-0.05361984959540517,-0.251552787715819
Anthony Caci,Mainz 05,27,FRA,DF,Bundesliga,1997,6.072181322716025,-0.3978603628805247,-2.8015836489099746,-0.5676109631575856,0.8153584393114569,1.2495214094830618,2.677550497274828,0.32597727887630595,-0.36672659847085,0.20831969022445596,-0.4494255221372939,0.97029199845536,0.9235543558973074,-0.662804353227303,-0.28794696378010465,-1.1542721907670725,1.3190134700593836,-0.28473799618380924,-1.1188085146277778,1.5816164916953819
Mathieu Cafaro,Saint-Étienne,27,FRA,"MF,FW",Ligue 1,1997,-2.668342121036238,2.691324491571208,-0.9313040318380709,-0.21380538106076674,0.3230068612985782,-0.21003839010175712,0.3725882484202861,-1.8831681553770308,-0.14017291886999297,-0.43343727659769193,0.8490467461243042,1.077974665801739,-1.742788946179122,-0.07624511890407404,2.9027948488079027,0.8143492539877674,0.6329052045200138,0.0689184133938407,-0.08235641558440086,-0.15214812320549828
Moisés Caicedo,Chelsea,23,ECU,MF,Premier League,2001,12.494007559393435,-8.19444311890988,-1.5812486430028185,-2.6817112708748345,-3.0013444605004143,3.5286983708388338,-2.645962354710546,0.8724762095374665,-0.21303742775442444,-0.9985944255077048,1.0796381226191172,1.1757325203298308,2.6665693835245015,-0.32575899842764555,0.7696500748373554,1.0534489959816355,-1.0277519116492781,-0.9643320003378862,0.14294868354505177,-1.2283717836600465
Tom Cairney,Fulham,33,SCO,MF,Premier League,1991,-3.5306638555038603,0.5711187412020111,0.8443257674127553,2.9842823904924747,-3.472461489858091,-0.3721147381259902,-0.9432549986424756,-0.753237282818262,0.19301231879917455,0.8098864534922346,-0.2762805072502012,0.5588826661476344,0.7623826192821418,0.45971459193529246,-0.2155300380350125,-1.2154748448098802,-0.4942347418726555,0.2381380816581028,-1.0585070824528584,0.7367281985368391
Jens Cajuste,Ipswich Town,25,SWE,MF,Premier League,1999,-2.4834011948225383,-1.3619275855684039,-2.390793157779027,-0.5713938637704596,-0.2107558990823359,-0.3864295750843542,-1.891788115552036,0.6610660077445734,-1.5415782867295498,0.12423995637074296,-1.0972419643246338,-1.537596609969153,-0.7960652749631705,0.8179301219512847,-0.5397807204160145,0.783719531548852,-0.45124449481015516,0.9976443030579357,0.3932836146503794,-0.19972241745588046
Riccardo Calafiori,Arsenal,22,ITA,DF,Premier League,2002,-1.7652560568811546,-1.3074074799221065,0.38879198088866435,-1.043538325025153,-1.8253031792470864,-0.24292023027335138,0.5514288968436003,1.692939100338303,-0.2376595005486164,1.6421266635475944,0.2129661526983125,0.693277765847121,0.6505153028544967,-1.286321553954997,-0.012934488630090836,0.45568190596505065,1.058476671491594,-0.31321212482103755,-0.41153259941981846,-0.2826505807619695
Luca Caldirola,Monza,33,ITA,DF,Serie A,1991,-5.7572851995563346,-1.2497536949537276,0.6674484240978636,1.4481560558094888,0.8383339956761698,-0.3269142392251462,-0.679381052899185,1.0942524623585612,-1.6523114283352485,1.766245102757865,-0.7320383529877466,0.5679502093524753,0.2969449692448651,-0.8999126525312479,0.2752266119008348,0.7228557115086042,0.2946744278126712,0.04991167139213651,-0.724661097337591,-0.4436492654543025
Fernando Calero,Espanyol,29,ESP,DF,La Liga,1995,-7.729134949236598,-0.3014242038508241,-0.5517681283259395,1.2358030665749822,0.5332773545597422,-0.5433115970883851,0.266060282589528,0.9203568163077991,-0.570606918512509,-0.9295332246298998,1.3141717170280771,-0.8227257241327398,-0.34273889904505417,-0.4889366655646877,0.4812040745308379,0.11494920228495464,-0.44600078508286517,-0.48296614507912144,-0.07052168770980706,-0.4850730171022254
Duje Ćaleta-Car,Lyon,28,CRO,DF,Ligue 1,1996,-0.6235867679290819,-5.346613964692947,4.591948871389771,-0.7343854452485075,0.11693835475794123,0.20946266061962293,1.397664031134999,-1.892389448406389,3.36716870583059,0.7003339786166993,-0.17811142253539103,-2.371732400750415,-0.3192580474393264,-0.05914959199880542,1.776867338129892,-1.6366944593807862,-2.0825243434407708,-0.762353892328917,0.2275038884522997,-0.10393491401898484
Hakan Çalhanoğlu,Inter,30,TUR,MF,Serie A,1994,6.183239954478357,-2.0910219116422684,-0.4402715584239794,4.07090490935249,-0.5578508521352972,3.220664048105979,-0.12139071564693069,0.4383705194582239,-3.0504834423670095,0.8677473918996912,1.2144671805663703,2.6722084807762236,-0.9454264325405836,1.3611677740397223,-0.29486623854025557,1.0907978277644717,0.6123910015004705,0.11344080792212385,0.14350239268277418,2.4563804525957775
Dominic Calvert-Lewin,Everton,27,ENG,FW,Premier League,1997,1.1336965758428623,5.54074335056631,3.8466110616085554,-5.769546142684722,6.084836670988696,0.3113220963535717,0.3044698662382268,-1.5164057748911894,0.48593942330451806,-1.171644652457773,-1.6283202373426708,2.1964638704944996,0.59893213692164,-1.2403766090375998,-2.1917822393443784,-1.2428275220870666,0.7435546537585409,0.5071738816023827,-1.1779863752808217,0.9609165454981091
Lamine Camara,Monaco,20,SEN,MF,Ligue 1,2004,5.198597564943252,-2.6114603328210735,-1.1358760330131743,-2.2325449694488597,-3.6416513996157773,2.285829987661731,-0.5992060827873414,0.7202467790078443,-1.2087889209930873,0.4719531153428332,0.2543370549090207,-0.28892705129011614,0.19268351931688632,0.42389854038420816,-0.3076495114840873,-0.05267621430526469,1.1259493721825962,-0.0021395301942358775,0.5686487847610497,0.6598470966386478
Mahdi Camara,Brest,26,FRA,MF,Ligue 1,1998,3.042379871913017,0.10262453431955129,-1.4637828620306244,-1.725497960742235,-2.6450693765968314,-0.204772946925562,-1.5523131935512107,0.9675346112380763,0.6009448911919943,0.021983187843364053,0.7902694751645649,0.21651611595056555,-0.21155391494546213,-0.10213018533423729,-0.9318756147628655,0.7294733097056268,0.7421580377049668,-0.8368209832851274,-1.4913218324576978,1.6420346624301922
Eduardo Camavinga,Real Madrid,22,FRA,"MF,DF",La Liga,2002,-2.3319948562405344,-1.869693855617936,-1.2984033615020443,0.3683737992087591,-0.0845765215892806,0.9724911280457808,-0.8824759376010167,3.039767378719029,0.3358560553974738,-0.7615340277224562,0.22408076407505048,-0.08404090923805872,-0.07973536237996451,-0.9286747318683178,-0.011777096026413681,0.06639762199507944,-0.4992517543215045,0.022988821080248516,0.16174839827157078,-0.1883155487596294
Andrea Cambiaso,Juventus,24,ITA,"DF,FW",Serie A,2000,8.660120313667575,-2.798819428632411,-1.2051461344196714,3.1465301869099873,-2.2953413777182203,-2.760146403850648,-1.6990808089374438,-2.041264725465171,-0.16835853000772494,0.464496790723262,0.39153493852187665,-0.5182034101953216,0.5396998796220337,0.4856245108105819,-1.1341889848565836,-1.0965301512869046,-0.03620874100463476,2.489200764945035,-0.02364639592207589,1.119495043165024
Sergio Camello,Rayo Vallecano,23,ESP,FW,La Liga,2001,-0.21881752312619066,4.19951000643798,0.6373909839470413,-0.6166183429525358,2.0853377132334656,0.9344923857816266,-0.8042512140247896,-0.1312816082718947,-0.15280077541720588,1.2427220360793756,0.49113553690773604,0.08187319038427116,-0.2771019883079498,0.9257475996723326,-0.6158314157372546,-1.7027511353591687,-0.41856170305388946,-1.4462461036205816,0.3743648840861329,-0.49720286628715515
José Campaña,Las Palmas,31,ESP,MF,La Liga,1993,-0.6692359878780608,-2.448696599811315,-0.8833197516843877,1.7502407102687667,0.12721317232713447,1.1824925720222852,-0.1581115157336312,1.8786999665221142,0.04498270615486472,-0.7676712452079619,0.4350422788938155,2.1903865524858976,-0.19297982425171664,-0.15693619709697457,1.9287556156963124,-0.9666529710326791,0.906091553476282,1.1931855063837897,0.30484623710133624,-0.12626311982158347
Emre Can,Dortmund,30,GER,"DF,MF",Bundesliga,1994,-0.1805706723111718,-4.1578099241284905,0.5180643152949785,0.5146889743319453,0.5028109961589581,-0.19113034412157595,-1.265662107306669,0.31252303052385194,0.2824566381913668,-0.5656886574718379,0.9220284539121979,-1.7281471763042748,-0.40839673305924684,-0.17909176613584302,0.22285903961584638,-1.1677439194214658,-0.4124647416835538,2.316396331264347,-1.096425024769582,0.6475855711298116
Matteo Cancellieri,Parma,22,ITA,"FW,MF",Serie A,2002,-0.736981449425034,3.189657874356595,0.1207569215999848,-2.180352611536942,-1.0508428351061971,-2.1301140727547976,-1.3095750762676515,-0.44777291484698667,0.5143821467806224,-0.08885833481899261,-1.1626647612531429,0.15487536069492058,0.35138307426416815,-0.5943779265512594,0.040812410318842564,-0.8515947261000812,-0.8852687993969502,-0.4592294301176987,1.2757771098799715,-0.7806061324126443
Antonio Candela,Venezia,24,ITA,DF,Serie A,2000,-0.6962557196182843,-2.148737747491785,-2.2582857453596397,-1.9540381230696386,-0.3745881643862092,-0.3532544171680456,1.249442415659669,0.9057267794660033,0.032524223812132415,0.3472438211070352,1.1169264560974361,0.7043382148824582,-0.8342744471053921,1.4494752974028169,0.26770344579928784,-1.2363617302370309,-0.397090723595765,1.6689510960057574,-0.251782365441454,1.5069870838323494
Sergi Canós,Valencia,27,ESP,"MF,FW",La Liga,1997,-4.757753304236856,2.5020564612077787,-2.1160962932666174,-0.8461600401083957,0.5685735733754647,-0.13940700188350838,0.6560132721934114,-1.5314864638228252,1.2509235718988383,-1.3839052763435034,0.4376763293857681,0.17952411507688956,0.05095997118627893,-0.4122655098393638,-0.5161119286573363,-0.050068062605917514,0.8758525457545956,0.1018945478450441,0.22508932448661786,0.81706707430771
Pierrick Capelle,Angers,37,FRA,MF,Ligue 1,1987,-6.203662625318067,0.44303395032243204,-1.7360926443088782,0.3083415598270362,-0.16434861792294272,0.2137642755459043,-0.8034113295076276,0.7737228851343777,-0.8874077914796528,-0.4033634024522662,0.46514169526909244,-0.7292553368155406,-0.17536376506444473,-0.1559393210871409,0.20137727767163793,-0.606877537878695,-0.4046508984846205,0.6345591658231888,-0.07097244033239232,0.7269332172085521
Gianluca Caprari,Monza,31,ITA,"MF,FW",Serie A,1993,0.3750084866618604,2.160726875909471,-2.3472631212279382,1.085329477730807,1.2353972855836692,0.2873239308632916,-0.5107532024457402,-0.30698138076684134,0.11634144569181949,-0.41750918046598373,-0.0855258353493922,-0.13546512823749116,0.42068816793369507,1.0343226748808803,-0.49588520470163844,-1.3750851272194602,0.9564500337146091,0.6626578638214794,0.3606085358709085,-0.9204279798399227
Maxence Caqueret,Lyon,24,FRA,MF,Ligue 1,2000,-1.072294821710618,-0.19110286109836122,-3.0365150128654266,-0.9117400440690344,0.05007849478333884,1.1301620231977603,-1.7327234101142948,-0.8929805031749446,0.16979925589000858,0.13056689492952944,-0.8738446799347092,-1.0565654438026142,-1.047736762720853,-0.00089821352552439,-0.11397521509248675,1.6177250074939689,-0.5467331691005768,-0.18281817235376818,-0.5142974899230893,0.9404167710652434
Andrea Carboni,Monza,23,ITA,DF,Serie A,2001,1.0241669202349144,-5.567298684641314,-0.47489649590510896,-2.095059024392215,0.017179128474173997,-0.14798819280574624,0.9078481826506819,1.2274411088596022,-0.6101989663962302,-0.6506451594450604,-0.4486344338676718,-0.9025348847222552,0.03770367201231145,0.11961540965757377,-1.4459767000159658,0.401264077826154,-0.1889894181191927,0.8121648960962442,0.5343046599604064,0.5061977175944387
Irvin Cardona,Espanyol,27,FRA,"FW,MF",La Liga,1997,-2.361701053058444,3.042872037405786,-1.1195171605359067,-0.39480840264237665,-0.3654666874501303,0.355192496723131,1.1974046973876737,-0.6359811323120274,0.4746859097662051,-0.5219689409423947,-0.651154549226148,-0.06608802987918581,0.09742017824015674,-0.5317457490843389,-0.05685509775315018,0.01964523890136924,-0.10021655983833788,-0.0854491806194918,0.4451792840586252,0.33375031158196095
Sergi Cardona,Villarreal,25,ESP,DF,La Liga,1999,7.5784639911592135,-3.1055106415729394,-2.2540704093438233,-2.7144835068361504,-0.10694773370417492,-0.6185688461436317,4.186166044331768,-2.004983914375845,0.13917576533572637,2.135637802717462,0.9588810050589849,-0.20722825048775856,0.0695961244887659,-0.9247915166746089,-0.5421130267502047,0.8299953529128312,-1.5889440167644437,-0.6750853835759768,-0.409977935209759,-0.896365287882793
Johnny Cardoso,Betis,23,USA,MF,La Liga,2001,-0.8820034990090112,-1.9835837262002847,-1.6033668772398648,-1.9881748583519612,0.1658158386805529,1.5189983134489622,-1.2082422346634392,0.6445802861268455,0.21738753796555232,-0.06261083423150235,-0.34042786525596613,-0.8842750404958788,-0.30489657372302104,-0.5956199225295067,0.8440067142225983,0.2541896211270201,-0.8095616975290769,-0.802384435951866,1.1609828884141244,0.30937942674965874
Diego Carlos,Aston Villa,31,BRA,DF,Premier League,1993,-2.4186599417354913,-4.93913043045455,2.31491301145294,2.159144943237711,2.1755556134341685,-0.5721206727140725,-0.7457152813529548,0.757631861406966,-0.9900726502627266,1.902058299996518,-0.6604756779473567,-0.8009994541943276,0.33900644574235067,0.38864765811475493,-0.4156492505619805,-0.7259981634752075,0.2611847362214663,0.9534018523622897,0.437204467317998,0.9371166272553845
Carmona,Sevilla,22,ESP,DF,La Liga,2002,6.352819378753906,-7.453367600169782,-1.8345506255559443,-3.4015700163818536,-0.5530538292840186,-0.897465810840086,-1.1615632507892497,-0.7014012296470326,0.19050911866022893,0.13134284979093566,0.37383278872125414,-0.8620785502354811,0.00565969173901264,-0.770314996458039,-0.0668161508268974,0.7497199958896027,0.7343037958341734,0.4169757276656802,0.5774045765057884,-1.421711921084611
Sergio Carreira,Celta Vigo,24,ESP,"MF,DF",La Liga,2000,-5.455238849418309,1.1337747066878734,-2.2981891272466095,1.2178654252564909,0.15311411363729388,-0.7334853774674424,0.31663155378893226,-0.44735539559026594,-0.17936973955589877,-0.578764865867931,0.8890163287589358,-1.0188910706999175,-0.8199050564372881,1.7416373012553807,-1.6497442151974908,0.1542347372554671,-0.36227330612815867,-0.44787450485527786,-0.07270334451161843,-0.059207709256438236
Dani Carvajal,Real Madrid,32,ESP,DF,La Liga,1992,-1.8908552243374916,-0.39747310370297567,1.9359104733005748,0.6032753519415054,-2.012903032144844,0.6088389876447827,0.1183367002720558,-1.4950982977680238,3.157564539107174,3.8186007952539933,-0.5047859892766761,0.2132621564980627,1.082073477756699,-0.05878914018258808,-0.3065865867977418,-1.3890632128250742,-2.318841672862712,0.41778392178615653,0.0824743117427224,0.19422848799923106
Fabio Carvalho,Brentford,22,POR,"FW,MF",Premier League,2002,-3.1242746355003947,2.747690589868611,-0.7935480586278086,-1.4342012652219365,-0.026213466554229042,1.647825415969575,-0.05077512533797993,-0.4964479144306952,2.2398094868894947,1.099009559961059,-0.3921276767926719,-0.4862219230957574,-0.18723452329661017,0.5417042957871823,-0.3592411856200935,-0.06732744214434855,0.20255291492437402,-0.5172849229924451,0.18445434526364446,0.4784896951003943
William Carvalho,Betis,32,POR,MF,La Liga,1992,-6.251178590980332,-0.14695814033462076,-0.45701878640241733,1.6219240219362911,0.4901958877753065,0.17468309972319654,-0.9228991480890633,0.7847029716256188,-1.3344182748084754,0.4459845166033212,0.4243196783806991,0.6280853952147426,0.25200840280534287,-1.5011660346385607,0.6745581230049692,0.0580875523812574,0.33872549562189785,-0.0025481804046245467,0.1615806592510897,0.20927534284896937
Marc Casado,Barcelona,21,ESP,MF,La Liga,2003,6.315212105914845,-5.307591087676649,-1.3452969338577379,0.1622492815214883,0.4701916015864102,4.951852600236747,-2.5295125660260203,1.339751719798078,1.3512388546191736,-1.8475260851281055,-0.9405003979828462,-0.1541398770692753,0.15967323367252162,0.9748309485604347,-1.1357947358665788,-0.3401190365499091,0.08377737797993708,0.6606782791953832,-0.3202708696996248,0.07288143082960256
Nicolò Casale,Bologna,26,ITA,DF,Serie A,1998,-6.971132246651414,-0.7944692986162815,-0.03174672159389194,1.0108665090904323,0.8264523527788192,-0.5351423723504767,0.0413023699357353,0.41762795822039456,-0.8334568885477418,-1.2805802965662427,0.6856795244027278,-1.7742029237695156,-0.18910460690334,0.5921710189145598,0.40452111516681144,-1.2531893354985493,0.21801454352353847,0.802257680021023,-0.4026530163865977,0.32435011042488376
Casemiro,Manchester Utd,32,BRA,MF,Premier League,1992,4.386374036162387,-3.634381001291072,-1.9670462626458505,-2.940799856949822,-1.6870387538337677,1.5553738440259235,0.44888393650559166,-1.5775586059868756,-2.369125414449174,2.0803203598379976,1.619306613006752,-2.434617323652977,-0.06077499484616287,0.6239606900970042,1.3311244283083659,-1.3643016518796502,0.2836328024783903,0.1636362418393923,-1.1125557341583725,1.3847850133811226
Matty Cash,Aston Villa,27,POL,"DF,FW",Premier League,1997,-0.8988447632975298,-2.338122403515515,-0.01200996945266493,-1.0749171014415788,-2.2498173751159363,-2.4960435999713964,0.285841863357083,0.6804941777199712,-0.36612361762850953,0.7710646569176648,-0.1114980018333054,2.7730159244375367,-2.103334088932865,2.0947174386915384,1.8986485083753888,0.44578196065740616,-0.2650043634528835,1.4863430409112266,-0.056110553401104976,0.14850993117103095
Josué Casimir,Le Havre,23,FRA,"FW,DF",Ligue 1,2001,-2.0850585764939495,2.480488690514759,-0.23190997760709192,-0.8741511207389258,-0.46177433656826133,-0.13368879905918693,-0.5621137035446739,0.5396872622680785,-0.3127127790261101,-0.4409425026075208,-0.5448960609029623,-0.6385013059536656,3.973692218856286,2.8279977927377424,0.4509018073364233,1.1213737078813768,-1.2112880856762063,1.356162289991242,0.11565111596667291,-0.22060102115079386
Cristian Cásseres Jr.,Toulouse,24,VEN,MF,Ligue 1,2000,2.1867449048348004,-4.0401504262731365,-2.9388618593580103,-5.214622223045159,-1.628163014052666,1.709346559394941,-0.9496091580327695,0.7782796386026579,0.02168880224278691,-0.42923763857825736,-0.10767413320111582,-0.8001405818209844,-0.19024293006359938,-0.4781018142153647,0.5910258847776381,0.2528226125432285,0.14412677667794938,0.6146731714154634,0.22238624919779423,-1.0176802470887212
Timothy Castagne,Fulham,29,BEL,DF,Premier League,1995,-4.37480801244271,-0.45859761977403923,-0.49789848493802835,0.4895913219230624,0.28077861453892866,-0.2684146291234553,0.6784314008629353,1.0793931931627814,-0.9664334497745339,0.6251986493742573,0.22934595727994825,0.21972505483813023,0.2963851429700655,-0.25117525499207477,-0.5557917261110401,0.45039235249289994,1.1243154943590838,-0.5057653238673976,-0.9937861287339309,0.07726386283308552
Valentín Castellanos,Lazio,26,ARG,FW,Serie A,1998,4.452874298716007,8.742542363387356,5.383378682444031,-4.024493405907111,6.103332431261956,2.696477146314928,0.012567693660763702,-1.0424411680132217,-1.4471891562362225,0.6288464113127167,0.9718011800808085,0.3382337157801123,0.49580521117229026,-0.18151568868865206,0.29323151332454384,0.882250476177528,-0.4757899520622425,0.7503521674168431,-0.49822533239235806,-0.4337822464851005
Jean-Charles Castelletto,Nantes,29,CMR,DF,Ligue 1,1995,-0.9339396923164872,-6.066298884210039,1.9254314590690587,0.7603152786353993,1.2050947153988159,-0.6815482973188967,0.2619861347600424,0.010435685225651976,0.6546191030825531,-0.7751203270487393,0.8364454706892962,3.864066897465332,-1.7618911537891586,1.194765679538483,2.223685179796815,1.1577446619399967,0.8679110684986675,0.1384174379649099,-0.5740792946177866,-0.16503356294413662
Santiago Castro,Bologna,20,ARG,FW,Serie A,2004,3.610782949223332,6.374079273073183,2.9510016726346717,-2.492572589775767,0.5571826610678603,1.400046610105513,-0.49582915354160884,2.554754598139561,-0.4259772059474161,-2.9388494313479367,-1.54107757211948,0.5222582325729078,-0.18297700180190885,-0.2399744770663726,0.08379168896183493,-1.8254037332318804,0.9723232278891052,-0.3607236303586622,0.47749287993675255,-0.7346566031005489
Danilo Cataldi,Fiorentina,30,ITA,MF,Serie A,1994,0.18535569301052737,-1.0789130201689245,1.0861674717522207,1.3693718627716478,-4.224241899776414,0.3758926791268143,-1.220920496922783,-1.070276078443613,0.1840983327364323,-0.43373603323748616,0.17057427261968178,-0.6989539936405795,-0.9451057869132486,1.1327404593083756,-1.3886238020899173,1.4441945963771694,0.6598254801714921,-0.14573579771702339,0.25154824120338576,-0.6727206869909436
Catena,Osasuna,30,ESP,DF,La Liga,1994,0.9739562116194567,-7.296457158556998,2.2566684307817066,-1.4744958380128692,1.6608554497330976,-0.2529573859630076,1.808281817208388,1.3493732302289563,-0.9814985081473607,0.7728011815838028,-0.6590272212108559,-0.6783727985776822,0.3626073651651292,-1.0858295963794,0.18985068974022537,1.042808705710538,0.4716806432397725,-1.269496318570901,2.68793502443346,0.37889598487598036
Dani Ceballos,Real Madrid,28,ESP,MF,La Liga,1996,-2.73640469937628,-2.2899051569424107,-1.0846013091983697,1.0887186577698307,-0.16919445777266875,1.3279176322846684,-1.9493544445588757,0.4992280711456541,0.5986482478440376,0.777905006602241,0.78213365948085,-0.4084805592054706,0.36658315556535503,-0.002066384177602958,-0.10477180047400395,-0.1866851014342908,-0.7134540761131859,1.0168970440216203,0.4919274770956487,0.4290649950349538
Zeki Çelik,Roma,27,TUR,DF,Serie A,1997,2.2921519129757315,-3.888913454188607,-1.790624322686358,-1.0824564800142387,0.21116877207788462,0.031870992661396466,0.8331344274110665,0.3870943085919519,-1.3259602720543309,0.9618170142272772,0.3586299027836657,1.9445658848943888,-0.8461086755655913,0.9068566154431745,-0.5894451520661502,0.45710345278718045,-0.42929494442988536,1.370381959623946,-1.084449798976223,2.033598519760011
Julian Chabot,Stuttgart,26,GER,DF,Bundesliga,1998,1.9127812413020628,-8.213935709418575,2.918898473449238,0.6162948671301035,2.818891970248001,0.4073047527608112,0.057496276883596355,1.4562541747019455,-1.1450122719230733,0.09154206445037662,-1.2736729310512247,0.14242431272030867,-0.1937001199910324,-1.629113751738108,-0.6853227399405171,1.3668766180587504,-1.4253596321619608,0.06005547364157018,-0.36355380040325486,-0.24416681618990116
El Chadaille Bitshiabu,Rb Leipzig,19,FRA,DF,Bundesliga,2005,-6.393631209596519,-0.6272613966153502,-0.0886109152856072,1.3395766520842356,-0.3766227611879323,-0.4524953833167965,-0.540391631630357,1.22182261638196,-1.7840388501442361,2.4666031273721876,-0.44614624644392065,0.23806513197047174,0.68888692217074,-0.06198638785201641,0.3700647492563875,0.30511870259508506,2.8142075493816807,0.38381845962866024,-1.1501690615296583,-0.20133944949916563
Fares Chaïbi,Eint Frankfurt,22,ALG,"MF,FW",Bundesliga,2002,-1.5869263430358491,1.8630497830806059,-1.0920226372664728,0.14103992399834758,0.9028421807218838,0.8035527509205742,1.6203302035942109,-1.312401294101459,-1.6304059431893825,2.1505032114432847,0.001206976309099916,-0.4788464450096647,0.22531833375853327,0.49688427920761874,-0.5519269812893951,-0.8128565279961818,-0.5304871239812307,0.22046106217194672,0.49638342413888065,0.9528064106023939
Trevoh Chalobah,Crystal Palace,25,ENG,DF,Premier League,1999,0.5516155369012148,-3.024285170985993,3.1530313870846474,-1.7669424086069616,-3.3409484410567885,-1.4915295693074624,0.08374750512125399,-0.10749316261759266,-1.5781890341244695,0.7133231918455737,-0.47173417160453235,-2.2717154894016485,0.00840633280771784,0.1248524086397278,0.8809100914173996,-1.32944683902568,0.10870199913104094,1.0824650826062994,-0.18184990488924008,-0.18145080065297914
Conor Chaplin,Ipswich Town,27,ENG,"MF,FW",Premier League,1997,-2.7147881404526792,1.8403057308763715,-0.9916194088439472,0.3656704631835756,-0.6762525588506483,1.868392352390533,-0.5856471271781816,0.19521850190690213,-0.44977577512226585,0.10133636384252527,-0.7563344353232279,-0.7247356630878965,-0.668952605692655,1.571204880177829,-0.4794373597418145,-0.5381771978943446,-0.12586151910173232,-1.41826267152249,-0.00435945792793898,-0.9895044257387617
Brendan Chardonnet,Brest,30,FRA,DF,Ligue 1,1994,0.42252803110732085,-5.834649503457506,2.98332235553887,-0.47040852296253216,-1.1828539957892144,-0.41047807777806283,0.8405253230412981,-0.42228027226371256,-0.12265807668929903,-0.6285346971886788,-0.12984241169203997,-1.0693579516803446,0.4771712927169111,-0.4507551281016195,0.38714481994477695,-0.2044434747680054,-1.0772741735189117,-0.745041008134183,0.9523037480112018,0.740243979455661
Gabriel Charpentier,Parma,25,CGO,FW,Serie A,1999,-4.8115461506775326,3.588957942544272,0.7298555581988581,-0.6467428115976108,0.197114696179921,0.9704984606297189,1.187115284817527,1.1225562781229643,0.6539611787369652,-0.42526048428351754,-0.14726610257279124,0.6083804544816795,2.665131751225476,1.1184720306627371,-0.0846016733816917,-0.20170131893092735,0.2612710252127161,-0.007873587856554466,0.30226536539132376,-0.3565869985117832
Anrie Chase,Stuttgart,20,JPN,DF,Bundesliga,2004,-2.9598008533677516,-4.030825198105576,0.8922924779587837,1.174824749253978,1.25272996762295,-0.5796244613723172,0.24896697426487036,0.19338026766690544,0.4706365324067595,-1.5122780994090539,1.2767281392835423,1.5165677153143844,-1.3236213885231507,0.8025605590232798,0.5395077935694679,0.10301149208420024,-0.5476038030381615,-0.16421148208420805,0.7173823410945915,0.31263645984338173
Pep Chavarría,Rayo Vallecano,26,ESP,DF,La Liga,1998,0.04420898532978371,-2.705000959571802,-1.3448033973783884,-0.6344254447829628,0.3310518233156986,-0.1345301240760834,1.245242810702805,0.0299213260866691,1.2634922156584256,0.7012946011812975,-0.2995991597430719,-0.382684523533402,-0.07768682337932917,-0.8653868320651318,-0.5338515142452404,1.0255952891637028,-0.19646687071020216,0.43016346928131,0.33917224745304597,-1.2491329790368682
Arthur Chaves,Hoffenheim,23,BRA,DF,Bundesliga,2001,-3.857682112764322,-2.5027025240769776,0.071022413126873,-0.5769532847453559,0.7551097157759434,-0.10958439946749557,0.11668156661278578,0.2202286244485636,-0.23801210849133386,-1.1033569324607393,0.21173927145027466,-0.24175883657041541,-0.13687018874581214,-0.019989551396795167,-1.1094799649902762,0.15788591698884027,-0.5798535931736883,-0.34361139342661506,-0.14449403747103734,-0.3026113365324661
Jhoanner Chávez,Lens,22,ECU,"DF,MF",Ligue 1,2002,-2.8273031544574123,0.9686486750436997,-0.27519675406533933,0.7639205670381763,-1.4312411461200212,-1.1490324151866087,1.2675822628197593,-1.4217077784549774,-0.805515757780676,0.23847015199838192,-0.42575166991955,2.030012676081742,-0.9926886228094273,0.2898638537516149,1.6272686552070954,0.5837680580427732,0.39404992182303133,0.27177658483730877,-0.6620104651510398,-0.15889726561220505
Walid Cheddira,Espanyol,26,MAR,FW,La Liga,1998,-3.565190828032932,4.268276800277924,0.8550997971669698,-1.3698495030028524,0.778659712521326,0.13618292140644242,-0.6917176219079377,-0.7233343507051869,0.16747476295527142,-2.750477461570634,-1.3081264238477734,0.272519901685658,1.908801836783241,0.9280666136367993,0.8388255604551867,0.4728096587307241,-0.7308408549215589,0.05060408813730071,-0.7636560820667482,0.21273475354153024
Sidiki Cherif,Angers,18,FRA,FW,Ligue 1,2006,-6.121547129711657,2.7375134058733996,-1.3213765118596597,-0.49543949837666695,0.38945208616147325,-0.298215211847007,0.07218812231259523,-1.0897671126696569,1.0083493032304118,-0.5251783361668434,-0.16613121091638086,-0.2709429217897615,0.7366726375306438,1.2639335438669719,-0.723738199388927,-1.7119166714296095,1.9270973449494215,-0.17559122393943777,0.21722542053194557,-0.15222363481570236
Rayan Cherki,Lyon,21,FRA,"FW,MF",Ligue 1,2003,4.3584457165782755,5.896514877217605,-0.9792794831781467,4.121154418140393,-1.0941803613527892,0.07031998262468654,0.34694228809933303,-0.304878336701896,-1.176605900371488,-0.002525644056557187,-0.5282756919266042,-0.28950068363718884,-0.5592616180686935,0.12372295144273504,1.1845006518290004,-0.7394516927835753,-0.07259729196144837,-1.7752249456429086,0.09388384654374234,-0.39977627369047514
Pedro Chirivella,Nantes,27,ESP,MF,Ligue 1,1997,1.2126397212685693,-4.069277428756862,-1.2737321295429116,1.7083167773058991,0.13550451582129736,2.8540891346719905,-1.171399717902091,-0.10940025064063086,-0.03528525253447717,-1.192683121200135,0.04953680609300808,0.4621003238032327,-0.24348865287420213,-0.4056542563661496,-0.8238846320172011,0.5148229123912471,-0.7383949894114501,0.31977754672197034,-0.03854511998909651,-0.8610836892225511
Joris Chotard,Montpellier,23,FRA,MF,Ligue 1,2001,-2.267447171290148,-1.5468699478381822,0.18271751796091176,-0.19244540532492158,-3.2343825263282766,0.24167553289438007,-0.5118753045813169,-0.0075816225791198255,-0.3672429299447162,1.040354434979846,-0.07090662332859254,1.5597850801009332,-0.7897858017553632,0.8691212172057802,1.4217576838956714,-0.2298559492767125,-1.3700508990843354,-0.5142582880680058,1.5124143324334565,-0.2147693711129405
Ryan Christie,Bournemouth,29,SCO,MF,Premier League,1995,7.8331109057582,-2.251449016444476,-2.0486185151865133,-2.260983707231915,-0.6744763350614538,0.46515237009082355,-1.8360430778124113,-1.054608249453223,-1.0229690194628425,-0.36162519615401806,-0.8815178151265369,-1.3607643737167945,-0.420340825883035,0.42562164685742715,1.1034367266114706,-1.07209098130864,0.832486013322626,-0.4794271529477652,-0.34020048852480267,0.21180457362826743
Samuel Chukwueze,Milan,25,NGA,FW,Serie A,1999,1.5845870582281893,3.712869092871653,-2.435356678348473,1.637034737052061,1.854076656868354,-1.499675731338389,-0.7110005588654904,-2.4546044135765728,-0.868425159173286,1.4338175576203864,0.6726470915344533,-0.4743050089000403,-0.7350719724195266,0.022282594209505895,-0.17858456286154986,0.7050303909384302,-0.3396125567954734,-0.6518084712077201,0.5357251868478498,1.3162189610759907
Alessandro Circati,Parma,21,AUS,DF,Serie A,2003,-7.147226730797373,-1.2548997254614973,-0.00606863420740407,1.3838610051495994,0.6849457399786509,-1.1223981769758233,0.3617649095625642,1.3634352173387414,-0.1507496469221799,-0.5913310613452354,2.3682598296740593,-0.8817891626281457,0.16263579870677333,0.14167630927471672,0.10332034457655051,-1.4450695303815924,-0.06287653584001818,-0.2248755848668694,-0.1912956607123617,-0.2851931959188722
Pathé Ciss,Rayo Vallecano,30,SEN,MF,La Liga,1994,-1.0279153649624213,-1.1579820656035906,0.6303670556959781,-1.0431140446045948,-1.5633978804162931,0.6052419412443253,-0.5030416693744273,0.29178559925576375,-0.7325582477693608,-0.9707086333771658,-0.9649192686740008,-0.005362304155090636,-0.06245391640273528,-0.8807885621903682,0.48173554515357053,-0.5786096130012992,-1.737395935351712,-0.5749573577675436,0.9029833194619781,-0.8197567870398498
Seydouba Cissé,Leganés,23,GUI,MF,La Liga,2001,1.9219235773051133,-2.133353331610415,-0.06481161671844833,-1.1996148600927774,-1.9313985288007967,-0.14282584217406763,-3.1467649436503042,0.10744275424719243,-0.8931190050625195,-0.9853843636151396,-0.8862580773328529,0.22554291043075736,2.2986498196957608,0.648159703865597,-0.05956033541272415,0.4120515341978048,-1.674895309756505,1.0369199362814583,0.59186213443822,1.2406591209116913
Harry Clarke,Ipswich Town,23,ENG,DF,Premier League,2001,-5.585408036448063,-0.8862182018299456,0.34166222505163596,0.8702790495307777,-0.09188510032121047,-0.5587475366028813,0.2865120940412739,-0.29675493455994256,0.16892877234206544,1.107694676597234,-0.19017809617885204,0.7878616098433026,-0.31582356731872724,0.6455355905468605,3.183713090248156,-1.3146425595479276,2.8775917457235565,1.9465508007211496,-1.561113766459752,0.4234327668760202
Jack Clarke,Ipswich Town,24,ENG,"FW,MF",Premier League,2000,-2.076186605916055,1.3825924695614158,-2.467014683173143,-1.2591771186195846,0.6550882275932869,0.3401212352850741,-0.5833666489913562,2.3799217418641985,-0.3476815117047717,0.5382042606491882,-0.47607261109399945,0.05702900991480075,0.17859780557982705,-0.24031015628956315,-0.45473891855914395,-0.20153596140692856,-0.31797604370707205,0.2237118029120632,0.8718489060937133,-0.06888143039248441
Alexis Claude-Maurice,Augsburg,26,FRA,"FW,MF",Bundesliga,1998,-1.5903953657235432,4.0094440749522064,1.682492586174978,0.4318801633292435,-4.203520950400767,-1.487690758837679,-1.1946796854229487,1.815652777827929,-0.7133633763452597,-1.842466677329337,1.075303846243775,0.35255210373238294,1.6553255452780256,-0.004955559474357543,0.2760204578939872,0.9803107967394964,0.415006328393838,0.5122937686267984,-0.5153238167195648,-0.21345817290863878
Jonathan Clauss,Nice,32,FRA,"DF,MF",Ligue 1,1992,2.7696012988550147,-0.4179691180110136,-2.161814775475984,-0.1950661763899839,-1.996700346406996,0.7146344865379065,3.3325930230388794,0.8402867261230295,-0.16074070709763036,1.0500218556411403,0.6460691859416112,-0.23157806599500494,-0.07567688971413022,-0.7151414743670885,-0.33859521638103746,0.3433033927727588,-0.9898134066008998,-0.2739212056113498,0.0035363140892120805,-0.5603911847432819
Nathaniel Clyne,Crystal Palace,33,ENG,"DF,MF",Premier League,1991,-6.131851543782152,0.2002613984414389,-1.918275049553447,0.17538489047458208,-0.3753403292058372,-0.08433163647019448,0.6148898306477812,-0.6780716188034708,1.6574552031468595,-1.8741377222664912,1.5920965747859372,-1.5610115889874936,-0.5220469215624871,1.441335887413491,-1.1010457918142877,-0.7570210774618269,0.36543198257982823,0.3631248422886036,0.3879922014684724,0.20347662554977172
Conor Coady,Leicester City,31,ENG,DF,Premier League,1993,-4.400811087779383,-3.613018776508192,0.8691671028301771,2.038851822032539,1.3635614339604463,-1.4697114525248474,0.07000423183089462,1.7575784808988937,-2.1757256377233487,0.3420871040362699,0.30454178472874005,0.4840257162000848,-1.4008196485822442,1.981367735042486,0.46758869873476777,-0.35003796095469664,-0.5367445099580699,0.15633926079843855,-0.21706554898751576,0.4163771457767842
Marcus Coco,Nantes,28,FRA,DF,Ligue 1,1996,-3.5831978220960106,-0.7242579914923498,-2.313217877203293,-0.7989377258285824,-0.7351478363473918,0.9655903475707832,0.3372219092067672,0.3692720765653863,0.8865700258593724,-1.6822159693994032,0.7443490689075183,-0.426399940673035,-0.5409884905955181,-0.30419379126052715,-0.21156225073425813,0.4286583808273981,-0.589762253425005,0.22206343096713263,-0.09110132875752347,-0.22221730847370255
Saúl Coco,Torino,25,EQG,DF,Serie A,1999,2.0937846092499655,-7.145243912727796,5.540324874467094,0.11196485864660254,0.15003391876041686,-1.9664653837405475,-0.2723540887492688,-0.11218443206824319,-1.4932995891132355,-0.5740093687548333,-1.5546704695394291,-1.623479840341441,-0.16170479149947878,-0.26142813857834657,0.1375869640078885,-0.7974038706161023,0.2679358771147245,1.5049411299160276,-0.18579333152335897,0.13900907745539332
Séamus Coleman,Everton,36,IRL,DF,Premier League,1988,-7.366534595341672,1.5816741420575546,1.1525467570159267,0.7917408888491655,0.08010792670333515,0.7242261323922004,0.1213668838186468,-0.16592520882851722,1.256030831970797,5.658935830887963,-1.9229860822827292,0.9041733971229483,1.6637631118258414,-0.05221533705802521,0.3300250354779663,-0.05510319110881543,1.2178423015541635,-0.8657359420660403,0.4200505816766168,-0.5110898643079931
Nathan Collins,Brentford,23,IRL,DF,Premier League,2001,6.766032119076626,-8.98667918904663,7.609338671605308,-0.8599394226199439,2.31656413996586,-1.5208126716509547,2.9221149703045572,-0.11473774852787506,0.7715096439852736,0.38940176364942963,-0.5367217190440913,-1.3226004792503785,2.139073356773791,0.9212496778470479,0.3858835445061922,1.0109373422623107,-0.8011292912224134,-3.7779504080327473,-0.7295201500199723,-0.025779136755388905
Nnamdi Collins,Eint Frankfurt,20,GER,DF,Bundesliga,2004,-5.0241387391181584,0.04573470585799352,-1.211826798294129,1.1260436706347539,0.4112562764133053,-0.9308627343866149,0.4666204108642898,1.4301660077821516,0.6261967317944592,-0.9908228749161515,1.8924468500542353,-0.7841812644407241,0.13080357633267842,0.41718953055078906,-0.1912860705026923,-1.7596033752641238,-0.06707705409081799,-0.25359867789892077,0.14291971001970807,0.48454956429396157
Lorenzo Colombo,Empoli,22,ITA,"FW,MF",Serie A,2002,2.7752004159945733,4.955039589692584,2.588912638418907,-4.502824089410979,1.5287290875418553,-0.8078339520721086,-1.0404555436368226,-1.3431806199757572,-1.3607449250913435,-1.9684646806817812,-1.4715548944357995,1.0291392859087702,-0.09737644376313816,0.474681303364278,-2.5126691694063665,-1.0973983198355595,0.9974902693280778,-0.2633136121999469,-0.06522420973592317,0.5239565744746991
Andrea Colpani,Fiorentina,25,ITA,"FW,MF",Serie A,1999,1.829437943203771,3.5895555886417543,0.010315394812280802,0.3571460321077234,1.298709323541555,-0.06779213332181265,-1.5275950789333324,-0.26954391074907064,0.2898418110494388,-0.6765817871390714,-0.3336821181998808,0.21953343785017224,-0.5776643256424422,-1.000969755159554,0.1269386896244655,0.678577450127529,0.7331389271056711,0.4531881482406291,0.5289103262257067,0.07584040207631787
Levi Colwill,Chelsea,21,ENG,DF,Premier League,2003,6.577713739656712,-10.943502416963534,4.367645055724538,2.8440416383889175,3.53095698513831,-0.5670151378662474,0.9702872776905255,-1.2177750887703038,1.2185180636388897,-1.7365286033615652,-1.4514950240353317,1.0931381538496752,-1.0590878178437892,1.173352404386857,0.26326154122318285,0.13929680897912278,-0.01419415689574531,-0.35505868826206616,-0.6443872592635037,-0.3694859555254836
Kingsley Coman,Bayern Munich,28,FRA,FW,Bundesliga,1996,2.0620672868586865,4.1669030921766215,0.1424435303615084,2.9530356136725224,-1.4365805759084005,-1.918348986901868,0.16260818515821965,0.9068556470937724,-0.048732538207274044,0.3740979218219266,1.148615821778534,0.4208007950620785,-0.5585002737679269,-0.8772458855864147,-0.382067487319005,0.31835003671695117,0.6509533124695815,-0.7185790409553665,-1.4721961494074998,1.6181624509985204
Eray Cömert,Valladolid,26,SUI,"DF,MF",La Liga,1998,-1.9661626438385276,-4.816377156696584,1.2436507670429209,-0.06641996645725252,1.8029799447709318,-0.549643060875882,-0.4377569187138327,1.0568745101400494,-2.3240626333211836,0.4922253067872153,-0.8110751012522841,-1.120447202496794,0.03295002140079726,0.06701778619610498,-0.2941408749000814,0.042049412730937465,-0.17979225180299843,0.15246876464925646,1.8933739389843423,0.5839208327546931
Santi Comesaña,Villarreal,28,ESP,MF,La Liga,1996,7.116751370939114,-3.7771775491782473,0.56271438304323,-2.1185444777822946,-3.067418356462968,1.826073597806516,-1.4199765349151545,0.5087582153184578,0.24379669246827368,-0.8126161957560627,-1.4084289464775954,-0.9404539297193636,-0.2796817132983242,0.35427222814669485,-0.31426809318182053,-0.7662185534653266,-0.8756560223822168,-0.5311441460244887,1.0073813916166492,0.18827079824211326
Pietro Comuzzo,Fiorentina,19,ITA,DF,Serie A,2005,0.33337822083406243,-7.224361608291269,2.5961419540478863,-1.8541688145631967,1.0416918285205967,-0.6995145609291951,0.8473306211361575,-0.12896940157761386,0.43820948868448056,-0.579935878366603,0.3989043234454609,0.3390581834383225,0.960894585609626,0.1496437440920228,-1.3491992336555463,0.20985001301033185,1.355676343161911,-2.045545611979721,-1.3101007290089497,-0.18746317574317548
Francisco Conceição,Juventus,22,POR,FW,Serie A,2002,5.221630264037568,5.879670222388957,-3.766052990212701,1.8257368477276443,1.0594572776633713,-3.1967276212518367,-0.08443802272069978,1.0475838378657893,0.518627908958528,0.0978100909159214,-0.9957573520530613,-0.7915012890546164,-0.5508383809322416,0.45733584720589077,-0.2827649377775629,1.0888698658246614,-0.14953983730108536,-0.556371740147071,-0.0915460035440155,1.4680849644277345
Tomás Conechny,Alavés,26,ARG,"FW,MF",La Liga,1998,-3.4667724586827133,3.1369064178841657,-0.6930855144464046,-1.0644741457149098,0.4199833918265659,0.022583834346849053,1.7922418437588612,-2.581102015412432,-0.005801375259032739,-0.7608001435883797,-0.7920422246146638,0.08603372271970677,-0.32479838041659115,-1.0958613288050956,0.13750121662465897,0.5239728910175256,0.7845493296994265,0.5499644327636206,-0.00718172019443182,-0.7176733409005067
Sirlord Conteh,Heidenheim,28,GER,"FW,MF",Bundesliga,1996,-5.602005211875476,2.1973567280780633,-1.3085459641310098,0.6677471740845323,0.8125522799002164,0.39842887406294614,1.072866222617863,0.477883901686571,-0.1309894525371818,0.4740947634817442,0.8806418031755213,0.5062000117425084,0.7654536658027975,-0.7782134639511886,0.15121136425649248,-0.799799349660934,0.03790088469877941,-0.24417455838314303,-0.0003943919005328316,-0.24730066310885487
Lewis Cook,Bournemouth,27,ENG,"MF,DF",Premier League,1997,8.391250370997899,-4.053374559927375,-2.2515420055608026,-1.7089087032852557,-2.4067824326781717,3.0336392017945144,1.811626004344595,-0.7296234379271115,-0.7398016306956362,-0.7334348412198305,-0.3566408545574277,0.21132866956448193,-0.4521982545534688,-0.36210594469536245,-0.42041432898021197,0.03961463685751071,-0.810451517174674,-0.9781300065536114,-0.5004811514623895,-1.2460804167755135
Copete,Mallorca,25,ESP,DF,La Liga,1999,-5.779562954369487,-1.7626542742707916,0.970760706867679,0.4598193090826853,0.8515329242652087,-0.783368890518076,0.7628990652042718,0.7495454502129808,0.6630245262696085,0.7753126880576291,1.5709549080149223,0.3293808941334586,0.7138121952578561,-0.18428359576214978,-0.19765071022618405,-0.35594497540954345,1.1869812057367473,-1.125606229019991,-0.21600906030158465,-0.8715615707071613
Diego Coppola,Hellas Verona,21,ITA,DF,Serie A,2003,-0.6454533731540275,-5.673686618159577,4.2907824099571155,-3.213283863339283,-3.379681863489493,-1.373847738472444,2.4072552806487555,-1.4481425807359365,2.3398657860592644,-1.3907027773506122,-0.8039139691190873,-0.9591804002488347,0.6175612646757044,-0.2133202304497963,0.18847153730711144,-0.9361249860552286,-0.08591209008436279,-1.75066837279892,-0.11844345840678067,0.7635045390161952
Derek Cornelius,Marseille,27,CAN,DF,Ligue 1,1997,-3.266611957164512,-3.825614616717797,0.4252246213232153,1.1902196409265189,0.7194722249892445,-0.30987170872765646,0.2388912418674897,-0.45073245150806235,2.8233561113683674,-1.7713323549872018,2.611025933929604,1.5389887146366727,-1.3115908434783956,0.25844189287511726,1.1242720015546277,-0.11634131219781715,-0.941184305765652,0.08171734678675038,-0.2192201608552974,-0.3924881662972073
Pierre Cornud,Saint-Étienne,28,FRA,DF,Ligue 1,1996,-5.339799051212675,-0.6522076013784731,-1.9611342682725663,0.43840726870873725,-0.3763224846070021,-0.3234671013434381,-0.04641685272648218,-0.1481013500994494,0.9277327798090768,-1.5592028497576105,1.1098861205877142,-0.2164384788507898,-1.9111622281834706,3.00755199237947,0.1464684051237548,-0.11753689241918891,0.29898581726981616,0.8095479960410398,1.117931300109865,0.6605796105142602
Ángel Correa,Atlético Madrid,29,ARG,"FW,MF",La Liga,1995,-1.9638404238447518,5.079494899157445,0.1258120156459199,0.0007693129456977498,1.7961584196313545,0.44929065921008204,-0.04705074439445118,-0.5815521401210357,0.6185442090266555,1.449038409266897,-0.9282800121859479,-0.6714277099964341,-0.9865990129638642,0.20984045367490695,-0.3256913290584041,0.659978824013835,-0.6348871629599321,0.38411130753103384,0.5349568262086057,0.29597522922729597
Thierry Correia,Valencia,25,POR,DF,La Liga,1999,0.23151553863857424,-1.1955938811493696,-2.934039373747335,-1.5676575522453287,-0.5057471251140032,-1.1066344482373822,0.023080274754844848,-0.5894989060625068,0.7476149463131327,0.3879169369266496,0.3150131194606329,0.09296924247547006,0.07396153746327092,-0.2665598412603418,-0.9268189113420394,1.0886294132387901,0.8720675526106265,0.22580494521909128,0.06203730833631732,-0.3494023278283393
Coba Da Costa,Getafe,22,ESP,"FW,MF",La Liga,2002,-5.879719396106677,2.505144535006352,-1.9109438774020864,-0.22873916725521312,0.33514028589018696,-0.5807730690935601,0.2588674545779817,-0.8646010641050679,-0.027090972615398903,-0.7860148975855484,-0.45530288169982,-0.31806429332753955,-0.11609260608623947,-1.5127346467700042,1.1880066965616605,0.7013797549548376,0.9418907094236115,-0.0607745278251025,0.058257588736277365,-0.04791403479789175
Danny Da Costa,Mainz 05,31,GER,DF,Bundesliga,1993,-5.235403098675916,-0.516264987276193,-1.0849662313581494,0.7700876692952766,-0.03909453629079545,0.3074609468390647,1.2369933688150065,0.5722314969231441,2.2426791794770735,-2.291373768771073,1.6740210158475204,-0.7052352970385309,-0.3098109038379517,1.3432200459451855,-1.6402814469003177,-0.8534768254387988,0.29066812140802134,-0.7910176804957243,0.575917185608713,-0.1435114367443526
David Costa,Lens,23,POR,MF,Ligue 1,2001,-4.883623682483723,2.6763993484462834,-1.5522416877821388,1.3991247214846398,1.6352997444116988,0.517916320854379,-0.030824240386728225,-1.7631464036416313,1.883080790745207,-0.38427896598798406,0.09251725152673893,-1.2182867659218592,0.8525478398511354,2.1371930570722015,0.05018069910787712,1.8626626500578312,-0.4016349246516373,0.2511531721555458,0.22933614181504666,-0.4686169385044006
Logan Costa,Villarreal,23,CPV,DF,La Liga,2001,0.19153040350804065,-5.790948333795383,3.112395366201361,1.410455572581546,-0.7524714983129753,-0.809833472870599,0.8541006422326394,-0.9365327669510541,2.910353324612002,-1.8251302204365631,2.084097715600297,2.498735741870842,0.05398262686548342,3.038060423848401,2.947984620439148,1.0272486345754837,0.8367317916236833,0.4263111145505403,1.353856645314547,1.3521198239954595
Samu Costa,Mallorca,24,POR,MF,La Liga,2000,6.312977966850542,-5.125786379270423,-0.7679205978357623,-3.888174845946569,0.6893182458550055,2.575426621366835,-0.006816980617023051,0.28467643896707906,0.23529295876843162,-1.3553927702516209,-0.47385528209228456,0.5270850857170394,0.9061067429882497,-1.6771790702996556,0.5785195808959533,0.18705286478344973,1.3816939690460914,0.00022869381139163783,2.43591642800669,-1.4071630080267412
Vladimír Coufal,West Ham,32,CZE,DF,Premier League,1992,-4.445266177018446,-0.28512488884427417,-1.1075396832534747,-0.0767048851469173,0.8361839522330369,-0.29314156341651715,0.7265453536791259,-0.6273869395713727,-1.1269316817679806,-0.9673789404089068,-0.21524862467080472,-0.7449070785428693,-0.15835244930551276,-0.6179095311839607,0.47487435416648954,-0.42939351763010636,-0.7881700984324317,0.799273685609878,-0.30083037758099884,-0.39962824967575633
Lassana Coulibaly,Lecce,28,MLI,MF,Serie A,1996,-0.6503771750051022,-2.818001399725503,-0.7968837953063681,-2.3230314902486495,-0.26065564641607336,-0.0772859744092703,-1.0819874373257818,0.21751945044586637,-0.7041397605336535,-0.5470555656456385,-0.8719630586655474,0.7318324479282473,0.5317732570403443,2.3408889644215267,2.308477426826511,2.240044383521617,0.3348908033241927,-0.4213780086835378,-0.3343181863675459,-0.7460210270096913
Soumaïla Coulibaly,Brest,21,FRA,DF,Ligue 1,2003,-6.306436305091473,-0.12020406789643528,0.030277917779592208,1.3812282985700943,1.0630792340887534,0.870848037337205,0.02706977199304335,-0.9428707161816728,1.080207630056222,-3.187351929431065,0.8660660846142164,-1.090097723048134,1.0443790230760515,-0.2689658611256511,2.1349078991736103,1.6782575470849779,-0.9177166707036564,0.07513878717032851,1.1754395669987734,0.8368564766662678
Tanguy Coulibaly,Montpellier,23,FRA,"FW,MF",Ligue 1,2001,-3.583331286145165,2.423281757019023,-0.3951298631159482,-0.22560892225812476,-0.3975264716534351,-1.3659803788737594,-1.283090297000032,0.5328899626894353,-1.5918299695907991,0.36418663751288194,-0.8978817728462662,2.0872866092348934,-1.2172259672576649,0.21580617441896993,1.5202297981719493,0.2872243498678282,-0.5903060193447132,0.26855185971814843,-0.23269501443086846,0.3695557061423269
Woyo Coulibaly,Parma,25,FRA,DF,Serie A,1999,1.202420414698661,-2.0613718639389296,-0.665998269219586,1.2119056065448426,1.4951885143861054,-0.8742587849968719,-1.4620350499970054,0.692339246974268,0.589280583775761,-1.709912445942875,-0.17448665285782486,-0.3174562923571785,1.5353301865460711,0.4435487373346124,0.3335245314871564,1.0704708845025386,-1.448273976608085,-0.36363538259473954,-0.398175737123334,-0.22726875592307555
Yan Couto,Dortmund,22,BRA,DF,Bundesliga,2002,-3.350916311621122,-0.21648674204042243,-1.8820848501481413,1.3412099705943437,-0.08663393860014859,-0.8380114575694733,0.32006784189594284,-0.6541400721251802,0.5826663697642026,0.043702660387613355,0.6679832913524193,-0.32978326588186196,0.17055935613557702,-0.41983296398557446,0.31502094809369785,-0.19701359006678032,1.2911706281364894,0.6408955276349426,-0.18656868384214348,0.03904125081744587
Nicolas Cozza,Nantes,25,FRA,"DF,MF",Ligue 1,1999,-0.667526169364098,-0.7273446375712066,-0.7504583344121427,-2.157614605539174,-1.4626957455071046,0.11520229204868815,0.6319897403474658,-0.6321512266620317,1.0873465590884197,0.49540221546830265,1.4122113864033237,-0.49031392264897317,1.7622407563560716,0.40654077716762443,0.6180824431394978,1.721272405132103,-0.19465655276567784,-0.4111026244312565,-0.4562505374396143,-0.1745096670833986
Charlie Cresswell,Toulouse,22,ENG,DF,Ligue 1,2002,-0.11343155146138272,-5.46975816262985,2.4463482550995215,-1.7412307618627403,2.88597131636516,-0.27469752969184563,1.4084790808974204,-1.7030573475078856,0.7725342704302752,0.3999251925291462,0.5981097800551642,-1.8569832806618418,-0.0716312043910638,-0.753131105123955,1.4360545165063159,-0.6773427834982924,0.054640025428161605,-0.18044564689059667,-0.22539459537740245,0.38606626695393476
Bryan Cristante,Roma,29,ITA,MF,Serie A,1995,1.988118964470034,-3.8774600901830936,1.0847366768017037,-0.11983480474563278,-0.31796306691184834,1.0223218934870766,-1.9432885077110527,-0.5975433311035492,-0.8145226635477757,-0.6031877586614269,-0.030038966472303832,1.0275454729225704,0.228307033094946,-0.5034259939970788,-1.4888481711016575,0.20646755747416318,-0.6377049824713179,-0.4503378529317796,-0.17363796414774435,0.5255787065510877
Juan Cruz Armada,Osasuna,32,ESP,DF,La Liga,1992,-5.200363118171188,-0.7446094392045577,-1.0378870350615397,0.6576816050593516,0.4164839392846176,0.1614864534544826,0.12372604812625249,-0.012847898179523216,0.049450554890449465,-1.193536630321546,0.9923800200828392,-0.10662622385374307,-0.22281493167487032,-1.1466056828209759,0.15879448803397758,0.20395965805031116,-0.6533654706513875,0.13866301865215383,0.25293723459466017,-0.05986890220152246
Juan Cruz,Leganés,24,ESP,"FW,MF",La Liga,2000,3.025876671978709,4.510265612925221,-0.3690699735331489,2.237835060769312,-2.9607051446354897,-2.9178814946956964,0.44204117383962443,-0.6498753569850957,-1.8411142682871617,-0.5292933651680344,-0.4816498776020663,-0.11167882113477888,-0.5656313221294493,-0.590314494010787,-0.12956988757686236,-0.11800017450417041,0.3203604718251114,-0.490131618812006,0.6946477042408065,-1.3667884588554182
Juan Cuadrado,Atalanta,36,COL,"DF,MF",Serie A,1988,-4.046666739560336,2.112405422091115,-1.4358683902413525,2.3200889069225425,1.5955636246763085,0.4554005957188075,0.2880706450213046,1.533045112534207,-0.43565871196262723,-0.1770276377546215,-0.8961260305820021,-0.1790104959204105,-0.15004336531756224,-1.599390532505162,0.9456131041141802,0.4533745569877849,-0.4896855125484355,0.35914743728615856,0.7497048068997897,0.8335348097942973
Pau Cubarsí,Barcelona,17,ESP,DF,La Liga,2007,5.849129789360548,-10.55332782657221,3.791661811906546,4.635031061735901,3.6704964112779557,1.3298085507770088,-1.497607068983552,0.1941276935953432,-0.13266846381558386,-0.2848687866180411,-0.6679717004559269,3.2414090184884086,-0.7153561376817429,0.2612960419332945,-1.2619096536451073,1.2230199082459619,-1.5543610648095734,1.0372358925302008,-0.7219856649058652,-0.040834996245644434
Marc Cucurella,Chelsea,26,ESP,DF,Premier League,1998,3.8572284700451993,-4.689265397839908,1.0054016854348589,-1.1057868124646872,-1.6613116529355365,0.4633399419113131,0.4355920382672255,-1.3229524429687667,1.173176902317658,-0.9526293516670212,-0.7461715676237968,-2.1086157339395846,-0.2946079297199786,1.0723127392045722,-0.17480395089954337,-0.9421407168425066,0.16682205050946805,1.8726482020024728,-1.861110303493005,-0.5751055073940878
Matheus Cunha,Wolves,25,BRA,"MF,FW",Premier League,1999,17.25135840271364,8.98482814167703,1.6843913632293825,1.6113565986057432,-4.623898224775439,-3.6947937395699024,-0.6809837403393121,-0.05878291819642852,-3.6135288979871256,-2.460202340079092,1.4610073237740062,-0.7004697311658519,-1.8741815507402217,-1.2415382125944974,0.48734207505707877,0.0005870417415354775,1.0396831945978096,-0.9321039559771718,1.9770258525623927,-2.0247597396950514
Patrick Cutrone,Como,26,ITA,FW,Serie A,1998,2.821829859421308,6.913456291827677,3.4268532012360073,-1.69437048802975,0.819624251756114,-0.3316679914601579,0.24495204096295797,0.698978557874445,-1.3742924196528257,-0.9527403863139146,1.2415481966266397,0.4558608134868922,1.113373706339313,1.1113991415157343,-2.155684917868189,1.3613839879095702,0.8205598633113969,1.049022015606748,-0.9306329101171826,1.024793438232027
Tomáš Čvančara,Gladbach,24,CZE,"FW,MF",Bundesliga,2000,-6.329187147730032,2.6429635828801588,0.4401909314881844,0.8600836344306106,0.31861503195612256,0.11790010895882697,-0.023760728980003937,-0.24501360514859524,-0.28535917432506275,1.3339700383584792,-0.23852703065846886,-0.15744528776712605,-0.19937460911207416,0.6486506656073057,-0.7150687108152805,0.2494456141568247,0.3104816655844676,-0.12921553006463837,0.5145001024903655,-0.004527613400410443
Danilo D'Ambrosio,Monza,36,ITA,DF,Serie A,1988,-5.5351111170979435,-0.17222290988768477,-0.9862441536511385,-0.16905707777746573,0.07974637044186128,0.45795225640262444,0.5078701545375105,-1.088683411180778,1.8426757117131884,-1.1565801840502632,0.8020185294849326,-1.1914657318364545,-0.9434176075963346,0.3415426558814088,0.2346818051241191,0.5734183752625474,0.14983153513448158,-0.6475686462945623,-0.34378128199373326,-0.35767128502612905
Lucas Da Cunha,Como,23,FRA,MF,Serie A,2001,2.058302160491384,-0.8136313571007894,-1.6078621298547968,1.68845094772824,-1.031209827343175,-0.3937809938300024,-0.4022655849128519,-2.155667375147384,0.10794690928515165,-0.4222228663231963,1.1385408973342845,0.7513208740454429,0.13583591929700783,-0.219999918695177,-1.2047756299033254,0.2004188650812092,0.16985426295699832,-0.23758828438215157,-0.27951656953974,0.7574845286337926
Mahmoud Dahoud,Eint Frankfurt,28,GER,MF,Bundesliga,1996,-4.578029303850484,1.156157145033632,0.047021533575180345,1.288290160326144,-2.0682188485685153,1.0302455127159105,0.10420837243741017,0.2372605725523737,0.901324291078764,-0.04386611495724463,0.3363299355510891,-0.06784770323364346,-0.05985931582633618,0.6523593048295394,-0.23756016189220622,-0.45748984536071147,0.1368875873743812,-0.6619581422481933,0.17354835226518883,-0.6253372551234262
Patson Daka,Leicester City,26,ZAM,"FW,MF",Premier League,1998,-6.656247366099052,2.674425668955777,0.409245437290779,0.08769434625703836,-3.0567750087285117,-0.3124696745061525,0.3032059550367897,-0.7405935699854876,0.12494656293408787,-0.45621484531366435,-1.1229342980625525,-0.15191246908150205,0.5771861604294403,0.2940248215122748,-0.33942326664378014,-0.7580772110475326,-0.5698036742550426,-0.6968713631437058,0.5482765099330097,0.5974879490333269
Thijs Dallinga,Bologna,24,NED,"FW,MF",Serie A,2000,-5.1987707188672525,2.8886780809788206,0.7833875721033337,-0.98429062751395,0.2886397453646856,0.35725919850696986,-0.44349660232895777,0.06258570119848472,1.5067423261288593,0.5418353564698782,1.5741902918627058,0.8062305887391558,2.6881106090816265,1.0741353941976663,-0.37528276527294857,-0.741235511183526,-1.274811437484077,-0.3928726563959174,0.02673268844650824,1.2351516392768649
Diogo Dalot,Manchester Utd,25,POR,DF,Premier League,1999,8.212860210333028,-6.01161423440907,-1.7302541895363046,-2.495741134383248,1.023701371688842,-0.27922080875990485,0.47117139914523515,-0.3882642591989719,1.0550469772709266,1.2034450637516383,0.6684000778099795,2.197581836991739,-1.0264450946218504,0.16248697815835514,0.15715952514894424,1.084267761322231,-0.0693923313098545,-0.16273344701931725,0.20712769110888862,-0.07855494770813663
Mikkel Damsgaard,Brentford,24,DEN,"MF,FW",Premier League,2000,12.40865521404207,0.8530343973887392,-3.3201276038808842,-0.5891060057346224,-2.025936975945726,3.021502111272475,-0.004642561243475809,2.3438678469842316,-0.6734834793182959,0.8343460718725773,-1.1893391790286523,-0.841500418820928,0.12881344006293866,0.6432859035116895,0.9881559944785588,-2.0130029526286393,0.17519822035687563,-3.0743890173267916,-1.9281383890007568,1.6016953803459768
Flavius Daniliuc,Hellas Verona,23,AUT,DF,Serie A,2001,-4.030883350351704,-1.5857713712978745,-1.1613422135390707,-0.8642345603022986,-0.6088130556539332,-0.16597048766054928,-0.20692878616766883,0.5263231160742462,-0.2706740160494766,0.7330762464944852,0.3993913196513199,0.2186723536537256,0.13435033305016986,-0.34903721075287364,-0.5974701294960139,0.8199835496734742,0.962094901383871,-0.1612021261870921,-0.6648679186212625,0.009312401967546827
Danilo,Juventus,33,BRA,DF,Serie A,1991,-1.9185002634731647,-3.845199310490135,0.699005490907549,2.370160301838425,1.2098421822949743,0.5408590025153744,-0.21770667586809175,0.5383064032183269,0.60873702410953,-1.0269328866056484,0.606084391506412,1.349416838562636,-1.011378297847047,0.01271773750238436,1.3839351691712167,0.08187209803335356,-0.6831335694401823,1.2096840517809175,0.13951890882362436,0.6551570692927728
Arnaut Danjuma,Villarreal,27,NED,FW,La Liga,1997,-7.155675881609538,3.287146487615681,1.6998444835406832,1.0813427044150012,-2.8975583246667282,0.36425128188660433,0.33559339316169745,-1.6977863841038099,1.7839467555185853,-0.6562033103186639,0.26400852043289136,-0.08950839303587835,-0.2371571146855774,-2.5709005540180945,2.5011035372838832,0.293914632301531,-0.5496512048468951,-0.1386837125038027,-0.1296226449065359,0.7655469144786582
Arnaut Danjuma,Girona,27,NED,"FW,MF",La Liga,1997,-0.43475454735651947,4.58881869709641,-1.7128057529593261,1.6231688468599643,1.6931269104872746,-2.9083062432797813,-0.21050454544349928,-1.8366382581593612,1.8381507865609485,1.0492629602918855,-0.7762981538735684,1.2449748789201094,-1.8271227457323385,1.52608698611938,0.2818466400347253,1.693675643515102,0.8998636298324942,0.6936195653842147,0.4284710112916678,0.7174226242323795
Kévin Danois,Auxerre,20,FRA,MF,Ligue 1,2004,2.63886024015553,-1.9385899276215222,-3.562781245403563,-2.4770229229286946,-0.14801446669223406,1.2677190921463426,-2.114641076069768,-0.47102186225141335,-0.5504495416499015,-0.08287810635444588,0.107588326408965,-0.2912482614098465,-0.3022574219885979,-0.3880698673221501,-0.2942524598456372,0.7812632550129456,-0.602315854611075,-0.4222390039874534,1.3153828066400794,1.2198423292081073
Kevin Danso,Lens,26,AUT,DF,Ligue 1,1998,-0.10500891766997808,-6.249989384444984,2.516433126072292,-0.8065395606350921,2.086978990587963,-2.094106068969082,0.9853065307779502,-0.30203002172843973,-0.16536648183706107,-0.6936392436102079,0.8765435165182499,0.6063147183639537,-0.9003490275572988,1.3808787621106042,1.3559523055052134,-0.9969062547650899,0.3017425961227457,-1.37883057092166,-0.6729477687717131,-0.8030836988179201
Dante,Nice,41,BRA,DF,Ligue 1,1983,-1.3493193830395587,-4.243891695746412,-0.10639594313399023,0.5732538844441365,0.6612178672009542,0.21756401219839763,-1.1377890429720205,0.04883251601304902,0.943724700887093,-1.0530076139490794,1.3885432315745811,0.33030037292543646,0.07735317918295818,-1.1780230357448214,-0.4266809602034862,0.16596051538829917,-0.561183566158963,-0.17701709188732084,0.4136745389481945,0.07792374057578949
Bence Dárdai,Wolfsburg,18,GER,MF,Bundesliga,2006,-4.793026815843502,1.4131019024361278,0.6421093810535387,0.645097378159171,-3.175387544187106,0.6431092916437208,0.9425636715029064,-0.6027593632341864,0.8793702782414794,-0.48836987745397753,-0.3122366794939455,-0.19885824919235023,0.14575326015909662,0.06250856212749344,0.23488018323456186,-0.6842748549746498,-0.9224038779446233,-0.8575376555168925,-0.07387320032721156,-0.4006067177120276
Sergi Darder,Mallorca,31,ESP,"MF,FW",La Liga,1993,4.677258405772437,-0.13556674024170778,-4.019897237233705,1.2020974560349322,1.2539084824378397,1.2551367468403853,0.3795473510169872,-1.8658957995619267,-1.0080805802526265,0.6822468959046272,0.403260772421432,0.5602086129509231,1.0114202026273889,-1.6464008855233412,1.3672709294395913,-1.2491814939545307,0.8194510571906515,0.30702876127464607,2.5191938874556996,1.3485816525559486
Matteo Darmian,Inter,35,ITA,DF,Serie A,1989,-0.6301090627262356,-0.17328857499203892,0.09643403141867626,0.14968480190787684,-2.1661878014020144,1.1227720837764272,1.0045343935433704,1.114709400757607,0.8767788787648668,0.2769790162188528,0.0034012230220021263,0.7565151941021372,0.6548342882758323,-0.41087214233495184,-0.9177860023083426,-0.7209234763285811,-1.7192991728214186,0.31220669911874244,-0.08001656382132183,0.08016166661565705
Lukas Daschner,Bochum,26,GER,"MF,FW",Bundesliga,1998,-4.30679991974159,3.51018051418277,0.15737579304164498,-0.2502137008008709,0.834554282497692,1.606670550081849,0.18121198395323546,-1.0445108037545856,1.4721035975109975,1.501808492971777,-1.5917418104964791,-0.35562817517397083,-0.3063694956066058,-0.026963743628106936,0.5058435765831003,0.04805245314475394,0.0536133265993906,-0.43331470148104023,0.4675603405848942,-0.13970791138772806
Juan David Cabal,Juventus,23,COL,DF,Serie A,2001,-3.559405582891705,-1.5851899146951673,-1.067813015132706,1.6406097808395577,0.630281457129904,-0.4666573271037355,-0.9168226871976498,1.2258032811689603,-1.1594286968790621,0.05454731490284693,1.0441041220955931,0.1787469137239301,0.6181582948569486,-1.054616671332859,0.09787965597860226,-0.6687658319714465,-0.5645669166188152,1.3592810092495096,0.32030663373699264,-0.36995780318173166
Jonathan David,Lille,24,CAN,FW,Ligue 1,2000,2.6949278998393615,7.269157399178914,5.640744589905899,-1.6340707357939546,-0.6465854664524248,0.8404040118341211,-1.3164195884144816,0.3269136697258411,-0.9515478582793852,1.2004057829384145,1.4616293292963582,-0.3965582272744559,-1.837156848376212,0.4361811185499777,-1.7538017345751988,1.059008991290228,0.6622597796283584,1.0810699674835347,0.06298582473910068,-0.7549803526817473
Alphonso Davies,Bayern Munich,24,CAN,DF,Bundesliga,2000,8.044306758152208,-0.5297818868402449,-1.4734390405807312,3.0336737158463247,0.5096443008161818,-1.4778713038041937,-2.360365348316544,1.218552525834305,2.334411886800603,-0.2524557196743792,-0.3318288356723923,0.6411463765892025,0.48041266989787224,-0.8182223397952313,-0.4125565522295818,-1.1991349165211098,-1.1749509644290057,0.3962607430949699,-1.0711176461876533,-0.057221652590823235
Ben Davies,Tottenham,31,WAL,DF,Premier League,1993,-6.700101606351865,-0.9890900225547699,0.01769399322706567,1.7071623723611664,1.0346672619089186,-0.2753771060709689,-0.09773284116771483,0.22721268740229428,-0.7550037930971489,-1.5809152169548562,0.16614273887414088,-1.2419776905816926,-0.7088050457725829,-0.11857447543127729,0.25418213121138294,0.8359360465279404,-0.2473475192669631,-0.5472083882225918,0.31460496066100135,0.18323556218588594
Keinan Davis,Udinese,26,ENG,FW,Serie A,1998,-1.5844521464928498,4.101515114995932,1.3385911941778266,-0.11186051448484985,0.32194913134030534,-0.6876954631427862,-0.9155070277345433,-0.5145409342211239,-0.6425361954452514,-0.30542445419400366,0.23820733780223827,1.0340502043571191,0.21194186107965962,-0.43993534760918124,-0.18255324086829428,-1.2712628329178424,-0.3287433849420488,-0.844234946941508,-0.569064696443002,0.42871570169816275
Leif Davis,Ipswich Town,24,ENG,DF,Premier League,2000,8.285579595044007,-1.851511171818484,-2.561289785640308,-0.9505593867224303,-1.08763084875707,-1.487318782829438,4.336127747414714,-1.4775617685833307,-0.9178625481521101,0.40309971665902916,0.9162230968099782,1.1153734781685694,-0.5133822313676979,0.9620594466845216,1.5011467217339514,-1.6139073540820594,-1.1103436726952114,-0.35572104160342377,-0.05171821531114403,-0.41822189790837766
Zuriko Davitashvili,Saint-Étienne,23,GEO,"MF,FW",Ligue 1,2001,5.697835076073315,5.775017542879859,0.2726048022085687,0.3275618464269281,-0.6576476378628442,-1.350559256656224,-1.0746137466668324,0.4867910178813667,0.10953589477319492,-0.7892129437813479,-0.5327555482649866,-0.6104606474825396,-1.3555303799769716,-0.6020909406741746,-0.11195302270070803,0.531291804783479,0.3458391645259085,-0.024982608979915253,-0.2359508772365416,-0.5735274893777906
Paweł Dawidowicz,Hellas Verona,29,POL,DF,Serie A,1995,-3.6552566941005122,-3.6747134059668345,0.371814765696523,-0.1245568292729725,0.5928236129642808,-0.2371810243189028,-0.807699976394502,1.8999543225704254,-1.7887959609198296,1.0291400815875857,0.520951081526869,1.8873409362131348,-0.4713338504270912,0.812981005701831,0.6254146711408801,-0.41032439584676006,-0.8022288810694997,1.1412754815974022,0.6985133932348826,0.5625731823718324
Craig Dawson,Wolves,34,ENG,DF,Premier League,1990,-1.7552430009149407,-5.4172390687581595,2.025386478579318,0.516663227706042,1.6870353708463288,-0.5280286610070243,0.9432904879995725,0.28067971565452693,0.8733869539075885,-0.13520490527997903,1.0787718722691733,-1.520489739236048,0.4487708888481261,-0.06519021931507099,0.6031985677874221,-0.5210574140959552,0.7899124499042094,-1.213499283455272,1.9031776890925087,1.1543415073614482
Kevin De Bruyne,Manchester City,33,BEL,MF,Premier League,1991,5.592112353293831,4.177029068176188,-2.2724190147138184,4.0823511344140195,0.9572193225184482,1.9954141812621604,1.2325654476532022,-3.307349035925369,-2.4472462840591462,0.6429907899285822,0.12227335008016581,-0.6427617767545679,-0.8566054473509742,1.4415038964138962,-0.23644895829200707,-0.8971223224509935,-0.2644082716279165,-0.32243801054976584,-0.507084640408241,0.15752356562997336
Charles De Ketelaere,Atalanta,23,BEL,"MF,FW",Serie A,2001,9.486656482913004,7.7282752624964255,1.351611959738868,4.283921144353356,-0.3704422562550777,-0.1775110399179998,0.4572455819696176,0.7082463318449553,-0.44666240699153736,-1.8815604847808733,-1.267427529762318,0.5840883022737186,-0.6139833784897915,-0.9067733293546992,0.7877537414452566,-1.4676308168081489,-0.10656646744306328,-1.7329270652218318,-1.5127128133336947,-1.8643617434048458
Rodrigo De Paul,Atlético Madrid,30,ARG,MF,La Liga,1994,6.361883664851807,0.9872387091537193,0.6866898563131416,5.795001843088558,-4.058456599656756,2.8352846705221086,-0.18428482257032155,-0.8777739212459518,-1.2567167694408348,-0.17756601999886468,-1.8600331250410753,-0.3293945617245062,0.6429646122451741,0.7511493391328397,1.7137903859611483,-3.615962261949937,-0.6900070372234712,-0.8539251337185128,-0.014913267649304887,-2.5907362859988594
Mattia De Sciglio,Empoli,32,ITA,DF,Serie A,1992,-7.1030491838005165,0.6465025065875709,-1.1423837539443005,0.8679875474215766,-0.9788864516182646,-0.20144431900198156,0.3948181727039327,0.15099055710637876,0.8833479799775065,0.562361479561618,1.2959472514695498,0.5780972860416717,0.7317871565415629,-0.23693572240044047,0.26314116303837093,0.19951163090109306,3.269967521856411,-0.5539629410719645,-0.3155947472164586,-0.38786817878902086
Lorenzo De Silvestri,Bologna,36,ITA,DF,Serie A,1988,-5.008978353784659,-0.45831606474196374,-1.292315252059865,0.6131068911835673,0.29576069292442264,0.47766301205822337,0.3623190716154827,-0.8917209006634332,-0.3829301581439649,-1.6418041166479342,0.1965249430289503,-0.4086662238297198,-0.7156227594726934,-0.4561819528113981,-0.10054556012810176,0.603800196497449,-0.7671084835747916,0.23523228991696193,0.06786615791206493,0.16346532520640483
Koni De Winter,Genoa,22,BEL,DF,Serie A,2002,-3.8467841678456103,-1.6555462770064273,2.277618014288083,-0.2767217713863675,-0.9383524033993893,-0.9784126179458373,0.711157646882489,0.09969888392394928,0.5887524747476062,0.45457578131886983,0.659550269593549,4.440505033350177,-1.4338771280727545,1.1850190472299205,2.2285401818312436,0.16147449497980176,0.2631422363853113,0.4296195110300107,-0.4812741561406516,0.23889136820330514
Alessandro Deiola,Cagliari,29,ITA,MF,Serie A,1995,-3.069095185667547,-1.2637326800994697,-1.3580905958545604,-1.9094650922277991,0.5753988982905245,0.7428495830147518,-0.2526561753995786,0.5549341807849522,-3.2353585684115904,0.6294980584971814,-1.3410136656788991,-0.27915027786696006,-0.23808524146700225,-0.36951232396190636,-0.5164630406056867,0.9182931443910758,-1.0967502534456728,0.0017502255627000881,-0.05589401160127247,0.36038199178626534
Romain Del Castillo,Brest,28,FRA,FW,Ligue 1,1996,4.6785797620571214,3.6386709723007384,-2.706856327407735,0.9340246885262695,-1.3798095310500544,1.2225644244888654,2.26096763048159,0.3547089625140444,-0.42992805920959243,-0.36333327708992913,0.27437041809026175,0.698357451719491,0.312453944864724,-0.5555117892857917,-0.41539427774390564,-0.9399521214370441,0.06758457585266113,-0.42114242642054256,0.0026175337221517334,0.8988177465454233
Enrico Del Prato,Parma,25,ITA,DF,Serie A,1999,1.0907736329460282,-4.944083659982195,6.406842435430469,1.4776149708167121,-2.932228055659456,-2.777781204009979,1.493569399839664,-0.40829316493711937,-1.9399833452671957,1.7394313168280393,-2.1298932034294413,-1.955391060761434,-0.29033530264604407,1.1715114082952396,-0.3463471638626993,-0.002080706083099911,-0.8053303837688534,-1.9229521320464575,-1.0212490060597437,0.2877558467291402
Liam Delap,Ipswich Town,21,ENG,FW,Premier League,2003,3.836832924926075,8.751150952504904,4.8035923039048525,-3.2195449289202784,0.46426988188919993,-0.5310248998976232,-1.927828452207596,0.33084435254505407,-1.6680006303436943,-2.645570047011326,-1.3899270939669761,0.5684885865584193,0.9318416536593218,-0.29400182242598677,1.1064315082023122,-0.23780144505138182,-0.045182726824223404,0.0897531230812191,0.0716169861433827,-1.2603622713188896
Fisayo Dele-Bashiru,Lazio,23,NGA,MF,Serie A,2001,-4.925113066093467,2.4224316025281696,1.561126265921632,2.0394045123578426,-3.452801459402309,-0.6702062435520905,-1.3121204168748184,-0.5945113645191556,-0.5405640103788102,0.4603884175227914,-2.1859691223995195,-0.5709539249177565,-0.8053491745435993,1.2700537357732449,-1.0480375211473285,0.9176325981860534,-0.8752366881000502,-0.02507950508881889,-0.43045342775506945,0.43091646178441456
Ousmane Dembélé,Paris S-G,27,FRA,FW,Ligue 1,1997,12.825256382954505,10.662092339218784,2.2942774271054778,5.974061146491753,0.22555793458006487,-1.1007560797382452,0.5566047397798137,-1.2025241464069572,-0.9514480470453922,0.7700942775130706,3.400403007799145,-1.0116936230442342,-0.1469380816973662,-0.2761212598886304,2.1397387693567724,0.6874896782827433,0.10019032891495101,-0.5192479001580668,-1.3723717627619385,0.4780660774074526
Ermedin Demirović,Stuttgart,26,BIH,FW,Bundesliga,1998,0.3064606225971907,6.8641730989215946,4.721388226484918,-1.0567381551863733,-2.031390607857041,0.38735141728458067,-0.5679352358026049,-2.2980800362670486,-0.6282698389352293,-1.1935230368009049,1.1090584394111969,-0.6926961334321435,-1.4789814021268037,0.002295393460110862,-0.2967921458215965,0.0016495649348145704,-0.1532910175599503,-0.23482766699124066,-0.520079501129135,-0.2952174106647751
Sepp Van Den Berg,Brentford,23,NED,DF,Premier League,2001,0.26930774412771774,-5.616560699442668,2.1775397236510936,-2.7998998742571057,1.691737319468735,-1.1221562621969001,1.6335601555727082,-0.1902305996485476,-0.42943987607660056,0.1962540576926145,-0.7342885622410334,-1.62773965433777,0.10927312812036045,0.3027204293505157,-0.2237968603769975,-0.7405459669601859,0.766288691999948,-0.652515434155436,-1.7612503143102736,1.1392963679326773
Justin Devenny,Crystal Palace,21,NIR,MF,Premier League,2003,-5.770006080008861,1.67317364206371,-0.22781769186040524,0.3987074285720332,-2.983918998342142,0.0294701739065795,0.2399822374573691,-0.5646117603626796,0.15093819169886555,1.0177162787930578,-0.1845907644996548,-0.17912972272305577,0.09142682487929696,0.9013720328728031,-1.276532435231323,-0.3053803708101434,-1.0709824086465818,-0.09557657344115399,0.8405744552824251,0.3121040377919213
Giovanni Di Lorenzo,Napoli,31,ITA,DF,Serie A,1993,10.814868128572826,-3.462045884269379,0.2838602050312403,-0.6494301454365199,-2.800180530462616,1.4745980355812607,1.5351300321797092,-4.0374071101797355,0.6430529034498116,1.8766463065183543,2.0060494243822737,1.015345861014387,0.7267764264358975,-0.4881393640760782,-0.9905910011216267,-0.4599727706905452,-1.4877109426023296,0.374796946938492,-0.47742597041101564,-0.9508205003931995
Boulaye Dia,Lazio,28,SEN,"MF,FW",Serie A,1996,-0.40092006162699517,4.8346945551053615,3.0736665328567208,0.06456011334662012,-1.5578977055251237,1.4514998179971454,-0.597952218501294,0.36568576346995774,-0.0789791567753787,0.5663049616981644,0.48124338733260513,-0.636105737386788,1.6840234070673272,1.8056193117824169,0.8378963223451623,-0.18488624698308756,0.2731341391621407,-0.08594392985695586,-0.6282693651419323,0.39280614923229135
Bafodé Diakité,Lille,23,FRA,DF,Ligue 1,2001,3.3873365060590777,-7.633863979126301,5.585112571127045,2.049334282231226,-0.7955682846045395,-0.29749186006649636,-1.03056815555883,0.8439596566796763,-0.25806288683050116,1.380650769293786,-1.4508232610961669,0.03885853587955942,0.8472246505864975,-0.9255209550950234,-0.09512120616197048,-0.9935026546338013,0.4581289562399801,2.478790580877742,-1.3405452000085514,0.2600635301575212
Oumar Diakité,Reims,21,CIV,FW,Ligue 1,2003,2.3382481288360166,5.086004619164859,2.1030589925458916,-3.0144679949540385,0.12202873058024742,-0.2519398901368936,-1.3512382255351914,-0.6293811869412496,1.1950677329477648,0.6533149363169862,-0.6367709588571554,0.7921541643071017,-0.24157725536897212,-0.05736506110131415,-1.142244659372075,-1.3196838402794357,-1.1448246185755762,-0.13652658644039833,0.6192892115219433,-0.4462533570946752
Amad Diallo,Manchester Utd,22,CIV,"FW,DF",Premier League,2002,10.323820032650708,5.523268054116141,-2.241963463980594,0.19549050688204445,1.222644000101078,-0.44738773814128846,-0.43131866384614737,5.80626283953734,3.340032468508221,-0.40640861414235063,-0.27192668985442014,0.5592233276447864,1.8814015856424806,0.073146151009426,-0.2570463761382124,1.0195671415616085,-0.6260749103652271,-0.1170386836942879,-1.58502385027974,1.7437602562807755
Assane Diao,Betis,19,ESP,FW,La Liga,2005,-4.7688228054581945,3.3783287565973805,0.05415495334267055,0.1792743057692138,-1.524064748672744,0.6985522286591399,1.1412145917973788,0.06852739959802658,1.5477788692349923,-0.6833948052911609,-0.1044590845418654,-0.24206899464188558,-0.11072265620253915,-0.6749950370847151,0.35670933420691847,-0.8806237593000044,-1.8009382675698065,-0.25375120216258534,0.2790827478021813,0.6252827515204491
Habib Diarra,Strasbourg,20,SEN,"MF,FW",Ligue 1,2004,2.521346479359242,1.8588394645913247,0.514454899702991,1.4897770699633313,-0.9142593553018228,-0.7315451224459806,-1.029708121287357,-1.0232003451213987,0.4212842092403378,-0.8062138794818211,0.4302119722382185,0.22031581390147081,0.1699285733859121,-0.20614301073417154,0.533399678640116,-1.0071613363811593,1.6601070497412946,-0.016582138982468058,-0.7414611197501725,-0.8851416933961759
Moussa Diarra,Alavés,24,MLI,DF,La Liga,2000,-2.048312008071287,-2.1900517726641326,-1.1743743905093762,-1.0350980141146422,0.04314493152241071,0.16231174394075265,-0.6888297416326493,0.6922260796745673,-0.6536556473162086,-1.561180690514636,0.8940428579953945,0.48567261680871465,2.3933382780909627,0.38025029637065527,-0.40486131794982483,1.0503432215488682,-0.8610201809894024,0.6180637661282715,0.1885399510277434,-0.6252599824030071
Rúben Dias,Manchester City,27,POR,DF,Premier League,1997,3.597777521543249,-7.1753136262226604,2.5133662663466807,4.882078839188885,3.671503226253448,0.2708967234611564,-1.4640858672615815,-2.852616093008966,4.28923687312223,-1.39361848510039,1.432199716580506,0.16790549030932606,-0.3411040897667818,-0.7420073662872655,-1.115802823203317,0.25329163935272747,0.23134758851289505,0.3820217301083064,-1.245167967935984,0.29571283991955016
Krépin Diatta,Monaco,25,SEN,DF,Ligue 1,1999,-5.794032420442336,-0.09558744678662119,-1.0154930690114867,-0.2012399928944475,-0.13541947829878734,-0.2264264017007078,-0.21194200834509982,1.1801614278519639,-2.347037747174438,1.9797375183896537,-0.30507174962008976,0.22302679794738176,0.8062484336328114,-0.9456689833213322,0.38301593370807374,-0.15599081317084526,0.9699656210289477,0.8604213861527875,-0.12913622603685485,0.8252151818360141
Brahim Díaz,Real Madrid,25,MAR,"FW,MF",La Liga,1999,0.0075517549285672135,3.5035037327600067,0.47990722682829995,1.3496953577035484,-1.936231078254105,1.2335288769496775,-1.0966771515636817,0.6806767716707147,0.12618671940794846,1.0388335929287071,-2.3087558761998412,-0.2840424749157892,-0.11360060952630609,1.2889009026740659,-0.058707051169995396,-0.32095581945190826,-0.864483137915497,-0.8368325879147275,-0.28265809571424083,-1.029701837721291
Luis Díaz,Liverpool,27,COL,FW,Premier League,1997,7.8854600125518175,8.167285336233293,3.8490078625105504,0.5680220434987656,-1.827855241644406,-1.7492837121470286,-1.3559787560336802,1.4283685548584015,-0.1443274594455448,-0.6452014045338605,1.6732651897480795,-1.1036773657152092,0.006622184000694464,0.5047196278800944,0.6189477941560287,1.5751641424052056,-0.12093223717031983,1.2679264659109826,-0.54874721249297,-0.5170813666769857
Pedro Díaz,Rayo Vallecano,26,ESP,MF,La Liga,1998,-6.413348995959285,0.8820107565404506,-1.4578955986428666,0.9398734034775259,0.5742851732789893,0.46589353658409743,-0.7053987433501577,0.2170557208907014,-1.867808945627238,0.48379610589657107,-0.4197801915077445,-1.0997354992043242,-0.5797407261738042,0.14874285312856764,0.2335788784909436,-0.09231150278951329,-0.7096730703881811,0.897283087045587,0.273843559475047,0.4461532626173557
Tyler Dibling,Southampton,18,ENG,"MF,FW",Premier League,2006,4.884134974667255,4.114340591268028,-1.3250729631642482,-1.0598748869926518,0.638969651174536,-2.964572387559482,-4.002673618960851,-0.19039954917404847,0.6632619167533359,-0.8269026312851784,0.27364853057768734,-0.1410192729616887,3.901335561496451,2.62532395931502,1.544266918805601,0.6392311873521888,-0.5616513874331044,-1.3127722730406255,0.5748531761302609,-2.0792429603849136
Diego,Leganés,24,ESP,"FW,MF",La Liga,2000,-5.69714184670642,3.2293187358576954,1.1158203605587431,-0.7263278636498052,0.8971634632931235,0.12154309173725393,0.35121914858355985,-1.969446394708862,-0.49797436941211864,-1.7125261854401366,-1.555338659493765,0.3307814476400809,0.03418773588580776,-0.4156695933169169,-0.3836004375272932,-0.28471539059906,-0.12337025432812551,0.28807804083585326,0.04198327749701678,-0.12683668282000804
Bamba Dieng,Angers,24,SEN,FW,Ligue 1,2000,-5.794726074221717,4.1851636182168725,1.936942458464606,-0.18752229156935343,-0.19076321963735562,0.6641676537446366,-0.2664712814922471,-1.6103166657689052,1.5309152217122435,-0.9496582406974755,-0.5608292835587697,-0.6510316348642095,1.220339224775099,1.1393837718875632,0.6062811853698621,1.3203518036489665,-0.8429633877489308,0.297632313687082,-0.08320572592451346,-0.09364097105583834
Lucas Digne,Aston Villa,31,FRA,DF,Premier League,1993,6.893631604908648,-2.426128644965928,-4.808464689979888,-1.4642333725714682,-0.6320688706784257,-0.1809718656645236,5.47938138250742,-1.742324813284105,-1.2635579639357883,2.357358968733667,1.2044803748292985,0.014052369599997581,0.5335362028588906,0.015216540443009128,-1.4192522469293845,-0.142704097307838,0.1290847040567562,0.40558023967644413,-1.694374729142065,0.6236076225409622
Federico Dimarco,Inter,27,ITA,"DF,FW",Serie A,1997,6.397004963957909,3.328369352755511,-1.1705257823335156,4.345134065151712,-0.34510659348699096,0.8038190909289764,5.255643828145079,-2.45159880956113,-2.485651830146137,0.18852116472537264,1.5199322289342694,0.29363296057661664,-0.48864620100648665,-0.12133220233580654,-1.4480979381357642,0.6212388073304544,0.6772979749452169,0.6264412302940634,0.49279789524124784,0.5810950442651018
Junior Dina Ebimbe,Eint Frankfurt,24,FRA,"MF,FW",Bundesliga,2000,-5.736001096591402,2.1900578675866593,-0.725683636883136,0.007966568534491004,2.032138510451985,0.2881678133410853,0.7440941512146232,0.07125702508100915,-0.5400490516560635,-0.5408769059304745,-0.856165115465143,1.385530598409541,-1.4736630564020492,-0.24265811046273195,2.16515584058497,0.15945858280058334,-1.4423612051547308,0.6092025622449287,0.49220842092364775,0.34974018313991884
Eren Dinkçi,Freiburg,23,GER,MF,Bundesliga,2001,-1.314539957383853,2.0020007203372616,-2.4244170840179593,0.052350585802850555,0.9745049786748653,0.9166466762595005,0.29020323811941356,0.9624005004901771,-0.6075597556709893,-0.45555811929332735,-0.8662418313032396,-0.6869798175305942,1.2282344789909838,0.8132999664471503,0.3936699039193432,1.5336409201762622,-1.1627432807603353,-0.04768015638439182,-0.854335442917349,0.9969351448406483
Sinaly Diomande,Auxerre,23,CIV,DF,Ligue 1,2001,-2.560395557505056,-0.5940969534097087,3.0950635781856937,0.025966892899880172,-2.9484079083938917,0.5529425667210023,1.2274372807223743,1.5618999890019982,1.0554256432899973,0.17876623770443545,-1.1740290118654766,-0.18139193160410966,0.4215660182527193,-0.15404983523036778,-0.2638281165463234,-0.5215484009761946,-0.9623951435154626,-0.7947934360613991,0.8444221506226537,0.026894091791601755
Issa Diop,Fulham,27,FRA,DF,Premier League,1997,-2.032860087110038,-5.409120662378362,1.8396007856175545,0.7469416603325387,1.369833274802374,-0.9516270518104296,-0.13993509003125187,1.29543135590897,-1.0058926660054106,2.4685110199165203,0.35164459301968826,-0.6040713958618119,0.539030021652118,-0.22331920591422064,-0.0318044930523709,-0.651081378182912,0.6087113373550592,0.9770635497274721,-0.6590434448302238,-0.14982394195370458
Sofiane Diop,Nice,24,FRA,"MF,FW",Ligue 1,2000,-0.6073122352681193,2.4802675636999765,1.5510737611378929,-0.10466240525591658,-1.3492283607808486,2.8218159187169407,0.618629409530535,0.8154003275541614,1.394608784604398,2.679709089424254,-0.12744139733814197,-0.31258376319270553,-0.108791236864447,-0.6885765695676481,0.9816440145405285,-0.3781222384738309,-0.8518880371792389,-0.6669990083120272,1.1529809359782424,0.02591592815612729
Andy Diouf,Lens,21,FRA,MF,Ligue 1,2003,3.4032329771749805,0.8929212502855278,-2.0334553253486165,-0.39609151763678435,-0.2077569264036646,-0.9811373651266505,-2.3271708211826123,0.1340551794695192,0.019477010063640273,-0.5637066747236013,-1.2491762454362043,0.5676987717318143,-0.42458322831151046,-0.41007665617751765,-0.7898022051457385,-0.5288352289206657,-1.2720970290592206,-0.703935044020531,-0.3175239171064664,-0.48122199469171917
Axel Disasi,Chelsea,26,FRA,DF,Premier League,1998,-4.9130373601466335,-0.6407663358082337,2.0835724279803425,2.1889519006561846,-3.3380394703998277,-0.32696189679906695,-1.0653391424426193,0.4562147712506967,-0.8769535090952195,3.094539378671111,-1.103877694990329,0.42289443190978526,0.7971917483331359,-0.71309900173736,0.4574481339760999,-0.5813536758703102,-1.1924497565146899,0.7507033144734376,-0.2574270623736781,0.716839468764435
Álvaro Djaló,Athletic Club,25,ESP,FW,La Liga,1999,-4.057883331641411,3.461472006477149,-0.6302620017559052,-0.10414739817315602,0.2456515017635974,-1.3397158259919921,-0.7343510773926303,-0.907597147086505,-0.3720737447771839,-1.1009757726712963,-0.3594800916416845,0.12635305652522846,-0.13178946529170718,-0.22355927435301068,-0.42111187645076464,-0.2659184347070703,0.002011849538408311,-0.03855521110485537,1.1967413810346699,0.5555544404495425
Djené,Getafe,33,TOG,DF,La Liga,1991,-1.894963625650691,-2.8765608976856223,0.2714563740656431,0.40913047905400174,1.6617311035806046,-0.6866729461519255,0.6392121688677291,-1.4162435158063265,-1.4425014445563666,-1.9018774648320926,-0.9984181969616809,-0.5725722286876391,-0.22397767062541468,-1.4292871402555085,1.0508622706756359,-0.14300041607904815,-0.8969990350208694,0.5066841461223167,-0.05950116897436621,-0.5428062327427615
Berat Djimsiti,Atalanta,31,ALB,DF,Serie A,1993,1.8006860932743054,-6.66393026937453,1.6793831288465968,-1.7981442437777686,2.7613613820129745,0.28274883606115325,0.5079281963075031,0.06002425492864424,0.8121900685705624,2.3194870800181504,1.3573595053057093,1.5937259389397267,-0.2542021876503535,0.607752898726446,0.6012135844017352,-0.08366190046798044,-0.5484444049536479,0.3359933649490095,-0.10514113417627191,-0.9591439983669873
Ritsu Doan,Freiburg,26,JPN,"FW,MF",Bundesliga,1998,7.085016569896683,4.412307978996005,0.6837263892518488,-0.8302474923657548,-1.8770107072888014,-2.0388574178896435,-0.40982361864089967,1.4416106106138784,0.48878786094366244,0.22094663435752632,-0.34461767100630203,1.0054447584643984,-1.6363476157207208,1.0013007631840687,0.5458853502506391,-0.9492087313206995,0.9341983471853859,0.8618700000941368,0.9050699960211046,-1.2481755733638145
Dodô,Fiorentina,26,BRA,DF,Serie A,1998,9.46756046469232,-0.5719830464406649,-3.886769471956984,2.216373467447734,2.50379453794492,-5.774016745052405,-0.9065456592074325,-2.2411733511255196,0.6364331500950612,-0.4834406752790017,0.06877213431569057,0.15378070448337183,4.1279114686253555,-0.17225846310961512,1.626568994321811,1.9134815215559748,-1.6648863882857068,1.0924827590725792,-1.0245445765843006,-0.9115009024161155
Danilho Doekhi,Union Berlin,26,NED,DF,Bundesliga,1998,0.4003317687414527,-3.807474835208817,2.4127040552351797,-1.5524501113682847,1.1694052189485764,-0.3979063340548996,0.6144144052451069,-0.28431621057451223,-1.6764629103279953,0.7001425903353122,0.1271838170688294,0.6505516009556992,0.43877302127951695,-0.1912302702165259,-1.619169641712726,-0.37510170087735833,-1.1669986047522818,-1.0120890456245821,-0.4155075340204344,-0.4249035955759223
Matt Doherty,Wolves,32,IRL,DF,Premier League,1992,-1.240206237155278,-1.1646234396318698,0.934189842543024,1.1346537368991885,-0.6996599559739035,0.26100761545692436,0.8278994990222379,-0.4219245535293737,-0.37157838795444537,-0.04379021463286953,0.41892402795443096,0.3091108760654916,0.4936653907239441,-1.3124206152289353,0.3521340621010704,-0.08423762184397081,-0.17632818862321892,-0.48848981401347774,1.8011836818963411,0.6762416715375078
Jeremy Doku,Manchester City,22,BEL,"FW,MF",Premier League,2002,6.596893210223002,6.862933428663959,-3.1342297287410994,3.00574061072303,-0.18129547619637068,-6.222408846455496,-2.3819503320844797,3.43152878494609,2.2583785967840218,-0.334659199861831,-1.87571386339087,-0.09996748497407867,-0.22034251949187286,0.08533656586086673,-1.2471403002842592,-0.45028211242152555,-0.6024148995021691,-1.0444391875322767,-0.2181534534928037,0.3692158202880885
Benjamín Domínguez,Bologna,21,ARG,FW,Serie A,2003,-3.8636233997834397,4.445336124471822,0.3717421467700693,0.5529661020800913,-0.8200597569120575,-1.1176754508951539,-1.4246650391134679,-0.8922488111734482,0.5791805914661893,-0.42304438887767576,-1.7404990646395855,-0.9484969982435124,-0.9180445383740243,0.7355276275369856,0.07703854815657007,1.3129674809727627,1.8095714106510858,-0.14305128578825482,-0.08190093612923703,-0.5960839742540205
Carlos Dominguez,Celta Vigo,23,ESP,DF,La Liga,2001,-5.563693281024037,-1.8510527127231644,0.3917837481822119,1.606406759447787,0.46719315370474046,-0.09169381896675917,-0.0861297327157571,0.3530783870331801,0.2022468560067075,0.14732664992153077,1.2428748745680511,0.17376023316452235,0.38356524184288154,-1.6123738357849609,1.1448062382157334,0.5103238289417114,0.9838129538434036,-0.6084455599352184,-0.6314843956539476,-0.45545966350022943
Nicolás Domínguez,Nott'Ham Forest,26,ARG,"MF,FW",Premier League,1998,-0.40553263623804675,-3.0543235324151903,-1.6139925937665192,-3.9341503966319777,-0.29337928212027725,1.7639074232626168,-1.0797784911219104,-0.12850464545482654,0.9406647436500352,1.1606360415204675,0.5598780196711609,-0.7873678645463542,-0.6223629147817674,-0.20987134932958348,0.012050839436487076,1.4874610564809299,0.3882637476866993,-0.6099692062570233,-0.7883485983838824,1.3886193164507734e-05
Patrick Dorgu,Lecce,20,DEN,"FW,DF",Serie A,2004,8.759807792591818,0.7826948859841404,-0.24447824827771242,-4.136725864152037,0.25283558888568874,-2.1770286071625944,-1.719196854810113,-1.3280328820679268,0.4495802843691589,-0.5439274628993951,0.9513192279535173,-0.8198734384703171,2.460771700226184,-0.13526278332633604,1.1917694792699023,-0.3480698143902678,-0.20249314523033,1.9489722390551665,1.0310576511161063,-0.761480163991308
Niklas Dorsch,Heidenheim,26,GER,MF,Bundesliga,1998,-2.101933435029689,0.45221738959198765,1.56878167837142,1.5531825734981188,-3.642353677266212,0.5396371362676603,-0.42023133039322363,-0.3269459493658862,-0.017819468710480416,0.9119367105822431,-1.2477944448768667,0.1567891522780344,0.46619759014895845,-0.2263398672801671,0.02318812135692932,-0.16583425142759667,-0.4975558220737005,-0.07207708534756117,2.2958087986582885,-0.11779181661632114
Alberto Dossena,Como,26,ITA,DF,Serie A,1998,-0.6285928505605592,-6.177128952910051,3.0608878010618503,-0.7397398756888578,2.162388927908098,-1.2340071558614563,1.9332887635216485,0.9782014409365007,0.6874217994642393,-0.8759756835378829,0.027697677531950064,2.695773933542757,-1.9408343847420484,1.5078981649022456,2.433743918899941,0.014342730374924157,0.3014704149630536,0.6512416417729091,-0.41421201728112694,0.13464834746080562
Abdoulaye Doucouré,Everton,31,MLI,MF,Premier League,1993,1.0063548319444862,-1.813372854519424,-1.6596202553525656,-1.8069270241636612,1.0831166360381417,-0.15499124924322338,-1.307622675202283,-0.7324977842655533,-0.8911811971088318,0.30220484566162276,-0.19715107051897052,0.05188274844471575,-0.33191350006386255,-0.8366561868864625,0.13874133340865136,-0.38818923199359134,-0.957752985308794,0.4417216376398661,-1.0554781762045837,0.10592664726393933
Cheick Doucouré,Crystal Palace,24,MLI,MF,Premier League,2000,-5.676890390595869,0.160541777996224,-1.474196335078429,0.19600846835183608,0.299243170530525,0.769753335410645,-1.0383051032665835,0.7197187531943751,-0.1538603328061436,-0.3558799345685074,0.6333335918255262,-0.435847776001991,-0.45325225172528477,-0.3583503530925472,0.154723788692983,0.44619294079590455,-0.8595687343227751,0.04533861304617613,-0.3002840706379322,0.014257730094240475
Désiré Doué,Paris S-G,19,FRA,FW,Ligue 1,2005,2.920778052308158,5.022158002147417,-1.8843036935479445,1.5085516790601419,2.0978464543662554,-0.8978714923676947,-0.8497911531861394,0.3107505197394247,0.5684313284398628,-0.41597720617042905,-0.2612628757973071,-0.6508611414470588,1.216292756376073,0.5144889640293815,1.739985128898208,1.5237555894079182,-0.29481986783890324,-0.344705550263874,0.10236124275060471,-0.26771251709153104
Guela Doué,Strasbourg,22,CIV,DF,Ligue 1,2002,4.4421261747196015,-6.487157085368486,0.8490260756658755,-0.44584186217759114,-0.5428920932746044,-1.0777859660792302,0.28841009219009417,-0.09944255770499821,0.25219698182807593,0.3008164653522466,0.5765346934296315,2.755387369788671,-0.7835682547992893,0.11050883350055304,-0.9578506279921907,1.4865228296491602,0.15687215410087613,0.8031318355056247,-0.8996273372503606,0.7716546323884639
Douglas,Nantes,27,BRA,MF,Ligue 1,1997,3.2698147423908317,-2.4471308570117007,1.348200758161157,-1.807300697264293,-0.8507060986742336,2.1513932335142236,-1.1018372144550375,1.817102678449105,-0.19799215817113103,0.6396129218628416,-0.4200628559630707,1.9484670311969146,-1.3730871417284098,1.6392759756744988,-0.4306233973458164,0.9918576353586817,0.7633576508995774,0.15234548908929404,-0.5216621719686086,0.2783153356496599
Ismaël Doukouré,Strasbourg,21,FRA,"MF,DF",Ligue 1,2003,-0.4936408160194696,-4.53549959037003,0.1779699321448753,0.6054928905197962,0.6411070070617688,-0.1617642026635976,-0.6818927438814147,1.9969996606834957,-0.6534338708082487,0.2952674169848714,0.2528277137270001,-1.20249628927151,0.17597256158920083,0.5703413684469383,-0.07578259688421689,-1.7577493178356955,-0.33133793993290894,0.5732365033703061,-0.07625652372581196,-0.7247193393366301
Issa Doumbia,Venezia,21,CIV,MF,Serie A,2003,-7.298844027518621,0.9653247852805519,-0.7756866945309687,0.8015965494397872,0.33217180463396606,-0.13425424990812512,0.09646452145909772,0.5502276774413467,-0.15727837863465086,-0.04821707581551347,1.033314557726739,-0.01950469167791948,0.4132300556046876,-0.08831715481793899,-0.11304696821802111,-0.3575604056653603,0.8850495854703336,-0.6075867816868579,-0.13874615682155797,-0.447406945184886
Kamory Doumbia,Brest,21,MLI,"MF,FW",Ligue 1,2003,-1.7643864209835043,0.6872143693764003,-0.9393610468857723,-0.8621808122968598,-2.0489740614735195,1.0469813767929301,-1.0247790941859347,0.6587495835108921,0.14480533499751222,-0.8041177008227484,-0.6140536230562343,-0.2583520531728486,-0.4017614961348752,0.3155349137150583,-0.41051069284853103,-0.14746817404303825,-0.22886589578896868,-0.3395419207617756,0.04827433718483659,-0.431185212951721
Anastasios Douvikas,Celta Vigo,25,GRE,FW,La Liga,1999,-2.9719202130474733,4.787659824186966,2.749490323625252,-2.3852987438316364,1.3509165498294906,1.1769600651682568,-0.2737197365429119,0.02121418721319587,1.8180761299819863,1.7946400619354623,-0.1619183076951611,0.48193720211598845,0.3618409362556654,-0.06176539287564289,-0.5663539204794849,-0.7641041583997231,0.5967634263709185,0.47028816069632734,0.9457012693164677,-1.2676178280241077
Artem Dovbyk,Roma,27,UKR,FW,Serie A,1997,0.5129050326974596,7.293112891008836,4.871711904244454,-2.1729460419266036,2.8799447351416134,2.0054621683191196,0.7337997259670691,-0.514710411763664,-0.020893798530746847,0.4749595228848478,-0.2454172675116766,0.012722921559518546,-1.3929351017203484,-0.6167826823424672,-0.6510617914174579,0.03283824186066902,-0.9154378887450413,0.58772260427019,-0.8742407121981872,0.30571655960572797
Flynn Downes,Southampton,25,ENG,MF,Premier League,1999,4.169113951491317,-4.2592352228826655,-0.16562059218020123,-2.1055194588504964,-1.7231042034848136,0.6769839174417794,-2.151661517790934,-1.6630781853343677,0.9418609748146658,-0.8621954836550406,0.27276706206350293,-1.942637548997895,-0.24789125324042727,0.1071721494628482,2.4440577444520293,-1.679137538529145,0.30366858712063827,0.6758718362188948,-1.5722289519756232,-1.3923100986614123
Tommy Doyle,Wolves,23,ENG,MF,Premier League,2001,-3.2883271032259365,-0.8363964597648845,-0.9424051093725668,1.4269392839084585,0.631280014357104,1.359407619045239,-0.5214372664013844,0.9328747504896967,-1.086627830271218,0.5089319562573,-0.9986896327690546,-1.0372821403897279,-0.21324357756870532,0.29456081648443777,0.1378144293773847,0.4453820580393052,0.7938630041366734,0.7707811976713136,0.7076769047469968,1.0319586945117019
Radu Drăgușin,Tottenham,22,ROU,DF,Premier League,2002,-1.0725286446859086,-6.349516199649849,2.5256757978103823,1.7055534525499836,1.9097624235964206,-1.3316011125482867,0.17309330727436448,-0.2972764245403708,0.22298575004139287,-0.9469131788977223,0.19337908132747048,-2.583363764373875,0.3088764557167804,0.1839498943904392,1.162379080937952,-1.9831686301781142,1.2661964493116287,1.742797341521639,-1.170457575482595,0.2108351713628625
Tim Drexler,Hoffenheim,19,GER,DF,Bundesliga,2005,-5.32745964216937,-0.8328917296170656,-0.7096950460530996,-0.08830278764247104,-0.9195766701422695,0.06548705433995133,-0.2595697198226843,0.4315290248371271,0.2710273851716496,0.8643304593693121,0.3230875117254884,-0.6563578236610697,0.5781395334891593,1.5635788676537339,-0.33203172565743844,0.1730540265483452,3.878330204618899,-0.2537528626492632,-0.4432573719749427,-0.8438254832613488
Domingos Duarte,Getafe,29,POR,DF,La Liga,1995,-7.478620930244832,-0.26749260177901785,-0.936144040265511,1.6703450322188909,0.2320230852218413,-0.40290229701505914,-0.4126043674403201,1.2093239639716824,-0.016862003506851256,-0.7743087976990305,2.0539839805682365,-0.3263368506757127,-0.1299136003420734,1.0377401527980947,-1.3252034363527656,-0.4410640179144223,0.07060851719253008,-0.40834134362516616,0.21027243443459237,-0.6205261958153043
Marvin Ducksch,Werder Bremen,30,GER,FW,Bundesliga,1994,6.104689238151118,7.512780873283729,0.36645384240935264,2.3028333036853907,3.222455472374035,5.550007856083872,6.676555413737933,0.3425198993428676,-1.211383454789197,0.911138185892218,0.025337338229727373,-0.9734707227912667,-0.8861111639938279,-0.11964845066396781,0.45114585421354897,-0.8988155874894675,0.9022232226422032,1.0827827223659865,0.7783720358208188,0.5907962163155983
Ondrej Duda,Hellas Verona,30,SVK,MF,Serie A,1994,2.3363823616536,-1.9756494426373434,-1.7375353847896442,-0.21147021183045275,0.38579289863773186,1.6410548858987644,-0.8037586444515629,0.40041328319000086,-1.2081261203926599,-0.8019471073875434,-0.767919864404752,-1.6343910587823989,0.9158278113467017,-0.07379830906092462,2.4971796794140118,-3.073152028979454,1.5033876522940228,2.5773407985784185,1.2744865652620918,0.18751180684360755
Denzel Dumfries,Inter,28,NED,"DF,FW",Serie A,1996,0.3145840579839817,3.429450087082798,1.7653348358001268,-1.0127712073456088,-0.6271576878318159,0.05291131291686264,1.1573525564252536,-1.1310742971191141,0.36404216324233757,-1.3200625528137382,1.6376214015235118,0.4546352509048269,3.529989793730984,-0.1947223793706704,2.1644387255851925,2.360308374701341,-0.8084664327444028,0.5424963790911729,-0.6309783761837109,0.3083147771139392
Alfred Duncan,Venezia,31,GHA,MF,Serie A,1993,-0.5007919905727154,-0.41095788304173436,-1.705422792139761,0.44825749326057257,1.0464236579695767,1.206125984294206,-1.5788884029169072,-1.0870777453221072,-1.1790608822969972,-0.23541648884885308,-0.3003549213957064,0.727525586250053,0.12490986633843201,-0.7477872757067515,0.8416979894810723,-0.2873299874331582,0.010590089528761303,-0.7444303220934901,0.15287651143739628,-0.734943799691241
Lewis Dunk,Brighton,33,ENG,DF,Premier League,1991,3.137703637085668,-8.378065791787378,3.870635684266413,3.4364297424128036,3.6197935248825988,0.43448562209281066,0.24876582781704115,-2.648433982981344,3.0361058451116842,-2.4372560709931794,0.37451299037261543,-0.6344841812741414,-0.46903701894576694,-0.3834703507365475,-0.36051033480613487,0.6464004334687016,0.03089597159481698,-1.786978821048026,-0.6512943236472377,0.154435550548214
Jhon Durán,Aston Villa,21,COL,FW,Premier League,2003,-1.426206506433017,6.133406054955404,5.298938946133953,-1.625106452123163,-2.3230050278768277,0.45510560450136556,-0.7570662684285334,-0.9080291237138111,-0.6207591390094934,-0.5442353290255163,1.5967978846072335,-0.257318305932129,-1.35513432679199,-0.8012133499645617,-0.2986296274656243,0.5008164056298517,0.818577468982553,0.10988928661085731,-0.4046150058241169,0.47136993611763073
Pablo Durán,Celta Vigo,23,ESP,"FW,MF",La Liga,2001,-4.706287017180906,3.7282202782376714,1.069044184946058,0.751566070898651,-2.6106785739904392,0.20476115303206144,0.3193226546708246,-0.7960510138052681,1.284426293724518,-0.012210723708107194,-1.0152613732483329,-0.36280661795996305,-0.31277572047534113,0.76892963035483,-0.8157817607858904,-0.20386059765364864,-1.1735638256083403,0.06993174317227219,0.7978029169142922,0.10702973064365978
Hugo Duro,Valencia,25,ESP,FW,La Liga,1999,-0.7897951691868715,4.327060070729666,3.969391172851086,-3.384203092204127,-0.6368044896794319,-0.22635053708980019,0.14987970905219578,-0.9131504685649489,-0.7332994225851718,-2.9425145196324167,-0.8775913805924557,2.5377041707476686,-0.97945452051432,1.1635335166723761,-0.5297888385152146,-1.1242255758757165,-0.3708816048456699,0.9543686539195468,0.022522703717335796,-0.6076837808273899
Jean-Kevin Duverne,Nantes,27,HAI,DF,Ligue 1,1997,-3.248576521426655,-2.348384464936502,-1.9175367445103577,-1.9394854141877327,-0.5197292106187706,0.18153722372861453,0.012913421277216154,0.7629309552168253,-0.6768535331223993,0.4850538293725625,1.1031498229100318,-0.27577893450998997,-0.10939603256448299,-1.4527276575152293,0.22219583362968992,0.6877433144609266,-1.1098719030595114,0.028203844925596726,-0.09334473811271436,0.42514647819818274
Paulo Dybala,Roma,31,ARG,"FW,MF",Serie A,1993,7.231606478733224,5.919502457813811,0.20355125856403575,1.9611021987328294,2.0183430075287565,0.7808005771180552,-0.6651087882893345,-2.9498027187705693,-1.5117487062358868,-0.12247677557001618,3.616435311212664,-0.18807651299918188,3.5828420877563034,2.4899820615323622,1.1454872332274395,1.376360192494185,-0.2750325575280893,-0.23958395434727528,1.0461429256090846,0.018260943322679548
Aron Dønnum,Toulouse,26,NOR,"DF,MF",Ligue 1,1998,3.2141941035459918,0.2594520514935,-3.1184601321109815,-0.42419770030502735,1.8104325182461554,-1.6387858921467473,-2.2578060067461188,-0.72945805901325,0.21241007288275834,-0.9533742565629746,-1.3578022254919766,0.03907137326982331,0.3074826066968569,-1.1874240170547656,0.823280296082093,-0.10956429847408829,-0.8438319731687197,-0.5983552759913874,2.192004112086655,0.4503196401972713
Éderson,Atalanta,25,BRA,MF,Serie A,1999,10.0271156203245,-2.8260557205206513,1.2190540033279471,2.1772138143389257,1.3518506267926633,2.2103951868513394,-2.6235024015390964,-1.8692824698815265,-0.11699054805022685,-0.6311571556528778,0.314594575630752,2.1171008392115285,1.562123191837844,-1.3268746728223697,0.08974211383148176,-0.751053370440797,1.364340672460001,-0.16356036451574754,3.250985695435906,-0.796214474814538
Johannes Eggestein,St. Pauli,26,GER,FW,Bundesliga,1998,0.849252220362117,5.228957760848008,1.316768078523817,-0.24194348018978137,2.2608343526014685,1.3858194459783644,1.1403686931912171,-0.898502709570076,-0.3771601784391552,-2.1802853221679657,-2.5502348850678,0.7685542958760267,-0.5676891908118511,0.7735300811768743,-2.578082883493798,-0.48245685015710815,0.45347920840944744,0.6109471118486557,-1.4238337765374358,-0.07648327685299745
Maximilian Eggestein,Freiburg,28,GER,MF,Bundesliga,1996,2.0112072199889304,-2.9908629030203873,-1.2367928332207272,-1.0146804499462507,1.0055014224209082,0.8863727753904502,-0.9916905767691591,-0.5529365672267635,-1.1102012139960102,0.8583871312520926,0.0445878447836855,0.9738607339431994,0.34621262039099127,-0.9330808099206706,-0.6457323795201281,0.3028129167450846,-0.08016225367299583,-0.3293703301351387,-1.3304422097385384,-0.8100811017175703
Kingsley Ehizibue,Udinese,29,NED,DF,Serie A,1995,4.487573936086611,-2.8798540767549294,-3.1713449128447833,-3.308668867149802,-0.21510366695684144,-1.7065721112225203,1.8134217251149858,-0.75860694437796,0.36973913802877356,0.46849408969225226,0.43338563158022014,-2.2547101332159345,0.7196886650007905,0.5582609405868556,0.4058138323231535,-3.0840362188845623,0.9818523672722623,3.695710704648736,-1.0237463062953713,-0.4636454406005551
Chidera Ejuke,Sevilla,26,NGA,"FW,MF",La Liga,1998,0.2954642898719937,3.732234384222404,-1.9524143657659099,2.2301365544067093,0.6387998115957695,-3.451778865413516,-2.4219224302540296,-0.461776112838874,-0.6061235178907538,0.9239032706646296,-0.7203910631501115,0.24619121540552374,-0.11113796750157144,-1.0458002726254245,0.7483175361732148,0.15832112854516406,0.10264669318962658,-0.9700807115191278,0.0994139970889048,0.6909301162656829
Jeff Ekhator,Genoa,18,ITA,"FW,MF",Serie A,2006,-6.051298280200204,3.8679842063673906,0.5588795148226648,0.25136495465178016,-0.08027230280670235,1.2194997831977874,0.961924875756589,-1.2957587514065045,1.9898853650263042,-1.647212526114967,-1.4312491296323908,-0.5881921530070096,-0.5519025641110146,0.1629997090728607,0.015168313427615368,0.24930507699265356,0.2120048716169232,0.16930734656456675,-0.02834441382889645,-0.1738041072077939
Hugo Ekitike,Eint Frankfurt,22,FRA,FW,Bundesliga,2002,5.265932414554706,8.928322539891642,3.992057551183784,-0.6014545454708446,1.841042528642681,-0.45850825014028845,0.5360837566541728,1.1805280881884925,0.6166099834377204,2.440300282151474,1.8414649969600398,0.3846095112089754,-0.9323428566416874,-0.3681114551055785,-1.1101870252943002,-1.2994307298460166,-0.44253225267556134,-0.6711844553390983,1.086796875419064,0.3770847159703883
Jurgen Ekkelenkamp,Udinese,24,NED,MF,Serie A,2000,-1.5710896820536975,-0.3543186835126317,-1.6785446568359395,-1.6313198630846657,0.0515768667746897,2.073464383027018,0.2759637538791684,1.6920702963766643,1.5529058967347902,-0.007704775701308448,0.4789399862431737,-0.21863064732137102,-0.040406692443711305,-0.7591304283360866,0.6051824841831456,0.25083739239269626,0.33078704389049535,-0.514015038366906,-0.15962686023317638,-0.08914013427042415
Jacques Ekomie,Angers,21,GAB,DF,Ligue 1,2003,-5.828885041784892,1.0268950405980806,-2.036280466266328,-0.14256813540112456,0.06535242238793126,-0.6600234385156102,-0.016143509065121246,0.0011999868776535018,0.24613095179534858,-1.5973919852656189,0.3190806228043997,-0.5226111562214198,-0.18064863100465062,0.1000689160005403,-0.671275779193683,-0.13690471119950817,-0.22566797664952853,0.029036591156371055,0.3275466857854812,-0.07575102674192023
Caleb Ekuban,Genoa,30,GHA,FW,Serie A,1994,-6.750190274540478,3.0793703545957327,0.7454805398573547,0.3198275314674002,0.48601663429119407,0.6096219068636768,-0.6082124387490377,-0.9550977912792094,0.27196115328281567,0.31095756079953524,-0.791996297468941,-0.33637378408825086,-0.6328908554527795,-0.29719897478465584,0.47686788547379955,0.4910200518215012,-0.012210815529464767,0.1580051883935028,-0.16927325005758748,-0.2931704292598231
Pierre Ekwah Elimby,Saint-Étienne,22,FRA,"MF,DF",Ligue 1,2002,-0.3874882214616255,-4.719540684437537,-0.25005887233231155,-0.06416486391814215,0.1483025140009466,-0.10974323281498832,-0.9550763399141592,0.31934343718664016,-0.11981532455793584,-0.4181690969074853,0.419704233569053,-0.10030748353057319,0.3589909292574231,-1.2487548861969529,0.76896372500512,0.6154789064903512,0.9525323677364957,-0.6033309887854201,2.009137916636191,-0.29902849912053375
Anthony Elanga,Nott'Ham Forest,22,SWE,"FW,MF",Premier League,2002,2.441872696265571,5.609511883277224,0.42013362414353317,0.9213623257950418,-0.22950039182238047,-0.9770577259083992,2.0611154523039423,0.5312273125116268,0.40541664201802713,-1.1558631821096126,-1.1606575771554837,0.20333332108752614,-0.0480476880832375,-1.0371084126788472,-0.25862695357636634,-0.18157806517586697,0.8577799136426227,0.40407540232128164,-0.2172650391320527,-0.4844354159390416
Mikael Ellertsson,Venezia,22,ISL,"DF,MF",Serie A,2002,0.4776347560488678,1.4358569748192995,-0.7884388382649362,-2.0734088174439087,-2.763880915563902,-1.0307780892774874,-0.17148481970968996,1.1454816770676977,0.12610048292042325,-0.27454765618618127,-0.1330319178447032,-0.8161776194349909,-0.12111242101281028,0.17372470489076228,-0.649781506211597,-0.010816402488684315,-0.3672126318971236,-0.5940230393108337,0.7156091261606312,0.4288647428287612
Aritz Elustondo,Real Sociedad,30,ESP,DF,La Liga,1994,-6.2808112989704385,-0.5424126111092397,-0.04881173097761022,0.5941589415221554,0.3376124352666695,0.17499317719109897,0.6174231251902157,-0.4595791918138546,2.857285089592103,-0.2883501258554997,2.339007402951042,-0.2030088994873894,0.2866368767975196,-0.19020101532921646,0.0018283609355467774,-1.28914640334066,-0.9160038760389596,-1.1535433409142752,0.4223460044122303,-0.11771666567019014
Nico Elvedi,Gladbach,28,SUI,DF,Bundesliga,1996,-1.8659411176284262,-3.290496847423752,3.6424009901094747,0.9035318877007742,0.511845876433821,-0.06096597370667544,1.314661033101467,0.6747659849998043,2.1712458259643124,1.8200402306249237,0.1076471962309412,-0.2175319230924575,0.6641142639039147,0.35221314345325955,-0.6266585329578339,-0.13966474141234014,0.12531723960157348,-1.76753070614365,-0.7325212143694791,-0.23033749966471903
Adri Embarba,Rayo Vallecano,32,ESP,"FW,MF",La Liga,1992,0.6531448864655993,2.091814302010264,-3.4420557973227206,-1.9776201237243738,1.3696986471077695,-0.2676837221748617,0.9185019931822348,-1.1707722792428672,0.044002781362459095,-0.09185970762209192,-0.43447445721352373,0.0733360690383572,-0.11745088173483935,-0.3914870166427822,-0.8686908264453775,0.11032892092336027,0.1980023517118019,0.4438774570097582,0.488190597149952,-0.0904466246480699
Breel Embolo,Monaco,27,SUI,FW,Ligue 1,1997,0.39307298524204337,6.9874486315745585,1.9506412507911783,-2.36087142968026,4.642091441729377,2.9256836141409743,-0.3879329893354771,-1.2551209493111621,0.8492878148575657,2.554603439618097,-0.28363064356749557,-0.27483914407137683,-1.0114148577696407,-0.1408199853390623,0.710312218460788,-0.9783858830703911,-1.2182159545796025,-0.4689320220402194,0.18965814343478277,-0.7969619128843278
Emanuel Emegha,Strasbourg,21,NED,FW,Ligue 1,2003,-2.511537568315755,5.29386220759578,2.9837385870844173,-1.7971561821002855,1.7356997857152594,0.5287472768226448,-0.18214373019853602,-0.5729359883797212,1.5741462524524608,2.3769552085561996,0.3479493137973709,0.42056335237023196,-0.06860501660455592,-0.47042677181145415,0.5389751913283176,-0.1516814712027828,1.3298448921329291,-0.37288973406109227,0.08241529837699857,-0.32347372029532545
Emerson,Milan,25,BRA,DF,Serie A,1999,5.088436264376845,-4.3751651964235165,-2.422726947500425,-2.0700376208492424,0.017227797650825615,0.09265058587779905,-0.09291684766018911,-1.889695060260122,0.13811787791507557,-0.8836677780017526,0.5712660099622439,1.0456252365463188,0.37990699836022174,-1.6477268009351684,-0.4173277545426448,0.9958181785208551,-0.33655430438714584,0.7416847337687523,-0.6917149772581326,-0.7179545781578853
Julio Enciso,Brighton,20,PAR,"MF,FW",Premier League,2004,-4.73271972577796,3.2393418430357435,-0.7064303698926582,0.8755572274251909,2.279394112453753,-0.4251731076775666,-0.5135270661440368,-0.9764505686469674,-0.8051214955596514,0.35871135967344553,-1.0945285857909874,0.2394920819486638,-0.24625777145987648,-1.4119007866909525,0.8829502901669483,0.8825420593302722,1.4613352429227058,0.4281734084122436,-0.022474840111958137,-0.07062848596711628
Yannik Engelhardt,Como,23,GER,MF,Serie A,2001,-2.042260966714922,-1.219393441411902,0.37710626252753354,0.6588220261988318,-2.2208762470928214,-0.05819166066293572,-2.215297506669997,0.2957272280037906,0.03669531476291346,0.7350512757705984,0.36239979589936056,0.8241650449137207,0.4325563391280094,0.12446074074438739,-1.2331488694859445,-0.3535339743607437,-1.4259916136923787,0.29548720888438823,0.39150129442367015,-0.6132974679575433
Christian Eriksen,Manchester Utd,32,DEN,MF,Premier League,1992,-1.9771287598440839,-0.5276735816708765,-2.4066984264238505,1.693050512383658,-0.05335281662170189,1.9584444184050374,0.37370010620976024,-2.419653231641953,0.5177442471290249,-1.636573216729651,1.9425249169194883,-1.1200884855905766,-0.5592587401055229,1.6186041216474607,-0.2904957814073413,-0.33881358335772904,-0.12435594148920753,-1.5604317877976035,0.4373789331365945,0.595579739454228
Martin Erlic,Bologna,26,CRO,DF,Serie A,1998,-6.941687526313902,-0.1836642687576723,0.026656595420076735,1.6420049198230062,1.0773042803772357,-0.01746140778925545,-0.4741147615238373,0.8514940673447557,-0.3962545889651282,-1.3398518104965462,1.543772933933724,-0.7060601993556288,1.6268502612077724,0.6009974971579808,0.9979009709325236,1.1359318426530725,-0.9850686784941499,-0.16386774203227775,-0.3113657058845407,-0.34436596674745645
Patrick Erras,Holstein Kiel,29,GER,DF,Bundesliga,1995,-2.926878210322432,-3.684176194606827,3.951100616017002,0.379883526803939,0.17058782565349714,-0.8116416925345119,1.3150717770209435,-0.6487770642721294,0.14853630999485767,-0.18804793095817193,-0.9355266750406457,-1.3241320462742954,-0.7673780181322347,-0.5889768681322111,0.5085856550552734,0.6970587185469768,-2.2874461229049716,-1.3586905805307437,-0.5742581008946674,-0.2704847127207076
Alfonso Espino,Rayo Vallecano,32,URU,DF,La Liga,1992,-4.025198156390628,-0.9646913139006718,-2.067135866147376,-2.5529636170267653,-0.8493215469554412,-0.2964153965607743,0.3948323758389456,0.524397233866527,-0.40314749297960073,0.35037172010785506,0.5041260725014947,-0.5517631874436167,0.023975247083768084,-1.2701267265789784,0.5469765843438427,0.86712325481888,0.5674580257191914,0.027676676111580114,0.38748067675615405,-0.4117734638261862
Sebastiano Esposito,Empoli,22,ITA,"FW,MF",Serie A,2002,2.6266833762575876,4.335687452356825,2.0695274542618716,-2.4410693722218193,-3.232136078613595,-1.0466757834765474,-1.3552897149006995,-0.003651677076667597,-1.9587630638320708,-2.261858320815735,1.8143571452432845,-0.0035129652042251397,3.4906221694073833,1.425741682128394,0.06301629239179765,2.3303373102922498,0.14770015736544,0.9630308238644636,0.5679835521916305,-0.5220931451265146
Samuel Essende,Augsburg,26,COD,FW,Bundesliga,1998,-1.7522287676737327,5.591749107275658,2.60499280988138,-1.3763094394791735,0.5619808426970587,-0.8627267316937143,-0.3610054184032594,-0.968037149703193,-0.49158347332179736,-2.1244467215317733,-1.6052470378761077,0.6537283105082965,-0.3348700171130782,-0.759544760231731,-0.42253586299983975,-0.6238071082283648,-0.1170226219643925,0.31379921077477785,-0.5754361476832801,-0.30470562450803196
Dario Essugo,Las Palmas,19,POR,MF,La Liga,2005,1.870529968220178,-4.563090717166457,0.04267260629448309,-1.4438007541397353,-1.7716524093196633,-0.44504152656543833,-2.2099916712657777,0.6527016459341927,-1.6523120832283522,0.31699450187418005,0.23430575666328998,-2.9115802561090685,0.49823742382964936,0.3868365427567142,2.0426992535302366,-3.6579224321205035,1.165585381598785,3.8279797555684794,-0.5999666097033333,0.8526117066214616
Nahuel Estévez,Parma,29,ARG,MF,Serie A,1995,-6.446054213766761,-0.0987955868870906,-0.8751087816843078,0.3917197425264363,0.2871499463675657,0.3177293719126406,0.27458954961041004,-0.04974417323199617,-1.0481774619709383,-0.6316992587664453,0.5472944203779778,-0.31239511792092134,-0.12451029839046958,-1.910828885486199,1.5540593903514224,0.5989190839485584,0.09544807108869101,-0.20354729105741234,-0.3834550679348296,0.03697305964475195
Pervis Estupiñán,Brighton,26,ECU,DF,Premier League,1998,6.2647377357330845,-2.9764221395479655,-3.630420558755557,0.20150339624424338,0.33037965805603914,-0.26415647634266165,2.213948623709367,-1.8234723654492728,-0.14552933680887847,0.18308713700475895,0.9428690713567228,1.8859883311960015,0.6634614729574044,-1.330203280301226,-1.9281839422165614,0.4603506464349835,-0.030747513413965026,0.9710615449114094,-0.48254171956426484,-0.22138627506198139
Evanilson,Bournemouth,25,BRA,FW,Premier League,1999,2.221667171345507,7.708273666810426,5.061229844804561,-3.6026358554700213,3.541068141471896,1.1023177788145186,-0.9580040663634872,-0.8351516079658856,-1.4927813764612856,-1.2207581183117788,2.7153025624769382,-0.41726008622488353,8.992058823086891,5.385321321395013,2.4030349096619337,4.611686429678022,-1.3151133773489414,0.8136342475519215,-0.5431612421255035,-0.7214857452909871
Jonny Evans,Manchester Utd,36,NIR,DF,Premier League,1988,-6.592261817073904,-0.9751523693695274,-0.1353056960157302,1.1300840519007078,0.6550572479422345,-0.1857517794534366,-0.793292299174037,1.7633795676931594,-2.073868406809401,1.1644804816864476,0.3734819783541884,0.37975409441155544,0.14843123742036918,-0.9802809025889739,0.005896607249803631,0.04364957908978388,-1.2856760101472386,0.2657714044661202,-0.14692975404104766,-0.40033699380473287
Eberechi Eze,Crystal Palace,26,ENG,"MF,FW",Premier League,1998,9.115828297608545,4.915829556689728,-2.0384607470194704,-1.0484655174734938,3.5000012696384433,-0.3951397995494645,-1.7698519195125664,-0.5048745534414849,1.0060905014149102,1.2075552477417637,-0.29337651500432543,-1.1812289891912666,-1.0250454380029816,1.0781932337175588,-0.2781074135435577,-0.8546253674954363,1.1015002086848629,-0.35139971795623515,0.7385688747856491,-0.11409136431389115
Abde Ezzalzouli,Betis,23,MAR,"FW,MF",La Liga,2001,10.61509670642853,6.026496818970988,-2.0998831251967953,-3.6186955358391053,8.545843208301175,-2.996889062436118,-3.1751732058288527,-0.09607565886008475,3.2917317530149046,3.950073750140254,-0.0050951999911343126,0.9098209806314612,1.8343167137512362,-0.24899046415366394,-0.41842709088444574,0.7712910738718826,-0.9922941170963934,0.39075790195180876,0.9969667160960756,-0.20496582597695795
Giovanni Fabbian,Bologna,21,ITA,MF,Serie A,2003,-4.7509406543820605,2.4372806421339384,-0.3565607612279755,-1.2550686961007744,-0.32904292473288316,0.07846595996418355,-0.12344753855073556,-1.0900900765403227,0.7305384754069745,-1.1467248839985307,1.0031842840721978,0.19818305518813945,0.14169427661000317,0.2593402069157997,-1.0969390761279987,-0.504572371705138,0.11940988077669984,-0.2720745685002646,-0.2622924697263193,1.0148257293901777
Alieu Fadera,Como,23,GAM,FW,Serie A,2001,7.279942422724749,2.4834230648831475,-4.236199994232146,-4.4657880975499245,-0.45213483127827075,-1.178465416712949,-2.5020083868399836,1.3640927743646751,0.7825107023815397,0.28485755349824987,-0.5019953734605647,0.1785693941813859,0.28613539039601477,-0.4386374933330397,-0.38390041791136714,0.6415395110979204,-0.05168144755872611,-0.33426156119477074,-0.5367476170561853,1.3158027549652767
Wout Faes,Leicester City,26,BEL,DF,Premier League,1998,1.3263994860471318,-7.103434053655992,3.9555935885381417,-0.6869893237011733,-0.290984544206364,-1.5229653454397698,0.8233508793574017,-0.21813518240636812,-0.47218286259151,1.2799329442991936,-1.9264929828801087,-3.270643058746856,-0.5410867325782575,0.1605158867974546,1.0641212237053501,-0.8746085878395523,-1.7345083895489153,0.44450456662429294,-0.04201636407665741,0.7807513719893739
Nicolò Fagioli,Juventus,23,ITA,MF,Serie A,2001,-1.9860087186653606,-1.3742993424771817,-1.3126538434309636,2.0637122451984222,1.079087300420433,0.570666040376253,-2.0017242847537484,0.417438123118245,-0.23709574785613854,0.29651640807134355,1.2375354300643628,0.8410211852820667,0.16139751077100958,-0.3441216372254188,-0.9892666321220496,-0.036282397450336165,-0.10781341068694282,0.21462679042615376,1.0620278012547162,0.1222616531023343
Romain Faivre,Brest,26,FRA,"FW,MF",Ligue 1,1998,-2.684997837508746,2.891308776664317,-0.4329953827600356,1.097407438524503,-1.0162983191405184,0.3137703269708057,-0.27520406332075864,1.3434219456106322,1.4608052140771324,-0.32220446206466485,-0.4664332173149885,-0.8145464819300781,-0.20449300292359956,0.009068669488834908,0.5564097528300995,-0.7806635126650989,0.4057410753217049,0.4620994274127214,-0.047387161513898095,-0.12767475324679187
Abdul Fatawu Issahaku,Leicester City,20,GHA,FW,Premier League,2004,1.9954948730930775,3.2058090524221203,-3.666527269619939,-1.6600898437412315,0.9244223596912642,-3.410773596562807,-0.4559603748765202,1.7661965789936107,0.860541438975634,-0.25454662818869556,-0.8945318025556391,0.5254458248287361,0.9004324935222059,-1.3752115292327634,0.25169746780660496,-0.7255606452546658,0.7855541057553003,-1.0180765746348854,0.4669985713849023,1.323756075180862
Khalil Fayad,Montpellier,20,FRA,"MF,FW",Ligue 1,2004,-5.406610897648647,0.32136855652454377,-1.6717895612030693,0.03893032482942192,-0.45666403360664987,0.8067851166932546,-0.9842471586730414,0.062470788712892446,1.1622608275975825,-0.7260490305036411,1.389067225675689,-0.11689265348796431,0.06083353875637687,-0.0214389978733462,0.5656474168378512,-0.299669504909231,0.7820417267797918,-0.5844948974142171,0.22447591579029233,-1.0302485728391155
Jacopo Fazzini,Empoli,21,ITA,MF,Serie A,2003,-2.279382367574062,1.1570004306957449,-2.1800257536077967,-1.6954553830969694,0.5530437642124266,-0.7795958403543658,-1.737643044847759,0.9085747180858308,-0.0062888417389300915,0.2087777806309043,0.09330460950261207,0.4144694221346859,0.5644684591501571,0.00030468890441575996,-0.2516394824250182,-0.8082600162628973,0.3376316295962415,-0.49676484151256756,0.47822038439271514,-1.136548912844357
Peter Federico,Getafe,22,DOM,"MF,FW",La Liga,2002,-6.169999305946048,1.8909242388620233,-1.4592186342904916,-0.39599591124248584,0.4248906038009355,-0.28958581975825254,-0.014555893596677232,-0.2824017565151126,0.8369945515462559,-1.0020935191468148,1.0231423937816055,0.19693596204542288,0.22293222680064717,0.30583812987673215,-0.8374797167112588,-0.856042277305007,0.43141787046104896,-0.4107341617467989,-0.009924269726082787,0.23701056414289262
Mattia Felici,Cagliari,23,ITA,"MF,DF",Serie A,2001,-5.874947738509033,2.129522042173516,-0.9676271026885698,0.8358243696980252,0.5826593018158355,-0.06763703303895711,-0.5260512003611076,1.2728581731685198,-0.14236068201839852,0.39512237182699267,-0.6924846797163594,0.128124796955272,0.0009734969807219764,-1.0231893838949073,0.8866996102792422,0.5685278227541348,0.7416983210468078,-0.03168740777190348,-0.6563808085797327,0.07237818022285392
João Félix,Chelsea,25,POR,"FW,MF",Premier League,1999,-2.4641185537797465,2.569348815817296,-0.44340512584875663,0.677896356436604,1.5188250665706746,0.5273255176041246,-1.4432759614933952,0.5482467130460148,1.1327411166892527,1.084297386029651,0.9966480120829748,0.0868785579482444,-0.13673438438012775,-0.32057307672879404,0.22101366104022016,-0.4762754187941414,-0.526904885615863,-0.3786811064816405,0.5484961571574475,-0.5492048422145414
Kiko Femenía,Villarreal,33,ESP,DF,La Liga,1991,5.60467923150902,-6.5258912683072445,-2.450878004040946,1.7880949151181376,-0.006211812084752577,-0.7343211820626181,0.0812330676825671,0.3625814830383679,-0.5556955677393942,0.1757345261361605,-0.7765079892705168,-1.2144274492311944,-0.5624285605659485,0.09438301987644859,-1.4102593840147652,1.4945165891252186,-0.3971713367612713,1.4374455584700294,1.1091216485810858,-0.5566313005626186
Evan Ferguson,Brighton,20,IRL,FW,Premier League,2004,-6.882336307336076,1.995001862646981,0.4324396959407708,0.8608238238175987,-1.0497201494282091,-0.3186341331977181,-0.5253829223608424,0.6816542091307511,-2.690079754059033,1.3476818047077075,-0.8662722253145898,0.037120509428526134,-0.04667493644746708,0.25636662180275527,-0.6851215746830633,0.13251269576962202,-0.513053756669199,0.0391873305592913,0.05509492193509415,0.11361555788888614
Zinedine Ferhat,Angers,31,ALG,"FW,MF",Ligue 1,1993,-5.603638337275566,2.421651092945142,0.25686825961101445,1.8406591646882675,-1.003456024578579,-0.4571062670988276,-0.32662859431008434,-0.30419825018337876,-3.2138702235896814,1.0579823163994622,-1.9693117105688798,0.6990519686309007,0.2849172935716632,-1.0629670805604674,0.6992140366213276,0.5804463353808657,0.5092744723949698,0.3302939311923452,-0.33111520575822045,-0.24193495079331098
Bruno Fernandes,Manchester Utd,30,POR,"MF,FW",Premier League,1994,15.849571311525557,1.4835511579795828,-2.802103948056689,-0.9326811751561263,2.2211329575180554,6.036857944878796,0.585892103711752,-0.7434784913611721,-0.07329251777233407,1.1491868213252612,-0.10002628882813488,-0.7782161512228565,-1.2925572115673576,0.052683243717584656,0.1184281783009311,-0.3083657942941296,-0.002099018227218292,-0.1749357533911887,-0.024088002649738646,0.7083107248173448
Edimilson Fernandes,Brest,28,SUI,MF,Ligue 1,1996,-5.385349405782137,-0.7067693055503371,-0.3123221627538164,0.9006496638702994,0.04784392624205917,-0.4293187629657097,-0.33096003992714124,0.0032452078491076435,-0.11238275138483261,0.17058591922665006,0.23440642286512853,0.8949455131972232,-1.0654342135574617,1.6105231101870703,1.6848352421685162,-0.029969023816269563,2.088511957448123,0.45482261886571546,-0.060533957618219426,0.056820642317425576
Mateus Fernandes,Southampton,20,POR,MF,Premier League,2004,8.94649333788498,-1.0815745749538763,-3.2339069840525316,-2.8846729381009006,-0.07162477756088781,-0.3792066417810234,-2.6304139472223085,-0.44022249248267725,0.6686315864048549,1.4608355605767618,-0.6248974356400141,-1.8163872096077491,0.17304088204928594,-0.5826311017571406,2.717309012881741,-2.697765972085752,0.6026708060606474,1.3630725659090992,-0.7612625576668514,0.8491905755785193
Enzo Fernández,Chelsea,23,ARG,MF,Premier League,2001,12.252821515955187,-0.9877897604953041,-1.6922874776193102,-0.12763249834543375,-3.0960286466924396,5.86285928319454,-0.7461389277068535,0.6839362026186644,-1.9160240427415187,0.11727494594779828,-1.020716511296793,-2.4338949355118045,-0.3358857569755265,1.8125557208265661,0.9783331900034081,-1.0024607290971086,1.4020320776649091,0.314275958465444,-0.05875872160890262,3.320980478159339
Valery Fernández,Mallorca,25,ESP,"MF,FW",La Liga,1999,-6.064973513096003,2.9589125980327413,2.07076930490658,0.44035069075066496,-5.37367029263655,0.33643911761026096,0.23609075829278794,-1.6812710651103573,3.9459787194001406,2.0220144382173304,-0.36663419258127417,0.23462621086921204,0.7491026442894908,0.8672235370229402,0.010458552607732761,-0.10641863374575844,1.303392906910667,-1.0620862531852069,-0.022268233862023923,0.5461320927949271
Matias Fernandez-Pardo,Lille,19,BEL,FW,Ligue 1,2005,-2.9817433018899786,3.734778506139468,-0.671758860296947,1.2341235906171377,-1.551533479662383,-1.9755080733959043,-0.681307700436917,0.48271029580589714,0.6882006080546864,-0.6095196983990031,-1.033636839912706,-0.6257269241076657,1.8490372440357685,2.082207034907637,0.03193893716346398,1.1444228924600541,0.10365285436227718,-0.3742534928608197,0.4134240405928053,-0.09069775456757521
Jordan Ferri,Montpellier,32,FRA,MF,Ligue 1,1992,-0.6222661745664266,-2.4002162303318078,-1.4191494785713425,0.10661785936622789,-0.29521439495597335,1.3129594123026807,-0.787904314132001,0.5152356561148128,1.27777074278688,-1.5841292552123771,0.8982226352434441,2.0612174731849673,-0.9936105825377688,0.7950941752734303,0.834167697977919,0.2977936720352468,0.5841822696569288,0.7015894052449823,-0.48827271145303835,-1.1463172454659434
Kilian Fischer,Wolfsburg,24,GER,DF,Bundesliga,2000,0.7638512284875749,-3.9237168678457968,-2.694646326298845,-3.0633270811272686,-0.868418437594952,-0.6926192461371387,0.12777418740382096,-0.015575308515149495,-0.19376425869140304,0.2764477510990666,-0.21972972679167277,-2.467608350757383,-0.8808723963164584,-0.8092499780630211,0.5366484776987195,0.7764819111561769,-0.826853255659611,1.7451938389557438,0.17677510589456907,0.7723514344378372
Phil Foden,Manchester City,24,ENG,"MF,FW",Premier League,2000,4.6074127479586435,4.416617257930228,-2.314904478706904,3.4497910244913506,3.085141646871107,1.1988533034351458,0.43932442818529405,-3.515934186680917,-1.5393294735967378,0.8168580882894914,0.607998804116054,-0.5898588591853663,-0.9503471279510346,1.0535179319081225,0.7291170853541006,-0.7486278524436312,-0.6363585233078343,-1.47674594720612,-1.1158069057354703,-1.8725771662211257
Malick Fofana,Lyon,19,BEL,FW,Ligue 1,2005,4.010413180790846,5.748268817622849,-0.895554826677062,1.5996989387539318,0.1424943627988772,-2.4197168190876064,0.9662606567409783,0.5760444078676413,1.4417084635133066,0.9041262456201862,0.02109353379167472,-2.2679511081526893e-05,1.6168475866779357,0.761134894045402,-0.6843756454216575,2.087738912838222,0.3165063857841754,1.1495727578894221,-0.08171582232822078,-1.1348234334583884
Wesley Fofana,Chelsea,24,FRA,DF,Premier League,2000,0.22883252601025408,-5.383507991561281,1.6759928895591945,0.03481469596422952,1.9218226936634732,-0.967075357956557,-1.2827714173725833,-0.294056324698114,0.2550682040357826,0.4438513702568099,-0.762190496767477,-0.9258542075633728,0.09530977486878799,-0.6927062771591032,0.7193351781614458,-0.9030562525515589,-1.3963321630757481,1.0180387866626492,-0.8216074709837947,-0.835228867045349
Youssouf Fofana,Milan,25,FRA,MF,Serie A,1999,5.5441792407130865,-3.4094958316106125,-0.3551616145302307,1.4823084744359118,-1.2085270576702,3.0764253089216727,-1.7544532330943436,2.082199291107805,1.3648968662257017,-1.844082717475465,-0.7330892573004063,-1.063587406473845,-0.43306600214609287,0.21663471236771462,0.13530341832904913,-1.2041346506432375,0.008754504014040432,0.9029170697279879,-0.24618735637874425,-0.22083865010415665
Jonas Föhrenbach,Heidenheim,28,GER,DF,Bundesliga,1996,1.9731764553817317,-2.960532199811445,-2.4139534067695068,-0.3777591583453774,0.1495221790056574,-1.0180077437586255,2.679107924726605,-0.49876566612413664,0.04193856260953542,-0.2273893003379391,0.2477205474101481,0.06699115368592697,0.06588615250599753,-0.4388138041856315,-1.7511889127586675,0.6661916241651201,-0.20110086502379876,0.08329161609886833,-0.09966232386841112,-0.6767438301313091
Carlos Forbs,Wolves,20,POR,"MF,FW",Premier League,2004,-6.040660226183588,1.6102600004290635,-2.0726154638569674,0.4997604952819008,0.252295878554693,-1.2755599133519877,0.11569045065403938,0.8143332485841485,-0.3401391990493078,0.23225642862682871,0.6120905661129451,-0.5131910314613194,0.23365812203683445,0.6989142040208128,-1.3624025931760977,-0.9903874709147813,-0.2313677851607992,0.8974578366937187,0.42360433641502704,0.5559246700562869
Pablo Fornals,Betis,28,ESP,"MF,FW",La Liga,1996,3.4753433114645813,0.8584084624635411,-2.2401816848527547,1.8867602622772308,0.25402616410179313,1.1737935864116489,1.114815907369957,-3.942965621209675,-1.2828004765703303,-0.2665851692349272,0.4149996921507723,-0.33722673802737113,-0.2528491891584829,-0.6563906081383079,1.2991980893187427,-1.1381008982049692,-0.7829888254647422,-0.6004393491943478,0.06804140332146556,-0.3628385390482483
Héctor Fort,Barcelona,18,ESP,DF,La Liga,2006,-5.257737076581496,-0.4314161950077039,-1.5813379082036534,1.0831229482935383,0.061136252222493026,0.13898788551237393,-0.44603510129161295,0.3042239389496027,-0.31873708204535994,0.020382207573524946,1.8302535481260682,-0.2857903066484139,-0.3606761468266787,0.04591960896560298,-0.47610338019163734,-0.1071656510530386,-0.7151242222526915,-0.3746918696725408,-0.151531211231064,0.23980653720306402
Dimitri Foulquier,Valencia,31,FRA,DF,La Liga,1993,0.1274387305121327,-1.7973243853716296,-2.998525684593727,-1.7599308724431566,-0.45849678177864756,-1.0633298759283325,0.08348553059933354,-0.5730720076663585,1.0266547081591657,-0.6353760570042072,1.1807994446784005,0.21069877216217878,0.4569373571914016,-1.3157001976862106,-0.4087233221969531,-0.5635197049054897,0.014325038806944159,1.5894902403704523,-0.21695154852915235,-0.28673045944070513
Alejandro Francés,Girona,22,ESP,DF,La Liga,2002,-2.274153934517761,-2.725682063695558,-2.0443649058805526,-0.1624321527027606,-0.49606067403147736,0.26679638122129007,-0.5338402771582234,0.31075120559619474,0.8385984445482892,-0.4431865088400162,1.3236119236555246,-0.5164199898154487,-0.3711720945844998,0.6474907690930596,-1.6546362479129293,0.8867417401293289,-0.19333509038180402,0.47767360704912976,0.9788747710291098,-0.3844543187044622
Przemysław Frankowski,Lens,29,POL,DF,Ligue 1,1995,4.182057310071715,-0.6503668315479627,-1.1186558244854012,2.417211745715703,-2.8643797303561147,0.38683087046799597,0.8024192567548433,-1.4948274084087008,0.5904696775598232,-0.5073765155043793,0.8595448684864745,1.0274574997171793,0.21475846643359714,-0.9489053075304522,-1.0583706538309055,-0.40906176275323936,-1.7314153946807773,0.15957596535652005,-0.39109721740064096,-0.22525185828758268
Enric Franquesa,Leganés,27,ESP,"DF,FW",La Liga,1997,-3.254441463088847,0.7974227182084391,-0.20369894204633593,-0.6218516414103499,-3.293001474081542,-1.6371154687564287,-0.11896132589087142,-0.14933157762662802,0.512515394986552,0.9478595815451181,-0.47402745766312315,0.7365722007761974,0.8136905421252084,-0.5579093733744813,-0.736788973103767,-0.6189383634432386,-1.0615373406853135,-0.013512693282445032,0.709956144988241,0.07845815936455029
Ryan Fraser,Southampton,30,SCO,"FW,DF",Premier League,1994,-6.54925362968172,0.9007093967141974,-0.9308747668346271,0.9939899423319692,-0.4167741112127805,-1.0409859410889055,0.17464037776618407,0.5266455581917381,-0.41932346213276517,1.1737328339172237,-0.03798956864366807,2.2541847572333733,-0.32692854806672705,1.1811307431080942,1.0285881546125253,0.7025722692794655,2.8986378816353935,0.10418407723207623,-0.46503747425997166,-0.10258922631468236
Davide Frattesi,Inter,25,ITA,MF,Serie A,1999,-3.0752943329925175,2.114624005023205,1.9712807712275935,1.2831566763067228,-3.088182642629763,0.22387911369775254,-0.8458354659634675,0.9992429757828584,-0.7713444327911351,0.7121076362509309,0.1393721788577088,-0.8454695927282826,-0.3652528003921231,0.273692129286538,0.14215421488280017,-1.0129907840110468,-1.2629703065369877,0.18619852655955366,-0.10839582542320139,-0.16344208390127019
Morten Frendrup,Genoa,23,DEN,MF,Serie A,2001,4.869059943833297,-5.429841654395482,-2.5137046756135506,-7.856887922684518,-3.989625873651057,1.5719198082163084,-2.6268472554610156,1.3075652704404002,-0.04265243233359445,1.1972112014138254,0.7280036725160582,-0.737297455945954,-0.3369145613995011,-0.1393739337140135,-0.5661305266033707,1.9316723806321237,0.2611087404386039,-2.0896478683571904,-2.202773479964523,4.035047445039443
Martin Frese,Hellas Verona,26,DEN,DF,Serie A,1998,-6.094125238422574,-0.5487974030798651,-1.4374957032919928,-0.16367526001602656,-0.052763350247082515,-0.17560269796140715,0.27081141804136766,0.44702005061589095,-0.8892472038416823,-0.974105669613162,1.2834905859989942,-0.6385315969006703,0.26855579100215127,-0.14464441213626414,-0.06480468948037744,-0.717399625338604,0.054490476804443765,0.6711829895557798,0.017662893102317688,-0.5241061499159967
Remo Freuler,Bologna,32,SUI,MF,Serie A,1992,6.538775621142156,-6.735304185243122,-1.9933174919222887,-1.1436199106565308,-0.6827668971089247,3.434252353632954,-1.1678079744090646,0.3248023296625649,0.5186419179264722,0.609579296351356,-0.794621773515184,-0.3081435050512097,-0.7111398654126637,-0.4552695041156452,-0.9397898604210972,1.3002301249781012,-0.5229692359843707,1.1824486736795312,-1.672524999916004,-0.4788416469493103
Marco Friedl,Werder Bremen,26,AUT,DF,Bundesliga,1998,1.58128798005338,-9.302663944416727,0.8307366577821124,-2.3135222357173606,0.11949721281726564,-1.3158626512411742,0.15821866663950193,1.5625907002685002,-0.9211042132100479,0.14402129235460667,0.18079788599946026,-1.5249576814558647,-0.6422714882669036,0.08142472556131237,-0.9115229160181958,1.548513199446944,-0.7012685445479835,-1.1006996804635258,-0.08305911661651087,-1.3392753910340305
Marvin Friedrich,Gladbach,29,GER,DF,Bundesliga,1995,-3.679460348336051,-3.026584907162188,1.8826059168396856,1.770667701307169,2.07536492535008,-0.9231930987784153,0.5789045693243124,2.2006989976464926,-1.2422516043702159,1.1437789585633829,-0.14804518894439478,0.22564644522673996,0.23296512304750103,-0.9627321678523167,-0.39921649082881266,0.17234035051916144,-0.14762841706263824,-0.6169582877667479,-0.8741188544587347,-0.011866363011165025
Jeremie Frimpong,Leverkusen,24,NED,"DF,MF",Bundesliga,2000,4.216253736809127,4.581829591712392,-1.3225871089607524,0.5941892989562165,-0.5036470646178535,-1.401608762626711,2.106189361553788,0.8995298185582935,2.391095484268639,0.5169064745878972,-0.5492673488629934,1.8104931638131514,-0.919196073120752,0.386406226883995,0.8997077908862255,0.4817897454333408,0.39565123840060096,0.4966157093329744,-0.18284654366555378,0.8289666780150391
Jorge De Frutos,Rayo Vallecano,27,ESP,"MF,FW",La Liga,1997,5.973515389135627,4.735402118988487,-2.437352371949874,-2.0262889322971978,-0.7626688119391355,-1.5562495644254064,0.9708018402019329,-0.5511851482216719,0.11974007445234228,0.785024973402278,-0.4056555440381067,0.03628250315542024,-0.8091636883198795,-1.184622443965665,-0.5428625022164697,0.6253106727827061,-1.0846998758568138,0.5118166139980047,-0.2868380925936769,0.27843691019005967
Chris Führich,Stuttgart,26,GER,"FW,MF",Bundesliga,1998,2.205303399748833,3.5080206466613917,-1.9729756008855182,2.9917016890124866,0.7204136029846375,-2.2936561463079537,-0.3293581039651178,-0.44912659311664305,0.7526426821116611,0.143925965608335,-0.33051724741313093,-0.333390602103133,-0.6724058078548487,-0.5679796491945324,0.3920143479208767,0.44432023352109273,0.2588070782474223,-1.1192385138500953,-0.9156454097253612,0.3184804577362027
Angelo Fulgini,Lens,28,FRA,"MF,FW",Ligue 1,1996,0.20659034156227246,3.390425182805184,-1.2789662923994638,1.795700421642594,1.003118239508625,0.1156271836211671,-0.6458020940599991,-1.4176425953510583,0.6667864704093286,0.04233969974504174,0.006121864760320471,0.015290583976622928,-0.011304791123016529,1.2614751045860817,-0.41277601159380367,-1.4316128153814316,0.5302345680592002,-1.5210750290616144,0.3252105755349626,-0.8188810588743828
Niclas Füllkrug,West Ham,31,GER,FW,Premier League,1993,-6.284257339807542,3.060722202607948,1.1038861948898917,-0.4010600959208862,-0.7021933744250058,0.942949687085944,1.1607376431435077,-1.21079334416294,2.0946323096596053,-1.0114894511518346,0.41256405266729096,0.4468388074983621,0.4958814111718247,-0.005437584090638022,-0.4958378013612344,-1.250605340345203,-0.12419411591918164,-0.6148486792780882,0.2854838240143948,0.5816243428418149
Manuel Fuster,Las Palmas,27,ESP,"FW,MF",La Liga,1997,-3.371190621426963,1.5646017868281157,-0.9319567031197156,1.4395814764492507,-2.200955230770263,-0.18397023959024025,-0.17705388571022887,-0.8102080271503244,-0.8070914472454331,-0.23589920442431514,0.2988974229073303,-0.02243294703779923,0.16147802309979817,0.2719897744503371,-0.2365642774585958,-0.7734109302711293,-1.329126148231667,-0.3616231378083612,0.7845753469528425,-0.6008151120255766
Matteo Gabbia,Milan,25,ITA,DF,Serie A,1999,-2.150547918949669,-3.915489402869412,3.695125554182044,2.2572648834620757,0.7914775524023638,-0.927349691821349,-0.0012304841681627877,1.0459424927159415,-1.5827935670719726,1.0073348500317059,0.30583649073879443,-0.12641643674408745,2.4311742689602123,0.6398345896146026,0.16873243585282321,0.6521445314613992,-0.2899897919408878,0.22243393165678987,-0.18901522617631816,0.8620643563714777
Gianluca Gaetano,Cagliari,24,ITA,"MF,FW",Serie A,2000,-2.0019977286409367,3.0100389710710136,-1.3641625597549387,-1.22373640259871,4.358122272938622,2.3946029472607964,0.204802178202231,-1.0001407882835065,1.1132946651278823,1.657885342991936,-0.5187820199926975,-0.2521332233784194,-0.5872115918021146,-0.0896686440631429,0.03294197979323177,-0.2211558609273026,-0.8027466188611088,0.024151802251050496,1.1889051805104736,-0.34817488459240686
Cody Gakpo,Liverpool,25,NED,FW,Premier League,1999,4.390521370239651,5.285108322540508,1.1172782242160095,0.5576758238980537,-1.5973297696746078,-0.9521862027401327,0.427247345484818,0.5601255605528459,-1.9157698225244564,1.3906583210410284,1.38508941668801,-0.45992848397806474,-0.6653471398995957,0.01401614147378357,-0.8676905835896682,-0.3018568384982496,0.2640586241769375,0.36169057943254573,-0.34690600816652595,1.7258802450892234
Javi Galán,Atlético Madrid,30,ESP,DF,La Liga,1994,0.7748296451291119,-0.5859709224501232,-3.163068301354744,-0.9876938371700595,-0.1698384582058575,-0.5294398008678426,0.15177897104617552,1.2815484925703136,0.5282250895727326,-1.2236300270857456,0.20492305897530202,1.261214042424325,-1.2767871340954156,0.6331724773364641,1.3254199811312184,0.2014386468199835,-1.0929079370725676,0.007981332993653206,0.007874953128351679,0.220219181246316
Iñigo Ruiz De Galarreta,Athletic Club,31,ESP,MF,La Liga,1993,1.8484558259293757,-1.9797727542951777,-2.7554411484605197,0.9827732442159188,-0.19543069305707583,1.8170096700514067,-1.1547278220909145,1.209341172553094,-1.865278305326358,-0.11095922403354747,-0.20154958925097138,-0.19820917636314106,0.19377987061581234,0.8940783686889171,-0.5211629721068378,-2.013850372263962,-0.17402111935278342,1.1071950241067439,-0.05489332004931468,-0.18382440027620733
Conor Gallagher,Atlético Madrid,24,ENG,MF,La Liga,2000,-0.35244730033981997,-0.05756138251775579,0.39987641639536053,-2.123220086347471,-2.9102928215228516,0.6931781782103411,-1.5645116022541101,-0.5400135355329035,1.0121124514947257,0.9824668688989451,-0.7597992070800238,-0.33915863878480645,-0.17189684434685906,0.2911953169057289,-0.7078071183852144,0.26825057019895376,-1.6209242122029457,-0.10378022835935201,0.5362888087227536,0.02010844904592508
Antonino Gallo,Lecce,24,ITA,DF,Serie A,2000,3.5543853313420017,-1.8687011142643404,-3.5820171871629043,0.7681633947760991,-0.025489367316375692,-0.5547608069349682,3.1115298850177875,-0.6014467738872686,-0.7838870935387044,-0.04512889058675133,-0.30052498152760737,0.06313591211322718,0.13172269772817197,-0.6184659109085722,-0.9004182159703978,0.4678994695568978,-0.05682628530601129,-0.010231208090300883,0.20600745431807288,-0.6483174980794763
Idrissa Gana Gueye,Everton,35,SEN,MF,Premier League,1989,4.556329242288822,-4.85303443524556,-3.434770923123972,-5.043123023069735,-1.25105516324339,1.2708715727796296,-2.8598729919984365,0.4910406100854097,0.0855947980575408,0.9513773537003828,1.4296401436567776,0.45653868694590666,0.06630655093353814,-0.7346449150473164,-0.3517205125129457,0.40139968072185994,0.14446588562957682,-0.49825795725856403,0.30492493271958926,-0.5976997348364448
Aleix García,Leverkusen,27,ESP,MF,Bundesliga,1997,-1.6675316957024429,-0.47760202134445223,-1.433988555282061,4.296000423533149,1.0799685023327927,2.4818996943635736,0.42298113505956164,-0.1812405421692901,-0.7502188266921069,-1.349744696178281,0.14103940453018013,-0.6651691895787601,-0.37209236104154847,0.8164459808547438,-0.5703652834902612,0.5196445348380065,0.10761520768807849,-0.23350249360854458,1.1529025628333842,0.7982118201078876
Álvaro García,Rayo Vallecano,32,ESP,"FW,MF",La Liga,1992,3.237221437443746,2.2247296738689086,-2.315415849968181,-1.2217528964789008,-0.11588934897719334,-1.109853722019824,2.9037452810202393,-2.7852720046522905,-0.6977116575763112,1.9422899524815467,1.0956830012074585,1.033503917818843,-1.3672669384174507,1.289945089826026,0.09586821331366939,-0.1263587562813875,-1.0734786360138153,1.4150164939797922,0.7474558003997889,0.027866526597714776
Eric García,Barcelona,23,ESP,"MF,DF",La Liga,2001,-2.6607499812663593,-1.262609835737142,0.3174821725387008,0.8564167225860615,1.0253056937273184,1.7904354880468714,-0.48056998620307856,0.9761197247393576,1.2490110320039665,0.8015451440644887,0.5040227436218668,0.8928248029020533,0.5965240942710835,-0.1390137372887283,-0.5412817026008139,-0.05183624313799494,0.8172777040505704,-0.6876152136552688,-1.1428468238601883,-0.12265334684496124
Fran Garcia,Real Madrid,25,ESP,DF,La Liga,1999,-0.9374360891245901,-1.276572066086784,-1.3866623542969625,1.5802170875538804,1.0547738358660033,-0.6747406129002542,0.08200379814735594,-1.2113375394549604,1.3863814366567087,-0.039126038065334115,0.7003098295557881,0.22223779275946004,-0.15258305310814674,-0.9459088652781864,-0.5654787508575563,0.7675283081468199,-0.001028126773355058,0.43840918780818905,-0.7082593174964098,-0.176506874650011
Rubén García,Osasuna,31,ESP,"FW,MF",La Liga,1993,4.374400952281616,0.3002127769430338,-1.236401781608982,-0.9733133201916542,-2.9163733769958053,1.2753654009559696,1.7280604658318004,-0.11654371344118084,0.23574965524281458,-0.8828113389577743,-0.32228859728564274,0.4187626912764666,0.9206128088837905,-0.6438508790933697,-0.9295300687388665,0.26326187916473753,1.1415466152481515,0.08849923847497726,2.601698321611219,2.526822171072137
Ulisses Garcia,Marseille,28,SUI,DF,Ligue 1,1996,-3.5997238972384937,1.5789785583675453,-0.2115520415108097,1.0011590516638473,-2.268312374890958,0.07949561056541314,0.7986467707862388,-0.12523138815638077,0.21257635075379974,-0.0791379977540569,-0.41755038000863076,0.3565263430643,0.039684694092881716,-1.682220372533747,0.5378507104837156,-0.09351583757792657,-2.0099914122746823,0.5086172343122501,-0.2750339988356535,0.23358021600450024
Alejandro Garnacho,Manchester Utd,20,ARG,"FW,MF",Premier League,2004,5.618022724273751,6.1050119813227415,-0.39192702528697837,-0.7656252016569898,2.8576465701055556,-2.294312241560301,-2.154494776747817,-1.4203326599115722,2.2752124339856703,1.0680426664401015,0.0588150434928613,-1.9800055892644235,-1.2323856522378398,0.2723677134474939,-0.22119985405249687,0.28181580295449926,1.51480147782465,1.9446545864224898,1.0698693348418886,2.0300135120244724
James Garner,Everton,23,ENG,"DF,MF",Premier League,2001,-6.563017520560755,0.28732456273079493,-2.1112932365397685,-0.2243219113241777,-0.4544865232665046,-0.3191127777615436,0.6519042554129297,0.424582377834019,-0.09049657502470608,-0.6814079500445113,1.1679896656605215,-0.5469736103743835,-0.2641359936138761,0.25332528187125236,-0.9726924181332267,-0.04140142418378449,-0.21064887587190334,0.05239734186917026,0.7137359007150602,-0.24612034764686772
Yarek Gasiorowski,Valencia,19,ESP,DF,La Liga,2005,-3.2065503547714114,-3.911420331002469,0.15265759792143796,-0.12091329244274773,0.45771998144713777,-0.23016058188243388,0.8857346864280761,0.37975874925279585,0.14938731266258426,0.10141386664359689,1.5056558235030946,-0.2714310885305531,0.2504519260547831,-0.8753779938275714,-0.2882177157070021,-0.03256147648490443,-0.7366849552673235,-0.900144246560347,0.14216587026345523,-1.0514720453212492
Federico Gatti,Juventus,26,ITA,DF,Serie A,1998,2.129862452622869,-6.399889413202397,4.278320427369315,1.6692796813818078,2.7976661048802236,-1.0673320598984253,-1.3135062410382194,-0.22523790573897068,1.8278076262991518,1.3265808454919097,-0.14285035796530993,-0.3605122976090559,-0.09322732185283036,-0.4476584378932004,-0.5765912910311193,0.6507819440479734,0.18244400214459977,0.5721385846735534,-1.0567889428519268,-0.9069144144786657
Gavi,Barcelona,20,ESP,MF,La Liga,2004,-5.021122115389335,0.29600259653759403,-1.398156013867001,0.5811464247418131,0.10479253657473257,0.6404750340778301,-0.29851748046315457,1.1473181348033559,-0.1645078956062074,-0.5180689118493769,1.2793075579950746,0.21601021902768086,0.1119813520476351,0.38488852235652193,-0.7365396354851155,-1.0044752347356092,-0.47225781290675095,-0.4634223665785706,0.19058408662923879,-0.44400219650439104
Jean-Philippe Gbamin,Nantes,29,CIV,MF,Ligue 1,1995,-7.334181915256853,0.5256221428181493,-0.6742246692123884,1.0451931398942975,0.5940867462346566,0.4283108986787348,-0.2594862391945381,0.2260288470997425,-0.7181525134119799,-0.6790485161413751,0.732992961399559,0.05465019334740953,-0.009162175022784148,-1.8087265841536202,1.1407529370646357,-0.1741542897651434,-0.9534134736240174,0.07197285957105261,0.30121629286434043,0.19555144081524092
Yann Gboho,Toulouse,23,FRA,"MF,FW",Ligue 1,2001,6.655684824390445,6.879668730371341,-1.9530848780358527,-1.3518508313125703,1.859487775776165,-3.6114972649663604,-3.0055631560835416,0.5675264170687248,1.3181668898984198,-0.36910534993597405,-1.1517532704804574,0.28411426316490823,1.894158778774583,0.9812270251740126,-0.13259486026149345,-0.02613036168308499,0.18204419518468987,-0.7748910467107841,0.07243022183988784,0.09708552443743321
Lutsharel Geertruida,Rb Leipzig,24,NED,DF,Bundesliga,2000,0.4199610812156847,-3.8055490461475,1.3124666383738939,0.40349675912829497,-1.895538435711447,0.4910743091442738,-0.5722404963905223,-1.4648593887029353,1.408818822516133,1.5494457073987131,0.09465925779776356,0.382631292913098,-1.0287155237539851,-0.05794072570694535,2.7897183103766836,-1.314649716525911,-2.0258462380746245,2.8523596825427306,0.16193566831314057,0.19569301334113962
Dennis Geiger,Hoffenheim,26,GER,MF,Bundesliga,1998,-6.329306856836137,0.535279414104312,-1.4451140204387263,0.39700891734198884,-0.24903340932153092,-0.3123665277472597,-0.7689185778678974,1.5103131993644126,-2.3542086523620824,1.3053105016379687,-0.4083175089295997,2.063964402418625,-0.8510542899658508,1.5567767820904312,0.5519184172045631,0.6741593145870328,0.983913297314965,0.3777424386474177,-0.26413609735183097,-0.037643540440546346
Valentin Gendrey,Hoffenheim,24,FRA,DF,Bundesliga,2000,0.07871132737046806,0.6720937354936908,-0.8833306100506657,0.16965566681245411,-1.2317340764972065,-0.8834501640705174,1.9774104963554873,-2.6382965600848776,-0.9127330443826586,1.2410366283787349,0.20735644002804793,0.6629296129328897,0.8373681196322567,-0.06862568640830603,-0.7522516080661712,-0.4350556317254175,-0.42581097990418615,-0.46289594464874884,0.0726239908681632,-0.7391940508190332
Yannick Gerhardt,Wolfsburg,30,GER,"MF,DF",Bundesliga,1994,-4.608132080055228,0.716539628532327,0.6618462111268933,0.14584595721019503,-2.300312023175111,-0.21038722218132427,1.2728651543432892,0.4842522383266829,-0.021735791985764336,-0.5399339974177353,-0.7987358794041137,0.1814305141753014,0.19829995338682124,-0.9979505766671549,-0.5057687807659047,-0.31015859791637923,-1.2887663120520292,0.16513512662623067,0.2884462547613171,0.060314389750344845
Max Geschwill,Holstein Kiel,23,GER,DF,Bundesliga,2001,0.11557654846886334,-3.121578356234841,1.10803005878881,-0.40829401543794425,-2.0590872793909014,0.7969370415230655,1.834830949222153,1.0875923455421652,0.6403683602780817,-0.3667726350636358,-0.7054885209723638,-0.05128397272942601,0.11287905098966827,-0.16043403366762732,-1.2865492059680894,-0.09302917691114555,-1.3866060271548786,-0.23657910834375417,0.28811522782115884,-0.6767182566758407
Daniele Ghilardi,Hellas Verona,21,ITA,DF,Serie A,2003,-3.4217364779751693,-3.0107399914063646,0.905721402989176,-0.7023625616333279,0.5093859839975307,-0.43136986706443514,0.0939217970182555,0.5275579272394146,-1.8262643594005874,0.32105909325926774,-1.1637927568948714,-0.1200764222077649,0.5804198692142379,-0.2902919303146851,0.1380385891143314,1.1267229800271608,1.9288087870207231,-0.8120409696871641,0.20642503799549827,-0.3326897812385966
Lautaro Gianetti,Udinese,31,ARG,DF,Serie A,1993,-2.7769595347798286,-3.3391007667624937,3.757035201564457,-1.3924248729871638,-5.907387106603526,-1.6459304668179933,2.592133518061664,-1.5736462926383878,3.1788540110208308,0.7077524881741991,-0.5842239578061361,0.7193574851324696,-0.1272422999492905,0.9525003278037134,2.9067908161250178,-0.6745466414360471,1.0044659331037147,-1.3866300340692428,-0.13218350637080767,0.8658230838833388
Dimitris Giannoulis,Augsburg,29,GRE,DF,Bundesliga,1995,2.6054680455227865,-1.5185281035483535,-2.386680750791167,-0.716140432149753,0.6242167015436139,-0.6174143340628295,1.8803235606381925,-0.287462863344148,-0.43369177265303294,0.8138928677795255,-0.4694153003817923,-0.7280874014228745,1.6835649420831904,1.0593692537181822,-0.11736075121663257,1.886542457852186,-0.12682990539832326,-0.358290764440223,-0.32610993342707134,-1.2486324945014249
Morgan Gibbs-White,Nott'Ham Forest,24,ENG,MF,Premier League,2000,7.91468468295063,3.520022740290565,0.3589654583299944,1.0018993296637226,-0.1868477451176071,1.2279756883239854,-1.418776561667037,0.802465991683656,-1.1749952292372807,-1.146397220535971,-0.09497993478343933,1.1136708823274883,0.2281994695846568,0.38391387798941284,0.29421363868846157,-2.413578793651625,1.2707238408049393,-2.9268539836071996,-0.28610106294247895,-1.4590458066524765
Armin Gigovic,Holstein Kiel,22,BIH,MF,Bundesliga,2002,-1.2108128617075387,1.4292189410715475,1.5424304994279299,0.11628957455151825,-3.426709005115358,-1.7540370651805144,-0.849135263146816,0.11409042612222947,-1.2831446359109662,-1.6192433748271624,-0.537220872092639,0.962728119591081,0.2124403960505382,0.6270842650883459,2.661963782665899,2.2144657588550962,-1.3198424450452677,0.9928577072017036,-0.1502686922273351,-0.4230813904113976
Bryan Gil,Girona,23,ESP,"FW,MF",La Liga,2001,7.714969765375045,5.038190221606545,-2.835302207654373,0.3375390632222923,0.3412757711708241,-2.539310184990305,-0.7830044886814496,1.0642570962924172,1.6220755887213265,0.5085439988867626,-0.4461818545291903,-0.6072665743216525,-0.5255126787680141,0.8578154734521968,-1.1284818965825492,-0.4492582113967297,0.5106308633941493,0.46132304541569513,-1.2109986690825028,1.014846249172185
Mario Gila,Lazio,24,ESP,DF,Serie A,2000,4.501139837671636,-8.19575084115722,3.014009349516975,-0.10386449879120742,-0.800197271147979,0.1402701887493605,-1.2960511425268981,-0.9224470522511756,0.7928701456191896,-0.2745564863470746,-0.01759518498630032,-0.6597551850392724,0.8402726578056917,0.517475898874878,-0.7764414739033586,-0.9713437394168755,0.6646118678055889,-0.018776253764778636,0.7517699734398982,0.26884092314404545
Billy Gilmour,Napoli,23,SCO,MF,Serie A,2001,-4.563931748656043,-0.8602595869929764,-1.085246333499494,1.5159827339482637,0.4797874709211286,0.7259873403181181,-1.2510576794308035,0.5639751548653227,-1.289021817086645,-0.3847719859219091,0.6551394705890853,0.00983063676563124,-0.24115720964612652,-0.3690084022301152,-0.06486087021955557,0.014358480913252484,-0.8159066704755222,-0.5897859057367714,-0.4688744706857216,1.6035243203001082
Benedikt Gimber,Heidenheim,27,GER,DF,Bundesliga,1997,0.9200929175408713,-7.92458799828392,0.508107894444003,-5.177801401691385,-0.08491634847220836,-2.0086636146255668,1.212188897515717,1.6781111762840728,-1.5087563457106117,0.2270793512093684,0.534627127961282,0.42277359813611803,-0.6684027285547214,0.834444819070628,0.8117428136427381,0.09789332056530198,-0.5943818152538993,0.3700946772601286,0.9704024964997008,-1.1420190397544394
Gvidas Gineitis,Torino,20,LTU,MF,Serie A,2004,-2.155853320333936,1.0133046785400959,-2.1488290016640943,-0.12435445885941973,0.3946060684995839,0.789624905524152,1.226808647153687,-1.1207955595462396,-0.8246839017691288,-0.3306962289110086,-0.2771607015465379,-0.24981165619288792,-0.2109303763896106,0.4019105837885658,-0.09457976315072976,0.08516410854419278,0.6285216638980127,-0.6265489638813131,-0.7935337213045925,-0.4566446424999371
Matthias Ginter,Freiburg,30,GER,DF,Bundesliga,1994,-0.07344329340404385,-5.011345027912961,3.866364953844406,1.5131815219202958,0.7290786387752682,-1.2361172723328109,0.4116005675713715,0.09105467712906594,-2.2384067589458065,0.59932550857864,-0.535385887277897,-1.0709881673043296,2.7599924634279502,0.663579222531203,0.7944892727937971,-0.6506453532162949,-0.48857969924036765,1.642196848028854,-0.35600594676547187,1.3183912981918835
Jamie Gittens,Dortmund,20,ENG,"FW,MF",Bundesliga,2004,6.57310276497057,7.520390503030231,0.10562589128390594,0.7811106893882206,-2.4166494382075427,-5.061087534644279,-1.767141333834049,4.289896337855231,1.062968486691322,-0.5389093428479332,0.5622976043290653,0.38657450534529153,-0.05963345693513647,-2.2422083384696596,1.194837243084222,-0.3705857155904806,0.7041951721287775,-0.8849906388866429,0.44896115642454737,0.7053918290998947
Serge Gnabry,Bayern Munich,29,GER,"FW,MF",Bundesliga,1995,-0.06852551719197661,4.469635893301664,-0.4515470175619853,2.107296721051073,0.48216340349460457,0.5339507219582111,1.0269320140064933,0.2390749735668702,0.689268463589532,1.5381648508546584,0.7277978284957428,-0.4844510444506713,-0.7894090963565025,0.15909124632858057,-0.07201128878321265,0.7008889135400282,-0.1428032263111438,-0.5825859605683464,-1.0577219420541284,0.7739212146606546
Saba Goglichidze,Empoli,20,GEO,DF,Serie A,2004,-1.1705084346742958,-5.028594087299439,-1.1653313670741816,-3.589523196177457,-0.9946691710744181,-0.36400665783035074,0.2660194328990825,0.22336044075030084,1.00550306668472,-1.1826844106923395,0.6778865201840095,-2.0139408515606374,-0.5673125277694048,0.8397987041743618,-0.9659920394290956,0.4860410333920422,0.038463584008314684,0.216132967061489,0.19076320561534066,-0.729642836876523
Edoardo Goldaniga,Como,31,ITA,DF,Serie A,1993,-0.5548042871814242,-4.284501950391345,1.1929339597187754,0.5748220120437537,1.2395253216546558,-0.2504767810106277,-0.08006374968239315,-0.39008168405570176,1.9327222359511091,0.41875607237572243,0.6862839596246578,1.131569107007343,1.1587624171914057,-0.7765308124643915,-0.7808266911494343,-0.08227210760513477,0.9997230877574942,-0.39071357170950705,0.40100150017343195,-0.3859098448168244
Aleksandr Golovin,Monaco,28,RUS,"MF,FW",Ligue 1,1996,7.350728307961337,-0.13621354098643065,-2.590586928575697,-0.8375922115342961,-1.8562828505629572,0.41114203473453875,-3.1532322776731694,-1.6963677634736323,-2.0862386724532063,1.0445992218205045,0.8175410929905498,0.474853216808795,-0.2141001502276003,0.08992494607425842,0.2044763911476137,-0.11073209732505035,-0.04551829190667404,-2.396371860302888,-1.0088361383166506,-0.06618693639009349
André Gomes,Lille,31,POR,MF,Ligue 1,1993,-4.7228535230240105,-0.3526231870062535,-1.2439085681804256,1.3093289574320433,0.4081593975021062,0.6237573964517755,-1.6931083476914353,-0.11883783236714336,-0.7672014637867715,-1.345429568283062,-0.15814680247906393,-0.9416180951761796,-0.7472797049305561,0.4763397618364092,0.14215820824849823,-0.41227968160293155,-0.3472646728638825,0.7034189789891021,-0.02141919598531172,0.03899353117629848
Angel Gomes,Lille,24,ENG,MF,Ligue 1,2000,-2.1058869807325036,2.6442597659686613,-0.27193193430958995,2.2736905818501505,0.022055824036296627,1.151194706844462,-0.34624418921243616,-0.8306240415602587,-1.628310111517109,1.5021061862012703,-0.6227776768249793,0.09850383864368875,1.8249883753534595,0.9279946370161142,0.9252152409001713,1.2743029296855888,-1.7645119565604415,-0.13902575446144694,-0.743881608694364,0.10743025160582204
João Gomes,Wolves,23,BRA,MF,Premier League,2001,8.134161469134801,-4.334968003924828,-1.9720222835054775,-5.338701730300318,-3.237056411646478,1.7045430653176532,-3.5582968608231833,0.8801611193214917,-0.28761784129700435,0.4534097290034598,-1.6947868180928678,-0.3574609428798878,-1.2086554043213955,-0.6878110550083643,-0.7308561636923869,2.901296982721931,0.06231810476644598,1.3295072538685455,1.0334776436904418,-2.1295535104998042
Rodrigo Gomes,Wolves,21,POR,"DF,FW",Premier League,2003,-4.693125015321154,1.9072683686383465,0.09498365300348721,0.060187107357206976,-2.973606084430485,-0.9934576345838024,0.43648008721679904,-1.1239576741026995,0.41873483754252905,0.633589105493293,-1.2260365165475031,-0.8955871266368689,0.24969748482936616,-0.08540418676638158,0.24360098840630445,-0.6081290259745017,-0.9259323218275045,0.5450332882043708,0.41685515550881125,0.17683391873805515
Toti Gomes,Wolves,25,POR,DF,Premier League,1999,1.8118388552177578,-7.5578981131528025,0.8682917516776227,-0.7420902230704849,0.8170916480646433,-2.2342418087853306,0.6655139686378363,2.381795038587315,-0.05737939152765585,0.12569769788741608,1.0319334229622479,0.5898775199083227,-0.6916408731062811,0.9140155255438525,0.575002711440949,-1.259074869074203,-0.46630370565395285,1.0841745831793075,-0.17398994544830232,-0.0823755515602855
Carlos Gómez,Rennes,22,COL,"MF,FW",Ligue 1,2002,-5.09053930980394,2.8632744603732143,-0.6918453490836158,0.7346100128144564,-2.875396125762372,-1.1766527304187362,-0.33671934921964797,-0.7524426577556153,0.45197230144413264,0.07569761882110232,-1.2843909085185794,-0.20969099866369556,-0.14793167686961345,1.150220253319618,-0.7450801215797267,0.4267372709749808,1.1819404989549411,-0.3859742430149217,0.06405096052867618,0.011059088158097
Dani Gómez,Valencia,26,ESP,FW,La Liga,1998,-5.224618554896789,4.20495463010015,1.6619492544780767,-0.9063689107571671,0.7838347953593203,0.8374566503328135,-0.4860818353709201,-1.6143588987206734,1.056219020817354,0.30696145060121355,-1.2144998259673538,-0.19831798222711605,-0.6566623035267837,0.3594709209959051,-0.7311452492740561,0.5291707803101631,0.10149307927994014,0.30078764927595397,-0.20814544566720167,0.4705955426970132
Joe Gomez,Liverpool,27,ENG,DF,Premier League,1997,-3.005619657693334,-3.557366307675056,0.5178998277283495,1.0202425458899742,0.10774625435088869,0.35397117425172414,-0.5005550806977226,0.10354664406257175,0.6997253018079459,1.2993691065749216,1.0205813918802946,-1.1207319382609864,0.7384967472050488,-0.3968377973481966,1.4123165732975391,-0.44886896628457423,2.2751343746870907,0.34117116126258157,-0.21047966614571692,0.3693490409309726
Moi Gómez,Osasuna,30,ESP,"MF,FW",La Liga,1994,-4.742756300288804,0.35069199307070026,-1.6581482082856458,0.5194282517255515,0.4246208466658634,-0.4659823620446829,-0.6559976770134672,0.039461209603877875,-0.9086107177065768,-0.3651602148190875,-0.07063809862624121,-0.18512985674430826,0.03354429601804189,0.2342637529229544,-0.7512679810854717,-0.894359405620439,-0.4498237637678194,0.9595027358600579,0.0836744710391303,-0.01721366282518991
Sergi Gómez,Espanyol,32,ESP,DF,La Liga,1992,-5.329847898088334,-2.4178093633696265,1.6536016415840278,0.5361847703208467,1.0609155366688194,-0.7849259206685083,0.8945770758512743,0.17180055149513193,0.7802959614637963,0.6262553663355955,-0.012455836964251312,-0.6836333157881109,0.09957844680892385,0.8582736499790418,-0.6515695232576454,0.4354073811867841,1.0538412406326565,-1.4182622355806416,-0.6694174008010015,-0.7881756666525332
Sergio Gómez,Real Sociedad,24,ESP,"MF,DF",La Liga,2000,9.504995859736132,-1.2844518085573033,-5.1806690526332595,-0.8353679950741332,-0.9497374033813607,1.5780586716257725,3.454520162962469,-0.9946883186866126,-0.863680888128587,1.8223986654359263,0.6433225105456299,1.7970420465905779,-0.4969724523623466,1.5513849635937424,0.907032285873439,-0.24829549829962613,1.7257675872038831,-0.19089737975955584,-1.145280885188107,1.3177041429449514
Unai Gómez,Athletic Club,21,ESP,"MF,FW",La Liga,2003,-4.748283373565051,2.257160027399709,0.8660733970556652,0.20452754989024086,-1.004464862288613,-0.7269456152839175,-0.19604017739481155,1.0206124218852404,0.44725602186163366,-0.2545452393063348,-0.24665998695017316,1.12962634951018,1.0977248398914692,0.05701811796161803,-1.4286527133762559,-2.35999921972649,-1.1811114146429504,-0.4077636555055615,0.8972684075946307,-0.10906421741864818
Nicolás González,Juventus,26,ARG,"FW,MF",Serie A,1998,-5.271508748450833,2.8313105202369595,-0.18601808587931132,0.5587809253939143,-0.6698321677669759,-0.18420153916642754,-0.08914149634429276,-0.7991054807248591,0.9737605003210389,-0.2675347466330871,0.09498042497305874,-0.6663013289770463,0.1056877305980993,0.443422394075292,0.35220680625139256,-0.6806067018339096,1.4333272860530089,0.16459500205514127,-0.45543256037077606,0.2649002213311224
Anthony Gordon,Newcastle Utd,23,ENG,FW,Premier League,2001,12.928408456648667,7.266660734412823,-2.808373726970675,1.5343508924686335,2.7278002986670216,-0.48951726854719,2.2396343038361417,-0.049596575895794706,0.12752748760421234,1.637250536724299,-0.13629676560095771,-1.0731981000446689,1.4942462219702566,0.3837208504092041,2.1985115724881963,0.42767855698030266,-0.9111657999623652,0.4138266783672677,0.09208559138956947,-1.4162693739257175
Leon Goretzka,Bayern Munich,29,GER,"MF,DF",Bundesliga,1995,-1.0413717227088917,-0.45792929925961506,0.6413739542424814,2.826926161035255,0.3144474194158549,1.3997087775801595,-1.3891919673439712,0.09499510763356832,-1.0761009205059273,0.7944015723298695,-0.12037528273109038,0.3752332296719875,-0.21120203866945159,-0.7956669957537879,0.5607714978028865,0.21782290696856746,-0.2688770849115689,-0.8370667564301368,-0.7424112381755685,-0.5701718529507865
Andoni Gorosabel,Athletic Club,28,ESP,DF,La Liga,1996,-4.5888099700371185,0.22895985427753757,-0.8906876177527404,0.4393741495418699,-0.09714592964457411,0.7691731667954655,0.4243466901253137,0.2337768812250917,0.6888295163901368,0.9552279813293382,-0.8668148920658753,-0.3021797096510605,-0.23653600561785404,0.5513666700157186,-0.7680446968139394,0.8297314357686751,0.7006204937562205,0.0013404530166862012,-0.4281774866994808,-0.27604790394167783
Robin Gosens,Fiorentina,30,GER,DF,Serie A,1994,4.106667217675199,-1.960249038611106,0.7651195677037074,-0.7163580305141727,-2.417741541537187,1.4677414363717536,2.521722137039267,-0.0583956838282436,-0.07136571405908634,0.12552711194974053,-0.07926866663937662,1.256725894364244,0.881503564626397,-1.6169693336115898,-0.7752421465316938,0.41637231412815073,-0.5327688925190347,0.06436626777586962,-1.30287234584297,0.3789314973263939
Mario Götze,Eint Frankfurt,32,GER,"MF,FW",Bundesliga,1992,-2.0271861091966574,2.0812359285223017,2.1165789316541317,-0.08201337210022741,-4.797105714192871,1.735320944592488,0.240645060483142,-1.912329664104251,3.6391049018659762,3.5377258738118127,-2.0451665120113978,0.6052759959645478,0.924245238366799,-1.205855631546543,1.4147470791470933,0.4930106074445093,0.1333306938505771,-0.4967826747318133,0.034373321599944974,0.4483356056569121
Amine Gouiri,Rennes,24,ALG,"MF,FW",Ligue 1,2000,-0.3014688451958522,4.045246510145189,0.6428472785189572,-0.39333880553491574,1.8366898522178248,0.40353963647378766,-1.4253541055570573,0.38786171661767616,0.6091303331023309,0.5826982522790385,-0.8961062544870292,0.11179158806084713,-0.7927474963880444,-0.24952548796641738,-0.3101541267870094,0.4012728377126038,0.7482506352005703,0.3122237164262448,-0.028764065157589943,-0.8796094116536302
Jeffrey Gouweleeuw,Augsburg,33,NED,DF,Bundesliga,1991,1.572035405413721,-5.549041097422976,0.8784059901392691,0.026181156828385864,2.109638536030157,0.20854002542978453,1.3498242288042395,0.6883762739499197,0.01866247090350061,-0.1389992578266757,0.1602945171805389,-0.2743714609909704,-0.1484801980038686,-0.9660446429364274,-0.08958128783909537,-0.04657190426052038,-1.2969973697325705,-1.7336986858651724,-0.5176855008338711,0.0761424948412823
Jonathan Gradit,Lens,32,FRA,DF,Ligue 1,1992,-1.6802934462032575,-3.2826437965039252,-0.17383766378619087,-0.9358366667470097,0.40117078722680577,0.7400897989025333,0.14723383677147123,-1.19017288091751,0.40972443332996356,-1.2424451043332383,0.8406097970788371,0.3246564593299277,-0.001511379969108984,-1.294359763935429,0.22611139399589303,0.35042048544451276,0.27664761907764457,-0.6484437830539309,-0.33170541735696124,-0.4088211771840848
José Gragera,Espanyol,24,ESP,MF,La Liga,2000,-4.5623792040874465,-2.0047705836934795,-1.6785643734823943,-2.0683418079688756,-0.9439534199456403,0.8218181767584255,-0.804531457403907,0.8902314944572749,-0.07171689194583905,-0.9301064926829123,1.6630738466694694,-0.16554167985255566,-0.2539473519022502,-1.0205591351518652,0.4749401891890714,0.4097913024527265,-0.6055618739065798,0.04688473831793763,0.1795386007004684,-0.7883336955399933
Alberto Grassi,Empoli,29,ITA,MF,Serie A,1995,-4.081756513152859,-0.5991133459297864,0.0868505655259352,-0.45585936903886676,-0.4578723588935957,0.10373439776064795,-0.5789959872663654,-0.14406048085494708,1.0162731437082835,1.618099142743726,-0.09220122112463035,-0.029248636160866395,2.9715084827083063,1.803255093992665,0.6305881179604116,0.7127243562428659,2.3929819874659937,-0.0006685620921313732,-1.1008444571369296,-0.6591383326748406
Ryan Gravenberch,Liverpool,22,NED,MF,Premier League,2002,9.578298062659538,-5.535396892988837,-1.7402843231276977,0.016052096332312225,0.6959116432193576,0.9843424559381242,-3.235232133791754,1.3288171794573607,1.5481308844942805,-0.5288176781790441,-0.3267755203845076,1.42767498871928,0.8345718604434138,-2.0809287319547605,1.0160097611861347,-0.2079550478126586,-0.38611775074217536,-1.4177581248542002,-1.5574827083590739,-0.5400084674465183
Archie Gray,Tottenham,18,ENG,DF,Premier League,2006,-4.069134681584123,-2.6010332598363473,0.6611237080059063,1.918916753735364,0.13325281406868827,-0.6989058580740914,-0.7381070451634303,0.08063427783825372,0.3451842124712791,0.9633323696900935,-0.16885278291182876,-0.5922385478538611,0.4199596847187459,-0.8648986212527771,1.6186737537465186,0.005337616782564667,2.8175360785444212,0.8164554452314053,-2.414084454943943,0.9434749994942292
Jack Grealish,Manchester City,29,ENG,"FW,MF",Premier League,1995,1.5510362238953002,3.590125173176487,-2.4086440611339786,2.674063219593982,2.7860419987335545,-3.1579395693092067,-1.2149706346670472,0.29315677572633225,1.0043207969903727,1.1790088730985893,0.16333688044159805,-0.8473134907853445,-0.1692839596165817,0.786635621203728,-0.4537751401120665,0.1926815132451928,0.22275073691073327,-0.02281907605015329,-1.6261559349124481,1.174202180819311
Jacob Greaves,Ipswich Town,24,ENG,DF,Premier League,2000,-3.1607014057078806,-4.359931494731768,1.8302499022926082,-1.2562505852681212,1.1546636046846548,-0.6360922072384588,0.9573629757090786,0.41055725345603167,0.14023048323898604,0.06489355245458187,0.6035360179897691,-0.7464351710749783,0.23721199647405566,-0.5626436949056864,0.32481052717899833,-0.33524190674264437,0.4691647261227165,-0.5018176973942131,-1.0222089774451841,-0.06627715537446864
Mason Greenwood,Marseille,23,ENG,"FW,MF",Ligue 1,2001,12.614451645470929,7.752215765438626,1.4086448864867978,2.8766642688465867,-2.6717005190428758,-3.8919606973648557,-1.3762828367517217,0.11425831168516697,-1.917037978602799,-1.5310066306994454,3.399999305664285,-1.2241913997983638,2.5308845651493366,-0.2116347681500467,2.0022797596981277,3.336657175066443,0.9725120052058156,1.7983988503222654,2.4627675394265585,1.7621531435487308
Michael Gregoritsch,Freiburg,30,AUT,FW,Bundesliga,1994,-5.4679799245281835,3.236255564225025,0.8954311510289362,-0.03429692128083991,0.41592773705556896,0.9637949814025157,0.7079214075042962,0.17155270465232686,-0.3772091536305387,-0.658797064518859,-1.8503659951361142,0.07865331867046783,0.036931029990705584,-0.803507496678242,0.1741841572525756,0.39823756047962916,0.15966125111219767,0.11073686035838308,-0.5993027334916906,0.8383313720332348
Antoine Griezmann,Atlético Madrid,33,FRA,"FW,MF",La Liga,1991,9.769057757898763,4.7194744540465186,1.7933467772590723,3.660871536790535,-3.1265555667318123,2.2104328343089517,2.5471542943386236,-1.3858520725538601,-2.2364023401386834,-0.18412354106944248,0.3785408129794713,-0.7566150041158397,-1.079282071323736,0.13177491454616286,-0.14772814849550664,-0.5462826518152677,0.3257862536659986,0.2312087034783882,-0.3381705164845569,-0.48517521216913145
Vincenzo Grifo,Freiburg,31,ITA,"FW,MF",Bundesliga,1993,9.067315641247486,4.213490523207142,0.6244190216691742,4.925681336921925,0.31792012668122055,4.231175380300339,2.7672205155894463,2.9788536565100694,-1.069323946151571,-1.3099491463826376,-1.790490359088036,-0.5276637995462279,-1.4460515125574365,-0.9164142017766571,0.4995683483667725,0.29218382965623996,0.32850921418990386,0.07631895494427791,0.23778854718252243,-0.4826572535054508
Florian Grillitsch,Hoffenheim,29,AUT,MF,Bundesliga,1995,-1.696396952877886,-1.9715658968111487,-1.3365659888455008,0.7700539871884695,0.32915508456679743,0.7002797123669423,-1.2507074911907077,-0.4828629437892174,-0.32051543544579836,-1.0530542121551636,0.32816840782023166,-0.18344327448330497,0.022236486293904057,0.4700040255459455,-0.7168807206723101,-0.05123417287897155,0.7404512426862374,-0.6562590407636871,1.4218556440640981,-0.199440199055496
Álex Grimaldo,Leverkusen,29,ESP,DF,Bundesliga,1995,12.749132973197371,1.8605230181995964,-3.9496044688190715,4.5743642696045566,2.5493927556575953,0.06322633262484384,3.865557868580001,-3.8341839247735203,-0.8066231570315436,1.211053723632194,1.590011002364471,-0.16276695507268177,1.5516852161001784,0.4230579993249105,0.51456531690388,0.045908161936001134,-1.2366375062214199,1.9612843650374054,-2.8654877422147593,-0.11290998243164277
Pascal Groß,Dortmund,33,GER,"MF,DF",Bundesliga,1991,4.766583974818057,-3.433376778124581,-2.554296598363768,2.9200976771060674,0.8780033105645053,2.098851783844614,1.5647113567174669,-2.392364557840932,-1.0768487382340923,-0.7824078276998684,-0.18760858314665424,1.3575470780360932,-1.156014769786541,1.4934061109301018,0.2290535905768259,0.8726307853463575,0.04543002724684188,1.4946611809869759,-0.49810791255091436,0.9951004168736821
Brajan Gruda,Brighton,20,GER,"FW,MF",Premier League,2004,-4.919912065840218,2.090390973078765,-1.9172366057647843,0.7619997734114525,0.21810763903917801,-0.9778476171786589,-0.3387255851133638,-0.004105496794404927,-0.3276315856058283,0.7152502265705076,0.7704879188719936,0.5007131044047867,0.5875043237757324,-1.0350394919919135,0.6097352483098026,-0.3059193032895772,0.923581063158484,-0.6834668154218231,-0.30083400841026425,0.5696371512968441
Marco Grüll,Werder Bremen,26,AUT,"MF,FW",Bundesliga,1998,-2.1653839869530103,4.885630975880014,1.0743946178179191,-0.24897809927536602,-1.4660788457742027,-0.5996945110228429,-1.2479434983333475,-1.51377521252772,0.09383893976883606,0.6013111863481548,-1.2731074832532945,-0.30276751610450514,-0.6052855439996677,0.22224805619945176,-0.2129328114147962,0.3662969425471838,-0.06798788169077892,0.08493719623344011,-0.10295520877445209,-0.13670653971661098
Albert Grønbaek,Rennes,23,DEN,"MF,FW",Ligue 1,2001,1.5025954734388725,4.210949186321838,-1.9557228168399199,-1.9179543842729314,-1.3304019647813012,-0.628762254083651,-0.1345917848898541,-0.12267576418053155,0.37169295944652875,-0.39889334969289203,-0.47048996642193935,-0.7638416497575001,-0.6637382905771941,-0.09173336139548173,-0.2492806565023516,0.8571233703492435,0.898611681937186,-0.24555015480347087,-0.11865329147236534,0.6042083737738998
Nemanja Gudelj,Sevilla,33,SRB,"MF,DF",La Liga,1991,0.8199360632856446,-5.367613514701141,0.8081019903619233,-0.382076231719734,0.9033319678095706,0.75901757580974,0.2042403982422169,1.3459511078878923,-0.901399733240063,-0.47813954376211626,0.3733073977463353,1.0388538893075643,0.7385047438070093,-0.5448154249333796,-1.4026392468514999,-0.033169348191793346,0.5664379406458583,-0.6309739580424834,-0.32083764176761936,0.745373003737619
Gabriel Gudmundsson,Lille,25,SWE,DF,Ligue 1,1999,2.3373241189572687,-1.814702900030166,-2.814393807070775,-0.5456118761621435,0.4198806163378953,-1.7973503932698853,-1.1944383246925494,-0.8433972363516354,0.004529162180773419,0.17416609128927013,0.57221913367624,-0.3780196841390408,0.5299074345175555,-1.0119415492352268,0.7263086583794894,-1.0543637374157162,0.2566524709881279,1.315675822727501,-0.3466935155652213,0.4026417962254344
Gonçalo Guedes,Wolves,28,POR,"MF,FW",Premier League,1996,-1.4927397066492318,3.9831786490837886,-0.13186126272528845,0.6181563437900565,-2.6951151861508134,1.64302512670709,1.289273432105085,2.809904282048028,1.2042509906032401,-2.4063280780952145,-2.0034700903352842,0.0965397185918308,0.13405764201036224,-0.7713525057230393,-0.013543857477920904,0.21739658367958503,1.2526732813608608,0.17749328344460347,-0.057632102785613266,1.9330468406639525
Marc Guéhi,Crystal Palace,24,ENG,DF,Premier League,2000,5.584659620463798,-8.370662900632142,5.565518109640985,-0.23104878051618366,-0.0628947735592081,-1.2546580701117698,1.3806598488388904,0.6781063449210432,-0.5222325977478033,0.8123637598391082,-1.3810444836490547,-0.7798982848033343,0.7337368318568994,-0.007902425700083628,-0.6161006821785773,-0.7373251525587297,0.43763061392124364,-1.693741942979597,1.1805622389399655,-0.2715040698500879
Mattéo Guendouzi,Lazio,25,FRA,MF,Serie A,1999,9.115361749456595,-5.3584531945489395,-0.1496663410752232,4.374639364344018,0.36376523228209023,1.752058956433748,-3.9660585056409143,-1.5946774133802335,-1.8797027771387116,-0.9029729015273746,-1.037471382139005,2.542664307092121,-1.069074092649699,0.4672218804950185,0.7940809184193067,1.0279832689323105,-0.08783734899969858,-0.5176556017819386,1.424553833795781,1.0643320969771015
Javier Guerra,Valencia,21,ESP,"MF,FW",La Liga,2003,1.7013071182747617,-0.4191963256108434,-3.1485884615746937,-1.6809578535207972,0.16083856630298934,1.3374033494129058,-1.5524357024239712,-0.3371667334677891,0.7234404554803604,-0.9832994394836992,0.3046805919334955,-0.16665675411884806,0.12406148045747552,0.2541872935391858,-0.9031196371716623,-0.9722214355649944,0.5572525596569438,0.3912078207680847,0.08584639362506308,2.06697974216257
Raphaël Guerreiro,Bayern Munich,31,POR,"DF,MF",Bundesliga,1993,2.485668955207475,-0.41641592969211844,-1.8449757037155983,3.5482990080707735,1.6234953299224584,0.597151689673035,-0.4871862530688445,-1.0248629431290637,0.670662079774493,0.8931165389639977,1.4433808542067734,0.1675852280442252,0.021377212012886275,0.6203410559921415,-0.5746974893604367,-1.2481307437247533,-0.012776534172911552,-0.303575795938403,-2.0281532544227194,-0.12401789185064405
Evann Guessand,Nice,23,CIV,"FW,MF",Ligue 1,2001,7.133324465234213,8.834476941540222,2.6931756254705337,-1.4971351028639717,1.2970682098897754,-0.13494434308631106,-2.2358891211340532,1.6966541469247358,0.1626832359187209,-0.7568600331082066,-0.9643149864149304,0.060132572391105775,-1.0075684589177691,-0.4298128695278325,0.36745797382672474,-0.9703554297500371,-0.2270031366662349,-0.987076911894571,-0.6112449415813589,-0.1370125181035712
Ander Guevara,Alavés,27,ESP,MF,La Liga,1997,0.015075672453689754,-2.8447559069045227,-1.5959853689121073,-2.112485138103274,0.021804694528949925,1.3177013056781564,-0.8473952340859213,0.683029631019213,-0.44461907159386166,-0.9306332607525067,-0.888310525220207,-0.9226177279499203,-0.25308828363099556,-0.5832015473505218,0.13284680188284678,0.10365349489206066,-0.6215451976236901,0.9816231970479643,0.2021256280867923,-0.30105401535999143
Pape Gueye,Villarreal,25,SEN,"MF,FW",La Liga,1999,2.896993276688643,-1.518591375123093,-1.0706602565961905,-1.5083158205718399,1.9500170202053917,1.3295513172840117,-1.6572953458061472,-0.7192761465464749,1.1920878927853529,-0.5897179786725134,1.695588014634072,1.1612375983885188,1.1891286224779678,-0.13374270051778844,-0.4500580939446632,-1.0847357619844424,1.2626529329873701,-0.8507077787617005,1.2637495174890585,-0.7674849226464973
Morgan Guilavogui,St. Pauli,26,GUI,"FW,MF",Bundesliga,1998,1.3709447270503963,2.5902765587904564,0.8858597391188169,-4.681018701463269,2.307541069867966,-0.35593308965007925,-0.5482593920244713,-1.0111428685311559,-0.6692727419363342,1.3594064998752846,0.02730156641559494,1.054126857426705,0.4512456605324175,-1.065707399662747,-0.9276719776317406,-0.4530196524058651,-0.715888069285991,-0.039841936303438075,0.5979843265656984,0.27069078022742327
Frederic Guilbert,Lecce,30,FRA,DF,Serie A,1994,-0.003999301692680756,-3.467246013881345,-2.348227058217073,-1.6225436865880671,-0.46344013525502975,-0.7834631764931081,0.5392838187388945,-0.12608046996951885,-0.5138368321799811,-0.30824407635795387,1.3670590192173524,1.6506747431226434,-0.9766015379065955,0.8418307002368558,0.41364015328499193,0.24208533604887086,-0.8985889749261748,-0.42267463963937574,-0.34854627872284855,0.23892162503936143
Hugo Guillamón,Valencia,24,ESP,MF,La Liga,2000,-5.873794802108664,-0.5833717957194594,-0.9882651093464819,0.6048011353448061,-0.37487528436537737,0.15734956582932905,-0.6955754635009469,1.8742634467679362,-2.142737114809528,1.6401673810256219,0.8612310371192288,1.1601699432199497,1.0651045891961133,-0.23773763159290912,-0.66343768414339,-0.15256552672269572,1.3812903561679986,-0.15586034621763947,0.2517133537096388,0.07799234266169917
Bruno Guimarães,Newcastle Utd,27,BRA,MF,Premier League,1997,14.379902134427674,-2.0148036284857955,-2.529499273449805,-1.148489605895211,0.9603775955195268,2.924938605064599,-3.7061024220390917,1.6228246737448746,0.04920135679504486,-0.8459863041009318,-1.4558342992395914,-0.34220111122470126,1.1587017161189888,0.8855391572148689,1.8582546690738817,-4.055471098758355,0.26887799359274833,-0.6922674798840217,0.5302891642145351,-3.7614532269522347
Serhou Guirassy,Dortmund,28,GUI,FW,Bundesliga,1996,0.2787254540314701,6.654607739076926,6.010663201366824,-1.892140542121491,2.2888972009963027,1.5748756607360235,-0.12409564022521687,-1.4601142490636916,-1.3534660584705702,-1.2751112164129392,0.8086130511818753,-0.5347781612764504,2.964854215390844,1.7825813335839151,1.4577865515494934,0.9602959258211674,-1.3134213684513754,-0.4426100358438259,-0.6888275763910124,-0.9235025928690438
Arda Güler,Real Madrid,19,TUR,"MF,FW",La Liga,2005,1.4116574458864983,2.637398029373659,-1.1137455020194493,1.0090990640027417,0.9181142907663123,1.9447021617322744,-0.13757520157993477,2.0869173214981442,0.6405400371984761,0.37659542712133504,-0.3756898750670502,0.14783878507964499,0.18416989029720585,-0.31302119145133966,0.29493593419417313,-0.028675351644832835,0.8500033548990896,-0.6092503455971626,-0.07220176839495061,1.5492792314678618
Gerard Gumbau,Rayo Vallecano,30,ESP,MF,La Liga,1994,-4.101226316763778,0.7627596673296084,-1.1254689459940799,-0.7779662806725252,0.06196585380425938,1.2699881820562322,1.4955620933501481,-0.7353229079417303,0.184926289910563,0.17178628491188333,-0.07176405563178088,0.33572803388783873,0.48231999696366284,-0.005881836220204155,-0.2489666152880911,0.05147200443789543,1.6860141905895547,-0.4745701993981046,0.2801642827448666,0.1711862167809331
İLkay Gündoğan,Manchester City,34,GER,MF,Premier League,1990,5.280379697183443,-1.0065940082784977,-1.800719235747209,2.7342934827435186,3.0364607607792156,1.6702661208579526,-1.8006003532837336,-1.2256030908340703,0.1822891925130171,0.7790520303662861,-0.20544214655845414,1.0313666227017426,0.0050708851597539946,-1.2150205080740302,0.31284525874730984,-0.07643245012126298,-0.8657083045523725,-0.2803783274801189,-1.159819112232276,-0.35035781642780606
Christian Günter,Freiburg,31,GER,DF,Bundesliga,1993,1.8277449501884675,-0.9265191669564707,-2.1613788444726065,2.250164476977182,-1.0032133305499278,-0.823503944314119,3.755816628434765,-3.409483662134904,-0.39196764900049524,-0.311910902600306,0.6628947402580091,-0.6868241310174632,-0.8164490435008296,0.49913970984382483,-1.515737293454908,1.0472997729512765,-0.31802596933537836,0.14010368779131213,-0.5697669471303621,-1.0459656381697329
Jon Guridi,Alavés,29,ESP,MF,La Liga,1995,0.05360184203895668,0.3939181571488673,-0.5085546391620694,-1.3451694059632096,-1.1557520983545797,0.8726917964494268,-0.5256383991750058,-1.141370928487485,-0.28912745206050805,-1.0796285350269523,-0.4748599242973709,1.676223041219922,-1.3829661218366707,0.6942744056472632,1.059049779290449,1.183947277563771,0.07513231552412328,0.5097617741835067,-0.8671718200559446,-0.17699017874926995
Gorka Guruzeta,Athletic Club,28,ESP,FW,La Liga,1996,-0.37408039034387736,3.9696516347992756,4.394225554105591,-3.085704994102807,-2.066909889272411,0.7214650219492459,-0.009620062582749703,0.7783973575612694,-1.508897208143472,-2.3947015125699473,-1.4459959500407142,-0.1595895133609344,-1.2906633850242524,-0.26399425990856057,-1.3329336776719307,0.8317284209882994,1.2389587335446512,0.7522926762874018,-0.5928174939425412,-0.46642318335860067
Malo Gusto,Chelsea,21,FRA,DF,Premier League,2003,4.826655914741961,-4.255249990471636,-2.363107602498416,-1.027962905666906,0.8956980401200905,1.6161271205250418,-0.13535600447425658,-0.4736873539918959,1.5962628317730212,1.082390227070636,0.5229174645926209,-1.5975636398138333,-0.6073057502663926,0.11545356258833223,-0.47696594291625927,0.29734438578135886,-0.13781755592096742,1.9881034477644175,-0.2687908016263474,-0.18145196141579015
Miguel Gutiérrez,Girona,23,ESP,"DF,MF",La Liga,2001,11.966781867042807,0.30521536701847113,-4.022542740775547,3.376567155012284,0.7397575101308996,-0.18766887299882332,3.4463496878622277,-1.1612185776935495,0.32591251210721806,0.6411431516915582,-0.7661814287198094,0.5472895971267054,0.22449467959495828,-0.2733725330382987,-1.3913854035969373,-0.06148280871515627,0.9381707561015364,1.7889737713945784,0.7767053969139576,-1.035992782632637
Albert Guðmundsson,Fiorentina,27,ISL,MF,Serie A,1997,-4.743012273234042,2.6059667716750177,0.4080356840070214,1.4106388067866744,-1.2448809220406936,-0.397281238144539,-0.5351053345585413,-0.336195867480634,-0.738070042617799,-0.3359194777261239,0.43510115920171716,-0.6217316621904507,1.480051943881398,1.888354539334652,-0.4981572760905908,1.4378632444912423,-0.5014806021605923,0.4301042270597477,0.5828475758640387,-0.39395127228540805
Joško Gvardiol,Manchester City,22,CRO,DF,Premier League,2002,12.657974573165664,-5.21675047236312,3.3074792614012294,3.137503355352134,-0.2635006811683194,-1.0295405901541692,-2.712843312952435,-2.365261471599058,0.6959273020718201,0.3647954542741749,2.0440701010776987,-0.9996197688898625,-0.4097029776612733,-0.2794964028181443,-1.0470373354134157,-1.3622647003495925,-0.04948206558466094,2.1574670746077556,-3.306339351015984,2.344771703219146
Emmanuel Gyasi,Empoli,30,GHA,"DF,FW",Serie A,1994,2.3953615856191517,-1.5827528591041369,1.7489604104956344,-3.272335891045439,-0.8831875024270944,-0.7104295550400072,0.2031218749791544,-0.3648068631418283,0.04148830610505698,2.4838509043652,-1.4211117103701283,0.7853040555639403,0.4588665755020285,0.49944507480184774,-2.3143724509705876,0.11741564494511188,-0.675938929356946,-0.13185183494022715,0.11352629777697025,-0.7794601417308231
Christian Gytkjær,Venezia,34,DEN,"FW,MF",Serie A,1990,-7.666880521570768,1.8849251458329133,-0.6997835539071879,0.09199551830161382,0.9225096344731374,-0.15485361129474826,0.5123147398209158,-0.28285243473141336,-0.7100365327668999,-0.8688108429459865,-0.13588683241440275,-0.015936366019457554,0.258322990783509,0.11822067180477969,-0.856120249672096,-0.191653041561362,0.5572401002357041,-0.0012798729891699894,0.20016620221983722,-0.23911596793928927
Erling Haaland,Manchester City,24,NOR,FW,Premier League,2000,5.074308658195846,13.030861443578331,11.013475859705599,-3.6924127983179775,3.525404702652473,2.580324036122454,0.5465431488226336,-0.19922630167283448,-1.2049793776049338,3.1052991962982053,5.532852328525517,-1.232615128658952,-3.987818032764744,-1.1626032514258908,-1.195023741539045,1.918478013666221,1.2977479782077248,1.8319512695878468,0.7551413128316121,-0.5608357364094986
Nicolas Haas,Empoli,28,SUI,MF,Serie A,1996,-6.4704634274484585,-0.09806865578500715,-1.662912169244931,-0.2439318297134567,-0.2960291574972258,0.32377744730992397,-0.7144680091128244,0.7840744436043867,-0.6554583075618172,-0.9364297747081847,1.1801306203351978,-0.41367849798943485,-0.2884555121977752,0.23992272715774934,-0.471427490169196,0.2138651904694259,-0.23871116886042124,-0.2124218630241755,-0.21427045723317448,-0.11445868669128868
Janik Haberer,Union Berlin,30,GER,"DF,MF",Bundesliga,1994,-5.013126067993604,0.1459279634275529,-1.9247698831310431,-0.6912743133665811,-0.5375303864942199,1.145718443955007,0.33031319585919605,-1.283456148208184,1.5033236388611777,-1.6711442949208135,0.8822027223818202,-0.6003727004492182,-0.3912680631342763,0.33202062513535463,-0.5069912353831382,0.4011605369487284,0.7480476028065361,-0.14673230602671075,0.22819380978793938,-0.00868606962544535
Robin Hack,Gladbach,26,GER,FW,Bundesliga,1998,1.076737098465444,2.860194528150153,-0.9017284847276407,0.47294706146800497,0.6381209070499515,1.0485294737290498,0.29545076173042484,1.8196968791029238,-0.051622932086065026,-0.6418371117428464,-1.4784151002793802,0.3472937219988926,-0.1032542698589425,-1.0396397974615137,0.3834678090427053,-0.3151158290246307,0.8397310749688569,-0.15977119419581484,0.24911739388860143,-0.3295974401699554
Munir El Haddadi,Leganés,29,MAR,"MF,FW",La Liga,1995,-4.976552330582806,2.2262425378263293,-0.34233628766714247,-1.3066256891871335,-1.832578480326932,0.01601360199617347,-0.24901881649848132,-1.342275030497314,0.9587621368479939,-1.4980863923922736,-0.7306421535127939,-0.29570345775956397,0.06736338546843458,0.4729394421569236,-0.26891297533884984,0.13428326675298582,1.099102970153228,-0.24243116461031952,-0.02777054943793654,-0.1150437457132851
Amadou Haidara,Rb Leipzig,26,MLI,MF,Bundesliga,1998,-1.1376239241059127,-2.624752022357085,-0.5769576658817342,0.03960014424642298,0.8707003085582361,1.2646593152205468,-0.17004647762855285,1.2263709822729751,-1.1763732348749447,-0.20019850320015062,-0.06055777969338616,-0.4066284567802655,-0.2704970380005463,-0.08748120952467846,0.2928851925163284,-0.7422205169477946,-0.9927612116331923,-1.637824818552899,-0.2612944123260891,-1.023545556879953
Massadio Haïdara,Brest,32,MLI,DF,Ligue 1,1992,-4.865714636090779,-0.6180546410976692,-0.8762666771312883,0.3816172491033505,0.7313753628534838,-0.5552071591417762,-0.0994699780736785,0.17711050731654152,-0.3243650104494868,-1.4751824204346393,0.8615817099546085,-0.42780366712263523,1.612839337651089,-0.7921767293433959,1.5358614175827203,1.3934817694992117,-1.429674611632064,0.6484666650510751,-0.031502695517341806,-0.813049180341755
Antoine Hainaut,Parma,22,FRA,"DF,MF",Serie A,2002,-2.631449226572543,-0.31250085618050877,0.4143566442191395,0.527884631831888,-1.4253044296699728,-1.0835685661738803,1.1382139187383076,-0.43046960839827464,0.4372494713226042,0.758802890791681,1.0974053870156621,1.0959478588128613,1.173625716553711,-1.3423594515953878,0.06497156386401229,-0.9129433985413212,-0.2293067477336645,-0.6107132697490532,0.5092231029594322,-0.24598790813785343
Mohamed Haj,Parma,19,TUN,MF,Serie A,2005,-5.530753722040061,2.839505732771318,0.38302768246696145,1.7467148675321809,-1.4221755399109763,0.25005257514037793,1.2951957192589163,1.282045087981449,1.6353808600888593,0.3748484886494497,0.8345195984180187,0.6858558082695309,0.8034670139962476,-0.09521997662606997,-0.1825525070885339,-1.1269433059439018,1.1271745796543058,-0.44616373472293513,0.08569388658400409,-0.4216583767508588
Achraf Hakimi,Paris S-G,26,MAR,DF,Ligue 1,1998,14.766221599287576,-0.24449353525052533,-2.5851266882352535,3.203332080248848,-0.08002450106732155,1.1869302394952046,1.2225260920447494,0.593949326687978,1.335850670887897,1.9779432790600904,0.782128231999226,-0.108271666108548,-0.12299564558143829,-0.23614217863144302,-0.902735941561045,-0.4008717908500659,-0.07265663360301729,1.3705373780739714,-2.9678513879846755,1.3574214359045251
Lewis Hall,Newcastle Utd,20,ENG,DF,Premier League,2004,10.731916993648925,-6.765796786313733,-2.059070667074408,-0.6575003414544197,0.693800523349214,0.524247603354008,1.32256787937788,-1.54302345382582,-0.9643380929099332,0.4343891374844082,0.04614270235736275,-1.841016644405706,-0.25178351936883264,0.41307709188719893,-0.2818228858525421,-0.2819395954905096,-0.49348090812448686,-0.5324998036345637,-2.81088593988765,1.8458097438420926
Sébastien Haller,Leganés,30,CIV,FW,La Liga,1994,-6.78953131918859,1.8366820962043542,0.08834659363280398,-0.40027186570781015,1.402471622513731,0.09678269477557959,0.3201067434065083,-0.6066802355291324,-0.866514839705831,-0.7748730457315717,-0.18109572961088077,0.8779814136049849,0.8170917379697117,-0.7871566139192744,-0.22193831819103121,-1.1831399227182555,0.1836847625208837,-0.571378300101148,-0.3549458033217209,0.11315808968291095
Andreas Hanche-Olsen,Mainz 05,27,NOR,DF,Bundesliga,1997,-6.662288340662027,-0.3416456767425211,0.17235218250670595,0.921937827637754,1.0364553611047342,0.2583974208450131,0.6262202062941598,1.0644778410339317,-0.9159707395556603,-1.9408832037139636,-0.5196346436953184,-1.3187947766619672,-0.5905435747021842,-0.7402079210125807,1.269885919420938,-0.14105127416741617,-0.5167456090573392,0.28187940545767753,-1.0628477292632927,0.22359052214443953
Florent Hanin,Angers,34,ALG,DF,Ligue 1,1990,3.251636498030754,-3.580728353450979,-3.5109949318314007,-0.03860553913504407,-0.6477400125013544,0.09533934160539473,1.9845637906564155,-0.5007112636421954,-0.9455827269660959,-0.05987348407441744,0.4979368230453387,-0.9198697169851979,0.4670725877614879,0.4293932712115512,-1.1295026480829768,-0.4914070923147727,-0.17729164260438834,1.940783027251758,-0.439698149096054,-0.23923026399527444
Ridgeciano Haps,Venezia,31,SUR,DF,Serie A,1993,-3.3240593882045517,-0.3481495854525015,-1.5290940581528785,-0.3310548589983318,1.2140105772043999,-0.4025334666365916,1.0361917289395461,-0.4458112411326647,0.776910430560445,0.6185385179506911,1.2693721081884457,1.3829107320655596,-1.2498755340859318,1.532895764960726,-0.11828139208734642,0.4885577568383241,-0.2223283206457645,0.5960097175781257,0.44824884771211926,-0.4566399718195771
Amine Harit,Marseille,27,MAR,MF,Ligue 1,1997,-1.2829851282005047,3.7407782540760373,1.2023445046543844,2.500633073940298,-3.0216173193313725,1.101380646331641,-0.28240178728166343,2.1366548979389015,0.9170677379498593,-0.327722009048806,-1.6641918231792994,-0.2788356940255813,2.4125500808200693,2.051704024886457,0.7868115261850595,-0.5700235869453666,0.1303552590792804,0.11941811090922959,-0.570077261144159,-0.165992814385712
Phil Harres,Holstein Kiel,22,GER,FW,Bundesliga,2002,-3.504666584655575,4.543367004448318,3.22783341901492,-1.180037067387129,-2.3852594700359537,-1.6019888337343244,0.6502990095129302,-0.8040890861720202,-0.3508884650723899,-1.4897435411006252,1.16607310437465,0.8746462341907224,0.6337034017352204,0.20390231068575967,-1.6492359829903005,-1.3616636481674929,1.9217945207637126,-0.5538596886575916,0.2868874899039353,-0.11142879629743623
Jack Harrison,Everton,28,ENG,FW,Premier League,1996,0.9188948398394368,2.8511777960237614,-3.209165263426618,-2.2669394445312165,2.64954973522864,-0.6483946110795578,-0.6847921391780911,-2.2811580298600376,0.7415935899612062,1.9181945594787562,-0.1659344019532592,-1.5211221723117676,-0.085528881271297,0.8522233174814193,0.35667591094903706,-1.7262445381226252,-0.2933935802794255,0.7029427024921597,-0.15270827854690977,0.8463323155816185
Abdou Harroui,Hellas Verona,26,NED,"MF,FW",Serie A,1998,-2.355120461908938,2.57098011535578,-0.13906481727979833,0.38975462077316053,1.2527399453058334,0.39743125990982786,0.26613256277515634,1.765579562775733,2.8334968815762696,0.6853100164468166,0.8587314451262954,0.9544004642292911,0.3838757994449721,-0.6341460086778805,-0.8939876957608027,-1.2854886267232455,-0.15520067537426835,0.1846657471791754,0.7501565539882782,-0.6908933610668418
Taylor Harwood-Bellis,Southampton,22,ENG,DF,Premier League,2002,5.992483627541128,-11.100760566864516,6.4141187436292615,2.2503741381580165,3.0263432885723276,-1.5262941235154475,0.280558631458757,-0.6413935023508233,-1.3604671521754712,1.0672817881588943,-1.5947261121800238,-2.677332740686779,0.04479019016151231,0.987293220232677,0.46235082627500645,-1.8053530353623972,0.7001403177420572,0.4084059913204444,-0.8934502958358418,0.7048995426030921
Hans Hateboer,Rennes,30,NED,DF,Ligue 1,1994,1.2160060131152701,-3.456170642967033,-1.3896235066955307,0.6199105297219777,1.0539026147002157,0.036578338792046736,0.3467679907064397,-1.477730072858806,-1.4034692004079412,0.23257792195579413,0.7229849647879574,0.14385477687206588,-0.05429269739002006,-0.7787496580344657,-0.7009322153360327,0.8057057703668693,-1.0972381492988048,-0.3633221507995149,0.058751498301234474,1.1277582084521185
Kai Havertz,Arsenal,25,GER,"FW,MF",Premier League,1999,6.02570410710898,6.275291702232947,6.805651659595613,-4.469177809949986,3.112466426362532,1.1786107711658262,0.40658112721430095,-1.7272857946499707,0.1840085811555938,0.1603785172105682,0.583457340851752,0.050447793890050274,-1.4214675632537748,-0.23663745947478895,-1.4081112284145072,-0.8915040515993441,-0.265450986262722,0.3812538088165679,-1.659453977270812,0.5570933909400834
Jan Paul Van Hecke,Brighton,24,NED,DF,Premier League,2000,7.564860405923723,-10.50568730599695,3.0194735916208653,2.4658110024335773,2.9486937217972105,0.3635944605511595,-0.5908851622690984,-1.2806433617823796,1.5389037647053598,-1.272152584088571,-0.8616007840300023,-1.0725335987843472,-0.038598850465272096,-0.28353177253786127,-0.47909909388857624,-0.06597757793114227,0.5838833081519496,-0.07133175929647127,0.06637460581527624,0.16394655223162005
Hwang Hee-Chan,Wolves,28,KOR,"MF,FW",Premier League,1996,-5.031641112379893,3.593612559592353,3.1341189250376247,1.3035075602063255,-6.148295508405745,-0.5698049840937771,0.2801745474552696,-2.718924237854635,3.9249196832692146,2.2602498277501213,-2.4897002618679207,0.6396686873723255,1.1086361509911258,0.8230326277350166,0.0584032258097829,-0.4777511248619446,0.2467697367636087,-0.8031076891263466,0.15406152342171917,-0.13655036369584192
Liam Henderson,Empoli,28,SCO,MF,Serie A,1996,-0.14321295712931836,-2.0308984185379915,-2.5597253675743983,-1.2876607707993335,-0.346701003453743,1.3679348929965942,0.49271675787450203,0.11683289225443579,-2.764612933583942,-0.3855524522102241,-0.23790592246426828,0.055777496821977975,-0.4432410435541532,0.5136832485308326,-0.6773621511479258,0.2707432610584935,-0.9589786697754898,-0.09364730053097035,-0.17499482134876657,-1.2656117888661513
Benjamin Henrichs,Rb Leipzig,27,GER,DF,Bundesliga,1997,1.755946538578004,-2.430706864258686,-2.743475102133439,-1.7958867180825366,-0.37689752222978234,0.9314545483883904,1.4959412018157139,1.8713968903836855,-1.150871547347903,0.6047241491542467,-0.03877784575885775,-0.5464761127176321,-0.12143602626318299,-0.8215786083835401,0.08988879823277968,0.4855850227376734,-0.601429362956498,-0.5707090575841692,0.09173171032504537,0.18770789951766367
Luis Henrique,Marseille,23,BRA,"FW,DF",Ligue 1,2001,3.7474455379787828,4.881415534897016,3.4425979245274196,4.448894303470497,-5.588803236297093,-0.9100593737707859,1.4745194092594918,3.346007476759908,1.5122567596543222,-0.03588888246093174,-0.49399263876017746,0.10354394857251532,-0.2277168394417657,1.0019755154873895,-2.1588247368206543,-0.3044091417684705,0.4729790648633573,-0.12526741510654674,0.5160419398096565,-0.1938210675919715
Mario Hermoso,Roma,29,ESP,DF,Serie A,1995,-6.55794843988737,-0.10747183064171537,-0.4855711873747395,1.9139753978147827,0.9292656871557469,0.187708897211283,-0.6513222417389857,0.14309117573657756,-1.1918033570621331,-0.5956200500737421,-0.8309288958862106,-0.5859110967121036,-0.9291048615472168,-0.1694308736991673,-0.15265883273566613,1.056104747546604,-0.9921891784866727,0.50353638104326,0.04380285629447752,-0.06264925172900494
Javi Hernández,Leganés,26,ESP,DF,La Liga,1998,0.8405612570755359,-2.2032672497039973,-1.8480511127395207,-2.100362452414212,0.2306862399741479,-0.7084060899374024,0.6701662622320564,0.2656560699660826,-1.2078638108514752,-0.3112893201494978,-1.4025790792810964,-0.24084249116911938,-0.4290380893686953,-1.3423511475749836,0.23659989723061892,0.8518356849286699,-0.568846402526107,-0.19331861638063338,-0.10977969640628008,0.0009994941817784125
Aridane Hernández,Rayo Vallecano,35,ESP,DF,La Liga,1989,-7.608927649285755,0.5821118336483333,0.6177820179764741,1.377933695170734,0.8960295498991127,0.7765457150401077,-0.07093810449797866,-0.41272572837184013,0.04118066591722844,0.8892180759541337,-0.32762257482652146,0.0015928135654638361,0.3293916241113366,-2.076521255702783,2.2926080059834715,0.6974867542858041,0.3735717187378278,-0.3761522188076186,0.023292764228723166,-0.20009674014621784
Theo Hernández,Milan,27,FRA,DF,Serie A,1997,4.032757189760179,-0.7367140499040503,0.34099785219410583,2.311848310764794,-0.6802849502099194,-1.1476502924284242,1.3361735436869233,0.4544387230932292,0.4343795885292741,-0.8031746438995203,0.7352973030808965,0.873242470449547,-0.7206594765248932,-0.24418533984010277,2.6183481188058124,-1.3672386246515311,0.09089990954848222,1.6021686686464265,-0.021420448136550533,0.20219108871648298
Hernani,Parma,30,BRA,MF,Serie A,1994,-1.2234336969915423,-0.13101112217526042,-1.8089262146542384,-0.4431328314073384,-0.4779983976996088,1.1949672106618092,-0.1351409301862929,-8.28413356629428e-05,-0.672045172337165,-1.2697892916656892,0.3716925670625274,-0.9098468550878738,-0.30416538573470203,-0.3044752772073063,0.25838430311344845,-0.0862376271976387,0.5697501935983923,0.7187921405318662,0.456886902950761,0.2200791124506505
Jorge Herrando,Osasuna,23,ESP,DF,La Liga,2001,-6.336806294198106,-0.888506511564235,0.9376239142016489,1.4044004572908309,0.3603939870227337,-0.5703689075378126,0.7175860807831087,-0.13665794485366403,0.3866971168414162,0.8470856596184149,0.22090912667058357,0.4528470970591235,1.0509351350731297,-0.970157860679955,0.9281621445525787,0.4338430451283314,2.9674498887998126,-1.1436053949120843,-0.31084252526883416,-0.1456226233281797
Ander Herrera,Athletic Club,35,ESP,MF,La Liga,1989,-5.738464165115506,0.28128753541885687,-0.33479195738872686,0.692261704948844,1.2797881199435333,1.408739500898105,-1.1336350259582804,0.204997324410329,0.3493893416015193,1.9631781784731401,0.632190702662816,0.4277426524280293,0.07510213342271013,-0.5822285629647994,0.4372049862240811,0.44483084748327584,0.3041059893820653,0.024192978741523145,-0.2665202886505626,-0.6889555454315298
Yangel Herrera,Girona,26,VEN,MF,La Liga,1998,2.0187588859156333,-1.2127294088582206,0.5109780437589889,-2.3618882835564037,-1.4186665430873677,1.2327843590746896,-1.8633687875305234,0.8378183867588197,-0.5620081827795784,0.0074729452930491335,0.24361137255160198,1.3822794358701673,0.6575205454461402,-1.8149819526631805,0.12555468439079634,-0.08414999607289915,0.16514430102155692,0.8127953626145009,1.3805942986058277,-1.1495936549547094
Juan Herzog,Las Palmas,21,ESP,DF,La Liga,2003,-6.342784607776917,-1.5101290053781022,0.5253053317594739,1.3505703026541849,1.1598534519579804,-0.2933443606440854,0.2248030334605862,0.5276619313332311,-0.0024628783902639387,-0.419068096021806,1.1456353681436693,-0.5749551288306092,-0.20345642782204784,-0.8891271140454636,0.5050718037283366,0.11977684900970108,-0.8918041104299821,-0.512200357349347,-0.343840649238891,-0.49512796641799767
Son Heung-Min,Tottenham,32,KOR,FW,Premier League,1992,10.017702744271588,8.792712467482152,0.08202064744007352,4.29828046340589,0.7663350832395571,0.3408196440427893,2.1525669887052694,0.8537910255848904,0.23564796876570349,0.8069000033102215,0.16880468224304734,-0.9762334960772802,-1.8468725637161032,-0.19187796615846325,0.2393485612126693,1.0796134904140382,0.10795766829739517,-0.5735821593313248,-1.2473891164274244,0.002562273724880614
Isak Hien,Atalanta,25,SWE,DF,Serie A,1999,-0.5665194908005298,-5.700713127398935,1.2365278176683692,-2.2457798595046623,0.5557212266929256,-0.3289855798535408,-0.1850400207449358,0.3891180861865451,0.6852659137935599,1.0223188373100098,-0.03722347411913132,-0.44733916033241633,0.4981562025723318,-0.34327980570040023,-0.19755938318782895,-0.08738008937773253,0.179110959104714,0.12971133151334802,-0.6373455768802102,-1.2584477955829527
Omar El Hilali,Espanyol,21,MAR,DF,La Liga,2003,3.7784306691712275,-8.394449658529016,-2.0940191887339323,-4.153025212041668,-1.3988800663041354,-1.1205359816514042,0.19544363822618813,1.2345849177401642,-1.0889282978597052,0.11467256983066856,0.8245046386768863,0.5972124232508964,-0.695405923783445,0.5012471346885355,0.5322247334895357,0.797524329353574,0.19502027478893796,0.9168927516375384,3.2463017699141496,1.031178460542191
Piero Hincapié,Leverkusen,22,ECU,DF,Bundesliga,2002,5.181888294164221,-6.784288201600366,2.5729869210307785,1.164111937559362,0.06853948500405602,0.22141608146582498,-1.0092828227744834,-2.156581120381711,2.0081121252714045,1.0412891193557512,-0.5816911175720626,0.07737264027384619,0.45530834351485966,-0.13283715462477833,-1.5519991455492783,-0.002661026914988958,-1.9339273465303846,0.4075468396440647,-0.17733702286737688,0.40656060648688014
Jack Hinshelwood,Brighton,19,ENG,"MF,DF",Premier League,2005,-1.8211916296116832,-0.6020717509555443,0.2510411746913468,1.1218622959155136,-1.0709045300584146,0.8330018101088495,-0.10149462519917152,-1.7430260403779088,1.4071575070527755,-0.4093534950868102,0.42052238744523185,-0.6146322939214761,-0.07583416981375132,0.037333569919570646,0.1453503335403937,0.09238170401217663,0.8336692665603875,0.5245818910454166,0.6032765616616184,1.2788125749336607
Adam Hložek,Hoffenheim,22,CZE,"FW,MF",Bundesliga,2002,1.8703588231559403,5.084219278141455,1.183175209693025,-2.4135386644479175,1.4795935000410614,-0.17537405195091896,-0.5991929750505943,-0.2549940921245311,0.11555328101334127,0.30208965999953064,0.6811078018256119,0.625707112163637,-0.13226994257448305,-0.4957838216742699,-0.8910985730696355,-0.6332413511642184,0.7238459694450649,-0.5092663400143856,-0.6491671175189796,1.001058058120541
Ki-Jana Hoever,Auxerre,22,NED,DF,Ligue 1,2002,1.1011260300718606,-1.0372882248234696,-3.1789103850753233,-0.6900169121282198,-0.5712893380512101,-0.8110775939760572,2.880716971014595,-1.1680079323713746,0.4048327233084231,-0.4940640550265502,0.379261207743347,0.6279871984185899,0.5812294993619603,-1.5634854352054957,-0.36287061787061,0.5910302102202352,1.2555764474123372,0.10799403229841593,0.6062999906100597,-0.07958490536161421
Nicolas Höfler,Freiburg,34,GER,MF,Bundesliga,1990,-4.396417985362293,-1.7472286664555725,-1.0435295899501762,-0.6665352403883487,0.029284994287134797,0.2915245866297693,-1.1109694673712782,1.7600696140915242,-2.7785892544247517,0.7058929084761528,0.4205216527673499,0.01964512386963416,0.22156941213299897,-0.9429708712941636,0.1270258759122529,-0.4081372928103603,-0.8736049722180427,0.9573748996008639,-0.7861776952305726,0.016226809106795356
Jonas Hofmann,Leverkusen,32,GER,"MF,DF",Bundesliga,1992,-6.49074426432909,2.6727407673585155,0.4421611317770822,2.137834855413321,-1.1216344123778994,0.1120480306617438,-0.9426982904752873,-0.5448121987445003,-0.8432279158195003,0.6801078822043061,-1.8667321383335798,-0.6992639653357532,-0.7301157083048726,1.3257044936838394,-0.39135056616820857,1.2317674690584266,0.8260934185560836,-0.04053796826996554,-0.5782091804466082,-0.425897639135007
Philipp Hofmann,Bochum,31,GER,FW,Bundesliga,1993,-0.22217813353638968,2.3045636253460255,2.654145645777205,-3.2249698870865657,3.2700538144772824,1.0479339340772809,1.5427970050992976,-0.6896179536764453,-2.1069958311800083,-0.8689291522788005,-0.8532046597145251,4.167365831584189,0.4572017861782417,0.7567751697488178,-0.751206745257084,-2.5349058662461665,-0.44293344063413953,-0.9404917318667633,-1.6223389446285363,1.5446676093887464
Lucas Höler,Freiburg,30,GER,"MF,FW",Bundesliga,1994,-1.5246065519109542,3.3868568928027556,1.279928461364368,-1.9886030542899966,0.9841901898733769,2.190249629665721,1.5191380282628584,1.4811478680585763,0.12056018539343533,1.374763526909417,-1.9383336443204933,-0.09848258478963799,-0.22071593635863124,-0.5779962029954334,-0.25222128926796444,0.13939947175528952,-0.7011506085189348,0.4174261051069857,0.08571133710417375,-0.29706316626871115
Benedict Hollerbach,Union Berlin,23,GER,"MF,FW",Bundesliga,2001,5.9421621028644545,6.236505527120022,-0.5886788080577439,-3.5593251097266188,0.92172597107561,-3.070017071810138,-1.561873184991868,-0.007412347339204263,1.173946623740621,-1.5143122561585098,-0.7463954257556773,2.0854658646260704,0.8222927189832847,2.0304626567043655,0.0009250402124673125,-0.11924029039057454,-0.8234938963016296,0.6244690478625402,-0.11472185959014887,0.34744142135653616
Emil Holm,Bologna,24,SWE,DF,Serie A,2000,-2.316693393136219,-0.9809481588499536,-1.5798385112161397,-0.4474842218872395,0.022215718747070425,0.2126657647691992,0.15214893441869745,1.4647796116531442,0.6932308229807311,-0.3719147508000325,1.4390779379010328,0.0626629082928002,2.1810215993177238,-0.1317076984583429,0.38412678219699264,0.6765436528758031,-1.2780228719388733,0.19622344474514147,0.36786827671434874,0.0064763978784592455
Lewis Holtby,Holstein Kiel,34,GER,MF,Bundesliga,1990,-1.4537907702226163,-0.8069930385836585,-2.032949903557416,-0.1313628996177097,0.12291099339667555,0.7241481884585153,0.6749725374514434,0.743734277860994,-1.276788329012558,-1.038701848858984,1.1575233016930988,-0.9393422830679505,3.793693009314471,0.8295327116782187,2.265105494804915,1.5160367344580965,-1.6928219206187054,1.469175248881794,-0.2861958738440507,-0.5256170630403277
Gerrit Holtmann,Bochum,29,PHI,"DF,FW",Bundesliga,1995,-4.984361479649372,1.725761102197797,-1.47308825196552,-0.45226454059756016,0.21305599716502494,-0.19094075276992628,0.5792095192266377,-1.2156901522367292,1.1657452748509853,1.6663045529664628,-1.2912326888458459,0.29899843221440964,0.4795330211463279,-0.31338166703566334,-0.5518852568610775,0.44422682912947403,0.4618968322519596,0.2626990615254706,0.4205777972083425,-0.28288831075201454
Franck Honorat,Gladbach,28,FRA,FW,Bundesliga,1996,3.7321836292861437,5.3441298215878215,-1.3526845486123085,2.5883043661193788,2.1415982517695964,0.7710750262031362,4.440228322528748,-0.9372798619967466,0.7063469009920319,1.8739982691776067,-0.5450706440390657,-0.5714071394736646,-0.5594223860427,-0.055413530200381055,-0.3597008303853307,-0.656643567755394,-1.1408163430937837,0.8665819303316054,-0.4572683427978253,0.893393716425457
Mathias Honsak,Heidenheim,28,AUT,"FW,DF",Bundesliga,1996,-1.5048532025331827,2.618863128804689,0.4905826061806518,-0.6719596910510655,0.34885475388712955,0.18587749556042069,1.799678485957741,0.02038344279777921,-0.06164958538149439,1.9879639734950283,0.1907165842260173,0.22037698583942544,0.40705421270708386,-0.986255016145507,0.034183817155111644,-0.26235929959276416,-0.6996382271065422,0.20408855861971503,0.7036450161433061,-0.7768373760605093
Cédric Hountondji,Angers,30,BEN,DF,Ligue 1,1994,-7.521256932620617,-0.30496306874476437,-0.8964142091146828,0.6608280270060887,0.21328828500783759,-0.1536253544097781,0.08203920711599479,0.8739736913697531,-0.7171771457951172,-0.8716139019214316,1.2219501519654419,-0.8907029247310031,-0.46953351612032546,-0.6995956348315383,0.6450424022315289,0.4004353185637147,-0.5247471595224413,-0.34593368104123434,-0.1942779321378066,-0.36853414140585145
Callum Hudson-Odoi,Nott'Ham Forest,24,ENG,"FW,MF",Premier League,2000,6.336841778820613,4.670924019395757,-2.2090464658676576,2.8274804811501006,0.8576613083822525,-3.7278270522445367,-1.4199432760009139,-0.01677512590641049,0.17045936965827582,0.456234508203413,0.3058212529092342,-0.1978393685742428,1.5885688206244593,1.7526146034044108,-1.1447377052651848,1.0752083238573837,-0.06918905755368028,0.9617215621166911,-0.9567177238136799,0.9860068673312337
Will Hughes,Crystal Palace,29,ENG,MF,Premier League,1995,4.247143205535296,-1.9830638746572804,-3.9606873023062907,-3.941915315253072,-1.172845411795527,3.717580130381585,0.5818397186699493,1.6300504122946724,0.3909406286521321,-1.192306248908867,-0.4534807225857883,1.3278911359532095,-1.4064482983546707,1.2362266786658445,1.2154563002776948,0.6299527688245137,-0.536650154867112,-0.387424199890955,-0.9681325833936998,1.8590526862703778
Dean Huijsen,Bournemouth,19,ESP,DF,Premier League,2005,-0.4100983273637764,-3.6672594735610575,4.148500600552949,0.3521202404639653,-1.6723258511070898,0.07855751780886909,1.260632891550039,-2.072695762249425,2.2558637078513826,-0.6081338187256004,0.7129094959632817,-1.6195348471048987,0.06468841928558267,0.24426088478473942,0.5962825459236442,-1.7384185328512487,-0.8382990964399036,-0.5217194432823881,0.5351498014086302,0.8393751254782006
Mats Hummels,Roma,36,GER,DF,Serie A,1988,-5.453541845104954,-1.8945083759974095,-0.5343365797571429,-0.05834547437652388,-0.04593549069981526,-0.28433746051437847,-0.5815270677018319,2.3410927099830956,-1.6368113396260555,2.243154686069761,1.2589151160227192,0.3321082693477786,0.3903568864550945,-0.4937286300214238,-0.3669188749981519,0.011867265157241123,-0.08010989755691111,-0.3635142366101334,-0.15152890567888122,-0.7416765943647765
Omari Hutchinson,Ipswich Town,21,ENG,"MF,FW",Premier League,2003,8.896781767826639,4.484109300118991,-2.8673443332377357,-1.8587043435184734,0.5570463564321212,-4.394965521706115,-3.1291661387594862,-0.8662728028040891,0.242239795301272,-0.6877932417787391,-2.116858100226832,-0.7709855002847835,-0.5636952952093903,-0.4168236673016281,0.30890681874562853,-0.6753358312750795,0.3515584430299389,0.1243625680812873,-0.10059285915744559,-0.17217781873138044
Hong Hyunseok,Mainz 05,25,KOR,MF,Bundesliga,1999,-6.008288952781921,2.45227295003297,-1.0931067313580078,0.8407848903790106,0.7144595501135814,0.9739640632870287,0.053825667632594054,-0.27808864918484166,0.7496430002496157,-0.5911769613799988,-1.6774924738393497,-1.1378735619895033,-0.889045815855511,1.072788262793919,-0.3452929448173226,1.0677051809807525,0.8189572672194785,-0.006721944170077282,-0.3241152635063327,-0.17292301067202182
Pierre Højbjerg,Marseille,29,DEN,MF,Ligue 1,1995,10.34849900744751,-8.2467861939101,0.7288136474251619,0.7031354319981413,-2.140909439132195,2.349817437564542,-3.5299733664570634,-2.232349396214308,1.601201150083732,-0.6285553868099215,0.8442040158070403,-0.6017828202623466,-0.8317718509865772,-0.7213012675395734,-0.21662950767466288,1.1433860057075176,-0.4497189128856201,0.6728661328674789,-1.1958123260861744,-0.9093193499514871
Rasmus Højlund,Manchester Utd,21,DEN,FW,Premier League,2003,-2.8881349286961617,4.8540037412189525,2.047239827585774,-0.6719416677741408,0.6280533955920693,-0.02641030441216526,-1.1402418064143507,-2.5809395874561214,0.4658672035370741,-0.7940737846207706,-1.4337224361499252,-0.03869946591683479,1.6332053816399115,1.5477834300565736,0.36884620610673163,0.596762250485682,-0.4678715192227276,-0.2776383904503391,-0.7260506885886283,-0.5431795485287932
Pablo Ibáñez,Osasuna,26,ESP,MF,La Liga,1998,-3.4913942100067725,0.5613242507051538,-0.6396627466320499,-1.2231845345730716,1.72393613333164,0.8544522955970447,0.27344842144466486,0.0037466222495605227,-0.3797663473273,0.2887583914086899,-1.2205867340359955,-0.6114116165550435,-0.3239620299014823,-0.40757322584971706,0.2656903705487244,0.40139827550651663,-0.4039951954102165,-0.40257914772686,0.10973416652001725,-0.19942505752194592
Stanis Idumbo,Sevilla,19,BEL,"FW,MF",La Liga,2005,-6.01143209587607,2.243974728795281,0.9275585849179621,0.4757524847056431,-2.556023602454789,-0.560848951346494,-0.7721258947341897,-0.20649429287316456,0.5535518928209373,2.065820783230453,0.07234361383649864,0.6472580224320048,0.7861000137220635,-1.8061539024994329,1.6611041401617377,-1.2568950085706603,-2.0096640772377325,-0.9100438601795969,0.2735902933454748,0.5743059210143835
Jay Idzes,Venezia,24,IDN,DF,Serie A,2000,2.357012045661802,-6.680588219855846,3.330095971206525,-1.6040924633682583,0.0715587205108672,-1.2539406839336296,1.181112335470618,-1.4243629143391976,2.0269077539645557,-1.6609569014363983,-0.16002956410001665,2.926970138402593,-2.5673680111335697,2.5909015920727874,1.0255216811698709,0.6407697406853508,-0.8168710592273956,-0.6688041175017726,0.14000555285245544,0.33349491649458324
Iglesias,Getafe,26,ESP,DF,La Liga,1998,5.036992233335206,-4.563615086809306,-4.4345370341754995,-5.268217670888359,-1.4529747555610886,-0.23798497049306205,2.256050676523247,-1.9140705854526612,-1.0909908993009951,-0.1791022691542022,0.23740643578108567,-0.9022539633977051,0.45386830748671336,-1.4072614792108278,0.2722492882398167,0.6242647301771528,0.13137900898681149,0.852195650397635,1.8377239611240996,-0.38114772581105744
Borja Iglesias,Celta Vigo,31,ESP,FW,La Liga,1993,-1.2674559556478495,4.885169939029401,3.084656803720448,-1.3508711961411646,-0.11864985188497061,0.6123635737853395,-1.512482244287442,-1.3256264798467086,-0.9404925925539716,1.2265706830556018,-1.1164238606837174,-0.04180404353795946,-0.605592634549035,0.555586027011922,-0.3525103619570401,0.2900857839533577,0.7649852100607512,0.17636378087568755,0.4463103287488859,-1.2579061391882587
Igor,Brighton,26,BRA,DF,Premier League,1998,-1.5772948692898172,-5.056594208850762,1.2726907582092757,2.6058931728333894,1.7834717497844987,-1.2287266760686693,-0.6401264945919836,0.2993199924425859,-0.9283954963551415,-0.3483167538307025,-0.7494564457706581,-1.7647092472259724,-0.7533201591438227,0.20487868409581028,0.47783905315716324,0.03846876357420817,-0.8587750905809716,-0.8155558311582756,-0.32874911132324347,0.2526319687666663
Kelechi Iheanacho,Sevilla,28,NGA,FW,La Liga,1996,-6.627349305990075,2.582369817240747,-0.6641886660645114,0.35914434649531823,2.165238441952071,0.9944328023646428,-0.4633352321536891,-0.7696397756811875,0.2140591630679853,1.0556258750287522,-0.49195537406793916,-0.3230104179809565,-0.4259154257343866,0.7614158359010462,-0.7257743212243614,0.28049924814360777,-0.09759528977919354,0.16357963675300577,0.7348639428302011,0.08575501844689734
Jonathan Ikone,Fiorentina,26,FRA,"FW,MF",Serie A,1998,-5.401373471392033,2.3864347635513474,-1.273919670593494,0.8861984778548885,0.7608415201891625,-0.5944270453297877,-1.0765284197478369,-0.27138427513858243,1.1204538465928962,0.5336025614387918,-0.40287093330202894,-0.41811891600843615,-0.38980221577732627,1.210837784785698,-0.8740188610931098,0.7786932416066765,1.9479812164603962,-0.24284615763807335,0.07899321932818067,-0.35458847924412495
George Ilenikhena,Monaco,18,FRA,FW,Ligue 1,2006,-4.617177412809056,4.901177952257696,1.0541276222376466,-0.8236710110689616,2.9828132991209952,2.5601527514076152,0.7239161936825366,-0.5728869765193461,2.075288110727239,0.8051622596390374,-1.5161809531754105,-0.15227948636580418,-0.3150276657065375,-0.5027498566076324,0.6504118221560189,-0.5418379568467763,-1.2937923725754148,0.13355679309951443,0.47671147975015926,-0.3742185696629741
Ivan Ilić,Torino,23,SRB,MF,Serie A,2001,-1.6360918963726023,1.8874784355313208,-0.20869943782757513,2.7575352038518153,0.3515369453841809,0.5491601656417557,-1.0036968875398786,-1.5919077553943548,-0.535068279270923,-0.4834177567699851,-1.4481546127640514,0.37152289426769447,0.1390949384065581,-0.21854504038715583,0.16688372083238676,0.8879515663360318,0.24384640325186335,0.5351899776697859,-0.5369437759892586,-0.859420655584944
Alessio Iovine,Como,33,ITA,"DF,FW",Serie A,1991,-6.354816534234748,0.146377397717488,-1.3051688064440408,1.6260659730323372,0.6035399651330793,-0.8214476718950291,-0.1380689356504929,1.0704235372250341,-2.6528913521139224,0.31105985089716354,-0.5812134638339262,-0.25137812115660657,-0.24285249416695995,0.8433662279588869,-1.6663836502580545,0.46581342965709194,-0.44499508920593034,0.4758362437108451,0.42601532755645255,-0.192616811848863
Tim Iroegbunam,Everton,21,ENG,MF,Premier League,2003,-4.87314248197847,0.07933219333808905,-2.0656617224047293,-1.6207423823456235,-0.24385075456135313,-0.2973951178582025,-0.8220144810502296,0.9188339218060808,-0.42637218521821163,-0.11403901131516635,1.3179544176125808,-0.2205036900650892,0.2823812528265421,-1.4440259705983838,0.8844746558696966,-1.164854816127656,-0.6824483174415545,0.3839305902827275,-0.2954242472497387,1.2247278885335702
Jackson Irvine,St. Pauli,31,AUS,MF,Bundesliga,1993,3.993115710263311,-1.4845551651697362,-0.7905295608134735,-3.2118275598994166,1.3888035315685305,3.17525553402324,1.7781330873510353,1.4459205639543313,-0.09051009966858671,-1.36663273436283,-1.2777608793917832,0.4997764810208621,0.2114933719498179,-0.7399889752123892,-0.12476121237344738,-0.827084108306252,0.2432006625942929,-1.605580828009988,-0.5967063495176933,-0.5710271106308044
Alexander Isak,Newcastle Utd,25,SWE,FW,Premier League,1999,9.388412992255514,12.600451208431794,7.684770996638516,-0.5213249004855794,0.6338835403371289,0.5429758781664598,-0.20365699113930322,2.1390055015234526,-0.24948215300884097,1.2697296871991732,2.353649186606844,-1.6886366086398326,-3.2816801957491712,-0.12036407202064746,-0.6501372405455459,-0.37250153684067655,0.3993113792113735,0.7271635972709092,0.3394471614294198,0.29179714403900053
Gustav Isaksen,Lazio,23,DEN,FW,Serie A,2001,2.2866270642311246,4.937976693316386,-0.9961265349036431,0.7776498345690989,0.9325770881430534,-1.4874735970476125,0.2516067617313016,0.6864559867849439,0.44891184539279794,-0.6794814377934589,-1.8573107787567944,-0.03911752673310351,-0.46143524673997893,-0.8901303328673188,-0.4902982043926281,0.8728961714101607,0.27624532604470897,1.3558282701504365,0.6344855138817183,-0.5323220365601016
Ardian Ismajli,Empoli,28,ALB,DF,Serie A,1996,-0.44343950782893354,-9.28027807103353,4.810970439090703,-2.487308413182607,2.7106422828957575,-3.5337940896536226,3.8206269702240805,0.748349832404908,-0.5535193372946074,-2.391353391582942,-0.23467126907912245,-1.8891929205550815,0.166703905675983,0.003054265741581526,-0.22261101890712054,-0.13468524994738637,-0.3335576415578546,-3.379985686884801,-0.3361440429923227,-1.4150135791473715
Ko Itakura,Gladbach,27,JPN,DF,Bundesliga,1997,2.8172354126258456,-7.709072181608414,3.57244038353281,0.2636653609490458,0.5502926020045987,-2.473151888903637,0.8529468233110717,-0.1651696313030838,0.8218693355789517,-0.24324569807919444,0.28104183101516145,1.124192909774828,-1.548212706367114,0.7845606582326876,0.20608293480494821,0.8093236126210105,-1.1943209819863743,-1.0197280116507494,-0.39476520539194243,-0.08124627289883529
Junya Ito,Reims,31,JPN,FW,Ligue 1,1993,12.79411915879034,5.892979401228923,-4.811579972808162,2.198495640185751,-0.8839633431807967,-0.7944874179223552,3.2052376773841855,-3.356329762110926,-2.400177472898815,2.1826431606528875,-1.948098947513765,0.20358420448566839,0.13367718070176549,-1.0834475654292781,1.1408993261633098,-1.3416379718525142,-0.8655476241374293,-0.5225903757778342,-0.14430944149560893,-0.09676103526634221
Marko Ivezić,Holstein Kiel,23,SRB,DF,Bundesliga,2001,-1.0970982144313912,-5.267284782942435,0.08332869260980837,-2.1199096992974256,0.22672804760269952,-0.1870989770487992,0.483537647014169,-0.6350978399836334,1.0786053137086662,-1.351531550943461,0.35932322557845886,-2.971314399573926,-1.2162466686133313,0.38238296951535444,0.6765560287844358,-0.014933222575288028,-0.5205656289067779,0.29783513862596545,-1.1428420047785626,0.40710962363463543
Alex Iwobi,Fulham,28,NGA,"FW,MF",Premier League,1996,16.14417408488925,5.190980864457448,-1.0643334169344782,4.5460078673873,-0.5031133625950803,-1.1085613482499785,-0.4471713884713168,-0.9611960353518966,-1.1665744821344404,-0.4305119673474836,0.49516430515961035,0.4809341961757097,-0.3993233970541993,0.6353814454584225,-1.1848689828906573,-0.6682946410380585,1.4171164419231783,-2.2259913518504044,1.3411489489657713,-0.5105880181869746
Armando Izzo,Monza,32,ITA,DF,Serie A,1992,3.002329995742612,-7.427513672567265,1.9842033263613064,-2.075560342657802,1.650185109323714,-0.571685348268045,-0.08264517950902903,1.1284150753837054,-1.2449552935500943,-1.1841079490103985,-2.277840159893892,-0.19107888026758307,0.04612611710378717,0.055569141447554406,-0.8279334702315221,0.6785387067168973,-0.009114863311968275,-0.9346285057226503,0.17402216622495736,-1.4350791484867034
Nicolas Jackson,Chelsea,23,SEN,FW,Premier League,2001,5.418010146854508,10.474988640303849,6.358055387496453,-2.4101463776309577,1.8457563886910626,1.0264781936631864,-0.6577427692645796,1.6678773801059987,0.9892827454297861,1.4306102078117642,1.1689063505313873,-0.7862725905498482,-2.445653507780748,-0.38051362414911377,-0.9730315246202339,1.198311595597286,0.7262512080014996,1.0746969912202653,0.20466626853797437,0.25802834122133145
Lee Jae-Sung,Mainz 05,32,KOR,MF,Bundesliga,1992,3.819603196815098,3.550886017616394,3.2852295741938513,-1.4453489490494076,-2.349813404536917,0.6213732582513473,1.2405202735283503,-0.6948239919029209,-1.5174573057501142,-0.8367898659713484,0.43385770741124896,1.6166869233566978,-1.7094988049873892,1.4007040352627849,0.17828221596733246,-0.24198834038602499,-0.03880062067060605,-0.3933086858900841,-0.969976051812674,-0.1894297967502057
Kristijan Jakić,Augsburg,27,CRO,MF,Bundesliga,1997,0.17165676557904364,-2.4706951997178646,-0.9667721057456505,-1.70784656387918,0.336842741556664,0.9425996040561,-0.3836771107140134,0.6357077265535221,-0.0773196624061684,-0.44465735469426876,-0.5172474021817417,-0.550916970324148,-0.09408195054754692,-0.5849375690591344,0.4110570601825407,-0.3365957262038084,0.27421450313011686,0.09980584825632272,-0.7783003126095984,-0.6154879440210204
Jordan James,Rennes,20,WAL,MF,Ligue 1,2004,-5.611282145958306,0.11436517233756835,-0.9279056670895622,0.9374699254392596,0.15897287283020903,0.7549590304209175,-0.36999315805788235,0.014755612081246199,0.835095084212805,-0.23181006451969519,2.4638833835161944,0.5315273144945376,0.3395848974368083,-1.787499328327,1.543046788940436,-0.5137835290341263,0.2955890568701428,-0.5309225205961843,-0.18751807024421616,0.10972273455456684
Reece James,Chelsea,25,ENG,DF,Premier League,1999,-6.5119682052254895,-0.39342225853923873,-0.6515593728789218,1.809853188589982,0.6490683640148646,0.26824992597445585,-0.19282500564890065,0.2014254520568274,-1.0673154968384702,-1.1828864962951195,0.7733637788894467,-0.8372444133903085,-0.2501311342070261,-0.9035130376174503,1.3033444219024932,-0.9067806337344422,-0.5153689956133019,0.2810974809861213,-0.42543121717189003,-0.10225843984683726
Vitaly Janelt,Brentford,26,GER,MF,Premier League,1998,3.5165667360562596,-2.829437169345824,-0.025173570222471714,0.713910293070513,-1.000222943318811,1.5281031823640978,1.8822511433865685,0.5951968035014852,0.37903943613119384,-0.814070518208391,-0.12187610045595876,-0.8943271998457155,-0.14267841213219634,-0.7253034732330961,0.9467326956371872,-0.712563265011014,0.19393485312257364,-0.6174022550957797,-0.07884239383464896,0.45291125388717746
Adnan Januzaj,Las Palmas,29,BEL,"MF,FW",La Liga,1995,-3.9255712883619154,2.5906773826956377,-2.1991991530547743,1.827513510683669,0.7325765661965176,0.450406841650213,0.4591393048196961,0.1536282241664453,0.7483311272714019,-1.4961893435360127,0.1387827931087593,-0.4152009584614151,0.08752518119412345,1.272256244802655,-0.6372053027617239,-1.1449431805885324,0.5746321499342883,-0.9504891341168452,1.0162609045615645,-0.5577016456780243
Mikel Jauregizar,Athletic Club,21,ESP,MF,La Liga,2003,2.827384868590945,-2.3505263144742696,-1.4011792224957755,-2.7275876924540166,-3.251983300593603,1.8319797553700137,-2.682687596986672,-0.34633920536313595,-1.5917852841088151,-0.7489685524175692,-0.16722842647210118,0.3256795349479576,0.8773994290616329,0.3876744833373748,-0.34767708832416294,-1.2323673017212051,-0.8224998177110591,-0.1985556082098621,1.0992152527839867,2.0207500850198468
Gaby Jean,Lecce,24,FRA,DF,Serie A,2000,-7.207831146782097,-0.41274537620350377,-0.14728369605984962,1.0864466704928721,0.9495262368470143,-0.29170358645515154,0.16572934046799478,0.1978239399395373,-0.9493120250391497,-1.5499072512023415,-0.2613611514804188,-1.3797560950764785,-0.9623080466953661,-0.33976748659408673,0.6488819429978743,0.9473128018218551,-0.6739341911380767,-0.4912021075548021,-0.7037144806683581,0.02513332267160479
Mathias Jensen,Brentford,28,DEN,MF,Premier League,1996,-3.6336324562348596,0.5352123189999416,-1.4073658175538515,1.8519945104785647,0.7121634325400158,0.8007786092995393,0.44384999145711146,0.2763651398565634,-1.395265871447869,-0.3878636377208813,-0.4163740241350041,-0.3733040508585505,0.24572225649555346,-0.6079497303698368,0.9348782075434205,-0.72947192663134,0.18073788256792053,0.5491505405198114,0.08360407374594948,0.10257468639682074
Moritz Jenz,Mainz 05,25,GER,DF,Bundesliga,1999,-4.5196128832081515,-2.7744004327877136,1.3129885578873437,-1.0352610978209587,0.6008021585575571,-0.47838696421083077,1.287298558675074,-0.34031246399546594,0.7334177699425477,-0.8611384369872549,0.8705742820733253,-0.09981978529537146,0.32868897601366465,-0.7448720251514956,0.5576396813062342,-0.0024955430597959917,1.048178256181724,-1.6169485837272661,-0.9511729076148591,-0.6105646446702168
Gabriel Jesus,Arsenal,27,BRA,FW,Premier League,1997,-1.8220015629256858,3.9277532530089974,1.2796791482201721,-0.4712092816715525,-0.7563848512852276,-0.8197632001093189,-0.27622654919493816,-0.34190691227169373,0.1408434183147195,0.7048636483483199,0.5934518399245828,-0.043217496977653945,-0.28400722911849136,0.2998378920039283,-1.0277319094627082,-0.1075660457128265,-0.35409929460349027,-0.1672736381973087,0.0383113774552766,-0.0039434889931313066
Juan Jesus,Napoli,33,BRA,DF,Serie A,1991,-6.433438065423507,-1.306145013326698,-0.16673535964009575,1.590129682214709,0.40969290338184705,0.10520525275330765,-0.27729708444815254,0.9766917967006621,0.49483643342754696,0.2269468456404708,2.760155294979776,0.7082742233624056,0.623440877987722,-1.2221257248209119,-0.10337996814628811,-0.8105564665248439,-0.7994473211909725,-0.2262737265021875,-0.19646891875074665,-0.4552568489952253
Alejandro Jiménez,Milan,19,ESP,"DF,FW",Serie A,2005,-5.502488979176706,1.6067881616830186,-1.5089038333129736,1.400873659224572,0.11124910802921215,-1.179308506614632,-0.7406861840978162,-0.014892605405480822,0.1912554191008984,0.5862780140970949,0.6705635139315869,0.18467577579767883,0.27198611519566723,0.7108036605935172,-0.4613405570118583,0.00588549296885793,1.9491966414002913,-0.7034592756931453,-0.42950837713829365,-0.1699488063566749
Raúl Jiménez,Fulham,33,MEX,FW,Premier League,1991,3.383425629531,5.841695645976102,4.397338890180699,-3.8522749981693916,1.028987040679937,1.5180550520299112,0.0018531490104827482,-0.8033544408608025,-0.8448814751335116,-0.9011459146251528,0.6967814954015306,-1.0178191765343576,-0.9196918516112113,0.5402694774834688,-0.5878559220142362,-1.5835904304266157,1.373695583243115,1.1894251903019704,-1.283927701381854,0.26700900511896014
João Pedro,Brighton,23,BRA,"FW,MF",Premier League,2001,4.158883934006867,6.611559313157369,2.0473292973999984,1.3883154602100831,0.0381015190202446,-0.045583602629123504,0.6629725546073854,3.0077060173255004,0.9812232695505241,-1.7494400428124428,-1.2770047192797944,2.0664264816098217,-1.3571841531680755,-0.3230162869890663,1.6853535176485799,-1.014545645381711,-0.08390717475435713,0.15283813063659346,-0.2671157253045549,-0.5699147779072432
Joelinton,Newcastle Utd,28,BRA,"MF,FW",Premier League,1996,8.427842173578439,0.2628122941084525,1.830070878302611,-4.080937789171023,-1.1680620235983907,0.41336974209752264,-2.100391168024739,-0.3273481647879148,-0.002071222333099944,-1.2642165816508866,1.1132779699354483,0.27982695602790597,-0.5543980290960339,-0.9785347753756317,0.24590728158807104,-1.4272319636851178,0.1639714134338966,-0.7010930952828542,-1.6102122255695226,0.07975457237138467
Jofre,Espanyol,23,ESP,"MF,FW",La Liga,2001,2.7542172406330994,5.205202714507214,-1.1917064810145301,-0.059484949401697136,0.44172219664762785,-2.123606923162949,-0.5175208284286752,1.8800521273065784,1.5729372153163903,-1.6516446383175905,-1.5787118067317312,0.06779381742503843,-0.07848108951161775,-0.18258848313503262,-0.6442529878766768,-0.8439890118179217,-0.0024833967367071438,0.7037761948938779,1.4854247827033689,-1.8045503877861009
Carl Johansson,Holstein Kiel,30,SWE,DF,Bundesliga,1994,-6.194977001754676,-1.2851754915317075,1.208285170931416,0.6586108029591969,0.34512126244309277,-1.0606221050126123,1.3156807539334845,-0.11773633315868878,-0.12988778763814068,0.6087215023076761,0.1030831539940803,0.8900908303226068,-0.6012542924127492,1.05505444737872,2.4673382229179794,0.23976852307359617,2.8052332663212347,-0.4536349909998822,-1.5930647440661787,-0.029265440600375222
Ben Johnson,Ipswich Town,24,ENG,"DF,FW",Premier League,2000,-2.8322259038752717,-0.7023184276472455,-1.7918941259425967,-1.7686806737548941,-1.4286013595016327,-0.505372029815399,0.9117030341146316,1.068401006841038,0.6961548619153675,0.7938874642395171,-0.38161544810172027,0.20693855917069984,0.6625580830793361,-0.7943093372939024,0.398082266476185,0.7708292026277368,2.8642129238273184,-0.5750527514643816,-0.6154453692894222,-0.7354145881999675
Brennan Johnson,Tottenham,23,WAL,FW,Premier League,2001,7.502503825182515,7.1153124345420915,2.0111750073739234,-3.2547409737566824,0.491500240264586,0.9623219211551831,0.8866804580107907,1.0246460026772957,0.6760746528985808,3.2011251454392147,2.506112329455312,-0.5131727703543119,0.10211766805972246,0.11366837082980853,-1.3581464319390038,3.505253792050705,-1.0742193803212097,1.8002728282567315,-0.6688804378154047,1.5087311241913792
Paul Joly,Auxerre,24,FRA,DF,Ligue 1,2000,-0.42385200922061594,-1.0823381410966673,-2.615132721954958,-0.4708516470008372,-0.6907019488265905,-0.48425483149101683,1.3825434498198184,-0.971412933223513,0.15792127313114868,0.022672112511280394,0.09814286152728377,-2.587919318473439,0.7478740750382351,-0.26007396389840043,2.046360826762054,-2.4643932177347723,2.3912360285536454,4.165665623760194,0.09776855171650974,0.1879141459253152
Curtis Jones,Liverpool,23,ENG,MF,Premier League,2001,1.3381051002755031,1.1796577586781458,2.2148116552943993,0.2423389273480006,-0.5469332595423665,2.0700678769584444,-1.996460677666281,2.854179547290712,0.3781311659623869,1.3564053892959993,0.6290628103994064,0.6111224154660451,1.645816848709082,0.24409604719071618,0.006851682096356913,1.6045267270990058,0.2516263150317103,0.970362171054953,-0.725892118030582,-0.48963282821244947
Frenkie De Jong,Barcelona,27,NED,MF,La Liga,1997,-5.042895167672591,1.9402895189085774,1.7035225150161948,3.0068587666987927,-3.0724601365495783,0.7881581148723187,-0.38799777349706566,-0.5151002040566914,0.5511300492038663,0.5073349478425834,-1.9053640363313167,1.7081188960551692,-1.0709127515568884,1.0729792569828558,2.4033660653342923,0.20501540486258607,-1.4494096192890271,-0.0934769200881668,-0.48151311799997404,0.1793069639211589
Joan Jordán,Alavés,30,ESP,MF,La Liga,1994,-0.9405251029357501,0.2019287927018966,-0.18752660955801026,0.5816147461173767,-1.0857867526794829,2.988107346037627,1.0256117999418246,0.9026954821056159,-0.9591580053101587,1.0358676858479743,-1.3089472257707877,0.4767675681276091,0.48810079549706414,-0.5541565446779159,-0.8249645001928068,0.45363354506199327,-0.09751622818635323,1.0312743475842845,2.789962724502164,0.9846868524041721
Jorginho,Arsenal,33,ITA,MF,Premier League,1991,-4.526061899524309,-0.5792091637207261,-1.711714522528926,1.3383121882008917,0.058110349433466164,0.5022050215003048,-2.09661867322574,0.49267022877353894,-1.4316826044639472,-0.28529644069363264,0.02892185545099493,-0.5970087342347817,-0.26360785699368616,0.7038968703612949,-0.5491628926822213,-0.21244560304926208,-0.32696707835385175,0.9539458332221279,-0.40005950291194275,-0.21099823228308762
Jota,Rennes,25,POR,"FW,MF",Ligue 1,1999,-4.709811689145347,2.928563451788585,0.26838544563269523,0.9523904367576813,-1.1596478655874534,0.2642491986396863,0.30365262031837725,-1.5014554264466955,2.07699845571651,2.6582967213978943,-0.4514726900890325,0.4457670865477911,0.6580642586621024,-0.457147966845087,0.28014762723717557,-0.33787671308505,-0.6448135638215199,-0.2860785039038071,0.9102935236214038,-0.2703791858582379
Diogo Jota,Liverpool,28,POR,FW,Premier League,1996,-0.8566896090692101,5.759213594155878,2.6783086386491175,-0.8062363941363135,-0.3921875308870084,0.5773075317485876,0.3331610374714918,0.5815470863772128,1.0367406651290507,-0.0847805176579742,0.026644146941078316,-0.05872984774686029,1.4289118304669128,0.1223983494815691,-0.03671389086401634,1.108920509304931,-1.287899174689355,0.9605875352330985,0.561891876983323,0.6288506977967575
Antoine Joujou,Le Havre,21,FRA,"MF,FW",Ligue 1,2003,-4.621407503729591,2.7084651049316975,-2.1529819493920894,0.08232225377685075,1.0725137174054815,-2.2538833792612807,-0.26544138266573514,0.06485844634732867,-0.2468538725779827,-0.26369418140723766,-0.7614869679294555,-0.44411611138949647,-0.1861990609210174,0.47509172420894574,-1.0101502807113116,-0.22502093096298717,0.1381905129066692,-0.5931342974855608,0.555039307347795,0.3893314739071355
Juanmi,Betis,31,ESP,"FW,MF",La Liga,1993,-6.620071345510237,1.1007616994000575,-0.9339957054477639,0.03758338316718266,0.6094087292503291,0.012296550350521,-0.43035012774006043,0.8056255557425904,-0.49172469831738197,1.6439478419034919,1.160813509149574,0.6456572953749963,0.5276544297406313,-1.2900388951207356,0.6096594928038277,-0.5159690105398981,-0.4609801359583268,-0.19649520116139957,-0.07163604230158645,0.04841523613597645
Juanpe,Girona,33,ESP,DF,La Liga,1991,-5.6506847059425285,-2.2191297293708314,-0.13534076286020302,1.5635165228213144,0.5776088048056558,-0.3122716238375744,0.013253008355395418,0.8848841511325675,-0.2683822857029334,-0.8351952398202322,2.354009850070239,-0.18033303050410626,0.21118796270864454,-0.6171475759233225,-0.12369698605590307,-0.3384181186097491,-0.12514966212018971,-0.7181078981059483,0.5133542704849171,-0.015042379108436468
Jubal,Auxerre,31,BRA,DF,Ligue 1,1993,-1.5843415515912402,-5.787191560665365,1.8996709824536475,-2.748425739432511,1.0588679842352684,-1.7311756407340197,1.9790717393610886,1.77095886304507,-2.035429599612381,2.5478639049433296,0.20551707344302245,-0.2304095974932629,-1.257913944613474,1.0913072327190236,1.5975358036886418,0.5897064541386182,0.404882003576511,-0.5336496292898208,-0.1918080671308951,-0.24028152054752655
Abdulai Juma Bah,Valladolid,18,SLE,DF,La Liga,2006,-4.7289930828843225,-2.6850820967354525,1.53598367809197,-0.5377390317039696,1.3677317587486537,-1.250297435021279,1.0312337593685257,0.9015560074954716,-1.1019934521270855,0.5931882713768093,-0.21764894239568913,-0.026088172662383356,0.44606802992320277,-0.9315829794216168,0.18158620965979455,-0.22842264171703994,0.17115606906741074,-1.2360940775122573,-0.16246773503114945,-0.29765957680019617
Anthony Jung,Werder Bremen,33,GER,DF,Bundesliga,1991,-0.6513529600877103,-6.299025605067322,0.9121969593581388,2.4172131731477307,1.3675545048096713,-1.126663626946062,-0.6179335586420914,1.1635322049786134,-1.5065532741224652,0.15540803187735291,-0.014050362598714975,-0.02998031961405344,-0.27146721157715015,-0.5934400044297132,-1.289132760101295,1.037008895483908,-1.020168361791388,0.15891816409724518,-0.6323430434172783,-0.902786674759993
Hamed Junior Traorè,Auxerre,24,CIV,MF,Ligue 1,2000,5.106205833557018,6.175961384592416,0.9064677423630719,-1.9657577951443914,-3.0390931531338583,-0.7848361516078062,-2.228277839041746,-0.48044502337240846,-0.27298157970186565,-1.4778851614493216,0.216570537951789,-1.095794851635276,0.283943000047219,-0.1799767813953881,1.405852181967712,1.9150182302865908,-0.2968377060469108,0.26016348286673047,0.6573792034787076,0.15283793305349128
Vinicius Júnior,Real Madrid,24,BRA,FW,La Liga,2000,13.280071318289801,12.053170989258671,0.864055714479252,3.0353509177930573,0.731515942760735,-4.132940631666181,-1.641833321276001,2.795322247080306,0.8761491385606656,-1.7539033407973927,0.6930658440361962,-1.339982517339676,2.9699429942653706,1.7061834559741982,2.1156168247656906,0.39342215428305055,-1.3824994085166917,0.05895490493648885,1.594680798434388,1.1241279061079723
Stanko Jurić,Valladolid,28,CRO,MF,La Liga,1996,-1.193306300210865,-4.1463304983806575,-0.294382138121064,-3.8459885625540644,0.06489029051001345,0.467637708139465,-0.5776278777477319,1.030763426465368,-2.0895428744407205,2.496301430006886,-1.1036361883482122,-0.20641211452219693,-0.0845010605096729,-1.5135860678032291,0.6122959391040431,1.1692840530431703,-1.0717475147038635,-0.4188431200053657,-0.30001062617064606,-0.7746598688735756
James Justin,Leicester City,26,ENG,DF,Premier League,1998,5.228401496006478,-4.780835173468535,1.3147059996962394,-3.5556718798033544,-1.67124361713254,-1.4745035266022588,1.6753427020881027,0.06800542007392972,0.6571121871653303,-0.7900996453300846,-0.10170614130882852,-1.089331634895279,-0.029830248263101208,-1.3284030601906271,-0.580851539510327,0.6061203402003411,0.09497658151980036,0.5353658662532627,-0.7665717758237907,-0.313252962030205
Christian Kabasele,Udinese,33,BEL,DF,Serie A,1991,-2.0359145422251963,-3.010687976973792,2.651431494897674,0.6928227980953088,0.8384405783063622,-0.8589392020379072,-0.39543367875046115,0.761568501516448,-2.318687104085244,0.43553730659932555,0.06253673333166103,2.1406516182708124,-0.47243145982164286,0.7001228662043033,0.4941330613620498,-0.637250600947255,-0.1378404387815168,1.0097708498025861,0.5745349217454309,0.337191256288695
Yaya Kader Fofana,Reims,20,MLI,"MF,FW",Ligue 1,2004,-0.6708926134872873,2.0019709736316886,-1.3161928077117708,-0.2123069540959563,-0.6689856801089726,-0.3429881084218934,-1.0932786015027232,0.6631777240068265,-1.161051844525611,-5.287156317266267e-05,-0.7974374731490577,-0.36873472389592477,-0.38590552030193626,0.5748186174205764,-0.03128606031673697,0.13809878840577505,-0.17046117576369008,-1.2963567919748171,-0.7224799235994755,0.3897021112983263
Pavel Kadeřábek,Hoffenheim,32,CZE,DF,Bundesliga,1992,-2.8739799311480083,-1.1341915082530456,-1.1748210186800159,-0.5898789678885815,0.5305075489769461,-0.3156913627521465,1.1294805454835153,0.11158071574442442,-3.2627486771758702,0.9839290810525286,-0.2703891987566327,0.4344618643920526,0.6694558967844606,-0.8081929526715979,-0.8826640211796432,-0.24899485351433664,-0.205080791122356,0.8643711553265766,-1.3083592704638733,1.8511183695596451
Tino Kadewere,Nantes,28,ZIM,"MF,FW",Ligue 1,1996,-3.1540555290589416,2.814076890151846,0.13169033421285764,-1.2365434392011114,-0.6155345102844673,1.8440087255396995,0.7402547544150073,0.2568284090218698,2.415594096565297,1.1250808236230094,-0.503229290631424,0.39389371856872074,0.3762458210706374,-0.5559755619294375,0.2813553079785253,-0.24139155134217755,1.0656147512208003,-0.9204020031343157,-0.8926367609105567,1.4417406061110354
Ferdi Kadioglu,Brighton,25,TUR,"DF,MF",Premier League,1999,-4.361544229418272,0.7447521013978596,0.007961395614531916,0.570573914343933,-2.9218022291217705,0.22189897871310382,0.5326096964223801,-0.4041770703569494,-0.17506747001994855,0.8906772845806766,-0.10909763197944504,-0.026331199208034634,0.12172747357450155,-1.2848314042051925,1.0578948119028837,-0.007582899511365035,-1.942692421428754,-0.2108162821302111,0.10518432962672498,-0.1626823750378752
Arnaud Kalimuendo,Rennes,22,FRA,FW,Ligue 1,2002,-0.7347767728898718,5.166201500757053,1.8795526195664876,-0.8619155375561967,0.18803342573655044,-1.404980606698584,-0.927628628711212,-0.8887835273929898,0.3938342176143139,-1.1086965694064466,1.2972763759415544,0.5398507837939811,-0.4612060050973381,0.08655339603311261,-1.9284655386639111,-0.5924533355995611,0.8378133768877768,0.4935568451672065,-0.4250402845226004,-0.359286348064282
Pierre Kalulu,Juventus,24,FRA,DF,Serie A,2000,4.170610106615242,-8.92909083436616,2.2851678313958463,4.130070987034782,2.668404217269754,-1.8395538388003092,-1.2791934187234308,-1.003449903773581,2.845609333676387,-1.993903239577767,0.6304331250327501,1.6225084769849472,-1.134600148978199,2.0625284179170085,-1.8513975980740418,0.23823927747537677,-0.3283770073083668,1.3433214519521641,-0.6453935301762495,-0.5594093287806908
Daichi Kamada,Crystal Palace,28,JPN,MF,Premier League,1996,-0.4144938675300783,-0.3643026700930323,-2.9169552828703202,-1.5263483557595432,-0.1689939312234295,1.4250638962735729,-1.1282256269599198,-1.4572616838275114,-0.5255368944500147,0.014396617184176373,-0.1373728314723532,-0.5477960438514763,-0.6557469743684549,0.4372736255693846,-0.030984596841759596,0.9923080306710843,0.35967100664001095,-0.4510894856226237,-0.24956177843962402,-0.39803946122405615
Waren Kamanzi,Toulouse,24,NOR,"DF,MF",Ligue 1,2000,-2.2222575093976134,-0.8977039528967313,-2.5230215887386636,-1.163200809267771,-0.41844329742470904,0.2226488621891911,-0.801217338741837,0.365370567800769,0.2680920692149031,0.9104755470079621,1.4979451895868987,0.6947224734815661,0.3321767704194779,-2.341809434995747,0.7889065593635914,-0.055176761876038045,-1.664256766646188,0.1349827459573268,-0.2882346477154746,0.24381224567475396
Boubacar Kamara,Aston Villa,25,FRA,MF,Premier League,1999,-3.1837960713626856,-2.3725439642665775,-1.6388909898574162,-0.9010927539688782,-0.5749961236576384,0.5114286777698985,-1.3101268174436165,0.4798923877820857,-0.025551216285164994,-0.4377977450533699,0.45101719636273935,-2.1252679134068915,-0.67341092551986,0.8365804363724484,0.46293917891957903,-0.5108686283574145,-0.3357033118928695,1.0945355595691948,-0.5303342389659489,-0.14726176607638564
Glen Kamara,Rennes,29,FIN,MF,Ligue 1,1995,-2.033292434942898,-1.547490402991853,-1.7779485056122817,0.03729489191828607,-0.6433388084865741,1.7882617964787937,-1.1764610636850974,1.4160618503124291,1.097170609660241,0.4423596109607227,0.40246514120800697,-0.15096355336434591,-0.30217535023373093,0.733197958617018,-1.3800552111545739,0.22489435137723982,-0.8755753245393636,0.005055483559184867,-0.24566639506657945,-0.5377150964139198
Hassane Kamara,Udinese,30,CIV,DF,Serie A,1994,0.22315455525707975,1.0653165964849787,-1.6384852506963454,1.8956770926973456,-2.4317220559523514,-0.3645253585123604,2.843350782411063,-0.17423354084012338,0.5042696079389932,-0.19369702018083984,-0.6178691864058343,0.8170021479954866,0.6630300891764971,-1.7864869187113606,0.7265972441534209,0.03753123249648673,-0.02527004879618259,0.1524385528828613,-0.0674333048487349,-0.4244416438770743
Jakub Kamiński,Wolfsburg,22,POL,"DF,MF",Bundesliga,2002,-1.684292189679776,1.0004456528358747,-2.1705587436229754,0.05321738528259799,0.9355479819723082,0.28168048882061747,0.8911867108005969,-0.8603595546928698,-0.6393591029333543,0.14927084955930592,-0.5548509414244093,-1.8814560272058378,-0.7757799608187707,1.247573245111529,-0.03144941727675956,0.009990910193614018,-0.23269791103251497,-0.5072427717222152,-0.686572392271161,1.510890258959598
Kevin Kampl,Rb Leipzig,34,SVN,MF,Bundesliga,1990,1.2322285069193373,-1.226436665017947,-0.465451846825725,2.743055331214543,-1.499668613679106,0.8243456649258106,-1.3697337611516458,-1.8585281725597291,-0.18716628131967816,0.9068323123504664,-0.20428996864423973,0.22888505264211348,-0.16402372039701052,0.8906321850286483,-0.44818522554183965,-0.1858247517234392,-0.5120143900646071,-1.550065106607324,-0.9988698119357093,-0.12886109749449545
Harry Kane,Bayern Munich,31,ENG,FW,Bundesliga,1993,5.916107126429046,11.317408680004794,7.7231411972649715,3.262433167023946,-1.8061078172079543,4.313251843807786,2.1579413262941753,5.388144855957717,-2.2409634717219102,-1.6774192969189696,1.843251578035633,-1.987340163720259,0.7498958561867313,1.068513813623885,2.1254958779322806,2.4593643440065702,-0.8697633710571487,0.582718389196338,0.15489833371912354,-1.2007242365238249
Lee Kang-In,Paris S-G,23,KOR,"FW,MF",Ligue 1,2001,8.924351557866288,4.423152760206868,0.35707130542918186,4.408011431091648,-3.7392939046320324,0.5061876803094573,-0.13246011228106774,-1.3719690037933927,-2.228350511284329,0.24913685082529363,2.3128527112576416,0.13471932754376564,-1.2762261110911368,0.35504356200059944,-0.9337387869662994,0.04418305033837637,0.12418750746567613,-0.9869792597538561,-0.5048848837655917,0.43356431165788223
Yann Karamoh,Torino,26,FRA,"FW,MF",Serie A,1998,-5.228104124520512,2.50818059034783,-1.5016614201961063,0.5465739264205834,1.2775657868108823,-0.478800447555611,-0.13644054810509948,-0.5128066355921712,-0.17221159146020296,-0.04463074602154168,0.8904136154912331,0.07281243747529878,0.02073795668250104,-0.23659139754177477,0.11409591205054462,-0.626696468109377,0.2575558604047629,-0.6142286304811931,0.027668789061270866,-0.05209751147036764
Atakan Karazor,Stuttgart,28,0,MF,Bundesliga,1996,3.4347605662241034,-3.0542455585783665,0.8166727747751348,-0.11881887956082236,-2.0802168144281614,2.254974067159832,-1.9738495119362294,0.8185284158084392,-0.33616742745107875,0.44190141312166764,-1.5057245669706245,0.6415797929265636,1.3177218797875772,0.018568174059679084,-0.46486570602049,-1.3060256438662203,-1.3874406771485202,0.5166574484814644,-0.4883533268470282,0.7596920053653059
Jesper Karlsson,Bologna,26,SWE,FW,Serie A,1998,-5.965873183286183,2.946613614059007,0.15047342940030767,1.005072635126489,-0.8730896470091177,-0.012302917940796083,-0.3596777623265481,-1.1607101435246432,0.16581801251117456,-0.28602745739608265,-1.5375773113384368,-0.3283633322173014,-0.4874491342674791,-0.20096589175093893,0.0851495363840739,0.56498420390261,-0.5777265037158531,0.33988904873373094,-0.17145241214889986,0.08047302257284873
Jesper Karlström,Udinese,29,SWE,MF,Serie A,1995,2.991252564897427,-5.540298740789053,-1.20979081027549,-1.2880756596820706,-0.06583162299560726,1.0742483005373455,0.19790890278392478,-0.6362727553916716,1.2675043906864203,-1.7166765240820647,0.5567696791824385,-0.8908114338527107,-0.5098799077629285,-0.4619168889883159,-0.662418595100463,0.23880289241540997,-0.411423636615494,0.5817981918161816,-0.636317301567405,-0.32397050029171726
Grigoris Kastanos,Hellas Verona,26,CYP,"MF,FW",Serie A,1998,-3.593182114213358,1.6847063554800488,-0.5728335479142619,-0.9168433133877891,-1.9108154663252157,0.8842094034163356,0.28330136668453904,-0.6787211312468262,1.5936414867917759,-2.2392104531043535,0.07988577313651676,-0.5466136365757888,-0.2452698610083188,0.016584341854660706,-0.005297140507787744,-0.481659940847421,-0.018873288782612966,-1.0362952676380968,-0.2753843253238959,1.273108251380479
Mikkel Kaufmann,Heidenheim,23,DEN,FW,Bundesliga,2001,-5.31919993750466,2.5523198604368353,0.07685330866585804,-1.1066691087986371,0.7460781381329469,0.1655393165760839,0.704126756233681,-1.3116471325263217,0.05488604921596513,0.271460142348359,-1.3001749498625843,0.8455850347335799,3.402558057483773,0.4389093582271729,1.0155868580722078,0.8784431260141995,2.3404652389718135,-0.7092105885990327,-0.5645097875122383,0.07527937130293136
Moise Kean,Fiorentina,24,ITA,FW,Serie A,2000,4.728585599801604,10.794035925260632,8.07313340554476,-3.305702004322087,2.292275011304724,-0.39036681901197784,-1.2270298274780942,1.624249861498905,-0.5472867137206279,0.9430791634981297,2.854362940777386,1.3553921994213034,-2.6656651443045787,0.4360190347957985,0.22185927003558237,-1.459104918246956,0.846628061205691,2.2346731938794755,2.1791851766285855,-0.026754153766954756
Michael Keane,Everton,31,ENG,DF,Premier League,1993,-3.7010652647349382,-2.0503522040450584,3.1783828115276322,0.4800370328867201,-2.4167437451354403,-0.9544479626076313,1.119813822698978,-0.060009095174168796,-0.8272790179466958,-0.7614288411482374,0.8074636546751427,-0.525969025360496,0.34896280427002146,-0.529006412675994,-0.029884260566696977,0.150682521767915,0.7196289584961946,-1.263375616278451,2.145648386536231,1.1248529063563082
Yassine Kechta,Le Havre,22,MAR,"MF,FW",Ligue 1,2002,1.1621858332680235,-1.2729028067887822,-3.25991847181319,-3.645759023685335,-0.7197208233058056,1.1885043886943663,-1.413858013707079,-0.9375916164175907,-0.05873555787136408,0.4335540368197131,-0.7046458927395869,-1.3306577604214893,-0.3424696176439151,0.4131839711723077,0.10747733175077023,1.019446205019145,1.2620401141729016,0.9058116917980319,-0.0758520029082765,-0.8691187014749587
Thilo Kehrer,Monaco,28,GER,DF,Ligue 1,1996,2.9409293938273864,-7.082545672506823,4.562160337805948,0.5477500567890229,-2.856873099075288,-0.00419544980566332,0.2150352806627382,-1.7201519800694884,2.503894307911593,0.7835062524708156,0.13920157638107258,-0.18760152675148573,0.9329856551614056,-1.0232673590718926,0.6945247230065317,0.9002160218002704,2.2750013468894785,-0.15075273499735653,-0.02032475524880148,-1.023392001532358
Mandela Keita,Parma,22,BEL,MF,Serie A,2002,-4.971005408342879,-0.37867473355637116,-1.1268321782516326,0.6797936578123726,0.11450448384505255,0.76066961709281,-1.0519398900397394,1.4589452463323245,0.18714353279938528,-1.4117458062291341,0.79392378144392,-0.45210798701297106,-0.20072615196351457,-0.9863485989257883,1.1024371631091243,-0.8205992441149937,-0.49750545777305827,0.7323869003630452,-0.599564224964856,0.21797756721959327
Lloyd Kelly,Newcastle Utd,26,ENG,DF,Premier League,1998,-6.275064764055537,-0.262679734517403,0.007910959889121492,1.0287393270095941,0.8703418994550949,0.03724574243060656,0.6802394720740504,1.9374204252322071,0.09317138872631038,1.213287270779782,1.3917094616604997,0.548453967261694,0.711365436993666,-0.869852925324197,-0.063918034176223,-1.414797614541941,-1.189455956619879,-0.4494667900257721,0.46765126478579666,-0.44619172178951094
Aljoscha Kemlein,Union Berlin,20,GER,MF,Bundesliga,2004,-3.0300057830746474,0.2580404388287775,0.3688306338805211,0.5260111919614884,-0.47116862528657505,0.5287430638680022,-0.23827178905523355,-0.5465999684429477,-1.8163059094013958,0.23461441844365546,-0.6414186750256401,0.44296664089792426,0.032650945377791334,-1.0964378933853367,0.19525161969413077,0.5368451457316674,-0.2527197705342644,0.05689117149295193,0.20319894584917333,0.5716227331905807
Marc-Oliver Kempf,Como,29,GER,DF,Serie A,1995,1.6667473585346413,-7.77761465802169,3.283238690262433,0.9916109976656823,2.958616273178323,-0.48038979704117996,0.5618419202776301,-1.3066617400187674,-0.10128867951784241,-1.239475324137857,0.015377547378369568,-0.42178546766053254,0.1196601687463719,-1.22225829968447,0.11559641842455547,-0.15660066415191895,-0.4614748628910695,-0.7034456186856638,-0.9907959567931536,0.22330714959716316
Luca Kerber,Heidenheim,22,GER,"MF,DF",Bundesliga,2002,-7.2175156965956875,1.0673517132069732,-1.2810025163574599,-0.30918127756075564,-0.42296482880709285,0.43183460846577315,0.3741621041051096,-0.44652666711108224,2.025169700693044,-1.0286418910962687,1.3926285183112865,-0.7354279515279397,-0.285510351012242,1.012825257609093,-0.5011767038235173,-0.04491007658452583,1.0301989829514673,-0.6222019792372088,0.45916494793916046,-0.2959936856330414
Milos Kerkez,Bournemouth,21,HUN,DF,Premier League,2003,7.752855545829138,-1.840746312459714,-1.9592048227727685,0.994605925002158,-0.5583980594666773,-1.6408570543325516,2.0363930579701655,-1.2992399082688684,-0.5864969411309963,-0.7798266781470139,-0.7752508883294913,0.5294579065314496,0.1434255449969929,0.18066551721244756,-2.0948694902376883,0.2254037783603528,-1.0298452918299292,-0.3599979316344938,-1.1955700320734362,-1.3581986833916817
Bilal El Khannouss,Leicester City,20,MAR,MF,Premier League,2004,0.17176800158898484,0.5399075266522364,-0.9942776897034536,1.218616877296543,-2.3678071439516875,0.5472188485101452,-1.1851581171014052,0.020849050530795936,-1.1643701901758792,0.13851503541014962,0.18939611371764295,1.1206727744051248,0.5172753795942111,-0.294085162733558,-0.15529531158191026,-1.7768149970841003,-1.542947977410521,-1.3489307015244978,0.5130143555376061,0.3482283811535415
Wahbi Khazri,Montpellier,33,TUN,"FW,MF",Ligue 1,1991,-1.253406139694356,2.8536921048703627,-1.6212595755623342,-1.0033938496660841,-0.024513687979446277,0.4337987303111974,0.13459095623984874,-0.7417124497917043,-0.33832580857503,-0.8143412917375135,-0.47954115105573186,-0.04582683099005542,-0.08001910749610139,0.6611010889884021,-1.1155885690601355,-0.35351872528086004,0.04690628305777127,0.0756984086692034,0.8377247541585146,0.23477582639979294
Rani Khedira,Union Berlin,30,GER,MF,Bundesliga,1994,-0.8474127584530705,-3.500270630220065,-1.2922222381484623,-2.860040969915291,-0.1546542067466797,0.6042310113791586,-0.2317516008283099,0.6733069562284434,-0.9891125681571823,-0.0994212982776434,0.6247022848340796,2.4886907219308187,-0.7633250532551266,0.7159468634508123,-0.07510100985488834,0.18588456870885636,-0.9174437937419065,0.4237286918732486,-0.2885551286312304,-0.5982354213034513
Abdukodir Khusanov,Lens,20,UZB,DF,Ligue 1,2004,-1.2707788303313687,-5.8846642851617865,2.0662201339679127,-0.12659963748353556,1.0432441863254736,-1.2803865575005338,0.8472470478208193,1.0282859139161338,-2.030084229333036,1.36142416672791,-0.25364871028303326,1.9383474470531274,-0.6874391400789486,0.24682077940833527,1.251408653876938,1.0260561727518716,1.4027443722521309,-0.9908843741794561,-0.5061572392881325,-0.21842274285575458
Kialonda,Lecce,27,ANG,DF,Serie A,1997,0.016544882571514864,-7.347825471200632,3.9474774150562517,-1.876783596768903,3.411933693209036,-2.2841571588771528,3.0299725099185664,2.4578311469756478,-0.7362030012997347,0.7057541147360736,-0.1173447833489237,0.07495917808432849,-0.6557748229361993,1.2245297765056402,0.8086354986935126,-1.138854182551942,-0.8828726118612273,-1.3271226532795681,0.23311222363812353,0.11596266652498317
Kiké,Alavés,35,ESP,FW,La Liga,1989,0.35651117168966817,5.126303125396451,4.895161922963781,-2.912467221444172,-0.713274016316196,-0.30556052170588927,-0.8108860083658715,-1.6608246828972262,-2.498121884606013,-2.6943857581432944,-0.24085226657128367,2.0298418125113136,0.6620507145844639,-0.932410592449122,-0.8737792525885301,-1.804477067699285,0.6416498482596446,-0.2228953277794306,-0.5386747481267133,-0.7581147715938323
Max Kilman,West Ham,27,ENG,DF,Premier League,1997,4.205973428798394,-9.777272664694472,5.094246035025599,0.10975938793046267,4.5161991258459375,-1.3816541553902995,1.9810459967699008,0.7264442825426616,-0.3594715023161387,1.028317430316703,-1.1384404751416255,-2.4556783920875884,0.6454314645000407,0.20158595063040616,0.8369065899824791,-1.8888687844591086,0.4490349940243347,-1.1075023868481584,0.5441878269785222,1.6282534848120842
Joshua Kimmich,Bayern Munich,29,GER,"MF,DF",Bundesliga,1995,16.956941819608538,-7.415210992043796,-1.0338249389391152,9.8654178878172,0.5353457786116214,7.093414128449585,-1.800790134657594,-1.443802302865517,-0.17463058704622225,-1.0718500955459038,0.3082328659288256,1.2956416730703113,0.856115587961765,0.3156118929263475,-0.48705980329271065,-1.7829270373989297,1.438097149346264,0.2816854485574854,-0.0756628598133487,0.35422867708316913
Joshua King,Toulouse,32,NOR,"FW,MF",Ligue 1,1992,-0.12735067797887403,5.553797434583658,3.2565274815566854,-1.7919124991935174,0.5324785493019448,-0.728821320443408,-0.326747116021562,-0.29147542053352143,-1.0735716721107627,-0.5115056857491616,-0.2215825248217395,0.4280592654706594,1.4293455008039853,0.744242142907991,-0.4488695467522905,0.6701525193096161,-0.4478616189027074,0.14945432797581512,-0.5526732399911661,0.060800157247012966
Cédric Kipré,Reims,28,CIV,DF,Ligue 1,1996,-1.1718895902645585,-5.38728424276015,0.7162882653914863,-0.27445272756682354,0.5994066584719606,-0.69599904613422,0.6906245181231315,2.728604323404458,-1.5309201143090427,1.790052259691946,0.33047668848670503,-1.1702325358215695,0.10328697572174926,0.2785824763300798,-0.29091027184299445,-0.28509640241307976,0.14205684607169858,-0.5306795092765115,0.4045824712481352,-0.45577103016161996
Jakub Kiwior,Arsenal,24,POL,DF,Premier League,2000,-6.939889266568323,-0.7301018824004846,-0.5559939963838731,1.140047047408062,0.42599697510997436,-0.30350414418452526,-0.058254611426787756,0.6975475280056526,-0.5907809319901274,-0.7523937749380539,1.3029562028720905,-0.8688790235749188,-0.3060014116084879,-0.3019275738429922,0.40446309690895793,-0.7596993082909544,-0.424409526269656,0.46775412808397654,-0.08078243239809514,0.32253669437004967
Tim Kleindienst,Gladbach,29,GER,FW,Bundesliga,1995,7.771650746527688,8.466275158539162,6.913846874396711,-5.38311099918861,0.17701266418011208,2.4807408337005126,2.430894924328007,-0.18214292927809103,-1.9141284464115198,-2.7141284447054757,0.6252340918363417,-0.1447903321830849,0.3355496118021725,0.21393560385445953,-0.13467922684462227,0.5998446728535495,-0.0765227595387891,-0.7191452709783372,-1.849039772800146,0.9585685530948074
Lukas Klostermann,Rb Leipzig,28,GER,DF,Bundesliga,1996,-2.2214748731976153,-4.579524669113437,0.6414754055661805,1.3154317411330887,1.0395664516609042,-0.8455597762147763,-0.02903384705277207,0.78516103287848,-0.8803577601612104,-0.3322002886272746,-0.3749928763741354,-1.3952555852348119,-0.6110257938050774,0.4934017756911833,-0.7881795978355665,0.3384777358872824,-0.6452548252195787,0.13420764825353346,-0.7399330280718039,0.2728391461434859
Justin Kluivert,Bournemouth,25,NED,"MF,FW",Premier League,1999,4.345879539606905,5.911280369419681,0.4777947852254024,-1.1373121326236943,2.2728703601986506,0.37792844127667025,0.3584108006879489,-0.2849570695477336,-0.03995235638511538,-0.26441338235851636,1.0220836031346816,-0.8866674682553612,0.7920946153949837,1.086609975948289,0.6527589191892568,0.9515345056699192,0.5593316118563562,0.7804669758076968,-0.43126024616038283,0.6677910991473189
Ansgar Knauff,Eint Frankfurt,22,GER,"MF,DF",Bundesliga,2002,1.1172031097946837,3.063572201702593,-1.2933342975285829,-0.6891018363240432,-0.2014418603474146,0.45821169039977555,2.073459707132862,2.212510314912388,1.3781109642367737,-0.38000586902094385,0.5274506400378888,0.38596489464141304,0.3854021182734719,-0.44314237480275165,-0.31068671482061605,-1.2946475762641616,-0.4430588570764993,-1.200705674917308,-0.6469100071123527,0.9946655531049322
Magnus Knudsen,Holstein Kiel,23,NOR,MF,Bundesliga,2001,-0.92281277587434,-2.905681213775923,-1.5309158967443182,-1.4442282409899576,-0.6476360250589873,0.6726650421997199,-1.0896891568236884,2.31966031637884,-1.0956370046643915,0.8740795046208358,0.06892386607847031,0.04138771978837106,-0.0015446712690289773,1.0692385312861117,-1.6842726277911946,0.5350292176311698,0.368855006040788,-0.6734642405225413,-0.6043259307297341,0.5378648846129019
Robin Koch,Eint Frankfurt,28,GER,DF,Bundesliga,1996,1.7958511726506259,-8.938177264855733,4.6449386196254645,0.9554264286993384,3.2748023339779455,-1.6237305796161108,1.43866732125101,-1.0533678936783215,0.2919056408464704,-1.1961461116528371,-1.64614155992642,-1.0904872029554,-1.5413861351423457,1.2886371004093045,2.1845016072927366,-0.3417657031195315,0.4969562678442633,0.6328560331033787,-1.5055331364518332,1.2611122570470497
Magnus Kofod Andersen,Venezia,25,DEN,MF,Serie A,1999,-3.1773895912994137,0.1856532720322065,0.08200150954372948,0.9478477291482008,-1.470672516312874,0.6250243865158409,-0.03369630533157313,0.9981892151739533,-0.9256493354747065,-0.5254594948142551,-0.08546991618055672,0.24908122214532255,0.07378301231022362,-0.8588560364250167,0.14930994170789622,0.07909767925902317,-0.3963123183237311,-0.022222638531110776,-0.3440406032654693,0.0035540029275503773
Derrick Köhn,Werder Bremen,25,GER,DF,Bundesliga,1999,0.36781611698527505,1.9469773492589508,0.28008154231101234,1.6305359855724835,-1.5777686553757688,-1.4457881584521033,0.896260866612845,1.0964448216312261,0.47455164839641206,-0.769984568264433,-0.4185305589629498,0.015206240005469843,-0.13821334089034007,0.34069463599734284,-1.0947228708161254,-0.3537577901266777,0.20626625905162216,-0.511894483817821,-0.13967737458566934,-0.08295669440900227
Dominik Kohr,Mainz 05,30,GER,DF,Bundesliga,1994,2.544968386961941,-6.780717683607865,0.21266168178500167,-3.3747452100042037,0.5508130571794831,-1.244021234923506,1.054939085969047,0.42486869622122986,-0.7724953531551305,-0.12323512994662779,-0.12618829194378137,0.7044492155290517,-1.1596087593430704,1.3425519866792688,0.6905696260681082,1.0120292577675805,0.15281917458812228,-1.2248395793718543,0.7830560869486762,-0.18100115319143414
Koke,Atlético Madrid,32,ESP,MF,La Liga,1992,4.606397088537262,-4.204863534016739,-0.6777224756571091,-0.12182438106037646,-1.7975460182103937,1.9234148961324604,-1.2175345590394482,-0.3318881244524011,1.300597564627658,0.9256800783348195,0.11027102157922065,0.7735425107704846,0.26904566191131557,-0.7781089202098364,-0.6785930185119369,1.0091084699528952,-0.025295765047248887,-0.12011559958401964,-0.3457970702171111,0.6270058670413199
Sead Kolašinac,Atalanta,31,BIH,DF,Serie A,1993,2.246088517952402,-3.3149007322763673,-0.20084872761077402,1.0086464573193379,1.6693162735022375,0.6210590417961739,-1.6088306878353495,-1.2729785301943275,2.1181285225584556,-1.1681445714167953,0.07427449846125467,0.7135839639044463,0.038561487652148924,-1.3971930815114675,-0.06738093347864631,-0.15467416822205066,-0.1847409535690168,1.3018084690787695,-1.3056823065302683,-1.2752226886910047
Randal Kolo Muani,Paris S-G,26,FRA,FW,Ligue 1,1998,-4.033463733116996,4.993613175234169,1.2424166240871197,-0.9038119810571381,3.606160307809348,2.3729541963285654,-0.12922254711364173,-0.13016548080212015,0.9205279634767881,2.722582674641597,-0.29818524946265607,-0.12502569534704744,1.5505356896822855,-0.4217476899071486,2.2748312428281685,1.0178804481362764,-1.4319916730412914,0.2330650941703177,0.30513647466308724,0.18141084968990792
Marco Komenda,Holstein Kiel,28,CRO,DF,Bundesliga,1996,-6.417042394589792,-0.057206102896124975,-1.368877128887097,0.33790005126027983,0.10161344466625495,0.0777209171583031,0.2887650166819745,0.647066360467335,-0.5552941424232459,-0.6998450713057814,1.5337008089409874,-0.11244825520201934,0.3425017565303183,0.0518417136618513,-0.6017343031450952,-0.25071325457467303,-0.17975807793740056,-0.26883717559868564,0.14397952402949418,-0.4023201469714052
Ibrahima Konaté,Liverpool,25,FRA,DF,Premier League,1999,-0.24442335267972,-5.511044329314746,3.5044859382341738,2.0391688619163064,0.2112058914575812,-0.15095085328181995,0.023360494140552794,1.9614222438078426,-0.5827132625453875,1.5353382522314443,0.015268212936626998,0.42314702876902577,0.5856423431177525,-1.2044085205778305,-0.46199688127613875,-0.44294865292626995,-0.9893998283092678,0.6536518709805929,-0.6916678047683441,0.16749209378519186
Geoffrey Kondogbia,Marseille,31,CTA,"DF,MF",Ligue 1,1993,2.4616640754931107,-7.6702663381227,-0.37245326533896844,0.8627072020865705,0.004112557071839641,-0.0796062686500053,-1.9602998544573071,0.8408940211203182,0.9770492298440391,1.0036681577324416,1.8970732312546035,-0.45735401350310884,0.22263355864769374,0.0756104394828431,-1.1818826713674149,-0.8661063795385158,-0.43055478840521044,1.534411293918567,-0.45749257037360624,-0.9697663928560393
Amadou Koné,Reims,19,MLI,MF,Ligue 1,2005,-3.5274377990895434,-1.8530793957040141,-1.4221334184078422,-0.20674940192753444,-0.2754870973454851,-0.48469165958068144,-1.9793913559146992,2.1316533480677866,-1.087105094817841,0.691266446499954,0.8545516080540114,0.2589635934726252,0.4307223605045653,0.30824912172946145,-0.8856400663579044,0.0650592179306474,0.4466276637708257,0.0029832368534698684,0.5214021951598643,-1.3037729012229318
Ismaël Koné,Marseille,22,CAN,"MF,FW",Ligue 1,2002,-6.267783438346336,0.773547859110294,-1.206999089093056,0.6782718366493454,0.41038830274116067,-0.14162581873427912,-0.7996035347526274,-0.060813292599147174,0.9166158644321315,-0.7571825386104584,1.1815724244103178,-1.0172188032428733,-0.2633099449438329,1.0060739063719961,-0.4130872744856786,-1.1588157054905133,-0.2541809224135826,0.3947569122818818,-0.027320363035606688,-0.03010492027877342
Manu Koné,Roma,23,FRA,MF,Serie A,2001,3.8383213324262226,-0.1160884322451091,-0.19036824902273305,-0.4536241189492338,-0.8372702510211275,-0.14725993954297562,-3.7712670224529496,-0.745881919626537,0.32298655527719444,-1.0675502082476418,0.4746703853867345,0.5960911377644323,0.2377247062954993,-0.33691240049420956,-0.1613608759127362,-0.07131747711254759,-0.2891814501896341,-0.0917556631486603,-0.6573027692976564,-1.3281300127095637
Ezri Konsa,Aston Villa,27,ENG,DF,Premier League,1997,2.2352331784591737,-4.902677419577905,1.7486517213377344,1.1770772031971533,-1.111053208742452,-0.7721793461022831,-1.1927811242764765,0.07815213453164446,1.3385708504832983,0.8208392060397258,0.14378125642024261,0.11836402180780307,0.6690715851284649,0.3361573699055349,-0.8211449360854629,-0.3263064664600893,-0.2914644410037419,-1.4599369912963334,-0.6693480723507098,-1.0033288002744698
Teun Koopmeiners,Juventus,26,NED,MF,Serie A,1998,2.999785380001252,1.377261046016244,-1.0525626301035975,0.33891571285830574,1.582394215941531,2.7486536678205167,1.4441261237113494,-0.020194264236811046,-0.009195870536862804,0.6639184885548561,-0.9048124185670993,-0.006377578591712309,-0.7331172447399829,-0.035991650921386176,-0.4510470177819047,0.2614273178609584,-0.45519891122472933,-0.19726884792446195,-0.5489113124744796,0.018077709583804717
Odilon Kossounou,Atalanta,23,CIV,DF,Serie A,2001,-2.937150446671874,-1.8734112268142091,0.6379172840379163,0.7712692573516422,0.7943422701249593,0.04560143484750622,-0.82494414778057,-0.6499310937240439,1.6506437551650166,0.3457011030036893,0.19503356964421475,0.689344875891253,0.34244543900347113,-1.1066643957994322,0.5380821919819303,0.5936049762783338,1.9975210596826745,-0.453512981625508,-0.5245951903831884,-0.7005146678517828
Christian Kouamé,Fiorentina,27,CIV,"FW,MF",Serie A,1997,-3.0855699438571818,2.6150845025463747,-0.8469608871290334,-1.406079685824958,2.301155244291367,0.500183347232161,-0.20689494122597243,-0.9754636754841547,-0.3960107599107821,-0.7487831491208348,-0.8195926235971965,0.5958664522642699,0.06915807941884033,-1.0763717769485726,0.24351309794877396,-0.6171618766035915,-1.005888152845485,-0.46028397072531035,-1.1677014057978385,1.2617699173876495
Henri Koudossou,Augsburg,25,GER,DF,Bundesliga,1999,-5.0284755804497525,0.2496200164318821,-1.8339394063808132,0.40186526468929534,0.25890413075477753,-0.7977902056246309,0.42649014025738746,0.18271701119743733,-0.3990042397875071,-0.3126101062687075,0.7709905637743527,-0.47157804350471005,-0.2625922637632486,0.04874525136215773,-0.7024976982420021,0.09622312863371037,-0.6844379691800072,-0.2792293919924334,0.051076053360151814,0.18909328024823518
Konstantinos Koulierakis,Wolfsburg,21,GRE,DF,Bundesliga,2003,0.9653115815687472,-5.627714110351832,1.5585434795825042,0.5438171732053652,1.7286907500583037,0.3569638243101023,1.529079223690863,1.936699093303462,-1.0007301321636772,-1.029993379852222,-0.861508781747121,-0.3857621793964936,0.28473187921001786,-0.8989508139634121,-0.37717273464898204,0.4857287138314418,0.35208495744108426,-1.036733582367504,2.1198777540367546,1.338460901949441
Jules Koundé,Barcelona,26,FRA,DF,La Liga,1998,11.695745512236687,-4.686148820448608,-2.1267855653956107,-0.288599602628048,-1.6239917889201172,0.9271843957268182,0.47911047388749284,0.0908057464194629,0.977770518035999,0.5071228866790247,1.0087254703293613,-0.5323045425575855,0.27287310378862845,0.04835042629216164,-1.018075261341242,-1.2252723580128029,-0.4126766450115456,0.33934425472898067,-0.43677024885734533,1.7301479950377738
Mateo Kovačić,Manchester City,30,CRO,MF,Premier League,1994,8.910777743331698,-3.2876240185375676,-0.3504931804693343,2.68688238044737,-2.6082384144288624,0.909559671647318,-4.828025745759226,-1.4539649886831458,-0.9431479468198184,-0.13059242330992712,1.6006717885505402,0.48451274930278804,-0.9475670050374471,-1.8504352583135117,0.2542979898777085,1.5666019918463858,-1.1119371549578612,-0.48191925104047517,-1.8316475397506635,0.7718237277458853
Emil Krafth,Newcastle Utd,30,SWE,DF,Premier League,1994,-7.775406995666804,0.343028345498236,-0.6353900135744064,1.011380428980923,0.5516350397923484,-0.2998156544686417,0.19207677535615228,0.6209358105546429,-0.7043043958974523,-0.8478478747846657,1.0605782982764238,-0.7275836295609421,-0.2626923232736556,-0.3077275684674277,0.33049342480949473,-0.092588638925069,-0.46368372971665106,-0.7256920986548372,-0.2278197638710292,0.06462187877473405
Alex Král,Espanyol,26,CZE,MF,La Liga,1998,3.9420067692005336,-2.8312614082520167,-2.3131264588288065,-3.2731036700136626,1.035991174801201,-1.5395755693992021,-1.364938525136349,-0.3141271499298611,-0.9083144617727308,0.5757621208404367,-0.01265651687963297,0.056963748489416245,0.13604585991624923,-0.6397386870619168,-0.24681089992240882,-0.5614185144623467,-0.43103734059636795,-1.3287517463118586,1.389889466149919,-1.6988424597999876
Andrej Kramarić,Hoffenheim,33,CRO,"MF,FW",Bundesliga,1991,5.433109603159733,5.09742191924432,1.434614228866439,2.8399928460950736,1.1008153853883078,0.6173417160578947,0.03917906638766648,-1.9449369647326626,0.30013811307122584,1.2187723561764616,0.9115510059864022,0.18378002209985625,-0.9244384122109672,0.3233505343758276,-1.546357989898561,-0.01817827656018738,-0.7741508406973006,0.7898939106269575,1.0825822081745367,-1.2851166910268081
Ladislav Krejčí,Girona,25,CZE,DF,La Liga,1999,0.8419206447067767,-4.124329746582189,4.334995962143915,3.1580753108209705,-0.7998183369936546,0.1692793152990072,-0.5190899867944073,-2.0379209969579897,2.8016790956079167,-0.7744388535001591,0.05187540502939637,-0.2708369711766612,1.570841732989581,-0.2952900099371904,0.9623346637094263,2.5263490487055136,-0.2928769658922852,-0.012450064295880173,-0.04027865109247317,-0.49544242201705935
Rasmus Kristensen,Eint Frankfurt,27,DEN,DF,Bundesliga,1997,4.188113903781051,-3.526181617590358,-0.562964419862927,0.8045252545881217,-2.02508863928129,-0.7160708211969631,0.19220875304133964,-1.6910239758659529,-0.9235177806881426,0.6251024907196915,-0.43382099643862904,0.24789951415865627,0.08821410130568036,-1.1683106625786492,-0.514428407467253,0.4557769746600474,-2.0957200006724643,-0.6711006165984397,0.07870196431004775,0.32865199364896935
Thomas Kristensen,Udinese,22,DEN,DF,Serie A,2002,-6.047387044545324,-1.7055472742046327,-0.01508257885462866,0.9465092061212158,0.7965497496107762,-0.49926843198194026,0.38853712630329534,0.6349041446552365,-0.6187407070813663,-1.2737680035430514,1.364887068488758,1.2715840726918828,-1.2744010777685217,0.2009256378981468,1.6061715845788889,0.27206634587992357,-0.6886819257889848,-0.13672555580137524,-0.14910954988946154,0.05236105560998979
Nikola Krstović,Lecce,24,MNE,FW,Serie A,2000,4.1348467381849465,6.049688407452088,3.5466413694930807,-5.5502635396745745,5.310901684935608,0.5352626668506332,-0.9118940673508796,-1.2880078451115018,0.05267353467949365,-1.3337871232545686,0.2525998288867761,0.9067465482854905,-0.501838775474412,-0.08970903593587716,-1.6818630737648281,-1.3641032628077359,0.9545862077556417,-0.5905836172254562,-0.42749116390817204,0.40600967827464507
Lukas Kübler,Freiburg,32,GER,DF,Bundesliga,1992,2.0635674553837133,-2.7177361673159326,3.417368946901436,-1.8875343317514057,-4.500244984317245,-0.5738530370991133,1.2847756881285042,-1.2640697207770601,1.000640508687362,0.05491410393233574,1.2739082280446732,-2.2108785178335117,-0.03847450481368439,-0.6290431660787672,1.3362370289519323,-0.8670204584375295,1.1537839682387878,1.340171723627247,-0.9502640273585237,-0.3229481763034372
Takefusa Kubo,Real Sociedad,23,JPN,"MF,FW",La Liga,2001,8.990617353525826,4.859470442925342,-2.720854216465541,-0.5600096328135398,-0.6335835077422419,-5.070704631140304,-2.4200509144850106,-1.6751937563808532,0.1775487319431636,0.3385074970829936,-0.19960382249788777,-0.6059491800754442,-0.06335867827094145,-0.14242365394190507,0.14320962701622414,-1.1266332217967108,-0.3585330251393987,-0.7466352313011724,-0.31195792628737934,0.3437235374280928
Mohammed Kudus,West Ham,24,GHA,"MF,FW",Premier League,2000,8.566906469033254,6.640622600908636,-2.1978284676838036,-1.1547909525905498,2.325731463855631,-4.100441745341023,-2.9094944104624867,-0.312399368044104,0.558758754589789,0.9298743352398392,-0.6558095855550936,0.028171907381534612,-0.9662410074570784,-0.7208056158785233,-0.1478394490449405,-0.07156706257791143,0.35096972262986487,-0.2896145954290301,1.7994901714594331,-0.004114569485021605
Dejan Kulusevski,Tottenham,24,SWE,"MF,FW",Premier League,2000,16.340694319203564,8.628902283904152,-2.395765820506168,0.20943186580394196,-0.6750977799307641,-3.2347212472284124,-1.1148628860274936,-0.37026354950641005,-0.017032748669393707,-1.061014832782354,-0.9977087935567899,-0.08679291877345974,-1.279536032725871,-1.3074761765458967,1.0762340074641745,-1.0711022830955,-1.0937173288306803,-2.2543497913711765,-1.748106439342843,0.5713245827894232
Marash Kumbulla,Espanyol,24,ALB,DF,La Liga,2000,0.5506653278453292,-6.164382235607503,4.5866087403420455,-1.697729516225798,-1.4147921112936472,-1.5562506088076817,1.5903930801714947,-0.8309051461411034,1.8065437128697606,0.7027228522071682,-1.891210143741421,-1.3083099007283632,0.4085556051664992,0.0949990335393317,0.3578377091303148,0.18001818704296807,-1.6152149293765805,-2.324976218458659,0.6290819703591614,-0.45872886835169674
Daler Kuzyaev,Le Havre,31,RUS,MF,Ligue 1,1993,-4.342758384742,0.05640056120049153,0.5517800222797739,0.42206703637166726,-2.3091531482360046,0.18575262664441816,-0.3205479295860665,-0.8663052639636348,-0.6022871252390918,0.47211888781248784,-0.5334787745251651,-0.048591895193670215,-0.13863628352672946,-0.927000020012307,1.3370287320267336,0.8767794369002465,1.0299611417977215,-0.8937464935815287,-1.2178109052195412,0.029634404671215857
Khvicha Kvaratskhelia,Napoli,23,GEO,"FW,MF",Serie A,2001,10.655317577470063,8.041910432591896,-0.914229934564684,1.9320617310322579,1.6634152582093535,-2.193829108409491,-1.4213692023472857,-0.1899225978719939,0.5256733898615873,-0.5702431491647213,0.7586744382920245,-0.9086444926398073,-1.3560973560919698,-1.197940209081549,1.7763184533478389,-0.01157626127165641,0.3483367297323025,-1.3357170126999527,1.1020612514079187,-1.0227546250663295
Giorgos Kyriakopoulos,Monza,28,GRE,DF,Serie A,1996,8.466057834648362,-1.101073125849246,-2.658474590479684,-0.2635088786238839,-3.0156671948061953,-1.1817896436291195,3.5589883349051,0.31584901583530284,-0.6395649280421605,-0.6814482287716203,-0.7718209333933395,0.008878429419427456,0.24140704108553873,-0.9102121524833293,-0.9147995692905244,0.833521227120974,0.24064151003188666,0.1865185557428179,-0.610398377007968,-1.294460796318805
Rémy Labeau Lascary,Lens,21,GLP,"FW,MF",Ligue 1,2003,-0.6112559445590439,4.18608476666132,-0.3932861102662395,-1.5806330439614042,-0.08544218112215661,-0.04843434733911981,0.2343739664204948,0.14315367923242095,0.5311148791096967,1.344069998003509,-0.26113858252945266,0.6813235611396713,0.1409058637912096,-0.5279843812228754,-0.23967009355623908,-0.1919080152694558,-0.6900052665652731,0.2907341201423742,0.5243726169613153,0.02842132160127681
Gaëtan Laborde,Nice,30,FRA,FW,Ligue 1,1994,-3.963757457652672,3.753460577067798,1.2270791921192457,-0.23909466666959045,-0.40949583595491235,1.2295094737527348,1.3673601914450213,1.2221351669889498,1.1080874673128591,-0.37575791679503423,0.07939809932547386,-0.4437839163559346,-0.646342208943109,-1.16799681403457,0.039542061049855595,0.5767112145336807,0.5582016711355763,0.7535502779337124,0.48904207826189744,-0.16789800486750855
Alexandre Lacazette,Lyon,33,FRA,FW,Ligue 1,1991,1.889982687494717,7.203704619656611,2.3679407609603227,-0.5847418534594857,1.8243311680228254,2.793753472557749,1.1406955121456677,-1.4857091971351277,-0.346485277255063,2.328051747121652,0.5928273643503057,-0.10419747887173934,-0.9752318368476338,0.10681482318647703,0.3381323205763983,0.17493961475643552,0.6310135074813298,-0.2406107623563249,0.46453345508993504,-0.6995186643327643
Maxence Lacroix,Crystal Palace,24,FRA,DF,Premier League,2000,2.8638325438436243,-7.446271265146357,3.2300445132845232,-2.6543310381914154,-0.3387671283651128,-0.6173178484408756,1.3893197643028097,1.8151264261394673,-0.33401086981867645,1.2881717184708033,-1.1093899559235187,-1.2520508353070576,0.06077295305284736,-0.20830012334042505,-0.724135983693909,-0.20071071912470598,-1.850806604948053,-0.2184372130052884,1.1256414534183798,-0.6646613567928612
Konrad Laimer,Bayern Munich,27,AUT,DF,Bundesliga,1997,-0.9027480298787056,0.9426711103847458,-1.4393868087763215,0.5350463848764031,-2.204111396058955,0.41404657904754133,-1.2565246802140155,-1.8016192627965253,1.1969280606128223,0.455784518230098,-0.5822058620524398,-0.4072132708247466,-0.618655114958534,0.7611992355229068,-0.6730330140534133,1.1584324993512776,-0.4748643900075377,-0.367794145153799,-0.5440689411541567,0.26533230843056865
Stefan Lainer,Gladbach,32,AUT,DF,Bundesliga,1992,-6.037112737646326,-0.35964569167735655,-1.1960430840425544,1.4774780653037543,0.2269026368236132,-0.8680715163714087,-0.7167548110769016,1.45740715072984,-0.3667494951344432,-0.05978195577461972,0.9651342017342297,-0.4741261897878877,-0.2242242794523544,2.015172403340402,-2.2893814566186763,-0.47126178084814757,-0.04661867459059666,-0.4703190378995657,0.5356804096466818,-0.5825207431250552
Kenny Lala,Brest,33,MAD,DF,Ligue 1,1991,4.529351112210291,-4.1937119892539,-2.2086045651487667,-0.07172018219378495,-1.361290122189004,0.7376587609178403,1.3834014327225745,0.12016675229505604,0.015152293634506394,2.469530308329116,-0.2913592137494167,-0.346984601444388,0.29939935700714976,0.16500939165463954,-1.217003943911767,1.864038182142535,1.8125506121953712,-0.19467543276808164,1.3370520569978863,0.16233136468713089
Adam Lallana,Southampton,36,ENG,MF,Premier League,1988,-3.999931026584954,0.6212852071003081,-1.574283825628514,1.5333170509516052,0.5264777039412966,0.9836063137463313,-0.056119865593875384,1.6811711746810942,-0.3282911121131868,-0.8068697358680681,-0.9300660941718203,-0.5660775298776158,-0.7097982284275317,-0.017772681323047993,-0.168760371653443,0.3787818388849796,-0.8861679253038378,0.4027378060940167,-0.10953389857941445,-1.0510015910354795
Mohamed Lamine Bayo,Lille,26,GUI,"FW,MF",Ligue 1,1998,-6.641360122528288,3.927317324633834,1.9763280847749494,0.5020665157876328,-0.5313481883871923,0.9608491608870402,-0.05797880670738996,-1.231190068197366,0.23692237676647837,1.5770314962948913,-1.2877405781826678,-0.08409967035932725,-0.33783862537641374,-0.6272099181774363,0.41823732238884126,0.30561911395802327,-1.389535038711867,0.45475240583476884,0.5433421753239123,0.0010436860154968267
Tariq Lamptey,Brighton,24,GHA,DF,Premier League,2000,-4.010105506662694,2.266963468628985,1.8182183998312327,1.7810765168359766,-5.290763992175353,-0.43415052474572424,0.6538149841829904,0.7186701146300685,1.6865410330997934,0.24524754272070484,-2.8028150876169393,-0.8880350859726244,-0.08805843862701236,0.41609426047172715,0.2837796512067989,0.006410488942786915,0.11442957156207076,0.8739788606056877,-0.02167422119410336,0.022252743702510017
Gianluca Lapadula,Cagliari,34,PER,"FW,MF",Serie A,1990,-6.9369856083373795,2.592825743164386,-0.23866661990953583,0.11413307674412694,2.570982001483858,0.5365222592776567,-0.07508976697669446,0.21423715461815218,-2.7687589420467726,1.5067109329489017,-1.3200954259012276,0.6718914172352944,0.051256596390168926,-1.3747898993272516,0.17067565435612003,0.4658429426216525,-0.592579074119151,0.683181665948021,-0.17282132272636802,0.6193049703853906
Cyle Larin,Mallorca,29,CAN,FW,La Liga,1995,-0.6448867017195337,6.50637215823548,4.833993666121224,-3.3041554953178442,1.2910486512157773,1.1089366113946642,0.2088292132698151,-0.8842741192165233,0.6955491607900467,-2.686884401452997,-1.3480565886083433,0.3435311556920027,1.3242608366110333,0.41010992587084766,-0.6148217227764586,0.33823628818907714,-0.03862187583590032,1.0326018146109852,-0.7538972776621957,-0.35147584712917074
Hugo Larsson,Eint Frankfurt,20,SWE,MF,Bundesliga,2004,-0.366249715983614,-1.6652680089093945,1.6480169639681252,-0.7170368206110415,-1.6325800611199688,1.0591561420349307,-0.41350152337229784,-0.8059091040851082,0.09132249381269598,3.371179099086525,-0.5241601541214702,0.5288074787187246,-1.5632674665634871,1.0208901153905254,1.9385883657077834,0.6999613138994675,-0.6835943564086749,0.4329952237674486,0.29217555309501797,0.7582607931901353
Juanmi Latasa,Valladolid,23,ESP,FW,La Liga,2001,-5.667769096808902,2.2502804589137293,0.8242954880161358,-2.346457187129429,3.169447783327366,0.4188703421660833,0.0878110535671741,-1.3372204103902108,-2.130718606489244,-1.7236295317924815,-1.9046580130023227,0.7444646738793913,0.616001296470567,-1.1265652174445868,0.21530203662812847,-1.6237037820632145,-0.5730790637231123,1.0835715371798043,-0.53439464746157,-0.007545992303168772
Toni Lato,Mallorca,27,ESP,DF,La Liga,1997,-5.574689934029735,1.1539629372034552,-2.753569202856133,0.7649466537315252,-0.30768005875021054,-0.006530344881080703,1.5543817020986668,-1.2713601838885977,1.148195359350316,-2.0223242334205835,1.6602773472285208,-0.3220153749055041,-0.35326585954402234,0.20982151362468257,-0.903433192966896,-0.16520946570920972,-0.30078995690593374,-0.20510499882869437,-0.25367362783527336,0.858818146490317
Roméo Lavia,Chelsea,20,BEL,MF,Premier League,2004,-3.6344505423267086,-1.0912318615178545,-1.1204775650686682,0.23757987592011165,-0.15563975861985727,1.3035438475932282,-0.9703251470971962,1.702347949803003,-0.1420160809862316,0.7316705798407153,0.42936118981480365,1.6744657194940067,-1.1456042234205361,0.12793989593497937,1.974621024343609,-0.023018752387538463,-1.5770489845303093,-0.20521451657450585,0.08787377592162854,0.6389638837668983
Valentino Lazaro,Torino,28,AUT,DF,Serie A,1996,2.5215584218994045,-0.43632371732742414,-2.223222909198604,1.1306454593799757,0.9890454586022421,0.7448536176368326,3.6891139429989206,1.6975521329815106,1.7588896337810502,-1.1406925798383991,-0.14388883933222257,1.8839853585203246,-0.8505901990355712,0.9799604159007693,-0.07652409950083688,-1.1152142169409327,-0.2859860379589259,1.837855476959849,-0.6260338611614378,0.07308019799643019
Darko Lazović,Hellas Verona,34,SRB,"FW,MF",Serie A,1990,2.6580374795447907,1.66932406778753,-3.254798276687284,-0.757756265521037,1.0874454980401786,0.7956298649902189,3.6751464202447908,-0.5599716100388068,-0.09197040553151142,0.008247602961000477,-0.05010096079588262,-1.1642871922895832,1.1429034364786554,1.0953673011573621,0.09541562696147715,1.54833913138091,-1.1308271424263563,-0.23190574801561079,-0.4081039712671981,-0.31038847782328155
Manuel Lazzari,Lazio,31,ITA,DF,Serie A,1993,2.3489061771962514,-0.006917356213705064,-4.186643039863032,2.429994651269735,0.18998098993054377,-1.712351954694529,1.5513989680794937,-0.9800409717644597,-0.0749209852217579,-0.10729005194228868,-0.28288071540716553,1.2088918305796557,0.7725409711526287,-0.04130900604915115,-2.285180149196924,0.4530807869923904,0.6682250444355172,1.0803901777105258,-0.3029425870500892,-1.1747247702713919
Julien Le Cardinal,Brest,27,FRA,DF,Ligue 1,1997,-2.468760637816935,-4.084275299142958,1.424183735481441,0.23818978704459773,0.9709589575945744,-0.15538317670010193,1.081958236970886,1.4604788014284682,0.4546868208648175,-0.5457756532870413,0.2445431196184706,1.0227619244835109,-0.8761527059181499,0.351718699914908,1.7751606529263786,0.8477760863626334,1.378955461669107,-0.5769481513463477,1.4391339309711788,0.12381473419499939
Enzo Le Fée,Roma,24,FRA,MF,Serie A,2000,-4.397258752164728,-0.2560893911514844,-0.7675972578584779,1.6305315254173989,0.5041689875492178,-0.09911723121200461,-1.4528674752112358,0.010462056415217344,-0.36361923860830414,0.25306307423564756,-0.7000480131457514,-0.23480898659971663,-0.29796218830112187,0.027602003671719718,0.05286239311009207,0.9381606403376934,1.1629137743725482,-0.29732699114297656,-0.12665446920071927,-0.5286596086033367
Robin Le Normand,Atlético Madrid,28,ESP,DF,La Liga,1996,-4.112487637373397,-3.0067162510898187,0.7213396018302661,1.2218025284412963,1.387794065476914,-0.26445885321408985,-1.1073080501716455,1.266509483232492,-1.692121470037341,0.8827599763253166,-0.06664465046531638,0.5152484683940167,0.043646246806007184,-0.619055083558951,-0.7466322398502995,0.3288519295933911,-1.2382238367613063,0.482523881144586,0.29751707290197293,-0.5117657005934774
Rafael Leão,Milan,25,POR,FW,Serie A,1999,7.915455283965478,8.28088151616064,-0.41210811175500905,2.264342555123992,3.913196568791367,-0.9296279259598988,-0.20827219183547527,2.764778432880079,1.469480367928326,1.5751835392859201,0.20658586492060246,0.17245002015232877,1.5892120879367644,-0.5948838208746078,2.022380212929705,0.29260340997683926,-0.6595830172231429,-0.856815389392152,0.08188545977849743,-0.20989038411761243
Pierre Lees-Melou,Brest,31,FRA,MF,Ligue 1,1993,-3.6515140726331907,-0.3261759269682635,-1.2458182114674738,0.6680918538115163,-0.055984948176030634,0.28292111865441466,-1.3204821727274452,0.20601875221273772,0.6907187878605163,0.3059801056154248,1.1574903112224806,0.5354592659118161,0.18259760083590373,-0.3900303637809399,-0.10197626925337357,0.493994625719482,1.6564586682759987,-0.3415853222136205,-0.37884024154900603,0.41599627211253215
Jordan Lefort,Angers,31,FRA,DF,Ligue 1,1993,2.687207142538878,-8.486670063460398,0.9868476288024746,0.05445447381074203,0.8533473493052628,-1.4467628028036388,2.4608894954449134,0.49827052256017196,0.7178393274020497,-0.5911771211678374,0.5054533228875814,-0.5873538891221503,-1.637526180668669,0.9965164538432488,1.2694193502653162,0.392762209594482,-0.8329356622688726,-0.5085844889380549,0.04450231782614474,-0.4349793286056543
Diogo Leite,Union Berlin,25,POR,DF,Bundesliga,1999,3.3229222323660594,-6.5289093548289685,0.04551385733390826,-3.7435666076716574,0.2788293536725128,-0.1869273656918027,1.15547452285387,0.995346305604782,-0.5109894778643111,0.6409185711473411,0.02584532075763281,-0.879192809803764,0.31718588531675385,-0.6446466714836488,-0.2605813045557771,0.22662507600351145,0.923350041125576,-0.5755285014081807,-0.3587451744233452,-0.2858500228107183
Maxim Leitsch,Mainz 05,26,GER,DF,Bundesliga,1998,-4.26250266992982,-1.0848597464346448,2.4946649143269473,-0.4652703589809228,-1.1976154722269035,-0.1205346438192867,0.5797052039611725,-0.5385695455271691,0.9051334776628792,1.4667316230444072,0.11619652555133625,-0.22123347314274755,0.8602129842036738,0.6455821508215082,-0.863402316823237,-1.782450143465837,-1.3830721449358956,-0.4564532163522365,0.23253966987155597,0.20642829466650492
Florian Lejeune,Rayo Vallecano,33,FRA,DF,La Liga,1991,4.331423145638436,-8.364943301908918,3.6771752192584093,-0.5533748104638467,3.372919533815278,0.12234974669284751,1.2185293850481442,1.9494713302951905,-1.4386202285551852,0.09636561784764176,-1.4906852700719038,-0.009882701239085722,0.2739340402083784,-0.962069534637466,-0.9652334437221968,1.2246779366276974,0.9817178435313891,-1.1596446480123657,1.7455051253489016,1.0558571474326957
Iñigo Lekue,Athletic Club,31,ESP,DF,La Liga,1993,-5.939591479159234,-0.6766623408350194,-1.1379080596383333,1.152295378577267,0.25879680581414305,-0.1459113488238035,0.22393666879394028,-0.09514820983518112,-0.07942172294116175,-0.9606577766511587,1.7785950563338162,-0.8515616568859036,-0.047334421705826274,-1.7963908094846766,1.7408485485850935,-1.49109704689929,-0.5770950997608256,1.6128744275921612,-0.6101049736845291,0.46497001928865533
Félix Lemaréchal,Strasbourg,21,FRA,"MF,FW",Ligue 1,2003,-6.135451872968667,1.324061239102893,-1.920870900350157,0.6718964320302833,-0.06557347721615382,0.11353186810797673,-0.3113680724529474,1.7610101595153886,0.025903153571946353,-1.2651879894215594,0.23308907168977533,-0.6018519310234604,-0.4594995562301449,1.6299906633348837,-1.8791620309052277,-0.06051933517631023,0.07922475361208865,-0.17912560509334247,-0.04643980334135624,0.34419114193620787
Mario Lemina,Wolves,31,GAB,"MF,DF",Premier League,1993,5.017930738291717,-4.715170578089668,0.003080523525349676,-3.450731435312336,-0.9345450814478249,1.1242377929364975,1.3073568108968603,3.73702316163971,-0.026737526752965132,1.1491709163890789,0.1590860715138311,0.03779086638357041,-0.6173027908143089,1.1948925434314062,1.795738112626554,-1.9029144705900127,0.747288096341648,1.3423160920825947,0.18621603623137414,-0.10609093550532073
Clément Lenglet,Atlético Madrid,29,FRA,DF,La Liga,1995,-1.7402319578002226,-3.293244007746892,3.9105272093344587,1.5991914979066897,0.9139736827882657,-0.39496996282153485,-0.4311406366539716,-0.08966600336076413,-0.41706299847562484,2.5457302268642823,-1.631906949320282,1.0743740649367504,1.0685609632836013,-0.16642958161681276,-1.2523764362838203,0.0036445885424786907,-0.661817819041143,-0.288644611014099,1.2867478876377008,-0.21689028823669138
Giovanni Leoni,Parma,18,ITA,DF,Serie A,2006,-7.665084246047581,0.1628704678092226,-0.44301859420339423,1.5769749087064415,0.8437678294872791,-0.012806990846735368,-0.2952137474932902,0.2904848308476752,-0.962211416915166,-1.4681649997948023,0.21539409105583177,-0.9683341054331278,-0.7407904302390939,-1.0912733025282852,1.2363129381704827,0.733501968564561,-0.6697514987336782,-0.15665146596150856,-0.40775141754121136,-0.2584505113041906
Esteban Lepaul,Angers,24,FRA,"FW,MF",Ligue 1,2000,-6.615420658355387,2.371228031015218,0.14673990206669943,1.135708497167465,-1.7158677251837178,0.1779048891719245,0.19247755014995616,-1.3076285652389064,0.27701382677061537,-1.1870574728522172,-1.019964203926435,-0.983543548431234,-0.7190186483219684,-0.19055931238280027,0.7183256818211894,0.9197700929225698,-0.0006098506954299719,-0.339044457963388,-0.5747550936282964,0.18650362161621753
Johann Lepenant,Nantes,22,FRA,MF,Ligue 1,2002,0.640484902186279,0.49517062176754134,-0.8436478038430224,-2.0785960135289883,-3.3287959500427404,0.7032590164663997,-0.8662357988602777,0.6511202615727205,-0.7439561458232873,-0.6140010787033077,-0.4654650559117204,0.10688469442443135,-0.23112885143928372,-0.9242309963166067,0.035817901356001824,0.9952545500596316,-0.414498402851685,0.04205208096238454,-0.9877796250996701,0.801700263776257
Jefferson Lerma,Crystal Palace,30,COL,MF,Premier League,1994,0.175372665582592,-2.798293589026971,0.397495382886914,-0.8690102699014106,1.6138881740392763,0.41268223101122853,-0.29287530286362246,-1.2316054803457106,-1.5033828474593514,-0.6761192005867027,-0.6813654389867443,-0.24295840626063106,-0.016343630538875192,0.4267498250451101,-0.08809695991997031,-0.08876946244819338,0.8271465704109485,-1.7444942519742588,-0.7112308040451157,-1.4070006401086605
Robert Lewandowski,Barcelona,36,POL,FW,La Liga,1988,6.948260594527948,12.284279811205554,11.434300566639255,-3.5772082961657854,3.4915197087949275,3.6033164779494404,-0.38282666230592255,0.15016413068613277,-1.6398012639053865,5.018460554075407,4.949114100573086,-1.050529191567069,-3.8184770297770454,-0.40978436192745016,-1.9725059661155517,1.1583856985511305,0.37246885751177333,2.3997852432496427,2.7213448551691504,-1.3508897971115164
Jamie Leweling,Stuttgart,23,GER,"FW,MF",Bundesliga,2001,0.07133777489475505,3.7394856867635657,-1.6838737169790068,1.1112116336801638,0.28064345260259,-3.1814648922920874,-0.32480600650856256,-1.338371876357377,-0.7752325269614385,0.2724881948151007,0.20481184714257414,0.6583541152018553,2.0170515330158687,-1.1735171533389959,1.799924254560189,1.3530759769765142,0.3217940859371873,-0.10805756243770723,-1.1552801117558935,0.425201780794327
Rico Lewis,Manchester City,20,ENG,"DF,MF",Premier League,2004,4.740893782066055,-2.244017786475412,0.4055645876833624,0.9398998121838646,-0.930153895664353,0.4384978234652941,-1.9625908500827756,1.1947494135511652,2.9981532078931132,-0.03543126901809988,-0.8370298535297624,0.04246744851337794,0.20760660334641173,0.3310329165213174,-1.4076154784649437,-1.3419923182022508,-1.6464949159335618,0.5450725651497683,-0.8504183664057196,-0.4675014960617564
Keane Lewis-Potter,Brentford,23,ENG,"DF,FW",Premier League,2001,5.694536832409683,1.4250336641138526,-2.632727263734855,-0.5726495695439625,2.547291489957841,-2.6425861063441842,-0.1519149453613055,-0.13323237551302114,2.2328184544857637,0.9295453244291066,0.024312032935668818,-0.23708666772965836,2.446357856346935,0.689769884906554,0.27798821352645725,1.0536178592535232,1.0520826122594813,0.3627609034234078,-0.09273157637887006,0.8584201698203004
Myles Lewis-Skelly,Arsenal,18,ENG,DF,Premier League,2006,-6.326187423301871,-0.19314905202558535,-1.6127610860049695,1.555036569480447,-0.07492962613893205,-0.3576309524588772,-1.3363188464561582,1.7047961868048878,-0.4896825224055804,-0.0312686376069219,2.0041981004720006,-0.044006925107198065,0.020159893268149685,1.3627061433483314,-1.7148543451873728,-0.5447766018463257,-0.04725990891743481,-0.16983449585078264,0.19300013790319787,-0.7589006897977589
Philipp Lienhart,Freiburg,28,AUT,DF,Bundesliga,1996,3.9450830653633275,-8.829651668748802,4.3503511439862175,3.8651086659023832,0.24900633023410668,-1.1638719697610176,-0.8728015309011279,-2.0012490150379394,1.0330069255822019,-1.0403845541942092,-0.9458877113224256,-1.4362840233281748,0.048278403896317115,-0.9211514139390885,0.06971664158445953,0.05511170544754599,-0.770273729582852,1.038515469410104,1.9248398674275777,1.3290747224530066
Matthijs De Ligt,Manchester Utd,25,NED,DF,Premier League,1999,0.5505560063059358,-6.302702559031307,4.377295919849444,0.5700263885289247,1.3425918506298045,-0.776292494694484,0.6664824714236162,-0.6145171310400402,1.6860191655418282,1.040453538091184,0.11034482404150965,1.554102382766464,-1.0435363924254644,0.5103694973589304,0.682187092608861,1.3176056734040555,0.9364287658306132,-0.3852063479859519,-0.6476679617288461,-0.5451095139921768
Jesper Lindstrøm,Everton,24,DEN,FW,Premier League,2000,-0.8851128031022468,1.7798080205593856,-3.7336611231244823,-2.4636785706146402,0.7246332682587218,0.14565798283669737,0.850234421769288,-1.9737986920368422,0.1671685046367364,1.2955829565169235,0.2802455338210311,-1.3147550157265926,-0.9955199224970989,-0.7006260975529508,0.6458548369620405,1.3909252022070107,0.3684099275189282,0.12158133742226429,0.4377441595706618,-0.5966591100894858
Karol Linetty,Torino,29,POL,MF,Serie A,1995,-0.06758445370768748,-2.212361724035148,-0.8073683436335679,-1.944032526699583,-2.4355549833463175,-0.0989672054356009,-1.3892797814350475,-0.4648468185266798,0.8363883786969094,-0.7363784751792298,0.27134080401673405,-0.9084580959101957,-0.42010495316443625,0.2909557480099164,-0.037939683036592016,-0.11365188766927074,-0.01609870298382952,0.3707776090480517,0.45474696940082,-0.9905523518888371
Samuel Lino,Atlético Madrid,25,BRA,"MF,DF",La Liga,1999,1.9785075278451933,3.1044868683705644,-1.3925459142223884,-0.02492172048511467,3.239649646951413,0.9799495322233919,0.38395114144903747,-0.835465255120828,1.6559840784187394,2.502760470777567,-0.7365720913480359,-0.6200424748376516,-1.0079179776692042,-0.948360497213764,0.3307227943100859,1.2860723477204392,-0.5956033762738401,0.6118220740150774,0.4001881797487324,-0.4269016158608608
Pol Lirola,Marseille,27,ESP,DF,Ligue 1,1997,-5.284075971292882,1.5820230904070012,0.5241597151142204,0.6936941057164929,-2.518247481033468,0.45985508716508194,0.3579381578130316,0.3063161547470544,0.5680443090722163,0.29694011244978996,-1.4777890078759477,-0.3402537413546631,-0.17110122053525176,0.07237761896258812,-0.4241563356697252,0.23135938628374672,-1.42231232541498,0.44482198989367683,0.44128972567215224,-0.1255478161335471
Dailon Livramento,Hellas Verona,23,CPV,"FW,MF",Serie A,2001,-3.3432849260174873,3.314674822349402,-0.16055574963421806,-2.1534202680239436,-0.04239421562883688,0.5241516848805937,1.204356743550807,-0.7792366830866594,0.24418295440016186,-1.0175760496969648,-1.361127012575429,0.4187632592563406,0.5339942394820679,0.03810792151900214,-1.425803365523353,-0.6127556642639658,-0.48668393213081,-0.33545172026454523,0.12296359633344028,2.0244612948745337
Valentino Livramento,Newcastle Utd,22,ENG,DF,Premier League,2002,2.8800949544106134,-4.47658921322143,-1.6068909210081173,-0.08514819320340603,0.6884826660361313,-2.494577022385481,-0.3950196796834343,-0.4460808281933763,0.010202943841926207,-0.3590826012265632,-0.12623064086084226,-0.7270111035212292,0.010437307072313816,-0.15248727638740872,-1.1067300944616145,-0.4329562140114807,-0.682780809494167,0.5423664570719077,-0.4089284210729717,-1.306676639949952
Diego Llorente,Betis,31,ESP,DF,La Liga,1993,2.3540424772808652,-9.345399481819694,3.9970832339187776,-0.3074265708068694,2.8526748814407163,-1.4521339172259649,0.7969445570349823,0.35760419589118114,-0.7013042039798474,0.19466782651941025,-1.2582977174890075,0.6658397458243499,-0.7229943480631993,0.9479186016095853,0.6475501006110624,0.5619851975727442,-0.2132509796943314,-0.25377702232636323,0.25425741127722523,0.31645765612986626
Marcos Llorente,Atlético Madrid,29,ESP,"DF,MF",La Liga,1995,4.033982012509084,-0.8333659547176582,-1.0108459694937217,1.5676649106073377,-3.561510430564473,-1.3465788975117403,1.9664646810013602,-0.32586189381134273,0.1978557997040534,0.5587887695730666,1.5080532479303872,0.3058068524790693,0.48751917433197883,-0.5214720293451796,-0.8683486454787506,-0.16154783558452054,0.34236658609725645,0.6965422649233614,-1.319426667914138,-0.016551690097193577
Gautier Lloris,Le Havre,29,FRA,DF,Ligue 1,1995,2.4622734663249037,-7.205901671447329,3.6933151340991475,-0.9882270315351122,-4.024787192806425,-1.273194829974279,0.2988099267010545,0.3379361490296617,-0.3611119860474862,1.3822185046323563,-0.02786467582694425,1.806945593717766,-0.7016149162147313,0.4025957415701217,0.11015124113485897,1.1914226255316207,-1.2349984516022736,-0.11243488501080515,0.740021275503852,-0.24112677466456509
Giovani Lo Celso,Betis,28,ARG,MF,La Liga,1996,8.094146647210774,3.902677106908116,0.44895328949399166,1.9344816047941416,-4.78630961001195,0.6616224119523901,-1.5235294219345532,-1.8050958894414522,-3.0691856176900125,-0.778388434209657,2.948485721461414,-0.020443734593841766,0.37237426938278134,1.3517362417406131,0.4273864483674053,-2.6087417726554736,1.7728649375242578,-1.8315897276778204,0.021770152342518077,-0.4265063674824413
Stanislav Lobotka,Napoli,30,SVK,MF,Serie A,1994,2.822262196514371,-4.7249224530484035,-1.3266705071683138,1.2853371144915053,0.1158498780570997,1.2496764764443344,-2.278154244166222,1.6587869211395543,0.5458980946474706,-0.31529297188979055,0.7397584936375506,2.1911628591299275,-0.7114980422240004,2.019059025032657,-0.48712660756090226,0.08853075765280473,-0.6070277677268229,-0.2956370837854679,-0.5197126213515229,0.8724979824024108
Manuel Locatelli,Juventus,26,ITA,MF,Serie A,1998,7.320627389550264,-8.754883368509601,0.16544345278002387,2.322348662421583,0.7227669582113575,3.436727548815214,-1.2347102553485287,0.5853357515017048,0.12246934069872173,-1.630839643046785,-0.7340619164160389,0.47641413330137156,-0.04099994672582491,-1.2612445442054925,-0.4875965396256214,1.7474962236596916,0.25975186985304843,-0.02571141489744034,1.4383294980103345,0.42794862659848365
Ruben Loftus-Cheek,Milan,28,ENG,MF,Serie A,1996,-1.9015153714173978,0.6765283509828584,-1.405661117266606,0.697502283598535,1.093041280511316,0.024448007285726037,-2.0122360667186228,-0.3840609884267963,-0.6757101566139664,0.6174091659926264,1.0858628080062833,1.1549296961692808,0.7336502607258678,-0.434166667368634,0.25339266836046537,-0.46258532430956917,0.02512854590724687,-0.8372763480332789,-0.9941274689013931,0.3323783794107894
Enzo Loiodice,Las Palmas,24,FRA,MF,La Liga,2000,-6.225947120472354,0.35026443890316317,-1.2632546989476312,0.7169527653925131,0.30427784889290355,0.6438405153178436,-0.31856192474443784,-0.8362468934900241,0.7882450286789114,-1.7880901637449478,0.6546124891687471,-0.7328926731278512,-0.7766101588959953,-0.5947082882347178,0.33617193095460696,0.3573909475360159,-0.6153459916629479,0.2450122378089893,0.09401177773305579,-0.2936552787197531
Sean Longstaff,Newcastle Utd,27,ENG,MF,Premier League,1997,-1.654834555766021,-1.4532172708813338,-2.4549338834381467,-2.088149248610126,-0.7365271034334965,1.36156122914811,-1.1731012137581902,0.5210221868147046,0.7498601534187097,0.7781263598650539,1.551662351694417,-0.2567501379216214,0.09105726682291204,0.17494536281879935,-0.7668107300829458,0.30585932881926176,0.009766913785701534,-0.9712330783198921,-0.3180457152062329,2.0398341325820146
Ademola Lookman,Atalanta,27,NGA,"FW,MF",Serie A,1997,10.709609718549691,10.304917988428054,2.3338406155297204,1.9135698830686003,-1.6809558695852622,-1.7822937244085997,1.6919587215298373,1.5950692408094147,-0.5395042671354847,0.11034683644219714,2.7532509848962206,-0.8435276254437023,-1.6391249718990482,-0.9394173553825813,-0.09077754496419616,-0.43234149434720415,0.088083744870017,0.8209034874917817,-0.7639470931089729,0.22682952080666044
David López,Girona,35,ESP,DF,La Liga,1989,5.780087013345965,-10.7816447435096,5.02901337728482,3.708020068348947,0.48405636671895513,-0.8964558281677034,-1.2937009944736946,-0.9022010081187339,1.134403300590136,-0.6137607190464454,-1.2579956676114534,-0.9197386669860934,0.030168661354549917,-0.03962856359212807,-1.6564523060284317,0.9226031952885104,-1.027556146100225,0.3517769507791547,1.4899859832835938,1.4276054003709704
Diego López,Valencia,22,ESP,"MF,FW",La Liga,2002,5.5744298325302415,4.8892129023906685,-1.0460242357125042,-0.12932089769740907,-1.080815970720178,-1.5766152501650295,0.37364560340967623,-1.5300018471101138,0.1485410842594448,-1.3659281947884212,-0.8214781188640375,-0.11872474233292672,1.3060385923245912,0.5769559581381563,-0.41208404425868944,1.2050440173763681,-0.9506333445887079,0.25719417306795533,-0.5856058241040241,0.26401547271695225
Fermin López,Barcelona,21,ESP,"MF,FW",La Liga,2003,-4.280457587739324,1.8133930845853026,-1.5931618389672484,0.43505762993183666,1.5324590499733113,0.8298857625458776,-0.47704117694267983,-1.3931127726713903,0.7068908308075089,0.24025713692910144,0.09125515557198194,-0.3446225385327211,-0.624136442558646,0.02814654081577043,-0.04273401861298022,0.6288768565822017,-0.08275241415885772,0.024290195690314095,-0.1932131799690151,0.041953908671933514
Javi López,Real Sociedad,22,ESP,DF,La Liga,2002,-1.3426869986171015,-1.7881179582030804,-1.8379563459717718,-0.1384237611831751,0.2747405434677655,-0.8845211753602586,-0.9293122622512048,-0.32100941377145054,0.09500732999593196,-1.49343089035404,0.31916630532853385,-0.7827033575199868,-0.10982675918908533,0.16238151424945702,-0.4764401719829035,-0.32519413857842905,0.06262058857997062,0.7372969610603792,1.0331860699620816,0.5666399024770918
Roberto López,Leganés,24,ESP,MF,La Liga,2000,-4.735301189445955,0.6230291514879363,-1.9492994077220427,0.8330091989002518,0.3989698357818326,1.2758980330550214,0.3083258204611162,-0.11102933195047186,-0.5214888907602211,-0.08041207661787153,-0.6937763534145335,-2.027255347060825,-0.6348071899049127,1.03794212923229,-0.12175402874352004,-0.5988355707119983,-0.12273157323391216,1.9540657959118788,0.6669119291492612,0.4678058956894809
Unai López,Rayo Vallecano,29,ESP,MF,La Liga,1995,-0.2122620165577182,-0.41898880400315086,2.0452873985717575,1.7958694658078689,-3.0580748753755316,0.22317438897352546,-1.7514998366171126,-0.5472068131674566,-2.1380448298468977,0.2730122007381276,-0.7370060359001055,0.358573433695469,-0.3657206727083892,-0.45811961930832107,-0.39873982960709525,0.9979120491224163,0.6259614121263131,0.0714539366008473,-0.4084321197012724,-0.276980178498911
Iker Losada,Betis,23,ESP,"MF,FW",La Liga,2001,-5.091663388646521,1.296566644330689,-2.0886690078136123,0.04311127945281084,0.11063315822902951,0.6889590261396569,-0.4378504039649714,-0.546641005252437,0.5493857831939527,0.12660823179391476,0.721514335545821,-0.22455751515897027,-0.161845896459735,-0.02592872871015222,-0.1962265162155161,-0.048708774193575416,-0.04546441317435905,-0.6181200097547241,-0.21372583675732576,0.9007914231627865
Anthony Losilla,Bochum,38,FRA,MF,Bundesliga,1986,-1.9999254726874158,-2.6935797921923483,-1.721995684133132,-3.2587351449676505,-0.66935916119613,0.5048327198374313,0.8152855229651669,-0.6783540828917051,-0.03968676350413214,-1.4872277212678373,0.806503659927901,-1.3353200430276182,-0.3652047815937353,-0.19095953232053486,0.3421077871663287,-0.3851874790028749,-0.4217134909296819,0.03495211245855236,-0.22110146735443534,-0.38138295556623136
Tom Louchet,Nice,21,FRA,"DF,MF",Ligue 1,2003,-2.471931217839243,-0.31447692216046536,-0.599426038312741,0.0433072530746987,-3.0922942574832235,-1.0342798317215554,0.632221854508091,-0.36096894451120376,0.20750553593179946,0.27061757308894224,2.110732977780325,0.6178160376938207,0.5908654298992266,-1.0419890871078212,-0.12446227306411345,-1.180355437124034,-1.4267917504459497,-0.7905588788790064,-0.1899001550390985,0.8261378499602132
Sandi Lovrić,Udinese,26,SVN,MF,Serie A,1998,3.695447067573146,0.9185969368433793,-2.0648717979636544,-1.214320769163073,0.08009180012457201,0.47990320410256804,-0.3314331762720356,1.0677184803966397,0.8779551885066844,-1.0504879944377463,-1.4405234347070066,-0.46660260234428896,-0.5152131886971845,0.8194948038333922,-1.1980048687272156,0.5339188627237083,0.44185934074412425,0.26427218105039957,0.9756824762476853,-0.7373459772107199
Pol Lozano,Espanyol,25,ESP,MF,La Liga,1999,-0.34230346996391126,-2.9555565307105196,-2.8241928630154938,-2.9467837305650524,-1.9796897672272469,1.790316330124156,-0.9145271614603803,-0.7867858880783035,0.13858578903488528,-0.9145544983774502,0.32637603227546597,-0.2125296194744693,-0.11241396689726775,-0.22253721841853585,0.21827597221098913,1.3056217465982118,1.670939884778905,-0.5737435489924061,0.6592902268363837,0.48576270925450843
Lorenzo Lucca,Udinese,24,ITA,FW,Serie A,2000,-0.08639073692035143,5.0400875484746175,5.828225992830878,-2.711076811110857,-3.8722017698542746,-1.8817078369058942,-1.1119364502590496,-0.1493462381646698,-3.0597733421032682,-2.824543048266095,0.8288982188428805,1.4286650210691698,-0.13751728400415839,-1.0047047821700223,-1.893037244794661,-0.7692264044964586,0.266348649076834,0.7366788162967038,-0.2872979370806253,0.19247852775759328
Jhon Lucumí,Bologna,26,COL,DF,Serie A,1998,1.2535187521635636,-7.198863285261555,1.65154587854254,1.6295282064540286,1.6194605041483106,-0.11694894692205722,-0.4756012402366614,1.0441097510159318,0.5020758000388548,-1.0320782537586584,-0.6126332208472409,-1.6603090377339036,-0.33624810966250146,0.6192848613634684,-0.9253787362142875,-0.16757180403351035,0.18253389750085752,1.2063036199506554,0.5030291663363493,0.42589166481797935
José Luis Gayà,Valencia,29,ESP,DF,La Liga,1995,-4.663765016785412,0.6637122015498486,-2.4751479395485956,1.2530878794375482,-0.0651540638448136,-0.014029418361552843,1.1961247216627429,0.6949712667824188,-0.07348239944785656,-1.047019692071158,1.1161364784158154,0.1465037044829742,0.06362664544068986,-1.0154608949597599,-0.2777358236171719,-0.040907101426051404,-0.587811392214502,0.4369523416597936,-0.08470419147934383,-0.008709959086994408
José Luis Palomino,Cagliari,34,ARG,DF,Serie A,1990,-6.121177102874252,1.2949389093119008,4.128352397410437,0.8992787228395523,-5.504761755732412,0.4552509930042218,0.8318703964777777,-2.7116949885329475,5.465861596627602,3.6908334583122975,-2.106771244443893,2.3188038845919263,0.5278145572809826,1.799189075446343,1.9238639749428588,-0.7564853544957786,-0.412894720235425,-1.3396839631876498,0.42867360573717095,0.5960932183725163
Douglas Luiz,Juventus,26,BRA,MF,Serie A,1998,-4.4253057923252985,0.3112629824393385,-1.2071253993146052,1.6951820998186307,0.7691322746660908,-0.515122938570998,-0.7670336011937422,0.5815478285601001,-0.9849681146393302,1.7764177236025143,0.573987456721403,2.43340929360419,-0.7450044080284971,1.0261740643452482,0.6893996444050606,0.16040241124687915,0.2653718549222648,0.3424600847719672,-0.009259413269848908,0.19066007233777754
Romelu Lukaku,Napoli,31,BEL,FW,Serie A,1993,0.789166673597148,8.136123776101106,4.352252601163481,-0.9073037656174749,1.4375178395928137,2.62766313802587,1.2041979575797388,1.3088145826669733,1.3678441783409938,-0.5551897698274003,-1.2636226046947883,-0.35424856644214536,-1.351181883289638,-0.6186014369694085,0.10876222428285176,-0.42713269246637436,-0.507329357495476,0.8364358967129369,0.11284897515920801,-1.3674265157728607
Castello Lukeba,Rb Leipzig,22,FRA,DF,Bundesliga,2002,-1.7437549784727306,-4.264201422992667,0.04146734279481108,1.4999197706867458,0.8655734876794623,-0.4724679916974743,-0.6454402311793089,0.6550277720740483,-0.38007656443168236,-0.7980129504439963,1.0007422739897158,-0.0932444322438925,0.13100314506402955,-0.5725113411083107,-0.5521411036846608,0.19632995630827788,-0.26684388110000784,-0.6260811752127438,0.8974865753278174,1.0671325043848596
Dodi Lukebakio,Sevilla,27,BEL,FW,La Liga,1997,9.850043955893513,8.784723589184768,2.1028543109758915,0.507016587065757,-0.0016676220312079712,-6.846407420115799,-3.7720366540194687,-0.5810384834930675,-0.41554024747914325,-0.1028543709682972,1.176546274132822,-0.750703969510982,-1.3236315287299865,-2.1417860375867717,0.7464091726072897,-0.5948464569577868,1.095813209705545,2.279088598825703,1.3238808350894462,0.3669695785967636
Saša Lukić,Fulham,28,SRB,MF,Premier League,1996,1.541057669908837,-4.263553366114732,-2.1640455254650766,-1.136326381093452,-0.46757503484185226,1.2309256294008086,-1.5641053057743641,0.693222232088439,-1.001919706343831,-0.843133831699348,-0.19802549677182354,-0.0001457673521413465,-0.45382181123483045,-1.1923971940070965,0.3181956774146105,1.3167504431855062,-0.9183091509881897,0.37769793696013965,0.02281332556176835,-1.1667191998861126
Sebastiano Luperto,Cagliari,28,ITA,DF,Serie A,1996,3.143307196126434,-7.003471152341534,2.918314426374916,-0.6774537893946401,2.51809920009092,0.5879455838921368,2.723741741012847,1.4347894851769418,3.2164840171060756,-1.6871060120889234,-0.00023158879896072797,0.9724327544673679,-0.9463470488761117,0.6938475596071223,0.4929822826349593,-0.14619903843859605,0.21203182537127405,0.31085818420604105,-0.9529414679196021,-0.6775685952043112
Zito Luvumbo,Cagliari,22,ANG,"FW,MF",Serie A,2002,0.8542977878326028,5.170593944732108,-1.7723814166067062,-0.9983479434126058,1.4026412355188798,-2.634148124592947,-1.2050206056143706,-0.8601750820610862,-0.5871669709244741,-1.210243381474005,-2.114176216533171,0.9048995111968707,0.2658788405681961,-0.863736578505386,-0.10262246174445748,-0.6526324312744856,-1.4058017099791245,0.8964751730811864,0.6941796643605912,-0.9098879381273096
Charalambos Lykogiannis,Bologna,31,GRE,DF,Serie A,1993,-4.594163875602354,-0.06546860509886639,-1.1104732552970809,2.1786050035387583,0.21870336706912505,0.3604846761567579,1.469268577542124,0.7328253946689298,-1.4777625810987989,0.11617926301128713,-0.3741047722379537,0.7393912091330249,0.4970013116185239,-1.236258698211424,-0.0006455302302318225,0.6541080509717208,1.046103309251095,0.5794698683185684,-0.5432153750042,-0.400624402897305
Senne Lynen,Werder Bremen,25,BEL,MF,Bundesliga,1999,2.0496835940390477,-5.92712056586421,-1.379474459293923,-3.003868961316925,-0.8083054584318999,-0.31371002909261997,-1.347212327907977,0.4455001675667875,-0.0249159193258665,0.6511150993478373,1.1707662900176534,-3.1494492315985982,0.17166788755183945,1.365029273224112,0.9914633138371034,-3.0688655123342965,1.1540291126921238,2.3134813007463815,-1.0071817731094392,0.3391675708386076
Ian Maatsen,Aston Villa,22,NED,DF,Premier League,2002,-3.847204565312289,0.8413495410371227,-2.0008121990822807,1.0080612395332194,0.22279077958301297,-0.4075787179753929,0.36461053813623917,-0.20440817181621046,-0.49345258161984656,0.2421736516724072,2.0195258695735085,0.019746194540378077,0.45853884004575535,-0.8734150655424953,0.9397164637057623,-1.1721225331694383,0.029734233092249162,0.17286670797917691,-0.934228666186906,0.3061802351167778
Alexis Mac Allister,Liverpool,26,ARG,MF,Premier League,1998,9.128736838451012,-3.1662335412063864,-3.7750889253780597,-4.349482886965266,-3.264478059711144,3.948919021818857,-1.1428776998562318,-0.32017755944849335,0.017736090450788725,0.8478233740696611,0.7584424230561662,-0.8241442962289564,-0.21300391710942845,0.5681111911544666,0.8444947697522976,0.2736335451106919,0.8841764476688427,-1.1319328593834939,-1.3689715729276888,-0.16501654902667484
Deiver Machado,Lens,31,COL,"DF,MF",Ligue 1,1993,-2.7326047796435398,0.5849388276450507,-1.959181185603492,0.0012388674885469454,1.1413574090627723,-0.3807936505371369,0.8738510822442538,-0.038260292127263756,0.15382766214153729,2.5620050013611397,1.3564595519490044,1.0451262931063543,0.7472226436842553,-0.24740497043130522,-0.925114163657675,-0.6281315838214674,-0.012882013959703197,-0.008373624318564475,0.23808614419814547,-0.8140298016752238
Shuto Machino,Holstein Kiel,25,JPN,"FW,MF",Bundesliga,1999,-1.423988899433051,4.5734889740514255,3.4116003554214647,1.5618666461159978,-3.6169823198909508,-0.0449588045552664,1.0674296466964603,0.43926116745357907,-1.7015834476016534,-0.007783636759793854,0.5064155484465769,0.40401856130236263,-0.3823176839085363,-0.7154502680116352,-1.1105170083397042,0.6264152397413681,0.7659100157328134,0.982444540498231,-0.3352208126917406,-0.4175154622843855
Darwin Machís,Valladolid,31,VEN,"FW,MF",La Liga,1993,-6.526296492364454,1.5382343972896722,-1.4614467456275684,0.21319722789823906,1.090070841238886,0.5547485707642859,0.9391045523981285,-1.2273812333473917,0.4795638508423885,-0.9665676888381092,0.5588593330440592,-0.2735406057482843,-0.10435126982334482,-1.6368698056820932,0.8817235553906382,-0.2418069599967631,-0.7401085590857127,0.21363940722918712,1.1502622471731794,0.3597457867802501
Yvann Macon,Saint-Étienne,26,FRA,DF,Ligue 1,1998,-5.864540531096449,0.7081326074336938,-1.3743380888059435,0.964823439122958,0.6802933996018051,-0.2272797706202686,-0.7053978816358235,0.12004506494896618,-1.5490855320773922,-0.49322445255627956,-1.0090375854039257,-1.2173299724901039,-0.7269019451391621,0.8360176816449414,-0.6206471352189455,0.21924026994233933,-0.4064173773423698,0.954230565495291,-0.14868794698869808,0.5802189376700018
James Maddison,Tottenham,28,ENG,MF,Premier League,1996,12.400740715322463,5.252700525173117,2.8431775614379866,3.4257667956189564,-3.4636735887696943,2.2457859740516293,0.21841948538655231,1.5761699796013646,-1.3511132880609544,-1.1162911085488318,0.36104974501487935,-0.36131406195694715,-0.8148458301760483,-0.5977832064312922,1.2015840690134876,-0.02609402973926645,0.7845183177564294,-0.7869940291789654,0.40866910067636475,-1.7680147571176348
Noni Madueke,Chelsea,22,ENG,FW,Premier League,2002,9.116211339709738,8.32233156673917,0.6877937882279662,0.04100157558862448,2.327775775344274,-2.6470093311346914,-0.43158394078223256,1.614644576269069,1.7671421422558569,1.664703294055078,1.512641372819259,-0.7597675220322295,-1.8298945863931693,-1.860271638036257,0.06699909763688863,2.1539491978067504,0.3886522946842821,0.6800037968274445,0.26685588332150145,0.1250942905874863
Pablo Maffeo,Mallorca,27,ESP,DF,La Liga,1997,3.407921818206291,-0.9434216362842427,-3.876415516533042,-0.21164824734418522,0.21228269344897094,-2.577778040925177,2.596704252632711,-1.2703935772545774,-1.7232029923714183,1.3160669299951784,0.7073105498984457,-0.36253260934720566,0.6939549425786626,0.30579366821306786,-0.17303884817513193,-1.562334493552211,-0.09956804753334365,-0.5672356762333568,-0.06678772457428278,-1.9737076986786708
Gabriel Magalhães,Arsenal,27,BRA,DF,Premier League,1997,4.535664548545937,-6.25627048181326,6.844636665563785,2.502839603897063,1.09897439644291,-0.08214637116850898,0.3616790083279263,0.6423806985411044,-1.5795080659932537,0.761281144477708,-0.39043360447147324,-1.4090804063228048,1.6971369998764756,0.9831253006294524,0.2910513082828364,0.31657940561096604,-0.944242018618566,0.2772055099668266,-0.5568539813392432,0.7562610571528512
Soungoutou Magassa,Monaco,21,FRA,MF,Ligue 1,2003,-0.702383525162175,-2.800272755213892,-1.917436010284479,-1.9142625292493218,-0.6982387359809348,1.0667122143158299,-2.5529998385824753,0.5149592341964051,-1.2331878470919553,0.3981344804880698,-0.12385403923335737,-0.12076877176174192,0.3330431267503854,0.11910074650412168,0.023503455156568213,-0.28656631776613745,0.5704690413587741,0.31665603689119226,0.37418914760108946,-0.6061819712351996
Giangiacomo Magnani,Hellas Verona,29,ITA,DF,Serie A,1995,-2.6313937812807366,-3.322605337540065,2.422283844955366,-1.7366005959895394,-0.26482209360883746,-0.7397702613758218,1.6690673703353458,-0.4944398636780383,2.4891534816905336,-0.7473792921224909,2.099361462977114,-1.0252947245561066,0.31420215302840865,0.11611161415559423,-0.22440410844689693,-1.6849782787764793,-0.0815087098987033,-0.934110159467965,0.7494770027719959,-0.4797001799194401
Hugo Magnetti,Brest,26,FRA,MF,Ligue 1,1998,-1.2784715758378478,-1.7804035964270146,-1.4631614887601807,-0.6113880468073667,-0.1109250053217208,0.8356049103858293,-1.5177040125046328,-0.32538103540713914,0.571509915616447,-0.06853719896594541,0.030843821993945385,-0.20790409959017872,-0.20012978707985601,-0.36038422382829693,0.21547576795886522,1.1600025995047998,0.8823136674880214,-0.02062988050645957,-0.1653986433834409,-0.5080786312071076
Frank Magri,Toulouse,25,CMR,"FW,MF",Ligue 1,1999,-6.160637456247109,2.454774993863446,-0.38651487985680766,-0.41260066939909545,1.8802042928904577,0.3279908306032663,-0.05812913163330301,-0.8636150901887713,-0.1989073217474296,-0.5353670575529942,-0.4719544381810728,-0.16609936656287821,-0.28155650091958634,-0.3344343227464498,0.011267113396551197,-0.06217076558095411,0.10353337593887565,-0.30693153927053535,-0.3796704443838512,0.2852199132401027
Harry Maguire,Manchester Utd,31,ENG,DF,Premier League,1993,-3.001510020211541,-3.933710378590255,1.2648198066534708,1.2276199623267734,1.1889238670647664,-0.7243432294532687,-0.2116737679303898,0.43414065753975867,-0.3338617201686149,0.3510708436274952,0.7619238893861631,0.027675016121754725,0.44501991664593066,-0.9732312672879022,0.21486120162962316,-0.4073700030244688,0.5350899546012028,0.19052795352422616,-0.35329013987505803,-0.044768246050908136
Arne Maier,Augsburg,25,GER,MF,Bundesliga,1999,-2.9066654642256227,1.2902919386412801,-1.7667874113669737,1.2099046958680035,1.3514494027852526,0.8787633431090175,0.6966477145691667,-1.8378035363509255,0.14454549356955365,0.5123696341132399,1.1358759854263176,-0.5354331698365618,-0.027178819839752216,-0.20842620515203622,0.9848126219752316,-0.8381288784421304,0.5871403946072281,0.17455352305183178,-0.18137745653901102,0.006999780073593208
Patrick Mainka,Heidenheim,30,GER,DF,Bundesliga,1994,1.4313952999563049,-7.874061491148393,1.7952299436699777,-3.859925687166894,1.0666352947202962,-1.009445303516931,1.882427379405595,-0.504464887359709,1.6085117700199492,-1.3962486047392173,0.6708003026667639,-1.739719516883299,-0.3374172469789029,-0.6787781161063733,0.23866207826856067,0.6712069600096328,-0.19026464289722989,-2.4222901631246283,-0.5077690924231855,-1.3291215121139528
Kobbie Mainoo,Manchester Utd,19,ENG,MF,Premier League,2005,3.021379862401401,-2.1334379722947068,-2.5505500525761096,-2.199935692203044,0.2530678155559732,-0.627465713320445,-3.172210707794452,-0.002541167711815148,-0.4695101678131239,0.2375733838051713,0.722824562808487,0.052719437485144016,0.2723510206370612,-0.22147219319996966,0.0017442855948555714,-1.1889586103189724,-0.31607215334507816,-0.3373994817905477,-0.5801212268519385,0.676136173965403
Ainsley Maitland-Niles,Lyon,27,ENG,"DF,MF",Ligue 1,1997,4.191667321999757,-1.5110102222093276,-2.330850565946366,-2.0295472494956623,-1.9769889040529003,0.6331921790911026,0.4174076439908816,0.7899158824776273,0.7698863777688241,1.6049360253750586,1.1309433184714557,-2.7238786129638615,-0.09126343720732809,1.2607784536389157,0.27363175476754864,-2.1250858819582774,0.9939015262439373,1.5340121261313244,-1.4553170648767795,2.8407627066810903
Antoine Makoumbou,Cagliari,26,CGO,MF,Serie A,1998,-1.3484477790674125,-2.4380390368464884,-1.223780051785397,1.0352261865530878,0.29562656796275477,0.8793287390112452,-1.2191710813913983,1.5912025006981312,0.46860159084851477,-0.535712509783095,0.16977098066529758,-0.1832391240878612,-0.36366905478246453,1.4790167474675335,-2.133290020530603,-0.07847690075794288,-0.32868035455132744,-0.07836063635757808,-0.2531323717885358,-0.9345028364401605
Nikola Maksimović,Montpellier,33,SRB,DF,Ligue 1,1991,-5.127776168030678,-2.603244923485141,0.1595042151396537,1.4873714217979617,0.7737132776110238,-1.0653836232945835,-0.5138821506559208,2.0575841385036,-1.9673663101544787,0.7863685051102788,0.9140752016704643,-0.5435333346020048,0.1523292158687952,0.8065224029828998,-1.2182923464737077,-0.7625541056658343,-0.2732207762286778,0.4673497119552709,0.10378361146820342,-0.04542578673701224
Julián Malatini,Werder Bremen,23,ARG,DF,Bundesliga,2001,-3.9985018553162535,-0.2957353114478853,1.720169861862198,1.1515645178627736,-3.713970780324764,0.12428655624000919,-0.17539769001359332,0.7708627836915456,0.13264227641252002,0.8225213141087704,-1.6245509925844497,0.3986865799664858,0.45901910630602055,-0.7282155716327818,0.5943191435026917,0.04737674358395074,-0.9882755627833132,-0.43469181048629635,-0.4156276982942562,-0.0035403470760936315
Daniel Maldini,Monza,23,ITA,MF,Serie A,2001,2.7581502952192727,4.015615290169567,-0.6448828635927183,-2.28137037512787,4.976733482124157,-1.2966183880795676,-1.9238218632002724,-1.1947361273249035,1.467749712000634,1.525908128417197,-0.13555923734098071,-0.03197190636195731,0.7897317236041161,-0.2441180434244947,0.6202176914969448,-2.5941700406150807,0.8427315152168134,1.5667584553727134,1.6345281849242128,-1.0451039143424943
Youssef Maleh,Empoli,26,MAR,MF,Serie A,1998,-1.5231291360171768,-0.8033473218299432,-1.8120900605369943,-2.0226902456611024,-0.07815835269764837,1.4874022417306194,-0.13346010939214056,-0.20922389411594478,0.3574961552266453,-1.7334568854490378,-0.3758517685366119,-0.39930105355128354,-0.2979496352659407,-0.03358524202266431,0.14117879861739616,0.2329677672953367,0.2904369395122377,-0.5867203869036857,-0.42581006621301326,-0.357880106676636
Donyell Malen,Dortmund,25,NED,"FW,MF",Bundesliga,1999,-2.123310543546116,5.688647687210902,1.181860471567358,1.3303158624931282,0.4031304080205971,-1.4445330949352222,-0.6963262567697748,-1.1080758496775007,1.1005074950149902,0.36490765582782353,-0.9767302472594364,-0.9357884756091419,-1.0901129282381257,-0.49935080766253515,0.07862115641466332,1.090912891856848,-0.543509870383141,0.5535946770080568,1.1156745788838174,0.25446280173975583
Ruslan Malinovskyi,Genoa,31,UKR,"MF,FW",Serie A,1993,-6.361734679210276,0.27908755066567403,-0.9877981612967676,0.9676107330906518,0.023867373078326752,0.4411200041113541,-0.7906052607549099,0.4074833326229479,-0.5066670650102764,0.1066625504046933,2.024467890620533,0.7769496368138584,0.24211730884325336,-1.2747299789245436,0.7487863137618651,-0.3210493670199813,0.4099392518202989,-0.38830765984075777,-0.4874147183238671,0.13564456901882319
Lennard Maloney,Heidenheim,25,USA,MF,Bundesliga,1999,-3.8183159905777546,-2.3216232644022514,-0.9840917450947199,-2.7591055316636517,-0.33519593005273063,0.3273386680716465,0.8106012961486255,-0.14193024892176642,0.7451471605727147,-0.6430858377142633,0.9141928994995429,-0.6157522850297585,-0.1166267511370321,-0.7395838812513783,-0.16191026864045013,0.1804560154254021,-0.6526577832552924,-0.3501657377476337,0.9138092069051484,-0.23035618342764483
Dennis Man,Parma,26,ROU,"FW,MF",Serie A,1998,7.609019836020525,6.383935967692461,0.1894840424915864,2.1619547474326355,1.0727956058643595,-1.294718935566599,-0.21562613035358902,-0.3022573083849769,0.5379399466721921,-0.33862467693914255,-0.4222029214071985,-0.7149692485307271,-1.4788295302511543,-0.4772059483135697,-0.09962247348970911,0.5248590990636813,-0.11729750354807336,-0.2238142795207032,-0.11105344389017249,-0.016127563608021582
Gianluca Mancini,Roma,28,ITA,DF,Serie A,1996,4.929289568690579,-5.4728349449617255,1.239857244773463,2.22350668461057,0.42033082124247834,-0.3843808483683437,-0.24948811011198133,-2.762297437434129,1.8309363761985205,-1.4988363200556525,1.1276570358832496,1.0280564886554562,0.14775128450906133,-0.913299890016241,-1.47238935865217,0.65060633778073,-0.24968392514557075,-0.2327522725819283,-0.9430185932456987,-0.8959946905676744
Reinildo Mandava,Atlético Madrid,30,MOZ,DF,La Liga,1994,-2.7858519665800534,-2.2725012454853544,-0.33841267107280204,-0.33106114238272366,-0.5985092673008333,-0.19692784461681453,-0.4922230597563564,-0.3121094342569154,1.0467813820936063,0.543666428427724,-0.43925766500742114,0.2639104103460826,0.4654981937992482,-0.0816699124371774,-0.0004831204135072055,1.2920260202978853,2.869563110575917,-0.5007483300354816,-0.801678169845198,-0.826604418560969
Aïssa Mandi,Lille,33,ALG,DF,Ligue 1,1991,-1.5282120196283333,-3.841262781609837,-0.17203268383833142,1.488730784815439,0.09347259652563733,0.6576723525077697,-0.5513382847250665,-0.18848405850988087,0.2134443382425937,-0.21866450514573912,0.5951664743979523,-0.06040708337877907,0.32098859351595077,0.4156330345001091,-0.8232911839698336,0.8901657156154281,1.8155611498000195,-0.7695365654244236,0.6957700011176539,0.7113940469599853
Rolando Mandragora,Fiorentina,27,ITA,MF,Serie A,1997,-5.462403149571593,0.3556728672005676,-0.5233188856924228,1.7883259919181067,0.9298058013477586,0.5252948398650215,-0.09491163622832217,-1.3054638870800186,-1.480125186551083,-0.5003127178403047,0.21312506688264188,-0.5428235619715479,0.04959138628328248,-1.679959267481596,2.453514439035824,0.1699969109752101,0.9248135871066403,0.44011570862412286,-0.6710373510172633,0.0626078872420615
Orel Mangala,Everton,26,BEL,MF,Premier League,1998,-1.5473232966488017,-0.10749597048734032,-0.09927075348210358,0.38410006722356316,-0.25549596168152033,-0.5682446931663823,-2.009468873633983,0.2865442120281206,-0.6547016342299199,0.16756518462103318,0.02250942548372003,0.5094155185750362,-0.1845489007056438,0.13978082251906998,-0.6214017828085097,0.0827749698561667,0.15420128839258573,-0.1684870379723004,-0.37137939754518967,-1.0999176458183946
Ryan Manning,Southampton,28,IRL,DF,Premier League,1996,-1.5371646164522186,-0.5211955083565639,-2.4387591350838913,-0.33429569065549447,0.42283440329037786,-1.327868715753103,0.8273984184463914,-0.7640911092457203,-1.0294675116401064,-0.04265153397043588,1.2141247042122933,-0.274960758909916,0.12796774799733757,-0.5270314691297302,0.2518818480777236,-0.4194320988663662,-0.9046333779810575,-0.6998597834836394,0.12985270391900142,-0.18148831214318228
Javier Manquillo,Celta Vigo,30,ESP,DF,La Liga,1994,-5.064932584780288,-1.3212844494860054,-0.9205249564489066,0.8345718319565668,0.2071488316776799,0.60517139202595,-0.2616228186101434,-1.0890126231117145,1.5760078749690376,-2.6871708693704495,0.5181054532832731,-1.262170177511411,-1.3968381408961592,-0.1271542470143086,0.13959234418891153,1.0383413015001015,-0.6357389415556466,-0.08000393544605415,-0.5862012904657328,-0.4350497535208032
Sekou Mara,Strasbourg,22,FRA,"FW,MF",Ligue 1,2002,-3.1133320636073947,3.1234145777642337,-0.15424761719876243,-1.3739449692485948,0.2323261346150469,0.2289920340123191,-0.9037337394920701,0.038954454449961054,-0.42380085310231086,-1.3729555721011328,-0.8675857203968237,0.36979409296805127,0.0024453742831717163,-0.4551948549931932,0.0828130420178581,-0.8643172332330727,-0.3971590856822555,-0.5794729004873981,-0.31553824564297756,0.7412219785329421
Marcão,Sevilla,28,BRA,DF,La Liga,1996,-5.54850320362988,-2.2980848150917184,0.18204168602507684,0.24914025646961346,0.6873173219505471,-1.070067118214197,0.509715588682017,0.7000553276320468,0.3642182687211923,-1.552723283246443,1.7726829277294676,0.6405332221880569,-1.1147731129861105,0.6971812435227774,1.9151536624454415,-0.9677808971288676,-0.39463271299308283,0.33604412227477987,-0.2679813172103746,-0.3937313655325296
Óscar De Marcos,Athletic Club,35,ESP,DF,La Liga,1989,2.2793607994493295,-1.9461037691462366,-3.072092795511597,0.8071474905060779,-0.7770655568715311,2.6464077237837276,3.3187841208954554,1.7963190827725428,1.6340056881768668,-1.9783093445940871,-0.05592499497378469,-0.24584907903502798,-0.17348570562996207,-0.6047197201369909,-0.8313849165476586,0.28961521576959603,-0.5106787636831366,0.6125485203766468,0.1411069402796645,-1.086452241208482
Pablo Marí,Monza,31,ESP,DF,Serie A,1993,3.7206661694298955,-12.292814841391166,4.497220059520539,-0.698144155192837,2.64936776835747,-2.406345729388865,0.9028018751745517,1.1704092291661234,-1.507874902521297,0.05784156609254955,-1.4843563491826102,-0.4589917799098347,-1.4424063352701977,0.9523044889783008,1.3450652190952306,0.2531159458893234,-1.0434603913129321,0.05907816913844506,-0.34304368905707683,-0.21229946703013433
José María Giménez,Atlético Madrid,29,URU,DF,La Liga,1995,0.7624853354620006,-8.845745205295803,3.3099354289226346,0.9643066993154054,2.103127036517134,-0.8780816314481008,0.1792153247359684,0.6838931826941284,-1.6740214759165633,0.6396323809553517,-0.9331889153977228,-1.3603626059302454,0.35353740676451567,0.339748851395968,-0.7268224663302927,0.5476730380570336,1.1335258873629177,-0.4699395851021844,2.7181717971412747,1.1144564513109025
Răzvan Marin,Cagliari,28,ROU,MF,Serie A,1996,1.9633246362076053,0.4795449839276303,-1.0930366081209069,1.091256323465194,-0.7937749053520725,0.7974302014800259,-0.319825922169076,-2.6059962451604224,-2.44181403176972,0.3440620607193821,1.6519462929541062,-0.4185207741355488,-0.2412874151963125,0.24674721934458868,0.941725594429244,-1.8270378674765004,0.5277202122910312,0.40221287427311775,-0.746855983536899,-0.4565777939518121
Guillermo Maripán,Torino,30,CHI,DF,Serie A,1994,-4.586845868108973,-2.4142101470969943,1.0109828914828163,1.3035182740816509,0.06610266996248262,-0.07816470469687453,-0.16113373693188796,0.081366749166832,0.8252602913479214,0.9418149825042305,0.6393751622467908,0.8254471742898289,0.9631505079389858,-0.9082331842381525,0.5559085717482966,0.5904635630154761,2.7760792884900347,-1.1191443158185654,-1.22738767142721,-0.6037796104795151
Mika Màrmol,Las Palmas,22,ESP,DF,La Liga,2002,-0.4856128149128927,-4.767336642043498,-1.0290058019219024,-0.11691932594340584,0.18372462277152082,-0.7991088740001014,1.4644268826944404,0.4146586363104569,-0.9889855306215688,-0.00034135087870100733,0.5795326388981866,0.8900854445117592,-1.3973349702002305,1.1886681866546398,0.16304552004582964,1.0573355162263096,-0.7558399548186733,-0.10245955120086886,0.6147892716774712,-0.13892376784589508
Omar Marmoush,Eint Frankfurt,25,EGY,"FW,MF",Bundesliga,1999,14.55726677118769,15.54458021003535,5.1362194385983395,2.210315815548439,-2.364561219765683,-2.212012263632361,-0.18417585910589152,5.711121101502899,-1.4820125506923714,-3.110369491178474,2.114149495877282,-1.1698878670898947,0.1509559538533106,0.29150801786514935,0.9819787111332098,0.20937381101269822,1.0850226358521557,-0.5154266898220419,-0.4650025536741975,0.13448303686802043
Marquinhos,Paris S-G,30,BRA,DF,Ligue 1,1994,4.113461470103165,-8.842821249429061,1.6746677478286625,3.429942256966888,1.8185832151789671,0.5860202922953441,-2.4069160778842322,-0.2008671604897607,0.7528201263781785,0.049421154147617295,0.6187499760113772,2.9745954251463553,-0.7543727743309983,0.5575509247541106,-0.7861621699124453,1.032918249359236,-0.32390322914729136,-0.05216845807938729,-0.7108733138403093,1.0032230483954232
Aarón Martín,Genoa,27,ESP,DF,Serie A,1997,6.481475804836776,-2.8164456112204346,-4.334903673389163,-0.22227648471725012,-0.05317348223797048,-0.47023467057470175,4.144806619548457,-1.7353230125470973,-1.5904561907928008,1.4111540998923078,1.2382121033161575,2.2107002921930907,-0.2994177405066446,1.4793453862192205,0.09251574054287413,-0.6618605121370599,0.3158787275829023,0.8959695605559188,-0.4583165862043793,-0.4539544105737749
Carlos Martín,Alavés,22,ESP,"FW,MF",La Liga,2002,-1.275644997205918,2.726644544609484,-0.9372822564915064,-3.120532817822061,-1.9913916898311381,1.0531367682518187,0.3390808023164938,-0.6300411925417077,0.3014755482833386,-0.20625624762634012,-1.3092271736441383,-1.0659553211463073,-0.7728864335950518,-0.19172329047174072,0.37607710037584013,1.018613404628567,0.2403609502415182,0.02220760202433151,0.07343573991715759,-0.09343984950907422
Gerard Martín,Barcelona,22,ESP,DF,La Liga,2002,-4.564118724173956,-0.2423288562360044,-1.8704188611799064,0.5692780176503512,-0.3155561139149528,0.8019460575401274,1.2570445638439962,0.25784338708905025,1.7174144964943387,-2.055557349769091,2.2473886666077387,-0.24744316507629524,-0.30065344823627005,-1.0264902378118954,0.34068591335223286,-0.5573565881175149,-0.6059854104601168,-0.5889127621688836,-0.7937451102986829,0.63507885703073
Iván Martín,Girona,25,ESP,MF,La Liga,1999,4.053813670935289,-2.191486248605501,0.04237658902360857,3.042069063959494,-1.4865568123936845,-0.03038749696660577,-3.4600126299486895,-2.2438217336985002,0.8795627983016926,1.2189573776333986,-1.902213919568445,0.15146936448275558,-0.2692239290377976,0.04161471976064811,-0.4936995813892342,0.021190274754324095,-2.1868776222492623,1.022949808907551,-0.8746221692422946,-0.5734056002420258
Jonas Martin,Brest,34,FRA,MF,Ligue 1,1990,-3.838393622386658,0.07155659397886378,1.4305506938449384,0.9708056008689471,-3.6467065873875386,-0.38341185380734055,-0.2561795862276642,-0.6902940364422157,0.5217640182797127,1.7101190028770459,-1.4110674370905398,1.6968876728569577,-0.20040315386684812,1.7667411716561998,1.0109149380099929,-0.6108202124682821,-0.9018449160296903,1.1404928331546502,0.22158203467194432,-0.015703538686638367
Mario Martín,Valladolid,20,ESP,MF,La Liga,2004,-0.17016187909048586,-2.5116362953027758,-0.6017594784448129,-3.3621367687118364,-0.20496762249309533,-0.17070965614960545,-1.2694539655757586,1.243459699272778,-0.5759310838028047,0.07312465011818714,-1.1577818219330613,-1.9291584996137447,0.5468316148902935,0.026782508714555092,1.751207264317312,-1.8722326604846065,2.313565826409658,2.840638478131182,-0.7469205161599386,-0.37601285265627765
Gabriel Martinelli,Arsenal,23,BRA,"FW,MF",Premier League,2001,6.695999166591746,8.083831368642857,-0.06549410086290629,0.08617498412409651,-0.9991682934803885,-3.9377971710137274,1.0713521212908974,-0.9689342796173452,0.9618876717002256,1.031119949000674,0.2812917778220127,-0.07544042972897737,-0.959441754774077,-1.3422965264809787,-0.8019931491050115,0.8567171737024896,-0.31816198230476644,0.05902191391707043,-0.8015641802324429,1.8063165006146717
Arnau Martinez,Girona,21,ESP,"DF,MF",La Liga,2003,5.281377780497355,-3.6040434429573676,0.26103523734213324,2.9575792084966785,-0.5482392926149298,0.5342007288652187,-0.4857097235403956,-0.12989723157980482,0.43368541505684094,0.16369291072946063,0.06231693384691818,1.620602653874323,-0.6634114823456296,1.4293552618807854,0.18051978534487542,-1.2592376235232234,-0.46943138275839613,1.756659737211966,-0.8653261667123293,0.7367556467469177
Iñigo Martínez,Barcelona,33,ESP,DF,La Liga,1991,10.554281687292287,-12.629195007922474,4.375418578695356,7.873561789116576,4.3938584534308385,0.8556934457149199,-2.371880983595812,-2.6563381924817047,1.6494336045840077,-2.7159506209407627,0.699136055905999,1.6239892955413553,1.9729664986522666,-1.3993859443577303,-1.7932328660038575,0.17472739341314364,2.051849815443681,0.5093219629563038,3.9547203434261764,1.5802756686350938
Lautaro Martínez,Inter,27,ARG,FW,Serie A,1997,3.4075779261879773,7.035695040272978,3.5799396178898157,-1.8874079576423213,1.2914566627293138,2.7221214681691595,-0.3898800319454963,0.249937674759985,0.4407660345298451,0.3132942551116098,1.5496452521063369,-0.37827918870764554,-1.3730040975776852,-0.2173697598791624,-0.06184975112038397,-0.6149859375564741,0.19230467489515948,0.061251137394289674,0.5973935787082191,-0.9771931702101039
Lisandro Martínez,Manchester Utd,26,ARG,DF,Premier League,1998,6.450057154866027,-9.059825909146918,0.9386901091237577,1.5713032727627565,1.833989737983445,0.7722545790963088,-1.0693223034600166,0.4043814227631998,0.37474828118929243,1.8227573123509921,-0.38772211758307024,-0.6993678689921267,-0.48857303887156006,0.00500401826771454,-0.8383304028899878,1.1744285056559278,0.14906729375499406,-0.23570189050175092,-0.7171526727435076,-0.6824439548982547
Lucas Martínez Quarta,Fiorentina,28,ARG,DF,Serie A,1996,-4.408255911471118,-1.2561910538847094,2.4583340041925856,0.6252940961789314,-2.2577952651140323,-0.2918114375291479,-0.588839097407313,0.6214229500963218,-0.7428723844512242,3.3200602182042562,-1.2797254365012796,0.12639985222200897,0.8414707662682517,-0.03645745715403698,-0.36141996352881306,-0.7159865420659868,-1.5714932773914199,0.6874053000948508,0.9695649819533382,0.35801808226327797
Toni Martínez,Alavés,27,ESP,FW,La Liga,1997,-3.8611927348652877,3.8696232624308977,3.0889211680687003,-1.1458600714422162,-0.270416895930842,-0.43953697644410383,0.9558949520661448,-0.8497800826803757,-3.8109430478530575,-1.4258405424668996,-0.8107183261960694,2.2534903331644256,-1.1780477816463393,0.23977217839125323,0.6439803044222665,0.12242970279428768,0.39126310929339875,0.05155114390284796,-0.5689207015724227,1.3010173819927662
Adam Marušić,Lazio,32,MNE,DF,Serie A,1992,-2.08336240274334,-1.8495197970253627,0.8439270287491236,1.257877897731104,-2.5410233474176107,-0.8978653162276417,-0.02008589613306692,-0.20657328252493387,-0.7773236226286822,1.006365152536601,-0.6851992627625837,0.8638096425240848,0.4928735238417781,-0.7858219765576848,-0.45103923889267133,0.6394955879489072,0.6352257420963188,0.24248030142785823,-0.47567959638860646,-0.7179457919481337
Marvin,Las Palmas,24,ESP,"DF,FW",La Liga,2000,-3.2590991530417277,-0.2817958783124435,-2.411912933855249,-0.6987531645910198,-0.023577751215933612,-0.5373925963754507,0.6767364935171063,-1.368929010272249,0.2883162158527674,-1.320883617645509,0.10350259778490281,0.8888876637688428,-1.6864237786965293,0.6391641616058352,1.1084280500761317,0.9437654687717969,-1.0952113932425962,0.5767597354538763,-0.13038131909171155,0.40587537561669407
Omar Mascarell,Mallorca,31,EQG,MF,La Liga,1993,-2.2870498226837155,-4.304241134887871,0.642329421470249,-0.8086726445224605,0.581554292318194,-0.7650137595394259,-0.3010376661814084,0.6409218792732984,-1.3505502043981223,0.2271840446383928,-0.29976349116423023,-1.3511165419703912,0.30953426713399584,-0.5238629133618317,1.1889017951269905,-0.7082380410236988,1.075485971181235,0.44782446342205146,0.6749837285774944,0.1372786445329535
Adam Masina,Torino,30,MAR,DF,Serie A,1994,4.456126562132626,-7.711527663729779,4.061500783488139,-0.24166507645498314,-1.9930196434036882,-0.03767733422899074,1.7853412944753775,0.49317521134609793,1.9991317274439464,-1.939114189143643,-1.403133890752623,-1.4558267493548809,2.5154750609676695,-0.6029867598743207,1.841912747954263,0.19947694919144643,-1.0894957536353496,0.7673559650599223,0.4623376833934884,0.5209060578478698
Erhan Mašović,Bochum,26,SRB,"DF,MF",Bundesliga,1998,-4.499459536012972,-1.4797903244071362,0.2890776005543785,0.31541963087315583,0.4150872496672717,0.526083285268471,0.847966935220956,0.5594876871540012,-0.15915132132373633,0.2329251305897993,-0.05221590057297519,-0.9365005649930561,-0.13004798206651055,-0.6648220860978991,1.3587015327798928,0.9309894365851797,1.5242955812472314,-1.23363108611472,-0.2988920963751059,-0.621500745450549
Clinton Mata,Lyon,32,ANG,DF,Ligue 1,1992,1.7721481696202326,-3.821499780812595,-1.1062783393035558,0.942235038286089,0.28195484748163835,0.1290833434531935,1.7023847879842249,2.839334945384041,1.0124037013501457,-0.997853394178872,0.4628753388894104,-0.6817086746582096,0.6350052892456289,-0.29899038032148134,-0.1824545738916533,-1.744691755741176,-0.03739891310465114,1.5147356968944927,-0.0011003682656647103,-0.697372187816823
Jaime Mata,Las Palmas,36,ESP,FW,La Liga,1988,-5.757328141016336,2.266703274442986,-0.27636298268929416,-1.1905574173352906,2.287426280525639,1.0696567372040777,0.13969847222891751,-0.7652802237296129,0.0006788099342975594,1.7614927552608082,-1.3009697141959344,0.2960804854368792,0.22709641874800657,0.3413690152921987,-0.721919686231147,0.2580853650739865,0.056545133588120904,0.3282502758974715,0.298366276905345,-0.4522466764237201
Igor Matanovic,Eint Frankfurt,21,CRO,"FW,MF",Bundesliga,2003,-6.037829699514243,2.982186082700122,0.8329639915451188,0.18682193183141096,0.661518705183074,0.22452714939082677,-0.7512043707177971,-0.41723288220811994,-1.0186452437348255,-0.28909911961313267,-1.3856706692242335,0.003662893035489693,-0.3687505885547773,-0.40608232918393117,0.11243495929254234,0.2854514716233445,-0.05638262082307175,0.33806736448282926,-0.20461940766622674,-0.44485793760125847
Pape Matar Sarr,Tottenham,22,SEN,MF,Premier League,2002,4.1736819448323494,-2.17058001548768,0.1501159486197436,-1.7445543267411665,0.8329437463148569,1.384401260783137,-1.1133001989401716,1.1449141074463272,1.434294654714419,0.11704067365849218,-0.345440758875564,2.551976601502398,-0.7658469332171051,0.4478045695787204,0.3772614454302572,0.6029125157763404,0.5196279155322903,0.7621380510443412,0.10799220486957774,-0.9667426987143745
Jean-Philippe Mateta,Crystal Palace,27,FRA,FW,Premier League,1997,1.6597772056818987,5.940529702538801,3.3636282294332553,-3.470818012383092,3.822396836449645,1.4091378014553346,0.22503988901638836,-2.6345239397345415,-0.9730273440117622,-1.1786962162058279,-1.347236184210474,0.4694303229185664,-0.6288159116149518,0.3902966728690704,-1.4277972762361044,-0.9771968947743259,-0.2859528842105039,-0.3844685724006113,-0.8958662473205703,-0.5793595552059008
Nemanja Matić,Lyon,36,SRB,MF,Ligue 1,1988,1.2121859082166133,-3.950353110354619,-0.7679605413885588,1.3755932302125644,-0.4687519752772579,0.774848766441428,-2.2128541599238036,-0.4308061356346386,-1.0021205948620395,1.4093037756444091,-0.7357547929192353,0.433808610660146,0.6485192279322536,-0.5140028992099749,0.4951694967324454,0.8752308687566568,3.004274177769515,-0.15870408029739944,-0.8713501638670309,0.5918966014309638
Chrislain Matsima,Augsburg,22,FRA,DF,Bundesliga,2002,-3.5022106046618053,-3.072289747619896,1.3851948984000593,0.07552098103653483,2.105527980311965,-1.2321536437391623,0.40818475855337744,0.4220364245526597,-0.8674800403445301,0.05364871170228725,-1.0940028651507483,-0.9160848952253028,-0.5277254695392383,-0.91262909477022,0.41659696916032063,0.14574497318223165,-1.3912330548093474,-1.1425139030846696,-0.28668552985117746,-0.6418249163294575
Jean Mattéo Bahoya,Eint Frankfurt,19,FRA,"MF,DF",Bundesliga,2005,-5.350063579821857,1.7887454032378187,-1.479814933947726,0.8172363604227215,0.293028741442127,0.14738143610036966,0.5070931146694178,1.7589435926971841,-0.6192338485256556,0.5520724547636677,0.5918855799546603,0.5974309827706329,0.6653079389481382,-2.2418806036166683,1.616293036242593,-0.3893046907018452,-0.06461004624633845,-0.13769108631590798,-0.04047722997039689,0.002382622385011741
Alan Matturro,Genoa,20,URU,DF,Serie A,2004,-4.544113349484841,-0.6929095922241874,-0.07481797723340573,-0.042316089968217035,-0.055852801053750296,-0.25451666648920657,0.5718048677568687,-0.9552625665476767,-0.29038045524777406,0.36122736626176444,-1.3238734958861105,0.00797290103571536,0.11994853919281849,-0.6224609276040163,0.5849491063511211,1.6618939878531025,2.715795223567647,-0.2935033116101484,-0.9773684604408397,-0.6427439399742758
Azor Matusiwa,Rennes,26,NED,MF,Ligue 1,1998,1.950439221054312,-5.760309729037042,-1.8771663514253896,-1.8938614605158084,-0.7806811700115032,0.7618420245042812,-1.4926338176871423,1.344476442068623,-1.864891532236163,0.8538522780421447,1.5083967097538686,2.253305614778282,-0.5591474193587902,1.0172083145576158,0.3651402802675785,-0.012397831311123545,-0.7067792861185526,-0.18447384916672116,0.8528273846583753,-1.4410581457232945
Neal Maupay,Marseille,28,FRA,FW,Ligue 1,1996,-2.353573735802378,4.317727986013943,1.1549393292629906,0.8613185108337515,-0.37789431191651623,2.250394026054449,0.9449380135138787,2.556599683619541,2.30095566006466,0.696617945016522,0.2328598831172283,0.4191384165696966,0.2044020657749861,1.4012923989353478,-1.6837890186608964,-1.472628382949546,0.46329058634466946,-0.21868791623428227,0.17224628928528485,-0.6919212411136905
Stephy Mavididi,Leicester City,26,ENG,FW,Premier League,1998,6.372928244500465,3.4260696846550425,-3.117964750850956,-0.21994562262467923,-1.522635029504368,-2.798401001259689,-0.9782747475814317,-0.12800334176580483,0.49628768240839904,-0.11590849193175447,-1.013251519863433,-0.4302593638926028,-0.3393655022364215,-0.6710494893088436,0.7613428836077965,-0.4304003200783309,-1.112352152819993,-1.6274983678638395,-0.32255134574218364,-0.23953030686562768
Konstantinos Mavropanos,West Ham,27,GRE,DF,Premier League,1997,1.722698690281667,-7.330945135245353,1.756934526096268,-0.6576475250374161,2.1856265387739993,-0.8195197352124719,0.714633100875842,-0.23160336039423743,-0.29204825079208174,0.3983800788812376,0.3918621865792596,-1.5715635134323793,0.18724502240278565,-1.1819662971087068,1.0195078994985067,0.28369675057215543,0.4963347593120754,-0.8994688524123674,2.606345517859037,0.8924231533934259
Christian Mawissa,Monaco,19,FRA,DF,Ligue 1,2005,-4.015446905983975,-1.926613373459873,-1.9363450324650617,-1.2345681194547262,-0.6275223680381735,-0.8321495076728543,-0.5122043412795899,1.1921138240336908,0.356600083416411,-0.784343300003689,1.4705730857527082,1.070389343036616,-1.3334325627767256,0.507336599954779,0.919248068142028,0.3975938647872451,-0.5598605734062181,0.2154890144101753,0.15840722049702213,0.25687074596455506
Keke Maximilian Topp,Werder Bremen,20,GER,"FW,MF",Bundesliga,2004,-5.6080846399210165,4.176653899958904,0.48954479922332034,-0.03799845534264933,-1.3297699548100421,0.37688139314804214,1.7155251713812225,-2.138541052966306,1.5813256063146617,-0.02966896644371544,-0.8548374332636632,0.5707365907077633,0.8677930755222777,0.08861863274544153,-0.19164043121164745,-0.7752031331432534,1.4204684998870798,-0.6205033260491423,-0.04644986548389999,-0.01044504564540588
Senny Mayulu,Paris S-G,18,FRA,"MF,DF",Ligue 1,2006,-5.409645781645397,2.4110258725458045,-0.2507025665413357,-0.15794633310402834,-0.37566582944735605,0.5788487342009737,-0.4034332461798371,-0.7274615267045653,0.8918751813136055,1.3087117074206625,0.02760786968992539,-0.9448860101729486,-0.6711103204204973,1.80199868935749,-0.8849345714914675,0.31522920319204684,-0.07340850127774397,-0.6237840748982861,0.4279617003705132,-0.18199115903119767
Noussair Mazraoui,Manchester Utd,27,MAR,DF,Premier League,1997,8.189217654562633,-8.720732829407542,-2.729995206607117,-4.608337905525683,-1.6779731049077948,0.2647388200671402,-1.1491517708972687,2.2527554638117757,0.6440073945183082,1.309008299129982,0.8287934627866614,2.158810650929927,-0.70668113361167,-0.6455471559393565,0.30427445614151905,1.723228975296956,-0.29828944869049173,-0.11098293022926096,-0.5353723515322589,1.446578573004921
Luca Mazzitelli,Como,29,ITA,MF,Serie A,1995,-4.263015328800031,0.756375373864263,0.005406618665432296,1.3927444282586567,-1.792843776541722,0.11719488690535873,-0.21449858407511974,1.3730983427672905,-1.4434132958466739,0.5052511318791141,-0.2684918058378852,0.3408542759224149,0.22753781913378315,0.7605172468074181,-1.0361468326674912,-0.11907865011224202,1.123439103061984,-0.34747819345948494,0.29590304154182784,-0.4207795609525022
Pasquale Mazzocchi,Napoli,29,ITA,"DF,FW",Serie A,1995,-4.997983265067821,1.4940220241301072,-1.6350134234532245,1.16018823325531,0.27863247376059946,-0.7419901373574944,-0.29661811175676367,-0.518617168742267,-0.3947301497989803,0.2996623350060591,-0.8266854428673791,-0.3511884180459949,-0.30283554459854206,0.5411963706900557,-0.33562884950268157,0.586904887992564,0.945344826618931,-0.41540653140698197,-0.489804288553443,-0.4103228598414935
Samuel Mbangula,Juventus,20,BEL,FW,Serie A,2004,-3.3757082355208805,2.8868706942675515,1.072209710910882,1.3238917031461843,-4.67770530174783,-0.07833681331071718,0.34639719773494587,1.171612518383381,2.096960757062232,-0.6464582533981231,-0.824599694515958,-0.4016162359185809,1.8254921323166469,1.7039242211441097,-0.09175455761196613,0.9509993152722194,-0.6955296153508612,0.15366624555832642,0.09147291421240582,-0.12686170012483533
Kylian Mbappé,Real Madrid,26,FRA,FW,La Liga,1998,11.562752451094006,13.655351867470078,4.4806616123444565,2.0292099443896063,7.131636728142085,-2.628897147533287,-3.4934272854095525,0.345426064158852,2.4465017536804106,2.9880257113466677,2.3375335254556204,-1.197755066779526,-3.547290223821035,-1.913017788651093,0.48519954499131557,2.4380526330217216,0.7402033889345696,1.1137165686734765,2.2684702675706907,0.5184508159327557
Bryan Mbeumo,Brentford,25,CMR,FW,Premier League,1999,14.70419053539908,8.40030743975506,2.871318291021126,1.3856612475054837,-5.155694619886773,-4.436288743076474,1.8494452578371274,-1.3313298380029706,-2.9506770512819807,-1.6847777091327978,1.964720326531104,0.651515585635263,-0.5737041601887629,0.396187419169928,-2.5914244741658874,-1.1292267470990143,0.7646027771879881,-1.7116694209923073,-1.2168084526453917,0.04139996219796638
Kasey Mcateer,Leicester City,23,IRL,"FW,MF",Premier League,2001,-4.9478970682845835,1.5728802622549014,-1.3895722092554563,-1.0526024679095747,0.4939829501849086,0.25024864624022697,0.681412420102076,0.3221790310336698,1.4490884869576675,-0.7063440540846984,-0.5020552910686278,-0.5034866030206135,-0.11414656190150767,-0.2920069957289548,-0.21288911634586977,0.5395715181462988,0.6673508780568663,0.12559193818533718,0.05019897327665118,0.003736718797702435
Oliver Mcburnie,Las Palmas,28,SCO,FW,La Liga,1996,-2.7780292921400718,2.744582114694168,0.5646491742176338,-1.3130614516126644,2.546742749974371,1.3316856637438406,1.3391538916560992,1.3929460762012897,-0.27165812548227974,-1.1273420923896085,-1.5821146256133063,1.2778070010023588,0.6648277966987266,-0.741006730240804,-0.6322759495374143,-1.2324586198848637,0.441058926082986,-0.2402543208137369,-1.1325695365877155,0.10984786531647403
John Mcginn,Aston Villa,30,SCO,"FW,MF",Premier League,1994,3.2479685171360306,2.313795020661245,-2.7828140729861373,-0.2153239277633272,2.5707069032160725,2.338755752095969,-0.11549220767654378,0.6099695947509516,-0.5167533667217208,0.13049590005157438,-0.5054011526705948,0.4165384523563513,0.6597950790024261,-0.07488872592483174,1.2689355815571142,-2.6158544898908236,-0.7297377034605327,-0.1293644471990834,-0.5885838726940553,-1.9543539733142663
Scott Mckenna,Las Palmas,28,SCO,DF,La Liga,1996,-1.9148234755673321,-6.5977613103682495,3.731036659115255,0.6904132280288137,3.3408122930934647,-2.1569686667300023,1.4819838576473863,1.1392080975159455,-1.2788503330442145,1.8704181915233469,-0.05409642387892346,-1.465877579525565,0.3452899160194524,-0.10495311104511514,-0.002730062519463641,-1.6319775589652845,-1.0820540306805202,-0.30541130684790313,-0.1638866455068408,0.6373639907298236
Weston Mckennie,Juventus,26,USA,"MF,DF",Serie A,1998,-2.017762682836328,1.7544175473361157,1.9029858743166759,1.518345164577035,-2.45487676589953,1.2102061610802497,0.13473047627094592,1.1549813280096701,1.1383143950406698,0.6112815720612481,-0.8791568769406869,0.5793173192452511,0.2873113868890123,-0.7260406544980086,0.27799819551393096,-0.35806444045943514,-0.4755603223000625,-0.21041279323758055,-0.6507445356546111,-0.4149945252025324
Mark Mckenzie,Toulouse,25,USA,DF,Ligue 1,1999,-1.4145353005232428,-6.002693049723939,0.3567812790601682,-1.2741621608686706,0.24160650221306768,-0.8441408197093618,0.4523870816485665,0.6398361574892086,0.4943951672520157,-1.3862088991852324,1.0366225037533243,0.7749179818286585,-1.5790592556954313,1.0233263965931552,0.5147071718572398,0.6668416873350095,-0.5810526357496845,-0.3726854124573114,0.24177178408377084,-0.569986128936773
Dwight Mcneil,Everton,25,ENG,"MF,FW",Premier League,1999,7.276837776179609,4.707968648098186,-2.6328155283493455,3.998369967168706,-2.0560875397762075,-0.055572735052412836,1.9117463869245324,-1.2155978789112065,-2.9226189379893497,-1.0992030590476283,-0.6764090610460519,-0.34266037636710106,-0.25476109545011105,1.0558500255399843,-0.09099291441562976,-2.168532585681406,0.7083472606017952,-0.7394456647248205,0.10903052384804673,-1.131916639719077
Scott Mctominay,Napoli,28,SCO,MF,Serie A,1996,4.108267476061384,1.9877163234434705,0.9696234944663297,-1.9825383521953446,-0.2684348924597552,0.3360276295050161,-2.7202491340244546,1.3548727627907753,0.5931906766169276,-0.9649849954797214,0.003218503483518486,0.2727617816544675,-0.6708742458610369,-1.0971396746026134,0.26487951761997053,-0.4893450624923339,-0.10264875912063182,-0.3780902233320764,0.5758168155950848,-1.022494768762187
Jakov Medić,Bochum,26,CRO,DF,Bundesliga,1998,-4.036409752307051,-4.125268582132839,1.6062869651485807,-0.0011687077552973958,1.4891778086882421,-1.5106821964177888,1.2789038253864426,0.4705705873433697,-0.5475772970291576,-0.800721830504043,0.1682671254094483,-3.1318873855623415,-0.6166535085786623,0.8746788898097498,0.9951577030743828,-1.0468682265754115,-0.1505734388478534,-0.9124410834439236,-0.8542319538565917,0.17035489024258374
Facundo Medina,Lens,25,ARG,"DF,MF",Ligue 1,1999,4.385903499969029,-5.65064869945652,-0.8116475097298059,0.14455780559662315,1.3307884015432705,0.636530948719049,-0.955894041837929,-1.3073524050154326,2.084025343996579,-0.6339384318236644,1.3117357160631207,2.0297936848048654,-1.073195128847861,0.15791277275027593,0.8403089945261415,0.6053864807611962,-0.31425902040809217,-0.10726872586594027,0.33003788746990065,-0.7727488368573546
Farid El Melali,Angers,27,ALG,FW,Ligue 1,1997,3.556549578063901,4.8469488164811425,-2.2060291322305843,-1.5977669752275843,1.6374887994974783,-2.304446840762291,-1.4131513908539004,1.4125319102961398,-0.21635206569530158,-0.023077802089057086,-0.8572882028068348,-1.1995379168068852,3.5413886352425097,1.7973572449890176,2.0246642806753696,1.5958208630569406,-0.47769945701503214,0.6993535223009062,-0.3701620786980866,0.7663500490914312
Nuno Mendes,Paris S-G,22,POR,DF,Ligue 1,2002,1.2476830454763308,-1.4614527341017065,-1.0885059787953122,1.9188748390149473,1.1395266188873194,-0.10325074603220168,-0.17143170628327425,0.2466433178650393,0.32508142527446354,1.7406037558523464,-0.23931632769040104,2.6289906290884026,-0.3335509368394353,0.20219678336274266,1.1446813014247097,0.704397226288862,1.4420768348714554,0.4160181948507442,0.0004921622011334524,-0.38061066532054166
Brais Méndez,Real Sociedad,27,ESP,MF,La Liga,1997,3.4828389296392244,1.6649755997701818,0.007573748760533981,-1.3153617262568007,0.350624038247171,0.9910251187642659,-1.5447342908726849,-1.9364316934579475,0.3358042978452777,-0.839497149743001,-0.06316305281674155,0.32302855807756176,0.1154694255114538,-0.10706599374550438,0.05771433863485094,-1.2821311150750596,0.48009667800911365,0.7475347594858308,0.8770374320247916,0.370271928556127
Antoine Mendy,Nice,20,FRA,DF,Ligue 1,2004,-4.371925206473444,-1.3822331866187023,-1.478756566349654,-1.0366336786233727,-0.28213442543582595,0.47765838994288173,-0.024618594200812173,0.4763727771308208,0.8842516378155685,0.3654061834481599,1.2984554066413465,-0.45113088775089233,0.07345546288812145,-0.28786272165018023,-0.24338649085341524,0.0029169755553650517,-0.7297084906993917,-0.24608691667862514,0.8725192230935999,-0.8203074929092184
Ferland Mendy,Real Madrid,29,FRA,DF,La Liga,1995,-2.699061362022485,-2.9173157207140985,-1.2840454317195957,0.9495540244011277,-0.11750945705215309,-0.10230434124228954,-1.4395095573493792,0.5302002022384691,0.9300919418981544,-0.8191754762155243,1.7806804997936425,-0.6025099294360217,-0.33315162721901165,-0.005551391605439682,-0.7707677517062108,-0.30718688088402507,-0.2239363779737482,0.7270383413784918,-0.7342690068215971,1.0612907888918601
Gideon Mensah,Auxerre,26,GHA,DF,Ligue 1,1998,1.3357698285199238,-2.587908569175154,-2.9813966451342733,-1.4146656382375442,-0.5197834781631155,-0.7632038656960985,0.2699535482659205,1.1085064408299012,-1.1404042589243744,-0.4563349737553063,-0.7421681386577673,1.5584397215551868,-1.0217423205677996,0.4116779390200972,0.42444775335892315,0.7838018261731132,-0.7705739014737768,0.8142565124613781,1.3502063188934668,-0.017689598023228923
Mikel Merino,Arsenal,28,ESP,MF,Premier League,1996,-1.2466467074355176,0.92290833944076,0.895495436538615,-2.0067278126163024,-1.0089722977206024,0.8669314817972239,-0.2772236886293605,-0.8015590016498984,-1.7156553544678397,1.92044057960904,-0.03878875879531234,-0.17360589203479293,0.056830142531731305,-0.3741707654419208,0.4733893858185024,-0.6797835573480301,-0.30317545801638984,-0.543645255162062,-1.2422298269991134,1.043020415540193
Quentin Merlin,Marseille,22,FRA,"DF,MF",Ligue 1,2002,-1.705971212777727,0.6814485349190299,-0.0758166836883106,2.218402847443396,-0.5844118954149609,0.40809096112240667,0.14733830078098076,-0.5390639999973553,1.3647219358303448,-1.0001931375154762,-0.537194556910878,-0.38002214392188033,-0.23827120783564976,0.0028408454112272123,-0.3090295313434067,0.2621711970138202,0.7999560313074967,1.4882510187581293,-0.7713722731145373,-0.22641393456929493
Víctor Meseguer,Valladolid,25,ESP,MF,La Liga,1999,-5.093401238649724,0.5198161959611574,-1.2645092182558022,-0.6213160618617652,0.7381446183504747,1.4065116466112277,-0.3405360529454603,-0.9172977185337015,0.5390598179325102,-0.8241629794478849,0.02259164013756085,-0.8447861171362135,-0.4609718173285519,-0.5966986283888679,0.6699336051606627,-0.2817599784197272,-0.9105841094994414,0.9382063519883702,-0.26900813293997394,0.5187113970737324
Junior Messias,Genoa,33,BRA,"MF,FW",Serie A,1991,-5.626907172136937,2.6027550979627185,0.22093747964285215,0.6243315392038058,0.36088372139696245,-0.30298132769505126,-0.4193384550041386,-0.5085555583092872,0.7606901244207457,0.21279672815248674,0.0020000065583319865,-0.1331646131577246,0.03285365863170287,0.1866682616840841,-0.3155860920100357,-0.2148494629088906,0.18721735343753956,-0.19801701406713282,0.7608888937505977,-0.30894753222576676
Connor Metcalfe,St. Pauli,25,AUS,MF,Bundesliga,1999,-7.203201268066891,1.904832309932525,-0.39583024780265635,0.5690280716440381,0.7165464463696876,0.298676929425817,0.23779088961952705,-0.8325198659607389,-1.026422065527377,0.6149130533354438,-1.7753016375238106,0.20643770198011532,0.21586442038702397,-1.1090816407652735,0.895357548330244,0.9852840564533142,1.2588594994353863,0.1239752535010248,-0.44734783787886223,-0.09720923153359533
Karol Mets,St. Pauli,31,EST,DF,Bundesliga,1993,-1.8840422790332556,-5.020833635725028,1.1635445311624526,0.9331419221958482,1.2135689344700757,0.03907074752112828,1.1727997556569174,-1.349494163956464,1.8311478269390697,-2.586799523004975,1.6456350873823238,1.3272268004260093,-1.3429113400240509,0.04394695655803851,1.2509041633595332,0.23487167963915687,-0.5642046415481281,-0.4150560795266174,0.7668438546949629,0.15337628892030805
Thomas Meunier,Lille,33,BEL,DF,Ligue 1,1991,-1.3418497784513874,-1.3435130593452265,0.43845224754888457,0.5550294414262006,-0.19309914450021154,-0.18326588965798027,-0.08144896198299499,0.40507395744065716,-0.7233416990572076,0.9346842070702239,0.09978668937524765,0.42408603716557125,0.25984627035642427,-0.8407204875508522,-0.898398210523557,0.5726603685981884,-0.274829272854138,0.22195383164876634,0.5744553245577543,0.4048511930446377
Miguel,Leganés,25,ESP,FW,La Liga,1999,-0.6899899252853254,4.338612509764206,0.33380557996904364,-4.076676805781197,3.0291402360082107,-0.21406272832250653,0.7269015753870129,-0.08676767270581714,0.6668857410559474,-2.6769469664211543,-3.024431182264991,0.25149915969490905,0.7677576689611292,0.8820549441387396,-1.7438797646654012,-1.824343450565152,1.749683559714327,0.6519942098219501,-0.378279881010515,0.09360654987904844
Valentin Mihaila,Parma,24,ROU,"FW,MF",Serie A,2000,1.0442823774589174,2.088203321441434,-1.8549628791239656,-2.0759870839791428,2.164016316055909,2.4967232053066297,0.4353567750659641,2.1473003982129075,1.36220065665247,0.17407204387683217,-0.8881033790095,1.97973783530982,-0.8969840374608081,1.1326860795749318,0.6308451472585912,0.05713265731725673,0.5694368895097246,0.17058903704004463,0.0028175054138776627,1.2897370818192273
Georges Mikautadze,Lyon,24,GEO,FW,Ligue 1,2000,-0.7472076456394962,5.920665926282168,2.0433150317289845,-0.07581600236340354,1.4839551568370768,0.4911444026736203,-0.6229686582677283,-0.32393946284980807,1.2275385221788164,0.23118127150371276,0.9768469486324415,-0.5527767627737056,1.0320676127168056,1.1114267724476996,0.2001877883437662,1.2383603289532963,0.21378003535459023,0.064269703220938,0.23192039012086732,0.22647413552120976
Nikola Milenković,Nott'Ham Forest,27,SRB,DF,Premier League,1997,-0.6309659619896013,-4.1421771279812445,5.103876051014567,-2.0184259575561603,1.6085320092706397,-0.3162633747072193,2.2816882954338022,2.432804004534097,-1.2111106944039056,2.4547141980270233,0.04238965204638109,-0.3854078456058888,0.07367067054518656,-0.4338550355527051,-0.9979716843191007,-0.19985224595383982,-1.0946974810992365,-1.5352910301516483,0.19149030725689517,-0.34544778257528824
Éder Militão,Real Madrid,26,BRA,DF,La Liga,1998,1.3949613084336288,-5.687611471628637,2.8310588488722424,1.3658739582449961,0.2680841912789823,0.13735607338415115,-0.4592393797421672,0.5966916733242253,-0.09949077720903979,-0.7244916574182013,-0.1719928920508555,0.13248403964095504,0.2868442236467854,-1.0770323787645668,-0.24908159184334913,0.6765980317049786,0.7391250525975525,-0.46569898461610654,2.97450845526041,0.747375417853335
Luis Milla,Getafe,30,ESP,MF,La Liga,1994,9.327883930815458,-2.8680772544592976,-3.8156986145154876,-1.062413783772232,0.2990100665406598,2.258994942971765,0.7614538438671323,-1.2355747263970067,-2.4021085550457735,-1.3753937930454114,-0.7246302100384634,2.8393412003230085,-0.33536038893763825,0.4180136676950908,0.5437251340503454,-0.17651376623536708,0.7689331602537864,0.9238731031980452,2.95573060845846,-0.4980896321712134
Pere Milla,Espanyol,32,ESP,"MF,FW",La Liga,1992,-6.111505975053472,2.077114536803561,-1.6731988800234736,-0.2574168755226572,0.23672047292472992,0.3989980139123284,0.40540877944072623,-1.4903533747510591,-0.42984862116575245,-1.2689597581177956,-1.6619740961517047,-1.2778485224821972,-0.6097369716326316,-0.2512512960845727,0.9682303786825344,0.9087924208398853,0.9002137360519694,-0.43465191889091087,0.07462566801728046,-0.08309858921039957
Enzo Millot,Stuttgart,22,FRA,"MF,FW",Bundesliga,2002,7.3031234670579215,3.215347644099052,1.0022930512069776,0.15466883286886607,1.7226493350715766,1.8892695242815345,-1.463650830568197,-0.15139128230409082,0.5543154802077558,1.52073867060351,-0.42905390023283935,0.8435717562232773,-2.2271467277497035,1.351194737144328,1.3535783063439009,0.03218538575358017,-0.32061790653158584,1.6249397724447785,0.8132110310686989,-0.7290109110185312
Kim Min-Jae,Bayern Munich,28,KOR,DF,Bundesliga,1996,6.944272716109141,-11.117778292710868,6.228219884802366,4.3604899825631875,0.19913451899149845,1.3019385226796978,-2.6834038530281243,-2.8766020010043793,1.2960299137889724,-0.4539515818968865,-2.4894986193440727,1.4509344199133947,0.7654054102306779,-1.586633890699681,-0.9216065661833234,0.3948402477896278,0.4190606597358145,1.5808494186760036,-2.489677040968819,0.807324499925205
Yerry Mina,Cagliari,30,COL,DF,Serie A,1994,3.012934446396496,-8.273142437952583,3.6310457567957584,-3.8156241061505685,3.4879147748985067,-1.6115504430483347,1.4020255306992289,0.2031815801529804,0.03475807914344232,0.4691266617194487,0.25593200569907554,-1.610450624123051,0.7315645807043919,0.1073325580201893,0.32151678895521507,-1.516912028742021,0.3993343285678931,-0.8466926087933555,-0.6887030376131248,-1.0163807289589517
Takumi Minamino,Monaco,29,JPN,"MF,FW",Ligue 1,1995,2.113717770866016,4.466762193937964,-1.140161077885936,-0.8953383365389971,3.430576368715843,2.0670439753387715,-0.6207524112584318,-3.1818493923547413,-1.0610536878486199,1.660207688401136,0.3183597614856726,-0.7123573944469177,-0.96552013584695,1.1252850979604803,0.8068072291152493,-1.146509718122753,-1.072946742433811,-2.9378624637825164,-1.1499120490574186,-0.04911860272099595
Lucas Mincarelli,Montpellier,20,FRA,DF,Ligue 1,2004,-6.510294458343524,1.318732168454796,-1.1623278869234412,0.7983590091154693,-0.5725771166958628,0.2646552520444915,0.6779652975482198,-1.8002386156113988,1.5801467135911793,-1.0104671564988286,0.06289832887191442,0.03318799226333498,0.037542827137694294,-1.142137127925745,1.584411764149032,1.0352144839558521,2.8106349373745654,-0.3764821485801979,-1.1720718013242257,-0.11314818261605701
Óscar Mingueza,Celta Vigo,25,ESP,"MF,DF",La Liga,1999,11.394747371248338,-0.7255721116618845,-1.8656293797623984,3.904831286731264,-1.5068471057857196,0.5906689965058504,3.0736733308509177,0.20003732099016616,-0.05242319058614603,-1.0886429955603374,-0.5849012065193615,-1.613433818264409,1.7328413508714204,0.45372819433298006,1.178587766737896,-0.029838517111140196,-0.7176350551734464,2.5038556141408708,-0.8276998173372617,1.044989515892314
Yankuba Minteh,Brighton,20,GAM,"FW,MF",Premier League,2004,0.599291413922133,5.300054310037338,-1.208784775259725,0.12854607858258624,-1.156359524588608,-2.293489967313823,0.9209397311865953,-0.8428606679226693,0.44724312034729896,0.31913650589889336,-0.9791042871299056,-0.28302157054605986,-0.03461353676018005,-0.6235601523598652,-0.08431545683859214,0.05170976951998772,-1.1335976348727868,-0.9720691362783348,-0.013430145618483949,2.6124868487272854
Bojan Miovski,Girona,25,MKD,FW,La Liga,1999,-4.801919313115702,3.708401327000849,1.8050785843245982,-0.8776281262894277,-0.1342224793557341,1.7360526359839055,0.32009992107911817,0.6188987074205473,0.8205476773302572,1.0472610406629386,-0.7068458616271746,-0.29624458391654246,1.791162308079698,1.0385303640592025,0.30253182555380437,1.4848639601009626,-1.1536303809762272,0.6625334817774502,-0.05663288312300358,0.2954087798312656
Rafa Mir,Valencia,27,ESP,"MF,FW",La Liga,1997,-6.9657215166112065,2.5001063123887906,-1.1277957751885368,-0.4413754842469142,1.3629463945061044,1.352113318890779,1.1752690815284457,-0.6157546638998136,2.1655252751523593,-1.3422565845822898,0.12288370477391472,-0.8156995945515009,-0.579802733945291,0.16366189972652398,-0.4356962196652109,-0.1951188019493805,-0.5743416058957107,0.14814605555563914,0.719877824534566,-0.07411150776190358
Juan Miranda,Bologna,24,ESP,DF,Serie A,2000,5.3748830325434795,-1.8984681482387582,-2.827857099721718,2.2983869102730856,0.5780700754202647,2.163276951394921,4.111890365697145,-1.3497719900638812,-0.7317787972791763,-1.2917098346005478,-0.331232735659151,0.9976491778940223,0.6083622641881966,-0.4381524039922653,-1.092512624996925,-0.07458756166561406,0.36903935908155006,0.14469865918008126,-0.8742695847844452,-0.5420263060430958
Fabio Miretti,Genoa,21,ITA,"MF,FW",Serie A,2003,0.25937960739129823,2.312240719941475,-1.6905805154321878,-1.0449021584368507,-0.9842931660620281,-0.34469439718086414,-1.0270288148985427,-0.127295610009375,0.9362285592696332,0.2183323912353313,-0.04829291463136198,-0.5266916257451926,0.6022630182346078,0.398662984307281,0.362229713404037,-1.8547435578876852,-0.04034046444734279,-0.4329645104134334,1.1613605320170826,1.3664599658280885
Tyrick Mitchell,Crystal Palace,25,ENG,DF,Premier League,1999,8.363397382117085,-3.3682370320391253,-4.529510502073721,-2.44110922365532,-0.70858651476659,-0.7917874230518943,4.398168138931859,-0.15750310420067928,-0.48393826338972507,1.5575989802686547,0.14918732286760564,-0.8364651513346439,0.15625251162723008,-0.23105425940471291,-0.8021722769676393,-0.23008499081250733,-0.570559009855969,0.2479114448129187,-1.1565674018429546,-1.2566625895994314
Kaoru Mitoma,Brighton,27,JPN,"FW,MF",Premier League,1997,13.917138102633569,6.618755036771118,-3.2575692360280413,-1.3544798789374533,2.5536449477837015,-3.863385233663311,-1.2070218108195048,-0.813882340811055,1.5255536818270015,2.286770097635529,-0.18941593583467164,-0.5610088752756781,-1.303986707669616,-1.631975922690466,0.7733535075135937,1.350113915729789,-1.3054665690295733,-1.789988279758997,-1.445607703405129,2.4162223933574976
Maximilian Mittelstädt,Stuttgart,27,GER,DF,Bundesliga,1997,10.527337139822151,-3.614093851470931,-3.267904637919131,3.1016869672792216,-1.4362369418277965,1.3494879562244444,5.54650029219209,0.6004183934285782,-1.2129702632721229,0.6888170460170684,0.07173222271879945,0.39393291962172766,1.030614816730027,-0.9703068564903103,-0.5661173978988864,-0.4052839596420862,-0.20199963760043127,1.4001413602099584,0.6214121270199752,-1.8215758777412516
Koji Miyoshi,Bochum,27,JPN,"MF,FW",Bundesliga,1997,-4.556474196134776,2.947359680261585,-0.7089533737396987,-0.36741249342430166,-0.5049699336291616,-0.06041071962570828,-0.24781811087109384,-1.026656421019299,-1.1724314402757205,0.24626773379230452,-0.8805916765545739,-0.24210049679799328,-0.1413979966081857,0.9017792566279016,-0.7857967663236841,-0.2489414140383307,0.6219067572088165,-1.0948069908408717,0.049971236781745795,0.894743176910275
Henrikh Mkhitaryan,Inter,35,ARM,MF,Serie A,1989,7.682828353489929,-1.6345205017194,-1.47707293190325,2.1107582104287355,-0.42837856678451375,3.178707564909187,-0.7979567679217835,0.3394471626208008,2.357034199951676,-1.465023033204997,-0.5202925596984245,0.5698339100780464,-0.22595492919727522,-1.060970946663005,-0.1645861969725129,0.08760588121855159,-1.1933163405621845,-0.8206982095824934,-0.7414042165887862,0.8738428459978288
Luka Modrić,Real Madrid,39,CRO,MF,La Liga,1985,5.6122956388471215,-1.3628849654612232,-1.9159571212797812,5.847522983336942,1.6803741502683172,3.404193131415696,-0.19639487589039184,-1.028077881254981,-1.8719866717643783,-0.6776230601319373,-0.44492996083574854,0.29124958368895265,-0.05919089207243496,1.2330826557316776,-0.19582831230274403,-0.7086410272868502,0.2859453991775826,-1.6629099253672985,0.3508671547789189,-0.29163812361470115
Mostafa Mohamed,Nantes,27,EGY,FW,Ligue 1,1997,-4.425286047168856,2.929994592270118,0.5416689717611848,-1.8087198434173741,1.2311039875610397,0.47366051518977287,0.06688386504463494,-1.0271281209530496,-0.4242222416170437,0.002728364961738688,-0.2462519881425154,0.634989216434576,-0.07773408602544266,-1.5147462285589262,0.16550971115296872,-0.04396953271500956,0.3579386196242886,0.1358456338749932,-0.16848369157669163,0.1423927968225371
Johan Mojica,Mallorca,32,COL,DF,La Liga,1992,6.078753599435768,-1.4535783122386479,-2.208810255722517,1.9576203605267353,-1.8047021838222506,-2.7787693236551227,3.0649752648319724,-2.437163611953246,0.06822663950791405,0.374532566066449,-0.7950490844505425,3.964758748816113,-1.33773897858501,1.8621503764283573,1.114365435550342,-1.0706007119113155,-1.819399632878857,2.0455390390988955,1.5662703985717192,-0.020265388040857243
Alberto Moleiro,Las Palmas,21,ESP,"FW,MF",La Liga,2003,8.563363170015005,5.170535066485069,-1.1106749950834216,-0.24785727590502543,0.20743954454452762,-3.0073023540429182,-4.24235640556344,-1.096316480845748,0.2966100040372211,0.7163646057603043,0.20994702810299196,-1.007095614755029,-1.7811745347260355,0.40367356831360557,0.32387047773681843,0.2744070377118259,0.2928354088808817,-1.5800793088455178,0.3814014328079234,-1.7056266123784214
Nahuel Molina,Atlético Madrid,26,ARG,DF,La Liga,1998,0.8528424418326944,-1.1381708212198145,-2.4021283543019285,0.5724833039457305,-0.10166445312888739,1.1309128927588343,1.7595441422488405,1.8549086159735368,0.854181418891929,0.2949512039431988,-1.2266191594596727,-0.18443428171880058,-0.11244710138486382,-1.071632439244093,-0.5529129882629928,1.223004336595962,-0.11005040082459783,0.9194736620534392,0.4800352515310999,-0.33795091925173193
Jon Moncayola,Osasuna,26,ESP,MF,La Liga,1998,1.9415827577053089,-1.3555650342394985,-4.053933874907524,-2.2230045727805843,-0.6606026364493512,2.11389408076338,0.8500165601785101,-2.1719217943514577,-1.8760217116617524,1.5370900806366186,1.2544364513637272,0.2025244318547897,0.033080057090184044,-0.5122484136864538,0.29078491703744996,0.8839374616128268,0.03000849469779686,-0.7597404488893325,-0.12578082270628355,0.9755295376145275
Álvaro Morata,Milan,32,ESP,"FW,MF",Serie A,1992,-0.8460032301076015,3.9280692742091863,2.8330642460521616,-1.1007419525753204,-0.8653161359842897,0.2452280277574457,-1.6722340676399154,-0.493724682716361,-0.5431331498068855,-0.4694987584178499,0.627908705766432,0.4751358313990161,-0.2169981189819621,-0.10761208939834452,-0.6470251248939418,-0.4048929100525089,0.0053083256424915175,0.02999507759134464,1.1019125585750735,-0.08864668006831918
Morato,Nott'Ham Forest,23,BRA,DF,Premier League,2001,-6.394135836620481,-1.0351430469393128,-1.017423616704047,-0.19185302331418838,0.17688011410983406,-1.3638503428756839,0.449157406189624,1.5845410714967407,-2.763433036708615,0.6554196754315149,-0.7307207808091907,-2.010603803769006,-0.4169187708974331,1.6065979757587658,-1.1486467011227817,-0.5966774741805231,-0.005616265678855612,1.3950400364865227,0.06300611944066618,0.47139746449902753
Diego Moreira,Strasbourg,20,POR,"DF,MF",Ligue 1,2004,5.877721006856823,1.3058824194780991,-1.368446114602815,-0.4479796431724228,0.5230863299120988,-1.6721337715611002,0.12791581223606904,0.9096288438035605,1.4886180318394768,-1.2514236225083022,-1.3051220728080053,2.054727996984822,-0.7589417132911856,0.41510433133019825,1.1587660868053504,-0.4004646307731154,0.37537090837820036,-0.6145721594392711,-0.1743280883220383,0.2549622063101521
Alberto Moreno,Como,32,ESP,DF,Serie A,1992,2.969431939074401,-3.299892008690353,-1.898737627066023,1.5532380981002456,0.3744431282829762,-0.3317586787208349,0.913124695437153,-2.2907365742070365,-0.4627633626322809,0.2502674436422819,0.315442981620081,-0.19820749411994162,0.2515025916232757,0.39591296817362537,-1.0500342959013373,-0.1441818575319634,1.397135251885095,2.1472261885393915,-0.5337108489793477,-0.9594705254993138
Álex Moreno,Nott'Ham Forest,31,ESP,DF,Premier League,1993,-0.5664080597971559,-1.6941916153604124,-3.2008834816440723,-1.891800486738912,-0.6765205978564036,-0.3968962504024241,0.49537700352721076,0.745548846878634,-0.41610362089107483,-0.20182312747334646,-0.7671802139703658,-2.083762964844119,-1.1558138658006176,0.5819702521469398,-0.48941560582227606,1.5395381419773442,-0.6387278516120866,-0.2812954644422074,0.9478891194855408,-1.1180378672713938
Gerard Moreno,Villarreal,32,ESP,FW,La Liga,1992,-3.833038304416527,3.0077484435805495,-0.32387383625525873,0.44704854834816055,1.6033376260628052,1.0669232725998112,0.21286232924238913,0.03520290037062821,0.05932812868514951,0.874954214869428,1.9551055870995642,0.5090517154887643,-0.08833970611162927,-1.0401216145596315,0.6437031911417159,-0.3456058106253758,0.5075758107698403,-0.3274793550377952,-0.590172572698239,0.27738836794955396
Tete Morente,Lecce,28,ESP,"FW,MF",Serie A,1996,-0.9097968724789285,1.5514122861850652,-0.14583630319498242,0.07515212067198532,-1.2785491256265427,-0.3674389907028032,-0.8096570290061094,-0.9715536365648161,-0.839989363473632,0.647447105774376,-0.9230248874936176,-0.5442143536003766,-0.42309667560284575,-1.631051217156985,1.2061110486937314,0.7699083172923507,0.14246370322201027,1.0972100500214508,-0.24445227120293914,0.34175784713208635
Mateu Morey,Mallorca,24,ESP,DF,La Liga,2000,-6.054054412168166,-0.14236642203457572,-1.367937221417798,0.39840879012940245,0.26312198851682295,-0.5035940193652072,-0.1721414444043177,0.8570391093737413,-1.2531046982016032,-0.5952195428014372,0.8489866047249234,-0.306853385059729,0.000593491760466101,-2.265999062618076,1.6914348554289738,-0.5263699151776258,-0.9524351869061366,1.1181639916519277,-0.3810505863005633,0.1266324871458885
Ilaix Moriba,Celta Vigo,21,GUI,MF,La Liga,2003,2.403591064961744,-2.105632006558472,-2.7343684707480187,-1.1606764865909596,-0.5473682442813087,1.2695183614562835,-1.9879533698730831,0.29601037970745825,0.06638361314681979,-0.6358919461312696,0.8153304155015152,-0.042580608890876434,0.21826183454847806,-0.14288880463381892,0.04201015942736254,0.3908376692955822,1.0094484784200572,-0.6439504806211739,0.6031875782323579,-0.36836936681413673
Manu Morlanes,Mallorca,25,ESP,MF,La Liga,1999,1.1968568472356111,-4.213129941778423,-2.242924669908611,-1.6376672970363095,-0.5850552415220299,1.2600956086267778,-1.1437611718751195,-0.504079863874507,1.1889443684950363,-1.0337593877688407,1.4716887426258212,-0.5853020778141725,-0.5053038749874351,0.35533150364727484,-0.9412672097373015,0.30843334032421815,-0.2008351285886026,-1.1506654949763926,-0.01069151505567883,-0.039053987760134065
Nikola Moro,Bologna,26,CRO,MF,Serie A,1998,-0.37501650581847995,-2.5280616997684744,-1.9993719824429517,-0.0004904531682599075,-0.41695058808421526,1.7010624396174248,-0.24281318267729374,1.6335273999669615,-0.5427304755141312,0.03761957158348529,1.0813966378832702,0.658047036342273,0.6075109265304359,-0.37516337170190345,-0.7599840866822449,-0.17027823304008596,0.24066116630120568,-0.5035414455480794,0.24698676294063482,0.630623450815165
Raúl Moro,Valladolid,22,ESP,"FW,MF",La Liga,2002,6.359140685614951,5.5643080686838085,-2.9450408740774066,2.3695228441853255,-1.0826605414586477,-4.6216513346254136,1.179745652615783,-2.3908717924285336,-0.8002825334241086,0.9435107083045342,0.06923681601046268,-0.30982982955250077,-0.3667379064465699,-1.0623285760470582,0.06931934762674855,0.4883994527831381,-0.5941583749531648,-0.4655106150980402,1.7744755186595296,0.5444396598235722
Sam Morsy,Ipswich Town,33,EGY,MF,Premier League,1991,6.026785032763992,-6.382618380385063,-0.5943846999527022,-2.0912584330234503,-3.344014542490445,1.136966363305637,-2.112257956967593,0.22076800103160904,-1.179640246429345,-0.10663402527493353,-2.1482598119608483,-0.9607642322237356,-0.3785087744360538,0.47704307769066817,-0.7745849718271082,0.0752169526182635,-1.3227225136869776,1.7269490571852506,-0.48725100186931297,-0.3545232236474194
Cristhian Mosquera,Valencia,20,ESP,DF,La Liga,2004,1.6436388379244666,-8.066047372303684,2.953796781548578,1.3367993093119088,2.2847736951223383,-2.096509932064922,-0.5518791400230253,-0.2802542787170134,0.7733871891167502,-1.149294494047133,-1.418187385270353,2.5601788784509325,-2.1965370590982216,2.580942854687841,1.2898223114310312,0.8959645375546732,0.5567398000525098,0.9678058928678969,-0.09605479598290205,-0.20870064904396818
Daniel Mosquera,Hellas Verona,25,COL,FW,Serie A,1999,-2.8123818254720914,4.934113026900699,3.6496444798209673,-1.0828744019518841,-0.9062175572101737,0.5628888313922834,0.18715774587729764,-0.5316306207554852,-1.7277510062199257,-0.7941984321025533,-1.5974819820170143,0.371569412613963,-0.6121076385933348,-0.5990169802278795,-0.7912243544664852,-0.2817328935523658,-1.3391655329028562,0.23096871881196,-0.4317040121332728,0.54100027335934
Yerson Mosquera,Wolves,23,COL,DF,Premier League,2001,-5.059358047597705,-2.2273919763810635,0.05885288596765345,-0.5428574162837428,0.49459086264833363,-0.20112271228090928,0.6638658157246763,0.5283559797705686,0.1830491309834248,0.5822781783755557,1.0189252495411338,-1.0447225768393165,0.009531494496581285,-0.4119402676448729,0.45072063888556047,0.022794122831366205,-0.898248722390126,-1.001839735541572,0.44301665079433494,-0.8998315888256058
Dany Mota,Monza,26,POR,"MF,FW",Serie A,1998,0.8154246514292517,4.112632829231042,2.613459032053672,-0.44664682947685946,-0.9889129966864147,-1.5719303230567887,-0.4477058004247791,-1.488807515252457,-0.7373632135225129,-0.6271270570147374,-0.10601524744282755,0.4835441930221122,0.14088545588049506,-0.43077108189416924,-1.4065522492936673,-1.7105313623532103,-1.311228939175257,0.5407947789226104,-0.29261757451233356,1.8175704375274455
Aimen Moueffek,Saint-Étienne,23,FRA,MF,Ligue 1,2001,-4.8416511327891305,0.27922165187517856,-0.5509668917646064,-0.7774649417792774,0.642715810219733,0.6686310955154938,-0.8487180055637682,-0.41525225153773543,0.8622318612668471,0.3654572696792075,-0.4509543393108968,-0.45885691687385544,-0.494956382981815,-0.2732048609139129,0.5728040796921691,0.7833759678927465,0.23327352801149123,-0.44901844986542244,-0.4103777474453207,-0.10463989486702369
Steve Mounié,Augsburg,30,BEN,"FW,MF",Bundesliga,1994,-6.488626902356595,2.839611344967404,-0.1729057345113937,-1.1739713867962434,2.1930228881245197,0.690366675519442,0.34716935184798076,-1.533817213363798,0.4480346669008654,-0.9812402485627604,-0.9325695215019614,0.14379400390124908,-0.2111199899827684,-0.8593439890859808,0.055231547027186634,0.3784806915819193,0.3191422728724092,0.19419082645628225,-0.42090890354697424,0.8183771665770185
Mason Mount,Manchester Utd,25,ENG,"MF,FW",Premier League,1999,-6.623825473237272,1.5027518455135422,-1.0422548943138374,0.06263004980703513,-0.23511212331081197,0.5493330286190651,-0.07519879315919024,-0.8646309895434467,2.0408452074379912,0.11387135572716903,0.606307443431818,-0.17531845061105522,0.09726342939843904,1.0583270149335984,-0.503484279144325,0.0946156364878092,2.0205122334312744,-0.5289760299950272,-0.031846219746966976,-0.6897576663505212
Santiago Mouriño,Alavés,22,URU,DF,La Liga,2002,-4.003553503546045,-1.7034114626236272,-0.6292751052379905,-0.43612742841216073,-0.2394224992666719,-0.37905552871853165,-0.09026146161929724,0.14281830623047137,-0.48063515142932073,1.009286028162409,0.09151192042968252,0.13949644314286574,0.333729028805148,-0.6587002028172005,0.27660641432713884,0.9182481544522908,1.5830507504206568,-0.310720065291515,-0.11812688877952253,-1.0039215420337504
Louis Mouton,Saint-Étienne,22,FRA,MF,Ligue 1,2002,-3.3470335833622875,0.20619536142927786,-1.7585589510167932,0.11899955460431616,0.26205266546012096,0.27895144129072413,-0.9592338148536943,-0.382508491300402,-0.667393809807743,-0.06521005015030722,0.39787324616968106,-0.26428643393497836,-0.3128429272423592,0.34006417753477225,-0.22061796167025163,0.2876408654041623,0.7413439620914203,-0.9147291368057755,0.18567903856666135,1.081063200385465
Ngal'Ayel Mukau,Lille,20,COD,MF,Ligue 1,2004,-3.2373653220388316,-1.4972134455787747,-2.0952154464831825,-1.0796922618135083,-0.6057516319240639,0.8303482290870586,-0.9432831741702187,-0.14492819481590039,1.1915182889818294,-0.9876646494312111,1.8608953481100388,-0.05078658869547735,-0.39135700041688676,-0.5016406691467756,-0.3663681935292381,0.2862870304585081,-0.7002129744898825,-0.04980446259212054,-0.4605465935805594,-0.17234028501537768
Thomas Müller,Bayern Munich,35,GER,"MF,FW",Bundesliga,1989,-0.9411502038186874,3.607352038655805,-0.8356122540530702,2.1520827582285564,1.2606056169030257,1.2177250235727215,1.2446861772072817,-1.0140817795073365,-1.0954440888278014,1.5068210156376887,-0.600377429101517,0.19613235148308925,-0.03567791858863321,0.5450501382406655,-0.4417601775188006,-0.07040402996021147,-0.03943061261200625,-0.4214166777247718,-0.5284171245951447,-0.24732234626544658
Abdul Mumin,Rayo Vallecano,26,GHA,DF,La Liga,1998,0.7893614684517789,-5.772050853289477,4.916741802182072,-0.5975642451581293,-2.275249495004456,-1.9823789893014525,2.2102917135775466,0.4834730223899396,0.7272117397130405,-1.5360878014268713,-1.7165738861429025,-1.8067691913971522,-0.5672008108704119,-0.3267995019652123,0.1387257044645747,0.7847258158422398,-0.7913256728332002,-1.677727340386498,1.5153454353624725,-0.11337865818683832
Marshall Munetsi,Reims,28,ZIM,MF,Ligue 1,1996,0.9703796905986085,1.7651816459922272,1.5935494393122864,-4.783291082884424,0.09032664146897867,0.9083036200807116,0.5081453043547306,-1.3459268210760162,-1.7001495812760858,0.9994578309501735,1.3296325110518568,-0.2734610474253533,-0.18879675450211997,0.15685817611238234,-0.31005386279535335,-0.29801430171839066,-0.12463205803696768,-1.1714528208869217,-0.3908698993878396,-0.31234025493210854
Rodrigo Muniz,Fulham,23,BRA,FW,Premier League,2001,-3.3568630267331705,3.952983985853923,3.3927699614554556,-1.864745456148402,0.07392930151789574,-0.047270538501773034,0.32791815487967474,0.06403162823737774,-0.4183906068577027,-1.1239238629478325,0.7933789684547691,1.3138480855980454,0.9788794542252698,0.1222226815661646,-1.6987402516878105,-2.238874857870667,1.4838211851969108,-0.733759473499404,0.45042034172674034,-0.46268797223555297
Aihen Muñoz,Real Sociedad,27,ESP,DF,La Liga,1997,-5.4293686828236565,-0.3783526269205613,-1.336636317018727,0.33906181529421114,0.3477449261300139,-0.3715874918032568,0.2420261007403157,-0.2664270309957704,-0.7891240258550805,-1.2615912964582332,-0.22643634829058096,-0.5754149042084623,-0.47247834519585513,-0.579080948127365,-0.3515391123596057,0.7619950158498394,-0.6249797731398665,0.3625200089587024,0.0638296201502125,-0.33296016710669535
Álex Muñoz,Las Palmas,30,ESP,DF,La Liga,1994,1.2411363749469013,-2.91015500827612,2.198206446738296,-1.950684166241733,-5.297405246559149,-1.4576803175749629,2.467610599650487,-1.578774024783957,1.1911901259179694,-0.11254056720880588,0.6697317630681967,1.3397535596904975,-1.2558213851941444,0.726062012326995,0.5753759132463672,1.4574645048775396,0.712855973504254,-0.11467139289480849,-0.18231929074080735,-0.736120059808268
Daniel Muñoz,Crystal Palace,28,COL,DF,Premier League,1996,9.578334920866057,-2.39021615122881,-1.9775292356706784,-8.926876599312465,-1.1491705903535983,0.8994694125988756,1.248133382527116,-0.9355786635928753,1.0819703024356784,2.7499931901064176,1.5517541427888086,0.7504066364839747,0.027703411560428198,-0.8553424405429917,-2.2851556200831635,1.4040669044292733,-0.428155933030641,-0.26772763880716094,-1.3844121523994226,1.913375026997214
Javier Muñoz,Las Palmas,29,ESP,"MF,DF",La Liga,1995,2.9829653691629985,-2.0488669359723977,-2.499872024015649,-0.39665074867275485,-0.11005993141861228,1.6029788870411832,-0.11538188447200426,0.4048833648929834,-0.5230128002884565,-0.008262150043847194,-1.1918930276911117,-1.0128993422883035,0.11600966826671764,0.6785704858213695,-0.3622198340547196,-0.31669360090136445,1.2159021908843899,1.1862324104529427,-0.1237351051348408,1.323866069819199
Murillo,Nott'Ham Forest,22,BRA,DF,Premier League,2002,3.716844396989784,-7.942238627100764,3.175126114822447,-1.3401065096134939,1.1157172418035413,-2.7144074650494003,1.8580783776483298,0.6119874934722976,-2.02805486167204,1.3850061896438743,-0.8986886135880975,-1.9310090161754119,-2.021520424910871,1.904564559865668,2.7680268554132064,0.0640991691074377,0.0023259905760224177,-3.374415999541958,2.0023237624137638,0.5210301951948693
Vedat Muriqi,Mallorca,30,KVX,FW,La Liga,1994,-0.629154074613104,5.074525677429564,4.770604768657398,-2.9863822105237503,3.7040595602682154,1.5750322281117002,2.272575853978812,-1.0952582773819017,-0.4095560956951765,-2.0269098349049965,-1.7398038627585966,3.279800031169091,-0.6267278990914006,-0.4742755302863733,0.5838785370180973,-1.1616511533313165,-0.20361296437029733,0.6980158052321224,-0.691700675400225,-0.040688761486273047
Jacob Murphy,Newcastle Utd,29,ENG,FW,Premier League,1995,4.383679791831843,5.159953060902396,-0.5696926872541898,2.18630412584832,-0.9922701883495242,1.7510262183536764,3.455919967107424,2.316634791881881,1.1752651176687452,-0.4848166057532709,-0.31781883793651994,-0.5970464316041049,-0.6450949951110129,0.3672797039429439,-1.041508077037477,-0.6645555930764093,-0.05212578131008956,-0.49439274611305833,0.6155955726575046,0.7240037617728242
Yunus Musah,Milan,22,USA,"MF,FW",Serie A,2002,-1.9697790434225433,0.3737721179254592,-2.39241038723091,1.6906435793455692,0.8400046227822261,-0.6632664809697739,-0.4701255283632855,0.6712560367378266,0.33100120554926515,-0.24326627593717784,0.7262434690818512,0.0316811624375746,-0.09581250022499214,0.7853862641624131,-1.5701724832387474,-0.8908767620251351,-0.29833701757322145,1.0936978919184621,0.21188497853354907,0.02056018893712006
Jamal Musiala,Bayern Munich,21,GER,MF,Bundesliga,2003,10.312786076696563,8.038768692160568,3.5037300627289727,0.5886452646345063,-2.7483130447027317,-1.5701036103925086,-3.1744048062699344,1.1344287049559927,-1.0793522371493838,0.23063355995725285,2.105775592371443,-1.490795424651909,-2.3301983149891816,-0.427715245442994,0.6495069286815837,0.19814091352072696,0.6937476280317373,-0.44595843099979493,-1.2898609638996474,0.7236561153462959
Junior Mwanga,Strasbourg,21,FRA,MF,Ligue 1,2003,-6.109833746461444,-0.6419333501823093,-1.7006454899494166,-0.15063138988676988,-0.49879887748965446,0.39666722170558005,-0.9006844199971862,0.9724070629292845,0.3102902431155982,-0.8439441825030751,2.4004544424046568,0.1607584223113215,-0.20301160193077813,-2.020351098541786,1.190886283188317,-0.2410786223998082,-0.8315633608860707,0.03276838965052694,-0.03987288969729436,0.07967847953559924
Phillipp Mwene,Mainz 05,30,AUT,DF,Bundesliga,1994,5.232584362275753,0.09139779452771633,-3.3352362640272117,0.1131100784546411,1.2509388659016853,-0.26426624234462026,2.3671687028097512,1.352704910054828,1.3107131345771934,-0.35309822332960683,-1.7215125617695275,0.22969171660687657,-0.13514458730009626,-1.270525135980453,-0.6713156974838124,0.7007372730969753,-0.39652890376216976,0.35959803575147853,-0.7186495676049466,-0.600649190261006
Vitaliy Mykolenko,Everton,25,UKR,DF,Premier League,1999,1.8618836302804551,-4.347915772263185,-2.3455318785768604,-2.452683750957965,-0.20667840350683608,-0.5394221670138601,2.301354453139811,-1.213270637787091,-0.5170658927090034,-0.6057719519757726,0.6509755815083095,0.7196745674139838,-1.238224640844041,0.34562144668581934,0.8433729070941881,0.5160882440151535,-1.015810103816592,1.1671488372492047,-0.5201556508313173,0.0736724236123505
Joakim Mæhle,Wolfsburg,27,DEN,DF,Bundesliga,1997,-1.7352077988593662,1.5993505045720702,1.6399194833391113,2.0834893555651055,-1.9941513793919876,-0.3586040757220998,0.1491953020448355,0.9080152505157303,1.862853388627344,-0.3361295146044804,-2.0307083165483797,-0.7877182207517082,-0.36046224685210937,-0.9996658976007325,0.6629944664114105,0.4397154526535572,0.41816069915412446,1.1919542430215224,-0.4153864783211697,0.03030658162725727
Obite N'Dicka,Roma,25,CIV,DF,Serie A,1999,4.81261063064543,-10.727803854629247,4.77090437557488,1.4896912804392668,3.293376617027386,-0.9030475391058201,0.38706825434786235,-0.7011168462390537,2.9494864500024764,-2.038145775314587,-0.22900058160176878,-0.6711037449380753,-0.03291006901928155,0.08208699841477497,-1.1268801977282523,0.1646400776835106,0.61317429841665,-0.6815306719393237,-1.5019266224277734,-1.1100591401656972
Nathan N'Goumou,Gladbach,24,FRA,FW,Bundesliga,2000,-5.721615532175683,2.11653452464787,-1.0232270240834356,0.07582786666687422,0.9576812473668969,-0.5933237909099157,-0.0502425241232984,-0.14784427563600394,0.19079522648874947,0.8242605392131253,0.034099868950646005,-0.24360997556483444,-0.07712441578103382,0.23980351966714164,-0.4399663563035852,0.642817067378257,1.5936770341709892,-0.27227536646827116,-0.19011622668081313,0.05063859871992719
Stanley N'Soki,Hoffenheim,25,FRA,DF,Bundesliga,1999,-3.5042909635507646,-3.2192006044726114,1.35037972205238,1.3833998658339501,0.4387476791150587,-1.102691187144787,-0.2060533553940869,0.31493096109545216,-0.16226038928551492,1.024092797930479,-0.26382127566067326,0.3954148223064876,0.9235882656261811,-1.0195736691136892,0.8335509194678915,-0.08721761968442657,2.9092148830417233,0.006271620262590994,-0.7955692053568668,-0.37999875337600947
Mickael Nade,Saint-Étienne,25,FRA,DF,Ligue 1,1999,-3.0951244639454525,-1.797313852717644,2.7779014657634424,-0.5630316180538388,-3.7506959338057393,-0.06736383325197842,0.4305645793122452,-0.9976179830809812,4.581510781916198,2.1686592328906427,1.2254501439892342,-0.8422070045349046,3.2878295932159984,1.1076619153106744,1.8147149274988512,-1.5893176388313746,-1.1993034527217057,0.3832226296769811,0.8475820588117272,-0.6069159399500342
Mahamadou Nagida,Rennes,19,CMR,DF,Ligue 1,2005,-5.1157947035120195,0.583694482674658,-1.5649980232645166,1.077980104196724,0.30280829700015416,-1.4616057577293173,-0.1073530457392366,0.6012476926914789,-0.4553286124555345,0.35785493645350064,1.2894276224069325,0.8286802110890463,0.8167922308284962,0.08715990086591628,-1.29235445824408,-0.5629845883819465,0.9716828720902521,-0.04232242289555797,0.1448449072943196,-0.4190855703926984
Keito Nakamura,Reims,24,JPN,FW,Ligue 1,2000,4.315105288136217,5.679257835011322,1.9456670521152604,-0.25791596318936694,-1.7679548320193144,-1.0265576592134802,-0.7657921098418429,-0.056985071978964505,-0.07724163667985506,-0.29866632919745056,1.3383969845715586,-0.8008221344171987,-1.6375238003245116,-0.41198842659085777,-0.9002287481199562,1.0635563255629485,0.6339242589077964,0.12811612100230407,1.5565082566585031,1.086067245110197
Sebastian Nanasi,Strasbourg,22,SWE,"FW,MF",Ligue 1,2002,3.6620824366942673,5.258540083348587,1.305025907539251,2.085294184748242,-1.5130985927255685,2.1603667788770244,0.8421428706225678,0.8139007843647557,1.4634455029084652,1.7962540057236989,-1.463475870350605,-0.5424800369777186,-0.3667523315235827,0.4730255974924119,0.4194529872145816,0.09188226233565787,-0.5570081293681022,-0.9625213182421721,0.08686987111298099,-0.566868617631251
Matija Nastasić,Leganés,31,SRB,DF,La Liga,1993,-3.5724428547554314,-5.786488356300262,1.5846044879779575,-0.7568742436764653,1.2233829950578714,-2.7666224550757703,2.176941623709966,2.3825042511199177,-2.3845023827219314,0.314595638507434,-0.05656195852661473,1.5723268292407344,-2.7965834941357954,2.425788529842262,2.242224895833847,0.7568440273671608,-1.1987718109721843,-0.9670222283923559,0.26340353927350757,0.006762271001589083
Natan,Betis,23,BRA,DF,La Liga,2001,-2.0922510235813427,-4.793451778673036,1.363643588560308,0.9980629583396902,1.29988609473948,-1.143670972818438,0.4499325290739373,0.23676834894767246,0.25094534897989224,-0.40039911236839243,2.364257238231195,0.3822311864494441,0.7102547544454569,-0.7600053412455374,-0.6031543509768688,-0.43062278163421125,0.433931088360857,-1.3476837200265919,0.045823278099171146,-0.11640507210302878
Pau Navarro,Villarreal,19,ESP,DF,La Liga,2005,-6.104489805757951,-0.873548570946319,-1.282197087789527,0.310482213463415,-0.19784345753760232,0.017303001091501367,-0.3329043475802236,0.6343280458570427,0.4670388828625333,-1.1557413601926327,1.5759725621864136,-0.6800616480984923,-0.5087340206258054,0.48786631795278657,-0.7440751431896969,0.06131129641687649,-0.23777168370671098,-0.43498546223173207,0.09665596997756679,0.4809621922648228
Roberto Navarro,Mallorca,22,ESP,"MF,FW",La Liga,2002,1.6288086351198696,1.9547382552812629,-1.8538568539208653,-1.4625478422668792,0.10246639999650083,-2.26530876863619,-2.7009010738648103,-0.049246747684576715,0.28251361207406733,0.9305236293546173,-0.6326240990891228,0.4442306944153663,0.11670817611074225,-0.7057756004684062,-0.11958425902001388,-0.33222181923716265,0.3124272707915117,-0.6053706450247014,-0.0752494794370398,-0.44330299778970395
Jesús Navas,Sevilla,39,ESP,"FW,MF",La Liga,1985,-3.780708190799282,2.075568406838955,0.21651403824147378,2.4749196554717154,-1.7438798473879995,-0.1135317735103201,0.6225217333647496,-2.127782151845575,-0.7721059861037078,1.7790740537093839,-2.0535871930450926,0.7628299873044863,0.4677065314392602,-0.9594291750719083,0.26658821877698485,0.8412186438661834,0.09482664087600831,0.43986970629096894,0.0720933735744923,0.7112866046075165
Michel Ndary Adopo,Cagliari,24,FRA,MF,Serie A,2000,-0.8631872372773657,-0.8314784580577372,-1.6634273726419029,-0.1533836958282687,0.6245924855693596,0.8120279673989427,-1.8154318785443697,1.1932302901577574,-0.21538228464852496,-0.09483461035132475,0.6121179793136696,0.8214532350582432,0.06648095703578015,-0.49993021880219024,-0.4498036144020325,-0.5126381114577648,-0.4832777430440968,-0.319343007246152,-0.4827234737692133,-0.7465830219872314
Youssouf Ndayishimiye,Nice,26,BDI,"DF,MF",Ligue 1,1998,-2.710163921043876,-2.300771095219283,1.87047288399363,1.172950813923793,-1.7536049099326263,-1.332558250311934,-0.9850029615138732,1.442793220619004,-1.5561603494734015,1.2077506505489586,-0.24257477884044956,-0.6070235188389287,2.1286702437631395,1.206577178316833,0.09096232516273232,0.2863438768955071,-1.9025288294198033,0.5245510593419056,-0.007300119714812104,-0.0007628287114074951
Iliman Ndiaye,Everton,24,SEN,FW,Premier League,2000,8.302511504681624,3.387995635777429,-2.5781458116139953,-2.214193182660847,-1.52552338494563,-6.0527461782758465,-3.959966582533564,0.5080708136730321,1.5148991958616491,0.6110428617140327,-0.5368891762535106,-0.6994797584676063,-0.518766704581831,-0.7306050785604011,0.19650396276983612,0.5564027214567482,0.03662399139881331,-1.4050830052795502,0.7193346441904405,1.3611387256413434
Rassoul Ndiaye,Le Havre,23,SEN,MF,Ligue 1,2001,-3.12293743969277,1.1239841794423644,-0.8321626931847675,-1.1856726358593908,-0.6960604821035489,1.1247744282002814,0.07825689152554863,-2.0290066407802154,0.9465564272533794,-0.5395390830732232,-0.07179502041727692,-0.8903034109072205,-0.9860168806922456,-0.1924621425765109,0.38160899525468955,0.9066215256878327,0.1201189670061301,-0.06115938258680884,0.26366707202390377,-0.7700529052270104
Wilfred Ndidi,Leicester City,28,NGA,MF,Premier League,1996,4.768175661588385,-3.0193899473559322,-0.7421636776088931,-5.875072724626028,0.5494257612749828,1.8049889934257028,1.3626599342005021,3.525724622126323,1.3408176017443287,0.6867040571233894,-2.137023493235375,-0.8280352874506492,-0.41555252662319436,-0.43774167921035606,0.2174293168606913,0.2783733058288557,0.8365734010092081,-1.6826367960353796,-0.5791764427528123,-0.9152760174971389
Tanguy Ndombele,Nice,28,FRA,MF,Ligue 1,1996,1.2393017731842682,0.9434972641423439,-1.1271002698330381,-1.3325295354559767,-1.1996246197868536,0.3859123786875211,-2.650602254785265,0.4297266714677976,1.1729420026635313,1.8884962996678667,0.27703874645193105,0.14434661958339376,0.25389118767262064,0.45533239511092005,-0.03701830848158704,-1.5120946961031818,-2.2170921662596434,-1.3050286010251868,0.6985853285994819,-0.6128141117278916
Dan Ndoye,Bologna,24,SUI,FW,Serie A,2000,3.9016576312069287,5.631633837598491,-0.4953441615148551,0.2397016994492395,2.00622244002265,-1.3771521923614605,-2.212923034011048,1.2258735121961837,1.4319572105134295,-0.7436206645974749,-0.6635134155314779,-0.14158043004795381,2.0578717297997016,0.10203637271802056,0.8724170969529381,0.6248564222083851,-0.17473166822812033,0.45319056264359736,1.875910904530963,0.24103830118324976
Paul Nebel,Mainz 05,22,GER,MF,Bundesliga,2002,2.3900713813322767,3.6536404991703235,1.8434208236284029,0.40155688462323624,-4.1125722621807945,-1.0405035988326783,0.4086222594507621,-0.7826258925602078,-1.1304296376375043,-0.9555022690226646,-0.6645111465619989,-0.5465011402537134,-0.6495235613407181,0.2682295801358497,-0.8191425289317151,-0.6532313705855657,0.029250816469218843,0.44335064337189056,-0.7734298167901853,-0.17580082305874034
Loïc Nego,Le Havre,33,HUN,"DF,FW",Ligue 1,1991,-1.249518218460833,-0.962868640287162,-2.7434402820709916,-0.9279769352124659,-0.11975440039082941,-0.6959343571530099,0.8465436854552786,-0.2777256425700208,-0.3354761560196834,1.1139314671787746,0.9048795936709485,0.7426902034125917,0.5048982792829524,-1.6537803833704587,-0.4113650105158677,0.6734126628649716,0.0379147847791016,0.7987346307547731,0.14302171806655156,-0.5523448042171811
Reiss Nelson,Fulham,25,ENG,FW,Premier League,1999,0.5499072342812494,3.5028473364862838,-1.9936098042134096,1.8148261962723817,0.41222415707404714,-1.7848799682647172,-1.2108875548574467,0.05324568358305558,0.9495402060566788,0.8192021974011547,-0.9212963498663269,-0.7782659905014423,-0.8174040397935685,0.7396609785194195,-0.4639750324299469,1.193455395476338,0.8203200849345897,-0.6286455689988798,-0.08078887908188541,0.1328160781142518
David Nemeth,St. Pauli,23,AUT,DF,Bundesliga,2001,-5.345940369592509,-1.8329335438078738,-1.014825881406262,0.6997115826778493,0.048183751299304245,-0.3562282405552908,-0.28931151678043887,0.8245309230736158,-0.18312767839377042,-0.6957428133281481,0.9315008302475064,-0.9766185311077211,-0.7160473508545001,0.010002651437984999,-0.28236736102536664,0.5956015485967284,-0.5431866338415541,-0.11131858453738565,0.2945327908621622,-0.39533319909617115
David Neres,Napoli,27,BRA,"FW,MF",Serie A,1997,0.4446980919799689,5.408013429856909,-2.2568387600937516,2.5909186285089785,1.270041507820003,-0.43739594668025683,1.6114197028864674,2.8776080203742764,1.542209143490615,-0.2771005106852496,-2.0888759580413616,-0.24850176915734637,-0.5226629105981465,0.45659606077128895,-1.553383800853108,0.03687552606741263,-0.5823348197976566,0.7195300836112701,0.3897484315161686,0.3661879546019297
Pedro Neto,Chelsea,24,POR,FW,Premier League,2000,3.363545562115066,4.4064920722908125,-2.9200866965319268,1.9866626067921724,0.9196080513644842,-3.256012495580123,0.6299216323362142,0.025492343625885833,0.3308162161255101,-0.2220438337273449,-0.5164368657448282,0.1249591743881408,-0.159341816263925,-0.7276365647037676,-0.2560040427954911,0.6454744737804418,-0.09035228845128944,0.03671139638280228,-0.39829673018606887,-0.03335728249149697
Luca Netz,Gladbach,21,GER,DF,Bundesliga,2003,-3.121383824334743,-0.4472606266379493,-1.798080648199682,0.34860703450231606,0.5030917486953023,-0.7089227519260979,0.3664179093844023,-0.8332613720389459,0.16638743978284148,-0.2546163769653676,1.0887129713986723,-0.40358023309665103,-0.5228051471221322,-0.43185575552741606,-0.1661683893990695,0.00744117584463036,-1.1592742249016188,-0.4079479184795836,-0.3423287119535814,-0.3181551413130051
João Neves,Paris S-G,20,POR,MF,Ligue 1,2004,11.242710312819165,-2.6674895482480547,-0.9206366204291286,1.0077836133256761,-1.8466477758247104,6.002860586595417,-0.6752491651734238,4.009133923948069,1.3060901111633658,-0.19799481070049618,-0.018845226008304974,0.3229326374345745,0.405514390879499,-0.51496916057024,0.12260752432759507,-0.3945359899764524,0.240367034452631,-1.689786928681738,0.15812051319481388,1.7669646633778773
Yvan Neyou,Leganés,27,CMR,MF,La Liga,1997,1.182223774266997,-2.459383013933173,-0.7209272322597539,-1.781680987113852,-2.233264883224548,0.0551436545719836,-1.853725452501338,1.180320478302478,0.4436730998812911,-0.8813025067420466,-0.44892234622734173,-0.36964855368395416,0.4370773302366524,-0.42378048719240957,0.1432168448144405,-0.6118289631929663,0.17599781772512535,0.8778333565653204,0.7420894180909448,-1.1033316373975022
Mikayil Ngor Faye,Rennes,20,SEN,DF,Ligue 1,2004,-3.409883672665816,-2.4034053453082906,0.15172059251099201,0.8595927256972304,0.42485998739691117,-0.46904276704260933,-0.24047981165291474,0.13293138356049103,2.134798285440742,-0.3815187477961854,1.9039725217855992,2.429871077900535,-0.513623454791635,0.8390462974666986,0.47508207989540907,-0.1803016435234984,1.2869419815804817,-0.014108798148237959,0.12895869646613478,-0.12296273267074383
Steve Ngoura,Le Havre,19,FRA,FW,Ligue 1,2005,-6.152669174791504,2.3875938009937285,-0.9506897273468469,-0.40232200678108254,1.8267416451997744,-0.25936093495245566,-0.31011778548163793,0.32027713121312495,0.11200471417372371,1.439089354201265,1.1575807785971777,0.7810723579882421,0.6146810495777979,0.20026958846222073,-1.216675875297031,-1.3916494097521044,0.004892489035172193,-0.4501199169116481,0.5587020139517525,0.5141627371104374
Moussa Niakhate,Lyon,28,SEN,DF,Ligue 1,1996,-0.02855811099025923,-6.56934021346315,1.150657951087477,1.1661421289233944,0.6224018891927676,-1.488747511688527,-0.4199971887602896,1.1944753178362737,-1.0364319044799004,2.1152923696307377,0.14617682355165823,-0.9952757438295905,0.6905091648797382,0.4223589563232109,-0.18448610031397203,-1.0805218315308094,1.3272152047698953,1.7146019800990766,-0.8175915288427231,-0.4331314311084445
Abdoulaye Niakhate Ndiaye,Brest,22,SEN,DF,Ligue 1,2002,-5.435638124580311,-1.7558598653159887,-0.19281842401541738,-0.25707236567130787,0.3526952211081935,-0.6589268838009704,0.8251120268000977,0.03144447981356249,2.266257184562814,-1.9475228046290862,2.427960298169144,1.1302426711489646,-1.1540017893859855,1.1742521279376517,0.6928880301551673,-0.5845323834820807,-0.3213362299335503,-0.35783470471337586,0.6905924246410622,-0.13982864544875598
Ibrahima Niane,Angers,25,SEN,FW,Ligue 1,1999,-3.256301436507309,3.345689418692479,1.45281267992874,-1.4667344318791475,2.015099959457636,-0.13840218137724675,-0.5870267371889942,-0.5407130219522456,1.019570968125019,-0.074429231973111,1.5828645729769684,-0.175340752828307,2.6741983169755863,1.7067178144550652,0.07608262369113572,-1.7917244573283924,1.2493647323072008,1.5697672184596028,0.42300644470134485,-0.410453237284471
Tanguy Nianzou,Sevilla,22,FRA,DF,La Liga,2002,-5.466041267666397,-2.301760555808292,0.5768148098550833,1.1636296661128869,1.0889385839670105,-0.7726627923405203,-0.6269082404256812,2.125624673496048,-1.6581226929462067,1.27117882569928,1.3718268692365363,1.0905845904605471,0.6496491978005221,-1.5997002251299464,-0.17296714215308348,-0.5435062826713489,-1.322461577949354,0.09998417439279006,-0.03296820478384738,0.026891830417531883
Rasmus Nicolaisen,Toulouse,27,DEN,DF,Ligue 1,1997,-4.017342107372562,-2.3714552027595563,1.022671445947443,1.1435559193603915,1.5686537024757121,0.3448342989417533,0.5034896546503056,1.2170437133009762,0.4471598467938056,-0.7178820905520429,0.42064970740289015,-0.1686529854100416,-0.06868061085849085,-0.8524036143669559,0.10258020279301366,-0.4373285763717583,-1.005001893741055,-0.6509906578262531,-0.38728638639163904,-0.6374196522767798
Hans Nicolussi Caviglia,Venezia,24,ITA,MF,Serie A,2000,3.7770167080452044,-0.39478443864128343,0.48846150928700055,-0.9042505223672197,-2.9722983307797435,1.1877956193259012,-0.9888299709213475,0.5643235166059544,-0.5110343979625069,-2.028327369811466,0.26576529927492065,-0.767046194080094,0.060921213125390755,-0.9512519015610228,0.7727725467823605,-0.9384362825869688,2.349436841923495,1.5642556081797079,1.674919587950746,1.8594750712519639
Saúl Ñíguez,Sevilla,30,ESP,MF,La Liga,1994,-2.7853105459108707,1.4007746696017243,-0.8403824102716327,-0.046321927688335915,1.0544844729944645,2.6734459838826035,0.5150654098975047,2.106861606785968,0.8664090168502042,-1.0249721594211563,-1.1920273702989037,-0.300023461027213,-0.43196831857896417,-0.40199054766443953,0.37930888242772576,0.2188600790232346,0.6360657118846282,-0.32104369239602737,-0.16964085748433225,0.5449829373972954
Eybi Nije,Torino,19,SWE,"FW,MF",Serie A,2005,-5.5373585365293705,3.6517530197927504,0.7574358811503233,-0.3818285307096531,-0.03186380350611424,0.004732086791559737,-0.3590995246131956,-1.4747089385185173,0.43216870590844203,0.6185863416677984,-1.9616629150212288,0.36456264152509604,0.36627795961106235,-0.9418539622026606,1.0722690652115356,0.09805775747093112,0.6654700961357334,-0.32429007454134295,-0.034734418693667564,-0.10564951079161414
Justin Njinmah,Werder Bremen,24,GER,"MF,FW",Bundesliga,2000,-3.8726074195443054,4.017133304517042,0.9427487242399186,1.0286384994377693,-1.4558887240446028,-0.553727266201037,0.704363596906102,0.12229129197147594,0.24249979607681113,-1.2796599558859154,0.6158544281155925,0.3061218639444476,2.246283650827295,0.23590201951171447,0.15975613267948172,-0.21804237141409544,-1.8031227004942134,0.35000322840934184,0.7442343612204724,0.01249585467402341
Eddie Nketiah,Crystal Palace,25,ENG,"MF,FW",Premier League,1999,-2.254764265064259,2.9068907503040653,-1.3890135633436946,-1.2946974527489605,2.3599445192141544,-0.35735923781150847,-0.751251391670531,0.3064433580077715,0.009067685544502527,0.6777989412705239,0.1520161953191426,0.5990261567640289,0.22639999986997034,-0.13346398530851003,-0.7843583993711281,-0.2237829692314875,0.33292002019954836,-0.06231280412563447,-0.48592411119576157,0.705950141889621
Niels Nkounkou,Eint Frankfurt,24,FRA,"DF,MF",Bundesliga,2000,-4.636487993477111,1.2942087590715148,-2.283443775616745,1.1390595202868494,0.5991933960916606,-0.5857322903266515,0.021948673358034902,-1.1672773645204364,-0.9312743738653123,-0.7564013871181933,-0.04216186312013411,-0.8865691571184978,-0.7541352237527161,0.8962784274484061,-0.6910322686596675,0.3558404043331756,-0.6782629362000976,-0.6619348425458688,-0.21060034963471744,0.8596177111371905
Christopher Nkunku,Chelsea,27,FRA,FW,Premier League,1997,-3.5231983168877723,3.7823728512192005,1.7677576419289067,-0.15853657840639254,2.0508912042167755,1.371079931717427,-0.1636918650291345,-0.02473070142348949,2.0300926200301057,3.4285701507828774,1.999674801752335,0.2837164355360516,0.04412595635444261,0.7499528431298329,-0.48148607019523587,-1.098683962041395,-0.479926517329957,-0.9955723413206045,0.4680117714779427,0.264927828348277
Felix Nmecha,Dortmund,24,GER,MF,Bundesliga,2000,0.575762291545051,-1.902727664194408,1.4471264715204477,0.18336877169135948,-4.267016419299601,0.6363551502850475,-1.4228051219439237,0.914923215923391,-1.0190066800589836,-0.6336681679383667,-0.5242241637977089,0.6073096765650137,0.6827247763558458,-0.2739399594658903,-0.29981763843916953,-0.44262149967130826,-0.5194149967503263,-1.1134417489854143,0.0010980444806883286,1.1263670627303886
Arnaud Nordin,Montpellier,26,FRA,FW,Ligue 1,1998,4.3683520073665205,4.971630968022333,-0.8117161572633386,-2.1964948455003093,-0.008269714153472284,-2.9974027598936157,-1.3577939039605655,-0.5524058844439707,0.0989641186255041,0.6897327857068275,0.5691384423018749,0.5427778876188116,0.22559489494148088,-0.6176728398016174,-0.635207774227557,0.06511565979581452,0.6718093346577583,0.2862581538497929,0.4777159732300776,-1.504471873398714
Tijjani Noslin,Lazio,25,NED,"FW,MF",Serie A,1999,-3.0325268356869706,3.2786757762598664,1.4128313798119794,0.2082363161928113,-1.3735344797487015,0.22079645374634105,0.5637022394640766,-0.7073024658542223,-0.6324598412784326,-1.1990906497518634,-2.008098907561217,0.029679133071337904,-0.36171095169887446,-0.4385726742429866,-0.17527562244089356,-0.25568957618762683,-1.7875637641644861,-0.0912325124441722,0.01415113494165266,0.6964950901493079
Hugo Novoa,Alavés,21,ESP,"DF,FW",La Liga,2003,-6.692674120214417,1.5696987021442652,-0.7253052247159074,0.11938133093058206,0.057579865146919304,0.40048504236475696,0.22800050606057712,-0.39353592554239963,2.446274878772412,2.9263454376499065,0.43250072908181336,-0.018103243592934182,0.7363486286991353,1.6321873684118713,-1.9528645989433884,-1.095047737945282,-1.3116154093023766,-0.6030863764385879,1.6632400190608625,-0.20088301016060364
Randy Nteka,Rayo Vallecano,27,ANG,FW,La Liga,1997,-4.399617095729257,1.9906228159184736,0.8598141282963625,-2.15466181635476,-0.4334610852220459,-0.3766372351412851,0.3297040166952065,-1.0778857489654785,-1.1779093061671846,-1.0246336933928653,-0.6345405100795906,1.1433266782564635,0.7222697146832381,0.17275016460017353,-1.5456917895358668,-0.953073414210338,0.3822675236073852,-0.4546185009445582,-0.7069265107376939,0.5056567285386179
Ernest Nuamah,Lyon,21,GHA,"FW,MF",Ligue 1,2003,-3.7707674352225746,1.7757682888782622,-1.8395114732674906,0.2609880007066917,1.3002595189402713,-0.6383503030670462,-0.7259799518097354,0.10265171086808832,0.9170371317914343,0.8205358441157692,1.1529603851139372,0.10419473879387935,-0.025630148840588896,-0.7979614228226557,0.16791334194670568,-0.12456331338956489,-0.3423619397229483,-0.15494104024236302,0.21261054935803383,0.09415947890556732
Matheus Nunes,Manchester City,26,POR,"MF,FW",Premier League,1998,0.5273807709059324,1.5577857447252743,-2.9622159737967437,0.9250797962152977,0.7202738501230561,-0.39554378494127584,1.4824732597418648,2.4670152130777447,0.07030056839875341,-0.4705963246855161,0.04211329083184099,1.597346115896335,-1.273444398879757,0.835783858501682,0.7009276941195063,0.1519271960422024,-1.3257559707149578,0.1831098124169646,-0.7640708577103899,0.59819942256695
Darwin Núñez,Liverpool,25,URU,FW,Premier League,1999,-1.1813942557666832,3.765207207711197,0.5929681070877186,-2.258170223277704,0.4655763819625506,1.0413978625423068,-0.12621945207888396,1.3053999807895793,0.15395958880692456,0.24407053858462183,-0.7703495115773069,0.18975360738764102,-0.13635116833392416,-0.013030668562752304,-1.2155485040178788,0.30735270075653154,0.7446901243808954,0.35428021555540284,0.8740968482092625,1.213768886963179
Unai Núñez,Athletic Club,27,ESP,DF,La Liga,1997,-7.100969117337333,-0.3385251791444323,0.4498614558077723,1.4759017573866913,1.002691278720999,0.22653612398802453,-0.77201132528259,0.8278534745293318,-1.967012124152985,1.7577025597712304,-1.488096383036282,-0.8684645023790941,-0.2879337264553542,-0.5505248132140778,0.7504554970556813,0.16771518715089295,-1.5186187873245793,1.0204421447237337,-0.06090179220938578,-0.07406494185690568
Antonio Nusa,Rb Leipzig,19,NOR,"MF,DF",Bundesliga,2005,5.56111984867194,3.747630072881334,-2.6162787151323452,-0.20221793129570742,-1.6469737151747859,-1.7202969016758898,-0.6508728510968641,1.557283572563419,0.06293017130885584,-0.6996206971463169,-1.3570913500748716,-0.7445910282349074,-0.4992782503276257,-0.10212507717027629,0.3731644620132999,-0.8445090539582876,-0.7117878870912983,-1.6505725931656947,0.04226120854552766,-0.1321448275160981
Ethan Nwaneri,Arsenal,17,ENG,"MF,FW",Premier League,2007,-5.587428643509336,2.539970019601642,-0.3626353165847385,2.170935353074287,-1.5786615352947249,-0.7865230122911299,-1.1696899384748989,0.06368314756005043,-1.62851159410173,0.48464069971668194,-2.249274476548649,-0.8920635010653543,-0.887037543858503,1.0141412104897995,-0.48902607153500116,1.4168902858740822,-0.12831814891684507,0.03204110842210284,-0.37357073096558646,0.15199375822962272
Allan Nyom,Getafe,36,CMR,"DF,MF",La Liga,1988,-3.5895696139176216,0.882723651184174,-0.13972371778140416,0.09979725907431365,-1.485871116242624,-0.03074762991107535,0.8808644616924015,0.4921223943503329,1.2593086055115985,-0.8367972852372828,0.6824924450482296,2.307085877444713,-0.7960208941183745,1.6058081251229284,-0.14795585561798727,-0.07837416783191091,1.127264567596971,0.603053144950548,0.07373708038762677,-0.3505261032796563
Rabby Nzingoula,Montpellier,19,CGO,MF,Ligue 1,2005,-0.6708442507198807,0.0520576481858313,-1.653412013439823,-3.3174262713464677,-1.9879514795018307,-0.6846032963787315,-1.9112824855941604,0.14290124031820114,0.24428314489953606,-0.1257980743154575,0.0928043120613161,-0.23839907053171658,0.2091981485494083,-0.31976022974483004,0.42028110316090644,-0.0022362796505622094,0.20870347035733117,-0.9306134317244958,0.2785557522226777,-0.11138854551026897
M'Bala Nzola,Lens,28,ANG,FW,Ligue 1,1996,-0.9253959637996625,6.309541729443452,3.0660655066194122,-1.4066885594227023,1.3229831135743098,0.25254461337827055,-0.493482319461926,-0.2979580941089083,0.2372234194223419,0.8433083730375951,0.5374841211246483,0.5382556114689688,-0.6670112106328934,-0.9860609428962748,-0.2998074021072624,-0.5030630953700068,-0.08138442257345214,0.21797834437862806,-0.42391130900104257,0.453808829433469
Christian Nørgaard,Brentford,30,DEN,MF,Premier League,1994,5.161692992293525,-5.081053110698172,-0.5164270511919852,-4.522545652622304,-1.2977313468606881,2.7501075476622145,-0.04785379590627206,2.8215853142285305,0.9712484974957237,1.1409072754095047,0.42085227502796757,-0.6822989597754568,0.2745310861954851,-0.5328578868134697,0.1847775256646089,0.06710234595916188,0.2534881883260948,0.1531215470417359,-0.5063968941660688,-1.1840087240707162
Matt O'Riley,Brighton,24,DEN,MF,Premier League,2000,-4.980654122520926,2.011327999456641,-0.4539634584676281,0.7303389515830352,-0.5150857220482471,0.8683389463030148,-0.18342087103262483,-0.7115315632489777,-0.11505073576750538,0.5826290227869231,0.7551104752212294,-0.5282282374012321,-0.5536116921207411,-0.28842470101950646,0.647561780647904,0.3291549196796375,-0.39881686583933823,-0.4480673312902293,-0.011064801608158694,0.06264879858920759
Dara O'Shea,Ipswich Town,25,IRL,DF,Premier League,1999,1.6172365313634496,-8.962099429445502,4.296002315703337,-2.4666367770161304,3.0375810758713935,-1.6821725783474402,2.541594666975006,-0.1559399670309922,-0.2412413111648082,-0.7829706477214051,-0.16338884358744768,-2.6623708812084534,0.4135665904466433,0.3895572944655957,0.07845082639105704,-1.9848669157088172,0.5565651347999976,-0.7551157639521628,-0.18789828456735036,1.6449906521004753
Adam Obert,Cagliari,22,SVK,DF,Serie A,2002,-4.183474441127946,-0.7354066910762737,-0.7108047711240405,-1.1433968111163615,0.8843575536921489,0.20735063765448697,-0.2107438303808835,0.3829185052605669,-0.7250667327540327,1.0853725554018026,-0.29187840130649945,-0.768598228301225,-0.09129480843761678,-0.18705328645008226,0.1508965777350539,-0.19778949701658124,-0.37335260676747556,0.5139712948658901,0.11351437254370143,-0.21640131061802595
Jens Odgaard,Bologna,25,DEN,"MF,FW",Serie A,1999,1.327937938275649,3.69210068089284,1.3028174558987329,-1.5455711516874966,-0.3980622923553261,-1.4321349373086991,-1.6842065323130304,-1.0780910672518218,-0.611862779108047,-2.043144543776291,-0.02005421264026474,0.5990820541369508,-0.25194155568066456,-0.9056956444118197,-0.0733184330086813,0.003450032523779748,0.7579061139047267,-0.24891950123625467,-0.6323372031496011,-0.6449418024018061
Tim Oermann,Bochum,21,GER,DF,Bundesliga,2003,-5.064265138727466,-1.2038606831584242,-0.8216566543314009,0.11304966495886766,0.2067921040696026,0.08477626501565143,0.8882485769557853,1.4345912879503853,-0.3699842938195202,-1.273928018883438,0.2956071548488384,-1.1456464183989108,-0.4962792235140776,0.22437467046560508,-0.31967483356011817,0.44704755077529584,-0.3016380963435333,-0.4886085366268861,-0.20051802552047698,-0.51491511478997
Chiedozie Ogbene,Ipswich Town,27,IRL,FW,Premier League,1997,-7.042339700832578,1.7077072005720402,-2.110812580941832,0.31304974589842716,0.008741394800193458,-0.3445821523195755,-0.43208183398292566,0.1798907979007271,0.08223801223485898,-1.5113045798254108,0.6588685487557119,-0.7178507428080534,-0.37810728772667607,0.9733783008822082,-1.1734552591661234,0.10960636861991217,-0.03432497785300713,-0.23944434873772888,-0.2128088603285187,0.988766816322405
Hamzat Ojediran,Lens,21,NGA,MF,Ligue 1,2003,-4.347751533449471,0.3095851834587103,-0.12668024775127976,-0.4761446669389411,-2.354215926043837,0.8986651363053507,-0.9657415866908875,0.10768452605239673,-0.5369862796983094,0.1837918138270311,-0.08255602310484154,-0.3743196052218212,-0.3351935411921311,0.04523705453465828,0.5434538118134127,0.2643365626215423,-0.4302520782774497,-1.0535460289486729,-0.4668992180485379,-0.09693960381348893
Noah Okafor,Milan,24,SUI,FW,Serie A,2000,-3.8901816713348283,4.4428182991112,-0.3892742698161773,1.0356610152301733,1.2427549666319506,-1.0856048140311094,-0.8380987011017882,-0.7092226099522573,0.2632324844321299,0.8154941453009976,-1.3789175278927888,-0.12357746111882686,-0.49930115922010354,-0.36548989402192406,0.2196139610294481,1.0473365154768834,0.6354696746181171,0.12495634425129648,-0.33869325283153234,0.43630861658754566
Caleb Okoli,Leicester City,23,ITA,DF,Premier League,2001,-2.604136393371069,-5.008195700196759,1.317933307163126,-0.7493573558758693,0.6379464381942158,-1.1975522806669763,0.7179625102150663,0.6102465141752741,0.3202580068864839,-0.22600071548193879,0.6384384130026877,-1.5016135920674631,0.21198476466563396,0.8534244769218251,-0.41379497884177135,-0.046398545477351706,1.3219306367996517,-1.0935141984260257,-0.3066113393024899,0.1027624862626625
Joseph Okumu,Reims,27,KEN,DF,Ligue 1,1997,-3.0596651365596057,-3.0184838531779703,2.188133094388203,0.3424871504293417,-2.3126210014576065,-0.8808195601392399,0.4756593639372282,0.6594497927643717,-0.16411378954872466,0.8791206008203573,0.02860442918878352,0.08526484211621149,-0.517208157464561,1.3631878753956699,2.1542198299538113,-1.67510931114824,-0.860524051367258,0.5425055014217058,1.167303373585149,0.3484312891796505
Ben Old,Saint-Étienne,22,NZL,"MF,FW",Ligue 1,2002,-5.3409069722937845,2.456872558393704,-1.9081735924062813,0.41293603001011475,1.129234052002614,-0.3001001989636732,-0.5633049544976172,-0.5724410728415584,-0.47525019232245347,0.6828326267134351,-1.119785239579246,-1.118945233553535,-0.701947142703849,1.3055427874687566,-0.5655772394271665,0.7131516712311405,0.1516053103277596,-0.2081106661225979,0.4812330663231488,-0.5058351732912117
Michael Olise,Bayern Munich,23,FRA,"FW,MF",Bundesliga,2001,11.851782530671795,6.977981476708522,-0.5843101693552712,3.9947385187620905,-0.6872460004630075,0.5276291542055149,1.2932651652488172,2.2636975427983215,-0.7871912523261747,0.1859769456718104,0.6664431959686997,0.10690252121307348,1.3066906023907492,0.2296307164294103,1.4291090785939256,0.3149494513759729,-0.49655384200650543,-0.9016077985160508,-0.6164716764598921,-1.7626935388475724
Brian Oliván,Espanyol,30,ESP,DF,La Liga,1994,-1.9375481372769943,-0.02128322158456488,-2.5797806170387805,0.6573738754340573,0.11613517559956103,0.5017927286167816,2.2248132889293717,-1.4535602826007816,-0.266855384809718,-1.0289438417840286,-0.5801889474973464,-0.23436024078963755,-0.4538172937340107,0.24613179505705748,-1.2200886114819984,0.9688582731881753,0.2194090949961069,0.7259477207617631,0.39379615585974653,-0.7349713193203221
Lucas Oliveira Rosa,Valladolid,24,BRA,DF,La Liga,2000,4.95873686767637,-5.556101728494947,-2.8690775115931895,-5.114535369675437,-1.1694689298460852,-2.3217976074799918,0.8612766341471039,-0.537734449874235,-0.19230025188942168,1.625266309348452,0.9515062182893859,-1.449386157582528,0.37929563143763945,-0.7087618151103702,0.8727585863686107,-0.5827505218780831,0.7512282703789398,0.5802687958968277,0.5491688960221074,-1.586561251912868
Mathías Olivera,Napoli,27,URU,DF,Serie A,1997,6.4338487161803375,-5.564481606977691,-2.07750514070277,-2.840152995326253,-0.26115946149826363,1.2088122675693964,-0.017555001121459492,-0.030494826307904958,0.8954603993481692,-0.03270466864949233,1.5805468692665496,0.26174267005339225,2.1849029634262185,0.003233207298306918,-0.5034622783122604,2.210523153703797,-0.4628873903934749,0.08932536309755283,-0.35415646049449195,0.30115894473010185
Dani Olmo,Barcelona,26,ESP,"MF,FW",La Liga,1998,1.5252803438282165,4.590589277287414,1.8946696166508927,1.7606740536453305,-2.7454627175131487,-0.6704716619564279,-1.6022142111388493,-1.2088325190788118,-2.7324398346641896,-0.1015525153696086,1.1452088917182386,-0.08317513773546348,-0.8399065043244671,-0.9125352870076381,1.076791503284202,-0.6472513144846006,-0.6333219074987728,-1.4125729108454776,0.26196211434461325,-0.42578398335780265
Becir Omeragic,Montpellier,22,SUI,DF,Ligue 1,2002,-3.355545189747635,-2.8981728316277438,-0.25610394960631316,0.7452629034661111,0.2695635984726715,-0.8625205047898853,-0.5488007026922688,0.9472050351562578,-0.29944675798788817,0.6531932739466898,0.11021466173765976,-0.37736708146229314,-0.13006834995373673,0.4628058417742599,-1.0668408861141931,0.8655981780517824,0.6185724664308371,-0.39111426397362226,0.15028253405700598,-0.2602794022505212
Ado Onaiwu,Auxerre,29,JPN,"MF,FW",Ligue 1,1995,-3.0641290727556494,3.501390234021049,1.2256319401373288,-0.5238116971376703,1.0131996244311958,0.5924382824371178,-0.11354701438667258,-1.7368964642282414,0.4852570060870299,1.7069907262523567,-0.2933160882068414,0.7803149555044769,0.04150388972613741,-0.9376340876738648,-0.2999044510952439,0.07741869410520946,0.019674405233178333,0.6289525583590261,0.014551076423551265,-0.7378564530678348
Amadou Onana,Aston Villa,23,BEL,MF,Premier League,2001,0.37571674410287476,-2.4366431958701136,1.3418232197194457,-2.4426957683474493,-1.793195314368282,-0.11627330371837263,-1.3336492112774023,0.6853548735049335,-0.24394018786625227,1.9148648184988746,0.09933532173922544,-1.2739685516868606,0.15819486365683305,0.062011555009666396,0.5359261402749164,-1.246967488213501,-0.13797242805861026,2.200779597321162,-0.6954932974599314,-0.5734757614337225
Paul Onuachu,Southampton,30,NGA,FW,Premier League,1994,-6.280788274181332,2.0628579611007716,0.1162468958862877,-0.982153951944932,2.081941126835039,-0.17773298584729472,-0.08712368241925336,-0.11882372327953991,-0.7482237105443768,-0.29729060957507764,0.3924865620178915,1.1621558771825387,0.8829105538987773,-1.1654854569769904,-0.13210401731194474,-1.292388648042426,0.3409669111833597,-0.20443068012649013,0.3577999657721993,0.00037954330951671324
Frank Onyeka,Augsburg,26,NGA,MF,Bundesliga,1998,1.7337622317304118,-1.0576094847291302,-2.664419756715596,-2.397550017671013,0.11951560849969167,0.09489013487815715,-1.1366969527832493,0.4003800179511945,0.3197734255701427,-0.8133231876077567,-0.2308215916313716,0.25418737387592616,0.10833030749160628,-0.5620568788596546,0.0750267920207293,0.1340146861155807,-0.005669677531094426,-0.2293516981419166,-0.34622574123360744,-0.9454300237383286
Loïs Openda,Rb Leipzig,24,BEL,FW,Bundesliga,2000,4.852199580893323,9.928317851346268,3.887119477339134,-0.9541902283488972,1.8745091979599522,0.028294059939560155,0.8916112242453323,1.7712663126355586,0.7732211917211979,-1.5517464834152421,0.6079499249697347,-0.4086955435565978,2.841494031963814,0.6921845580047268,1.3394318665810143,2.5076906616092502,0.7774598461433649,1.9565589746739376,1.1294520125096617,-1.2609492253647812
Christopher Operi,Le Havre,27,CIV,"DF,FW",Ligue 1,1997,5.383479868333992,-0.7077586517734121,-3.955981328041209,2.571432500653219,1.1780174619126462,-1.1617403415957812,4.442408715177256,-1.6256600158535526,-1.3360886438305843,-0.2813502852080016,-0.1572512582625637,0.9153333661495052,0.7989974507920353,-1.2164791555621113,-0.5245428221986724,-0.9578139296250168,-0.3058421398532528,-0.38726984592974106,0.3826837108205951,0.5407861131088258
Gift Orban,Lyon,22,NGA,"FW,DF",Ligue 1,2002,-7.029351984710484,4.118243742132127,2.365896605516044,0.9006365502407768,-3.127739009940399,0.42155781403239573,0.17613032917852495,-1.9839213647691294,1.2440864023276814,1.8690554761386426,-2.786493322082612,-0.08558227696254024,0.04662336822104997,0.3096101215127272,0.1652654892197815,0.7320807709022732,0.08639711722506235,0.10411416521715146,0.4239489650689047,-0.09798923590471968
Willi Orban,Rb Leipzig,32,HUN,DF,Bundesliga,1992,3.7964295375304036,-7.1322207566459435,7.705135447458777,-0.7785800706700885,-1.7170385004051198,-1.3165635068282413,1.1454895529120006,-0.3677552660324368,-0.5471243930185025,2.5772279961252282,-0.10841867604013468,-1.5949556232667015,0.39166116720730154,-0.14946956769555758,0.18706294293773587,-1.1610370638312963,-0.02923753107345064,0.564021822051883,-1.1309032002042056,-0.12413450878733565
Ivan Ordets,Bochum,32,UKR,DF,Bundesliga,1992,-4.694465167993856,-3.141857755765766,1.445710743883029,-0.3405037217605511,1.6185926332567049,-1.30187511032133,0.8165357088439194,1.585510590061364,-2.470523803381905,0.25554695939199445,-0.05651352624823079,0.11237009829960166,0.3227430993613203,-0.31105654713214803,-1.0317162693929982,-0.36158605415748046,-0.8801907643704235,-0.8006002398202539,-0.31908328007221076,-0.40702868185864083
Gaetano Oristanio,Venezia,22,ITA,"MF,FW",Serie A,2002,6.214579983031928,7.097195568678692,-1.1188638084622444,-1.4408063457094358,3.01612603373028,-2.270466242768183,-1.5525386312309593,1.1252595012771809,0.5129933246397751,-1.2096545221944446,-2.354088976550357,1.1492186013715984,0.4863800782132082,-0.7199006097370911,0.2206358698064811,-2.1652922598294864,0.24684090910053272,-0.2598946180984778,1.3811230563899521,-1.17366902236353
Aimar Oroz,Osasuna,23,ESP,"MF,FW",La Liga,2001,5.960999823428926,1.4053860770450368,-2.1348470959106294,-1.1617390168689692,1.6985771000116578,-0.26572120318762105,-3.617406642934151,-2.1048570408758267,-0.545192865225695,0.1671459735720558,-1.153552699773611,-0.16581260166026704,-0.3179581494317255,-0.04491832112329824,0.657477374460066,-0.19256072383949552,0.09893758029597621,-1.1957599248375066,0.46616210344491676,-0.8535157475056625
Riccardo Orsolini,Bologna,27,ITA,FW,Serie A,1997,2.75128048530073,5.873818293155122,1.850681603122664,0.38618530663804074,0.020195016585100804,-1.2339853159252756,-0.1067006684383296,-0.9579140027210432,-1.0834902943057658,-0.2761186379796704,1.246177930244454,0.20222469924839903,-0.7095808782296049,-1.4531303513606133,0.34871832963690375,-0.4069417354524743,-0.03863667343531653,-0.3243996052116779,0.9933344437140372,0.09970360013946113
Gabriel Osei Misehouy,Girona,19,NED,"FW,MF",La Liga,2005,-6.2289024620076345,2.999795142022467,0.19454733391519505,1.9290028461340236,-0.6832150543149014,0.13366588567335502,-1.2717721784696858,-0.7396129987822864,-0.1566580334324814,0.8745276597530937,-1.7640524766803027,-0.6774417990127811,-0.8160314744177827,1.2106641604208714,-0.6258728240053748,0.7973778129612704,-0.5357270992941185,0.19701625745854742,0.1662191171272704,-0.35601582325444703
Gabriel Osho,Auxerre,26,NGA,DF,Ligue 1,1998,-1.9030474198868856,-3.7898690502685075,3.5994805910300185,0.4183101215496256,-1.2128138905238104,-1.1793272041647944,0.4044967419647368,-0.3498110553111326,1.2385953498672349,2.098578637496294,-1.4987502524509964,-0.7332158341466071,0.4582825611586236,-0.34527568277259263,0.84000778636543,0.48049017332981203,0.33426411066815437,-1.75828698477048,1.0539200183099635,-0.12212227259725138
Patrick Osterhage,Freiburg,24,GER,MF,Bundesliga,2000,0.32457259788192083,-1.4746359209290736,-1.8734650643300954,-1.7410142734051242,1.026130613619098,0.40588186909114365,-1.304873664183289,-0.6487080289541104,-0.10052603931333495,-0.6170823401610347,0.34561703791229803,-0.07182358542554758,-0.29917286677271526,-0.05962621733711244,-0.665280871657312,0.2693901949519919,-0.7138325703356034,-0.16747993087579108,0.10317152823594086,-0.590564281352913
Dango Ouattara,Bournemouth,22,BFA,"FW,DF",Premier League,2002,4.6926648941011795,4.568467667926627,-0.74604404576774,-3.343133271423182,0.46868934518834116,0.1167087177812274,2.74452156181019,-0.4444653486759077,0.2248742668058151,2.1802398957441196,0.583715699214708,-1.0539412351616007,-0.6565989247374909,-0.3452048673744192,-0.4629995879606301,-0.043833086540745164,-1.1517161354412133,-1.5359997679310171,0.2743196751747488,2.512393767573291
Kassoum Ouattara,Monaco,20,FRA,"DF,FW",Ligue 1,2004,-4.717086467241242,1.2834623812042834,-1.8529318497606295,0.3473687746262314,-0.22766011549934845,0.37991825466741336,0.17290579304661127,0.18923936841823832,0.5220442977373511,-0.1836266279862241,-1.0064967419758892,-0.40859853563204934,-0.34698488690873724,0.13629161979942894,-0.20543985656272923,1.0103317790913737,1.1416274071252634,0.24130359324354272,0.18218525678342581,-0.36349632208177357
Remi Oudin,Lecce,28,FRA,"MF,FW",Serie A,1996,-5.445228741199208,1.3967720683150473,-1.8024738848964859,1.6028805889158135,0.2862874143544766,0.14960875742202956,0.6915647653521629,-0.778492171227976,-1.2313187406834585,-0.16594496105787993,0.31376265204005904,-0.08021204760290526,0.19005225777264326,-0.15389249543860417,0.34943305453286566,-0.4015319798012714,0.7755828343564105,-0.8520469886229656,0.6325240205439834,0.4053554874872643
Elisha Owusu,Auxerre,27,GHA,MF,Ligue 1,1997,1.7092771437342626,-3.6133382498618354,-0.907158490508825,-4.446635770061294,-4.223527068988221,0.6671513146624142,-0.8060230935178405,1.5376381015199656,0.2642747250620762,0.3272992238002015,-0.25632093543934037,2.2256931011393366,-0.47343215487897367,0.6821011477254667,0.965503010798158,0.5646176615277817,0.44245162859360876,0.22964431124405568,0.6597939180506859,-1.4509004094340647
Mikel Oyarzabal,Real Sociedad,27,ESP,"FW,MF",La Liga,1997,-0.6647484625851486,4.466140930923068,1.932699599938491,-1.7062327528771906,1.7215677684044257,1.4750772184220704,0.3374266747811152,-0.7694468207449455,-0.586000950886749,0.22341447318137844,0.5943449298440425,0.11956971046447094,1.5463101610910928,1.4466597355228756,-1.084941760323054,0.6105699025652828,-0.7833962909000836,0.48998118793942413,-0.23386344043908283,0.2519670516336128
Salih Özcan,Wolfsburg,26,TUR,MF,Bundesliga,1998,-5.0851448449432795,0.43578334606310626,-1.2506018942263508,1.484557983671584,0.8041252847176806,0.4274934556991901,-0.749906223287747,-0.5462472519091793,-2.0219535154529056,-0.45142054036826135,-0.31890622142443775,-0.32017455017005547,-0.3857080180432474,-0.47025991489633606,0.632985299913826,-0.14492595133807284,-1.0122799827328066,-0.6448843219145645,0.02460720416342658,-0.08276304250550055
Cenk Özkacar,Valladolid,24,TUR,DF,La Liga,2000,-7.507675876894609,-0.08969200606763862,-0.6274333016358108,0.8491503509774925,0.4881390336617338,-0.15106031400288508,0.18601171828748617,0.5058840215072735,-0.4983389860865876,-0.7030841848248552,0.5211952734362414,-1.1324966711414193,-0.5493962852869909,0.0646899417894756,0.023241241440596565,0.519001383859601,-0.41801105386550286,-0.4181778209216644,0.2116409853971588,-0.3026105357192004
Jon Pacheco,Real Sociedad,23,ESP,DF,La Liga,2001,-5.187827335407786,-2.0395809664401545,0.3771480143761711,1.2410870717076408,1.0176580638104575,-0.3582972119643335,-0.19246300996801896,0.1971335686855116,-0.08138387565704515,-0.7447879734536235,0.6575238334954399,-0.8816159515884775,0.05137328719784527,0.021017893421961018,0.06907073092169788,-0.4629774563362157,-0.19705436105597504,0.2899664888600693,0.7671452826038142,0.08850895826089349
Willian Pacho,Paris S-G,23,ECU,DF,Ligue 1,2001,3.144257966532133,-10.419914590966698,2.136762011713296,-0.25044561197055704,0.6360144238702135,0.07188107529016123,0.5952432877465746,0.4208221707375654,4.13877128098842,-2.012714097819322,1.2657261242163396,-1.2892551751551768,-0.9553843715747984,-0.20832156181764883,-1.2740176143680628,1.2136435698270862,-0.5669110772987332,-0.6769644670888518,-0.8540373134946179,-1.528675857755883
Exequiel Palacios,Leverkusen,26,ARG,MF,Bundesliga,1998,-1.5363213942926182,1.400086016713372,1.0298475351541112,4.186307414643397,-3.622198817733885,2.6050566657806837,0.13076940778361693,3.623010261779203,-0.19027399799743913,1.3678298058007299,-3.282153279707162,0.4060784231978427,0.4438207082383629,2.021172350574992,-1.4618750723817888,-0.9877528883688482,-0.48684621690029695,-0.8152453749578603,-0.5664781855358204,-0.3345081471243499
Isaac Palazón Camacho,Rayo Vallecano,30,ESP,"FW,MF",La Liga,1994,4.137321988710006,3.512258645690537,-0.5665149289131837,-1.264673923399522,-0.9269152389541216,1.6295288159130261,-0.1274831133876583,0.8336440925894644,-0.2833899288544176,-1.1946412620528395,-1.3043406310533572,-0.886009013987228,-0.6740399108082403,0.29400741849407075,0.1671346371608574,-1.1697330710823708,0.3027703888648667,0.5236648112332123,0.6233409747314089,-0.09159298143697789
João Palhinha,Bayern Munich,29,POR,MF,Bundesliga,1995,-4.820443138149321,-0.719102965091876,0.05185759059401467,0.6074014190638786,0.9541875985589526,0.7195760069448237,-1.1824366720380395,0.7274019280537005,-0.4132079248894135,0.5142259441501591,0.8401235711317522,2.4443070820781063,-0.847272137017278,0.5635713920382803,1.0068480946622407,0.32017690875685206,0.35416645568946137,0.5436494184819649,-0.5884901744456602,0.22731298859969937
Nicolas Pallois,Nantes,37,FRA,DF,Ligue 1,1987,-2.934928705670046,-4.010962174857119,-0.08875900632771913,-1.2144199761144276,-0.6286630110416652,-0.25753888169974376,1.2021590137994866,1.4361977752788806,0.685275269865074,-0.1461114727631376,0.43003917681170983,-1.361190053309349,-0.2387041724176974,-0.9822714651063952,1.1205366913342119,0.4879831897846511,1.3096247207005844,0.027760060409320168,-0.1471498108113805,-0.015228416128565582
Cole Palmer,Chelsea,22,ENG,MF,Premier League,2002,18.992237936750072,11.460200607442271,2.5161473170288025,4.985419341263755,1.689011415072934,3.362250429360091,1.4502718195846014,-0.6139183234307736,-2.571797491051704,0.8818759191497678,2.6743529661838314,-1.6807846032637401,-0.8982363718855241,2.4706518403601407,0.83835061098484,0.3789133835408555,0.2421163926485495,-1.2093498391832882,1.8655344209562146,-3.2930784966689792
Emerson Palmieri,West Ham,30,ITA,DF,Premier League,1994,4.856235583587527,-3.2694295269064697,-1.9366629342595163,-2.3761682116654046,-1.7256425735855003,0.026827868749804366,1.3825767089893635,-0.7055475375814079,1.3191688506234223,1.7192429701568481,0.4902108324768624,-0.4259194035994821,-0.3486459295628582,-0.5409375482582102,-0.6278676793189423,1.3633437315594306,0.1426409166826742,-0.28823925464692635,0.057598755092688525,-0.5724254189626283
Lucas Paquetá,West Ham,27,BRA,MF,Premier League,1997,7.29276984383151,-2.0676787633491576,-0.16676136366769112,-3.273659779956871,0.42105485518118,1.862923554072733,-1.665421910105142,-2.182870754385929,-1.7908237005414205,-0.12720247325731657,-0.230570360235589,0.2626288442373993,-1.119611073029896,2.694453214149099,1.070281764376854,-2.6754141370563915,-0.6011588631631041,1.649126314220064,0.6582370673791599,-0.46358869695712934
Aitor Paredes,Athletic Club,24,ESP,DF,La Liga,2000,-1.4401791963446564,-3.424256514342924,5.710528270427331,0.2716729022398082,-2.476791184122671,-0.23850929284953934,1.4853361588116722,-2.678908483248347,3.680022355212165,0.5945068626966421,-1.5277988465806258,0.20130445053720514,-0.7441819876063905,1.2999519017519263,2.10087180751798,-0.9941442213931871,-0.9621411053899572,0.5969374301740145,1.0720883801028607,0.6203703334977912
Leandro Paredes,Roma,30,ARG,MF,Serie A,1994,-1.943683071684803,-1.8333941494915724,-0.535525914410547,2.382462970591473,0.3897308044565312,0.671784687466401,-0.44518249010249766,1.4397653068710905,-2.2681772970587297,1.1542195994804736,0.3497907258887749,1.7057580924652145,-0.9606164437115331,1.3167002689868628,0.8835155715012002,-0.15037582235153524,0.4953998511958599,1.13954481723642,-0.39307587063732446,-0.11893669118259062
Daniel Parejo,Villarreal,35,ESP,MF,La Liga,1989,3.4634862909861117,-4.933355424037449,1.0203919847147769,1.7214475457962852,-2.3864467006092087,1.935278217158443,-1.7609001278671639,-0.09105043411689255,-2.0150170441002357,1.47437551683014,-0.741391241515656,0.6650746928729036,0.7642030992732242,-1.6405216263345133,0.6344844418926693,0.03935238782586516,-1.739054629418621,1.2659977576387886,0.3253372990015277,-0.0460473785716337
Fabiano Parisi,Fiorentina,24,ITA,DF,Serie A,2000,-5.669048032568525,1.3540149494464928,0.6329441124944227,0.43838342636063016,-2.8866930473652745,-0.648334166412384,-0.6233117844721999,0.11634818387627759,0.35497776599351494,0.7273278096832501,-0.21991565857173143,0.8910253906033236,1.0675181281922488,-0.9360233469849288,0.9487908191470573,0.2459884792270018,2.3768960945305833,-0.5265870591092154,-0.5003799827607269,0.1240625920283132
Thomas Partey,Arsenal,31,GHA,"MF,DF",Premier League,1993,8.296287772751853,-5.124124797543022,-0.30175179226345517,-2.221822362797014,-3.3079085682616145,3.2366659177383847,-1.7085398953952464,1.6684797076633127,0.83932365439925,0.3558065843742867,0.8303835036031876,-0.2879675881359252,0.4288303132567973,-0.5959103952289249,0.3033774413813008,-0.3431726841562928,-0.015482445233701628,0.46853868002548077,-2.589028993076289,2.308250337568974
Mario Pašalić,Atalanta,29,CRO,MF,Serie A,1995,5.433891892502042,-1.0918846780806097,1.662723642761533,1.4729390184289155,2.8885845980009632,3.980760020970798,-0.893994798623491,-1.6514357673899738,2.2681872827164304,0.9410618198023797,0.8942046615496146,0.35867660676415564,-0.8322930033277108,-0.5476220149411303,-0.6414618989058175,0.46540858917909983,-1.1190457615019518,0.023467151421224217,0.3470991711829978,0.271680600176583
Felix Passlack,Bochum,26,GER,DF,Bundesliga,1998,4.70102573440817,-2.212518863033131,-4.452547994000021,-2.4509330159058598,-0.7644635164851775,-0.7625730251248789,3.027239022585408,0.07863494498677841,0.15201946072116107,0.08746653489622586,-0.613500250308609,-0.1209281720327511,-1.4348226176088006,1.6194602324678053,0.48110124237368873,0.7527139476624708,0.16187755976673934,1.0158919435827516,0.5302873957709657,0.2340975390528852
Patric,Lazio,31,ESP,DF,Serie A,1993,-3.967815539453834,-0.8165484245121389,3.7665451653317814,1.9724913932636365,-2.389828598966359,1.2647605546958844,-0.43071600292181694,-1.9856826985965879,3.0062430741234003,4.323953959368059,-1.9159631860522663,0.1926232890471841,1.3969841197187607,-0.09080924039374677,0.4953882214299202,-0.7346860770400095,-1.6759820509206231,0.4418470252062572,1.4080438291887358,-0.22500836440607852
Benjamin Pavard,Inter,28,FRA,DF,Serie A,1996,-0.7352641375469633,-3.8407307639983848,0.06991159049619633,1.329707043977862,0.9548029574134429,0.9337858410699356,0.10502543535991732,0.15065240345196704,1.8618678447399424,-1.4065607676007803,1.387983548979749,0.15845108022838658,-0.10655223850127676,-0.34268086394533365,-1.211773389699436,0.327858031261273,-0.5876923336356403,-0.3063314880403867,-0.6790810923567521,0.3450246263897225
Aleksandar Pavlovic,Bayern Munich,20,GER,MF,Bundesliga,2004,-0.5989886898923982,-2.500520132809522,0.7144380095332579,3.18023105830792,-2.6303675295785216,1.4282400407346292,-2.2782691313024372,-0.7742484803019911,0.6679998840931981,-0.430828866153689,0.5552844999920402,0.9992365294282571,0.23466342912610227,-0.8181340613467416,-0.5353292692185532,0.22632389665116437,-1.2693523483947695,-0.2354466496677136,-1.3851248929713518,0.9047619563721302
Strahinja Pavlović,Milan,23,SRB,DF,Serie A,2001,-1.8801534605540267,-2.6733541951294164,1.9189080631668936,0.657930536888652,-1.4704883265873483,0.3323731453832837,-0.44075641311933245,-1.1183008665895304,2.260566582625428,1.9802356699849555,-0.07819938772621288,0.2777691587109909,0.3389373420995789,-1.0004734114031786,0.37329865146805286,1.1608340657826868,0.5953614695010785,-0.2522585364633977,-0.43368854966248377,-0.8791612935958448
Leonardo Pavoletti,Cagliari,36,ITA,"FW,MF",Serie A,1988,-6.2552859621837,3.1211798862476776,1.469143968960947,-0.25578082246756206,1.0230907566860403,0.7851531421181364,1.107511533283063,-2.3646173969819704,-1.5092356063131815,-0.16439267409836272,-1.1501403642754064,0.47004447323845183,0.27786212107761815,-0.4474278478523575,-0.05664299404870356,0.06498527229294164,0.257324717966787,-0.43696171847548343,-0.833202661668217,-0.016229677359177918
Martín Payero,Udinese,26,ARG,MF,Serie A,1998,-2.2953218217751568,1.2376521096179878,-1.848559598940643,-0.6262754995316681,1.345807810656551,-1.4622736618015746,-0.7725826225427658,0.576971542491337,-0.7132528873948031,-1.2614068901913864,0.37888305970035974,3.7856536605722475,-0.03893981493095606,3.064746771204026,2.5098585191155935,0.5691669415185809,-1.0931871372336002,0.6445877000315612,0.5399467552151637,1.168234601145704
Nicolás Paz,Como,20,ARG,"MF,FW",Serie A,2004,12.061324272001274,4.940913939152956,-0.722938875175642,-1.479402770080408,3.1944395921561983,-0.5109605964834131,-1.8491212296203934,0.6695170369498847,0.020385403034220154,0.616580232768268,0.5764392566501011,2.3011887370618243,-2.047602538594127,0.5876391216807968,1.6215048194029569,-1.2881641624464162,0.27528040063774606,-1.882381178514086,-0.45796719685408815,-0.11991104146362422
Mads Pedersen,Augsburg,28,DEN,DF,Bundesliga,1996,-6.9248690244763935,0.7159244264192253,-1.6803937104035482,0.39740236656515054,-0.00297826103289932,-0.43157758314702177,0.26851535120174974,0.4087997188243398,0.7006257814315983,-1.1515389228801858,1.526141736864009,1.2104720376077913,-1.3820131103011042,1.6339049324635178,0.30369681677634897,-0.2845788754708602,-0.3066578667702366,0.15786296646836237,0.8131124624587827,0.5100896760938004
Marcus Pedersen,Torino,24,NOR,DF,Serie A,2000,-2.382495667873396,1.3106483773427295,-2.4193176509579684,0.13451831122915928,0.8826841527000592,-1.9983252017578783,0.9421832351866588,-1.5486126381526277,1.0509678904385251,-0.8643461679584266,0.0015086421490415525,0.18200792976341054,-0.13412722447444667,-0.19512166060316768,-1.4558756186493476,0.22380787840840305,-0.011563343041728307,0.45528206328525384,-0.19948361433428272,-0.11997437162965842
Pedri,Barcelona,22,ESP,MF,La Liga,2002,14.928163613544575,-1.6298814645216368,-0.5869117926754377,4.404901316153945,-3.4626249503065933,3.257828405510337,-3.608273940883128,-2.260881988888385,-2.2770599103018867,-0.09623907124382147,-1.1249817255973837,-1.0269253838669685,-0.8241238490910144,1.1031303379481003,0.9382573406177042,-0.15842942266804064,0.5476053378411145,-1.7509427236008976,-0.18068021943038357,-1.2742538376708497
Pedro,Lazio,37,ESP,"FW,MF",Serie A,1987,-1.7487471806792592,3.1728395479365723,0.9580820636399356,1.507819035107697,-3.7570129886815136,-0.10880271443476058,-1.4016214969244896,-0.9034770289470212,-0.5971324380168289,0.723820966472954,0.11594243927119853,0.07921182264464877,-0.07755681190036151,0.6118292082860406,-0.22980461622109605,-0.8957663923074588,-1.0843335526657807,-1.1158277446040825,0.40546414613656134,0.0031739859641428635
Adrià Pedrosa,Sevilla,26,ESP,DF,La Liga,1998,2.061539525726587,-2.6581546057075283,-3.199416203982017,-2.8147909315818054,-0.687213206354663,-0.7147539010959748,1.5471658617029385,0.17455464637726525,0.4738768924843153,-0.32660106902295827,-0.41458377072559405,-0.6292734795158467,-0.28093727580632283,0.48586162274360484,-2.246646226442593,0.9496608049710679,0.08963847617119217,0.25825827059465484,0.24144382039452608,0.43676999007802
Jordan Pefok,Union Berlin,28,USA,FW,Bundesliga,1996,-4.16509690134513,2.4668713016922856,0.3542446225316412,-2.010672864776209,2.9292715067790183,0.909715359281224,0.31248626183900424,-0.4297826044208274,-0.20056741197282302,-0.2823584024558142,-1.117382101313423,0.7229666266969504,0.19439203154608872,-0.6448624355785713,-0.016922024822802088,-0.6762684662564614,0.34968226342415226,-0.14329320981997062,-0.2431654598097516,-0.16101952931153307
Pietro Pellegri,Empoli,23,ITA,FW,Serie A,2001,-3.993699693753214,4.121648189053464,1.4581673620932785,0.3214756719495942,-4.30812058197975,-1.7958487627160966,-0.6882500072268933,-0.8163523007515394,-0.7049713090674321,-1.6117391277887818,-0.6852027983680973,0.23917476448669692,-0.010753408147136633,0.9282823419360949,-1.4369533823480274,-0.3068667450284952,0.603832145188309,-0.26081032776436547,-0.22931299731370872,0.03362041065884818
Lorenzo Pellegrini,Roma,28,ITA,MF,Serie A,1996,0.3091162982369329,2.276634732705675,-1.8531516356870568,-0.3587593215658549,3.052704609659541,1.7344073065016616,-0.4008584040339936,-1.2648465018206771,0.3190832681644733,0.6312546706850257,0.16493878983451102,0.39535731862330087,-0.35377775284240026,0.6080933261771702,-0.5766467338263608,-0.38952624405397085,-0.2927189902839488,-0.46753983983492114,-0.7392490765218829,-0.13689006881794602
Luca Pellegrini,Lazio,25,ITA,DF,Serie A,1999,-3.570262019984655,1.042675283036234,-1.5066347222012932,1.4848589266285928,0.550488608483066,0.4294643121891795,1.0204289021673623,1.1840679433007872,-1.0971698024850243,-1.004167204150157,-0.14400564522094225,0.24555223633644183,2.318472891390086,0.09715694190649662,0.8716231596067242,1.215346527150272,-0.3522863544506217,0.5324418038305017,0.07343415327074823,-0.2533885703794549
Timothee Pembele,Le Havre,22,FRA,"DF,FW",Ligue 1,2002,-3.20961080926132,-0.12854355568711778,-1.4468589403788612,0.023908660627858604,0.3399713464468418,-1.8493264692882712,0.2294567778349825,0.034101255514786495,0.14009118070864782,0.6830129233677026,-0.6023631759217034,0.2208002221375314,0.2639838951964998,-0.7674023597214205,-0.3554789486028986,0.5498031253051265,0.8261822518734111,-0.09898268932546805,-0.06522993631142679,-0.12232169810520324
Rubén Peña,Osasuna,33,ESP,"FW,MF",La Liga,1991,-4.460893754139108,2.646263786753799,-2.0926839424141837,-1.1739640654942551,1.0336850806510505,-0.3488015099443891,0.12506828511544082,-1.4393697710317321,-0.6303312068320239,-0.8570088831769289,-1.8736479126558394,-0.6339295526715872,-0.5329943068147402,-0.2746948811249786,-0.11339431650411623,0.7749631725557609,0.1899768299990163,-0.059574273483490245,0.09262853637318175,1.3428003500476011
Nicolas Pépé,Villarreal,29,CIV,"FW,MF",La Liga,1995,-1.3381580923664527,4.3220916654409525,0.29733513093887065,1.177230710550594,2.558674637522699,0.10573496885629648,-0.4469017129750473,1.038115100581217,0.7080820432320905,-0.1587257027614482,-1.3349055897381283,-0.21131033490916581,1.1314675178454734,0.004483494304409493,0.751336319987438,2.163775977477546,0.1883020380200141,0.7954270123854998,-0.5077805305674505,0.5655764101962415
Peque,Sevilla,22,ESP,"MF,FW",La Liga,2002,-2.0133187889813473,2.0567535305047255,-1.4253089796549991,-1.2354406711979657,1.8334437589102905,1.1000878485682122,-0.7542319621993723,-0.5483155463295629,0.19775494986743133,-0.22871917079393445,-1.5959855717827727,1.1406137266370178,-1.503490248826899,2.557091199428303,0.7304485917882668,-0.4375474508227702,-0.3173113452311974,-0.2911308990221573,-0.046125675932360645,-1.2054810719023
Andreas Pereira,Fulham,28,BRA,MF,Premier League,1996,4.840031552457653,2.4290189214814446,-1.8372580588837786,1.2400479143960172,0.7134488833658238,2.3944624306802793,1.297908567166956,-3.2772887078130606,-2.5658094842242414,0.19779153906768634,-0.003046861161628285,-0.017542545894219937,1.3484407310898783,0.7087038894770603,0.7966275599248119,1.4830736126509612,-0.280238148155553,0.3044924923362711,0.4231157691473419,0.10049033836076027
Mathias Pereira Lage,Brest,28,POR,"FW,MF",Ligue 1,1996,-3.049870354319832,2.399086162804882,-0.45971048134078807,-1.2272203916127957,-0.9954413372721468,0.2795094171865876,2.1189806559386404,0.17822360240484386,0.37689567077362546,-1.606404040661562,-0.5553673055363914,1.8925629217191282,-0.7542801164935297,0.718742555800157,1.077248798403311,-0.5260053838524354,0.7822099379748767,0.06491736240255229,-0.09016425639259443,0.01584078729289412
Pedro Pereira,Monza,26,POR,DF,Serie A,1998,0.7971940809681748,-0.32313466014292413,-0.5727737437569296,-0.3888608324691488,-1.2246275534891014,-0.10300692012215584,2.1876854685909155,-0.3581260563716838,1.3655361544135574,-0.1590583174725331,-0.8373108449167055,-0.7853191872512412,0.031781190380684964,-0.7779007029295387,0.6572291233192755,-0.29993995855613487,1.2763897983527952,1.656849576446706,-0.9573390879732548,-0.19552269116663892
Ayoze Pérez,Villarreal,31,ESP,FW,La Liga,1993,1.1891549744076415,6.524783360608832,4.108238450870956,0.37040865616772456,-5.194716043367846,-2.2889497333133098,-1.9313901555385273,-0.5376983007747234,-1.9210700246160217,-0.5661412376600132,1.4861604563778863,-0.8778368331228917,-1.6133558971270119,-0.1448929007825251,-0.33174412202942716,0.4972349572222632,-0.5451579169922544,-0.11685667142867678,0.4533154237414111,-1.0554121800963594
Carles Pérez,Getafe,26,ESP,"MF,FW",La Liga,1998,2.013862223203039,2.0713460535945116,-4.136411730846695,-3.852062650610482,1.3648641563839057,-1.1402909118433016,-0.5361716586970349,-1.4175361266926554,-0.24946303406956663,0.7997769314936692,-0.016914545783047772,0.2704672278043624,-0.4247169076004496,-0.5112703515526623,-0.5762031341285329,0.3081027109649675,-0.41657861661246925,-0.4680502862626487,-0.12246839086414442,1.0681863806288896
Francisco Perez,Valencia,22,ESP,"FW,MF",La Liga,2002,-6.530156937926255,1.7896655768349954,-1.9365144176344395,1.6203128709380237,0.6540217068580275,-0.46651459038460924,-0.49219861951832616,-0.0044959280039015784,-1.8482857573375668,-0.16628345505465492,-0.5141717238347147,-0.6808369323729196,-0.6070105634094455,1.3949194128266662,-1.5470447828661926,0.5137652350081586,-0.3736711413343003,0.365256287413523,0.5719954653078011,-0.03412359271299273
Kike Pérez,Valladolid,27,ESP,MF,La Liga,1997,1.7756566451903482,-1.6044634244722853,-1.3677238457162975,-3.0149986393933874,-0.902001646674697,1.324448576573702,-1.8114088679300533,-1.0268790213773415,-0.318827873366034,-0.4364986822007064,0.6583148167839652,0.1662747251961791,0.1599515662764569,-0.1513385213808622,-0.050209430560243705,-0.11589943142059983,0.34303258592691643,-0.4851274882936631,2.6237104674607745,-0.22380506668763728
Luis Pérez,Valladolid,29,ESP,DF,La Liga,1995,4.507396718518964,-3.4409164482938683,-3.9859746705830146,-0.4189511623688724,-0.5895382796642757,-1.5784033248981175,4.305128734933347,-2.7734706197487404,-1.1218319308540246,0.14249587357928503,0.6050795216625742,2.011539566620868,-0.30040110864012903,1.5022033352505022,-0.9236617014974209,0.7657370670422793,0.627285084401613,0.281564350528422,0.6704065128217054,-0.35534918006404204
Romain Perraud,Betis,27,FRA,DF,La Liga,1997,5.041229937368047,-3.3709880513355097,-3.607028065470281,-2.2057532828580495,-0.094190263048152,-1.8766897624140515,0.17380899398980762,-1.757563141294009,0.4298246507869188,-0.5302539583513932,-0.3253461516022832,1.167993310605819,-1.1602957096144968,0.17344964161187462,0.3763315071785896,1.4658988572607978,-0.24992481863408544,2.5727474943651463,-0.35969366467265756,-0.08190606323665697
Gaëtan Perrin,Auxerre,28,FRA,"MF,FW",Ligue 1,1996,5.995970582835112,4.835820985283629,-0.7166061401517354,-0.11735748910891194,-4.355601534572717,0.9286352377142407,1.164460135638615,1.5221734535469025,-0.08550974191106737,0.5422457964745575,1.3096743197242064,-0.6617864410131478,-0.8662230670455889,0.22353530556194845,-0.7802393853660203,0.057166124777516744,0.5573307532160625,-0.852255110845829,0.2471346888418742,1.7505454952712896
Máximo Perrone,Como,21,ARG,MF,Serie A,2003,-1.4580895526446256,-1.79785440421846,-1.2317566374675435,0.595262558447698,0.42037273904998734,2.8726252284734897,-0.5061686510109037,-1.3983189048811488,2.324197069251418,-1.3645471573846153,-0.0005662520013186215,-0.8828051969901387,-1.238783692886083,-0.5578601207779907,0.3073016013228478,1.2165528845330633,-1.1854682085100632,0.41555209261443915,0.0989579938952059,-0.20149868102031426
Matteo Pessina,Monza,27,ITA,MF,Serie A,1997,-1.9108345834982212,-2.244723392597271,-1.1259358424710113,0.6040406944256932,0.5167223620681802,0.11929715329576415,-1.9274164334217172,0.44936801809114085,-0.06738740360076431,-0.5401908616855365,0.6971725825082302,0.5978469552116001,0.24375400284801396,-0.7194661010723297,-0.7449310182494074,-0.09514762718719247,-0.6418451410686478,0.41753346624572213,-0.16614225423619272,-0.8572195350563105
Léo Pétrot,Saint-Étienne,27,FRA,DF,Ligue 1,1997,-0.2806597737610365,-4.326919731799327,-1.3843224106439989,-2.6768874161428453,-1.1368462201771183,-1.5885471779944471,2.259443197068564,2.69983107206826,-0.602745347198784,1.8020081038961744,0.597405788088871,3.0569716847919537,-1.4258244149445398,2.8494778352184267,0.8969499848375679,0.6241337137426661,1.1395830463772305,0.10627648993852098,0.5895622135061097,-1.0216048636929418
Giuseppe Pezzella,Empoli,27,ITA,"DF,FW",Serie A,1997,3.7717977823653848,-1.5630560264700928,-3.722202228102569,-3.0309748414982445,-0.046028048952429505,-2.4561588650839914,2.135685074502956,-0.20015703057131012,0.13733078682049404,-0.42349050584944686,-0.7353394561446117,2.071867746179193,-0.581735089050862,-0.3043250238269852,0.46950063656243946,0.7311511605676131,-0.014060394439208486,1.6160142050060633,0.5856236003206379,-1.2553248703172923
Kalvin Phillips,Ipswich Town,29,ENG,MF,Premier League,1995,-2.0702755840469598,-2.0185881376410837,-1.5422022936347175,-1.3523209599947243,-0.06594519651331898,0.8797386179765481,-1.1305308759286012,0.27470466797017484,-1.606877318065572,-0.4158035705700143,-0.7598964649928897,-1.0682318675779412,-0.1727501487252651,0.26888460916476986,0.2927992678232332,0.1351823881850085,0.3059394311589789,0.40456947869432563,0.5965585441932402,0.5537572628407492
Jaden Philogene Bidace,Aston Villa,22,ENG,"FW,MF",Premier League,2002,-5.2790632341080865,1.5990847882403325,-2.1583777485651643,-0.5909400468673972,0.5082666093186711,-0.6544383745689706,-0.8086593177199948,0.025462901148533015,0.6069547282541393,-0.4694025261708969,0.46955980201189934,-1.1469703851082684,-0.37094332265304286,1.7329446234860253,-1.165666341696188,-0.8288617028821533,-0.05540295350181822,0.5631462367699562,0.5750992155939652,-0.5712492800552295
Pica,Alavés,22,ESP,DF,La Liga,2002,-5.619485137166026,-1.498296504144452,0.3030797162212497,0.050950018699032866,0.9057048341255962,-0.4836541438428445,0.11147054242377458,1.2956052036914993,-2.336722967895585,1.27220040445752,-0.4753612683605333,0.0998397378329865,0.22239926725214923,-1.0779641691561976,0.12637685156716497,0.4783160975568913,-0.22495808087892383,-0.2463445248923273,0.001423788892348952,-0.1154197746867627
Roberto Piccoli,Cagliari,23,ITA,FW,Serie A,2001,1.6719386363233057,6.34359539497657,5.100851719140033,-5.65344491485123,6.479158745953535,0.3960076338293614,-0.6103224395521515,-2.4054256071871207,0.5679562794492495,-1.9450954915241654,0.9744884573403042,1.5713880412121843,3.6903670444501526,1.4009370090765652,-1.0178971007829531,0.2776299192316032,-0.6572593066942546,1.1061582403888512,-0.26086566358613966,-0.6144062648461487
Benedikt Pichler,Holstein Kiel,27,AUT,FW,Bundesliga,1997,-2.0074628210195953,3.692964590780039,1.141277002007182,-1.5051031587098633,2.632597994147172,0.3063489770710405,0.744792307915315,-0.7163734714768678,-0.18889261426350726,0.044883492783083095,-0.5244264945166015,1.4257908374113129,0.9458834886843009,-0.8597451255277905,-0.34258132080762305,-1.334916610359597,0.550354291202638,-0.8783032134842843,-1.010377727821879,0.7772921833852156
Amos Pieper,Werder Bremen,26,GER,DF,Bundesliga,1998,-6.201581177687491,-0.8041979109376015,0.09662186374541963,0.6604154106082437,0.66804370697494,0.1474992166904046,0.5384646054483865,-0.32220810406842,0.005356987964633372,0.5188398254765343,0.4394828316479034,-0.8697288284493392,-0.04303377819188127,0.2522125976508396,-0.23451134713888946,0.1404958821087498,-0.8933916133290573,-0.8843626507690141,0.3378931417021583,-0.15901400299019164
Marvin Pieringer,Heidenheim,25,GER,FW,Bundesliga,1999,0.4256202048136743,4.435475349642855,3.2929312893733327,-3.126375721747798,1.4164605165533852,1.4059960533575195,0.8765935364340499,-0.504053113925025,-0.8542052433593716,-1.2088864995339823,-0.13708514648018896,1.0990037954368033,0.08158806161683854,0.2397531764523266,-1.6929424204191934,-1.2113280424561224,0.5361912364625265,-0.2799014247440128,-0.7460202511473547,-0.13530619113467474
Santiago Pierotti,Lecce,23,ARG,FW,Serie A,2001,-1.1470828819172876,1.8115993673245503,-0.4036078330709208,-3.4596305415829143,0.2691932479675114,-0.41134203408661024,0.22320815949624148,-0.15084213356760087,0.48037328344905905,-0.3396928026273046,-0.707968207432347,0.18804714502957104,-0.22016182442066368,-0.44194092465610074,-0.8307832646296999,-0.4614968005759408,-1.2159651375734184,-0.12547733734468938,0.3660554709758078,-0.16421055915226376
Balthazar Pierret,Lecce,24,FRA,MF,Serie A,2000,-4.3661459275982395,-1.282982221372113,-1.3359511234782924,0.1521713721244701,0.15862934394143546,0.29268688708294777,-0.9464345747257924,0.5256124765658391,-1.1309750917829573,-0.4117402410643598,0.24701140718194178,-0.22484318827063518,-0.4845548717953083,0.023221158327591144,-0.6540152236124324,0.5722654513551545,-0.610246787548822,0.08671125716024146,0.21500985267876108,-0.08619867158994282
Andrea Pinamonti,Genoa,25,ITA,FW,Serie A,1999,0.6723891077260826,6.010691513615736,6.108638258716161,-2.4881583109214955,0.4981924823031675,0.6335445514792724,1.026240673631644,-1.7782712837478023,-1.6469630176052652,-3.130602101416069,0.03612827619072931,-0.456759085843717,-1.0488090685220735,-0.573145365176808,-1.0769792234668236,-0.5675136420987891,1.1660753245545599,1.2619800124165486,-0.8893929738023497,0.08699227201290098
Ethan Pinnock,Brentford,31,JAM,DF,Premier League,1993,3.073436832997056,-7.714101512545879,5.5882826073346195,-1.5864338154644166,-0.6359799602364719,-3.097096086380065,3.300354220505176,-1.3707731916209125,0.7529045519388097,0.5947549254954438,0.7080353544871824,-1.1383718132691683,-1.1172191675907133,2.057425160233533,1.5728515651452657,-1.1418751151396345,1.3415861024774611,-0.8643273908138327,-2.166427971451768,1.230043544022262
Yeremi Pino,Villarreal,22,ESP,MF,La Liga,2002,3.0568076918602585,3.2334623239609344,-3.0286952277374013,-1.4341609133233115,2.6316029988037464,1.0163896352052346,1.0221009105300687,1.0716129780164683,-0.23312875700732785,1.281397868426156,-0.17872912552438194,-0.11247144312245227,1.8823786399185898,0.6015948052104025,1.0489551328097304,0.3887165442019443,-1.8610668815800495,-0.5393164610695801,-0.7516856484969519,-0.2948773935568102
Niccolò Pisilli,Roma,20,ITA,MF,Serie A,2004,-0.7766740867314285,1.313708559550047,0.4843816788563994,0.8254845002547986,-1.1295108045008022,0.7265375591605685,-0.678916239050566,0.8476694864945765,-0.48251162135508946,0.34560389370074135,-0.09933888027617294,-0.1572862729485575,-0.4175971767591482,0.9937097104162457,-1.220883089006683,0.5131380222990054,0.9076138768389411,-0.07253850578013721,-0.039289300222394845,-1.14641471090596
Alassane Pléa,Gladbach,31,FRA,"MF,FW",Bundesliga,1993,5.264417294120185,6.273958507181319,2.917656273178842,2.9429198093353084,-1.8355442110945137,0.6578913154913287,-1.0785881919669689,-1.2305718615902241,-1.3024957191248852,-0.8684158795933226,-0.03116257630618371,-0.447053500998628,1.6567351830082022,1.91345851450913,0.6055152316758985,-1.196916373933911,-1.2511942641134361,-0.5068009784995782,0.4782005929038763,-0.7882809791486779
Tommaso Pobega,Bologna,25,ITA,MF,Serie A,1999,-3.055351196860254,0.027352912542048708,0.60428062351522,-1.383404178399837,-2.083757637877508,0.4522770378087197,-0.8386524326194691,0.7822770682234622,-0.8800433910762291,1.2975114118108508,1.1359033522462254,0.26535215841345094,-0.12201390075957984,-0.6302803930704987,-0.22826167848712714,0.5729342507552172,0.39381724437331994,-0.18932060494539837,-0.1471058116690501,0.5396371067965723
Joel Pohjanpalo,Venezia,30,FIN,FW,Serie A,1994,-1.1012327795675845,4.496790296449075,3.6816950934868458,-1.600792392064705,3.7862648730509365,1.594404316411827,0.695346188974234,-3.1032533335619616,-1.5754242742351026,-0.25323000489248326,0.036841755456112985,0.12047472117401063,1.3927985760141603,0.9338535434539719,0.05955823113500741,0.7993414026572115,-0.3905857130043565,-0.3110246941206567,-0.85048056546177,-0.4405426986546745
Matteo Politano,Napoli,31,ITA,"FW,MF",Serie A,1993,7.135779317991852,3.0158913314126186,-4.64981791335184,2.5219866331985497,1.5539696695054073,-2.644979644426469,2.890643845559611,-4.655688617751813,-1.4081644049880702,0.43476144393536703,0.5855018819660652,0.1755691695582054,1.8887948316535519,-0.3411865739941864,0.23693703724610193,1.8333351388511239,-1.4320667799109985,1.0258081503181176,1.2751551973234718,-0.3530069996284124
Finn Porath,Holstein Kiel,27,GER,"DF,MF",Bundesliga,1997,2.20058118992636,-0.9404440056119391,-2.8202785302965774,-3.170094438557217,-0.4574495396336365,0.24122717252741516,1.7986487777204343,1.4503103701462892,-0.44144670262628827,0.1744233187417871,-0.7789518169145996,-0.3393684086711834,0.5879462777929882,-0.5990593390949333,0.018686597741584973,0.8465936908606239,0.9603589270295553,-0.6353516085609175,-0.32783648581068414,0.5931849992639893
Pedro Porro,Tottenham,25,ESP,DF,Premier League,1999,12.887350768958662,-3.4260401470274804,-3.0909965001083934,0.8006946183498374,-1.8164633630632903,0.49037366528025056,3.998873955434515,-1.3116064769833913,0.056599595391114074,-0.7944260084590365,-0.6196596144440433,-0.9789090586004993,-0.2828968738087868,-0.39524506025619144,-1.374057941842741,0.5626487559813967,0.5679436047103034,0.7056833995642583,0.5525051708272938,0.6452713154063454
Portu,Girona,32,ESP,"FW,MF",La Liga,1992,-6.718864134157181,1.3973117207247052,-1.6183484298789323,1.0814948067813033,-0.020888360828424494,0.19135108038738996,0.6083045250557516,1.7184511391723718,0.047925616983002496,-0.5329692902801908,1.4814168472114078,0.249646841127575,0.39446108711644035,0.4393294103716005,-1.224791255815837,-1.0783162106698474,-0.247411697665366,-0.14921412329705383,0.26320816812216574,0.1590829381864977
Stefan Posch,Bologna,27,AUT,DF,Serie A,1997,-0.2022341483151693,-2.3497254430918937,-2.693505397984495,-1.2839054730374797,-0.42154390042960443,-0.3355296564194462,0.607433347801381,-1.1481827315820852,0.046048189963958354,-1.2057825092372463,1.2928765705088705,-0.06144162267213092,0.04122439708540587,-0.8299242646242,-0.339178722354487,0.00030468102251434434,-0.5821814933795075,-0.29971079458824523,0.4603506821769707,0.3617753531972181
Yussuf Poulsen,Rb Leipzig,30,DEN,"FW,MF",Bundesliga,1994,-6.78626920319819,1.853369285897524,-0.5711213441526164,-0.7690922330489667,0.358200004086034,0.3610677128587482,0.8902678821293957,-1.1568428715713939,0.8761330052302133,0.2499146712477921,0.04070139030147846,0.6332836917929369,0.9497918874889704,-1.7481791469081267,1.0735971189930957,-0.677849985896027,0.6861497725816528,-0.39941516686710254,0.20343093856118524,-0.14749564760657854
Beñat Prados,Athletic Club,23,ESP,MF,La Liga,2001,-1.1053166107858317,-1.0793049133996369,-0.1213085694253521,-1.3807077954657467,-1.5434848197992843,0.8877988504721172,-1.2353894834755796,-0.9938943377252846,0.05671941194844947,-0.6808648620528708,-0.8123612657363065,-0.25729073874769326,-0.482588336050548,-1.4310966246024646,1.3726835665095032,0.9957839073996839,0.4232558907418824,-0.5129403035408857,-0.46929523855957783,-0.5241004281635209
Alexander Prass,Hoffenheim,23,AUT,DF,Bundesliga,2001,6.150149674056968,-1.7459895055486425,-4.043125812204036,-0.6502824569758631,0.5115828062928184,-0.9366786317227216,1.0525480771612625,-1.956204666745915,-1.3431063576480737,0.2519687523580102,-0.29588257704123483,-2.937715396974343,1.6475856943748806,1.242732229549264,2.1090547901868644,-0.7661239642773743,-1.6217061778887387,2.5836838530163995,-1.560100904630187,0.41890830493564857
Matteo Prati,Cagliari,21,ITA,MF,Serie A,2003,-6.956836512019312,1.0100135473902585,-1.90608087247642,0.9626444427531555,-0.04082159994215132,0.40315609118646556,-0.5503497995489699,-0.3079650557806899,-0.17506094333169944,-1.598043443460129,0.2527659974187427,-1.7515680631031816,-0.8324533260816089,1.575649490639376,-0.5007858141075441,0.05143196848499463,0.1385208853748295,0.6824711159654129,-0.1505896239861428,0.010448846252725729
Abdón Prats,Mallorca,32,ESP,"FW,MF",La Liga,1992,-6.9597067845368,2.917814487272919,1.4702431849734205,-0.12991892730272672,0.3374439037669733,0.4737794510374419,0.029968180528938782,-0.8257920547115464,-0.8720796746569627,-0.6695993173241979,-1.0137506519543535,-0.31612133000732723,-0.22441212782647213,-0.2916170407219552,-0.038162096027908855,0.33117543916873265,0.06234073443634515,0.23507775030290382,-0.030543780099042912,-0.5928263324399614
Javi Puado,Espanyol,26,ESP,"FW,MF",La Liga,1998,2.3461806032607524,5.469544579424585,2.9535065285767694,-0.4667775469567818,0.033657212288603806,-0.4924179833888916,-1.4703887292916817,0.31582798954484126,1.2784683407037076,0.17704408641624536,2.0461626688919177,-0.0645753966550389,-1.0025035187705298,0.10153440070307203,-1.5668942186881294,-0.6540222927529334,-0.004934087562009251,0.17394937440926836,1.4519584562431807,-0.38124097921617073
Tymoteusz Puchacz,Holstein Kiel,25,POL,DF,Bundesliga,1999,-3.820029745756883,1.195545200116612,-2.5102290483605976,1.1118239766726148,0.20140856684438152,-1.1715311707226996,1.526057393330076,0.6603365379699913,-0.3678987801237807,-0.22306119639116054,0.4402397443534252,0.4710095489644499,0.49374876230581766,-0.6217133041648814,-0.544264177619017,-0.5783655912132429,0.5008984050666744,0.21448527597389583,0.6517816706616444,-0.6782301989302125
Christian Pulisic,Milan,26,USA,"MF,FW",Serie A,1998,6.372442983146817,5.661885814435834,0.05199544053397559,1.6158108222074086,-0.7372510169636111,1.7587072436507303,0.8105636404477519,1.3031274036402625,-0.0587038710067774,1.444761154037232,-0.15555521056850816,-0.7121529569015845,-0.7930297089491596,0.944264914445012,-0.5215599854404582,-0.8788714795518268,0.2907398772759401,-0.1975302880087038,-0.9477349942573944,0.641042483802232
Jarell Quansah,Liverpool,21,ENG,DF,Premier League,2003,-6.472793020676202,-0.8330149822382349,-0.8802110421416076,0.8632035831463021,0.19434305468086194,-0.6053733375963257,-0.3149054654543511,1.1904356158676181,-0.0015533459843704712,-0.6127640197465598,1.7100842624569326,-0.27001867899610754,-0.2833785765634769,0.22966415277110375,-0.895411341318038,-0.2376178496465469,-0.39357088221098063,-0.23498560543725297,0.03172263830343062,-0.2501154268500128
Leopold Querfeld,Union Berlin,21,AUT,DF,Bundesliga,2003,-5.087055692515892,-0.8854781514762236,0.43672798549498026,-0.09780612942934569,1.3518020000346425,0.13166770789449733,0.6731980566329473,-0.5110031452193172,-0.7032915323537047,-0.21261698084981095,0.2994994795871296,0.016669925250708355,0.08668398050249541,-0.4726774362742055,-0.010398692828339606,-0.14484542465020872,-0.08994112393094797,-0.7734491551533983,0.47466037130680244,0.24429156221839254
Dani Raba,Leganés,29,ESP,"FW,MF",La Liga,1995,-1.2611123558380175,3.2286768578016507,-2.6187224010723975,-0.2305152056444959,0.40462712421934655,1.0879337445697013,0.6222516504210565,2.8485169081022788,-0.5137302131201268,-1.0802201225275543,-1.1787645632977446,-0.6126366668451587,1.9595315334507817,1.3325832171544674,0.9241648698412958,0.3635760561342704,0.14428651421851765,-0.3888232397794713,0.2909832122843392,-0.992540771828285
Adrien Rabiot,Marseille,29,FRA,MF,Ligue 1,1995,1.3608585988236823,-0.4981362261207436,-0.5426262699914882,-0.47830144351047443,-0.3833905473500726,0.12703272213666006,-1.5994371317739053,0.8568617217100174,0.7191660082590251,-0.1360556140835882,0.4163227495077461,1.254808918316469,0.21698094523070408,-0.7369619370211112,-0.9905800995202184,-0.5046092290015063,-0.6286086568500758,-0.07223507955129572,-0.7439114450357148,-0.3677963190750434
Hamza Rafia,Lecce,25,TUN,MF,Serie A,1999,2.898551678326094,-1.7107449693485224,-4.37589386842067,-3.013994496079591,-1.0596351264618253,0.7609277091584838,-1.717454135941437,-1.0887196085491264,-1.7738715567795245,0.7439338208237998,0.13495987577231952,-0.06988518449019597,0.12755066584520125,1.0017529435760137,-0.6533727829448135,-0.25076963949050607,0.33893891390246816,0.5889962738725082,-0.2825691951896416,-1.2051700923637974
Antonio Raillo,Mallorca,33,ESP,DF,La Liga,1991,2.8272391925394245,-7.231716893658739,5.7055089527899,-1.1036811874832542,2.8500105591336125,-2.2173455722261988,1.3660163905623208,-0.7159137288086163,-0.8737471446349481,-0.5484063426716491,0.2132832243399034,0.08744705724234583,0.5514076966623275,0.04494528138286191,-1.1417952185642748,-1.4290882853017104,-0.28325799067006074,-2.3359502823581435,-2.0305664054164536,0.6264508801394486
Ylber Ramadani,Lecce,28,ALB,MF,Serie A,1996,1.8051852226284546,-4.1625280043235655,-1.1673411024869527,-1.9350988810406686,-0.6092489381369809,0.19771576547069378,-1.1215731712479096,1.1730186035876704,0.5145309131967661,0.515823546285694,-0.03793332840890899,-2.249930736597599,0.007332479136620129,1.5489922461259784,0.35102186675265457,-1.5086095972984896,2.3352493598438624,0.9242836916396845,-0.4086729881319105,-0.8812823222937195
Benito Ramírez,Las Palmas,29,ESP,"DF,MF",La Liga,1995,-4.122158586278766,0.7970231384754618,-2.7208405236517796,0.5014356918383533,0.13920173936229918,-0.2757341175225093,1.301437480055844,-1.9821643388180936,1.3310009991641545,-1.6308725480352664,1.2033960154518246,-0.9945707779113269,-0.8162081606988083,0.38870899524509367,-0.7599805606559316,0.3997764073108323,-0.5116853861808441,0.10959160525885661,0.027649667046001587,-0.5059561401909175
Sandro Ramírez,Las Palmas,29,ESP,"FW,MF",La Liga,1995,2.440494361902976,4.774961229381766,2.8555982508710405,-0.059225433639904936,-6.2974718864864165,-1.4128245764521243,1.272061411327764,1.1049552200904187,-2.023505252882732,-1.3399835647805984,1.0834759689255213,-0.3577203929356323,-0.923590629889936,-1.5328552150144454,-0.20407926355769004,1.1337096458538103,1.3956226974357933,0.8961298064508657,0.29316736487602835,-0.9818869861830988
Gonçalo Ramos,Paris S-G,23,POR,FW,Ligue 1,2001,-5.907099477772675,3.805743873855943,1.620220003712271,0.6684567970981805,-1.585466707283521,1.5591663545207617,1.978496948582144,0.42186722722014847,2.7917641691920285,0.788414712535169,2.2802671710603515,0.5202237423248245,0.5924033700921122,-0.8088138469882944,0.7158731376712212,-0.9726641922245615,1.9025152102761198,-0.885498959484159,-0.24642761065375313,0.12464048938164356
Jacob Ramsey,Aston Villa,23,ENG,"FW,MF",Premier League,2001,-1.370655337116864,2.1754032436017368,-1.61950443805221,2.132674424646808,1.7386134141368388,-0.649480519406717,-0.917411208824192,2.1946788941078013,0.16133695286854222,0.8512340696416182,-0.640456425436101,-0.08886680766661915,-0.15814059007106557,0.5308235889192433,-0.566786332924432,-0.12101850243730128,0.23865104440202256,-0.7104972950486943,-0.3100479278002166,-0.16359118508710807
Luca Ranieri,Fiorentina,25,ITA,DF,Serie A,1999,1.2259104767939828,-6.839050151210475,2.5337288781378615,0.8307158406186165,2.1903403500548606,-1.19751470984715,2.043290559419095,1.263873631157113,0.8116749673725071,-1.996695311592052,-0.36035418567231275,-0.17087298783694066,-1.5019562291888224,1.9663649746730756,0.512675077154086,-0.44067062790346007,-0.3771263821053237,-0.735439654814901,-0.09217520939810743,0.5536702660974653
Lilian Raolisoa,Angers,24,FRA,"DF,FW",Ligue 1,2000,-5.2566808657019655,1.6669402956711752,-1.6984666894947933,0.8718870266709915,0.6648954931410749,0.16474104636293388,0.0018322138931492105,1.0619910415171208,-0.8094836549862185,-0.5830689096117235,-1.1553146861338113,-0.09153221826948438,-0.24281885603368597,-0.9805849548280924,0.3686118503849872,0.07813607585605345,-1.1520158473017867,0.13334206632982212,-0.02501446473707793,0.36348781429132515
Raphinha,Barcelona,28,BRA,"FW,MF",La Liga,1996,20.880784269012462,13.10595062893396,1.807406226096728,3.2085040922340937,3.168995689045223,2.8932175403534175,3.8760688180247937,-1.217750032959713,-2.605390063898767,4.325662056664059,5.39331401280313,-1.84254254514219,1.3195269884222856,2.6018731682446448,1.8918515815155899,1.8931685342628064,-1.1615928290753876,-1.3425485708800786,2.001331762608207,0.22696822850924728
Marcus Rashford,Manchester Utd,27,ENG,"FW,MF",Premier League,1997,2.014753500436711,5.135284820159945,0.42840852941699875,2.2412461302817035,-2.65018997771653,-1.5614027275942726,0.5268022732107372,-2.0995914851681334,-0.31554094363380525,-0.5170766318626582,0.49807243493525316,-0.3245950112093024,-0.7566859654846507,-0.5664665897705674,0.6219326944700253,-0.011896636395935951,0.6721312100786979,-1.302067473115572,0.2557943998331969,0.3486110198242049
Giacomo Raspadori,Napoli,24,ITA,"FW,MF",Serie A,2000,-5.555285103810203,2.252342740614329,0.010153255328500591,0.7948720251976049,-0.47047558562879516,0.2327197408031663,0.23863009746505384,-0.571210082386562,-0.40102848668749325,0.4056146512664469,0.23760175856941335,-0.036960127982072585,0.009013703401439505,-0.23217051712899828,-0.0009700244887253598,-0.45651303758793654,-0.6960141429135509,-0.1395474041896298,0.37128066143109606,-0.3529165390942506
Andrei Ratiu,Rayo Vallecano,26,ROU,DF,La Liga,1998,7.667215265722272,-0.8592710481770801,-2.6290713109827895,-0.9752417211188605,0.43626499595639906,-3.3545573270982936,-1.421294304201469,-0.22350010466988687,0.8313092800988768,1.7110007477533464,0.8291380055971228,-0.14001356413855584,-0.10460647339803561,0.31145796131801357,-1.8692714921001137,-0.7149989566535685,-0.5046710228044154,-0.2213050304273005,-0.42821017695411,1.1072447765461164
Raúl,Osasuna,24,ESP,"FW,MF",La Liga,2000,-5.115738875016657,3.1969811665144103,0.23978851863021003,-0.07754277791533687,0.29606923597082324,-0.897692239941875,-0.599294470703493,-0.03991911555020658,-1.3909583700140185,1.0366266503391304,-0.35762898935610843,1.044478270886801,0.6430860606382716,-0.9295563833804408,-0.2305711234599777,-0.422411426698047,0.594494235898731,-0.0953954239490853,-0.2727538799615781,0.6241856141169421
David Raum,Rb Leipzig,26,GER,DF,Bundesliga,1998,-2.517413556001423,0.6979923639946075,-2.3105347339419016,1.572327286701225,0.22086238175767417,0.29524749545251877,1.8497326028249408,-0.7246011595436488,-1.3154780224133595,0.44719665864408126,0.19426545328740663,-0.1393430973323985,0.020895193193915865,0.38935751723658424,-0.5143814667178169,0.13844561079510206,0.4540209433489023,-0.6474743742226433,-0.718531353973572,0.211536077361234
Rayan Raveloson,Auxerre,27,MAD,"MF,DF",Ligue 1,1997,-2.2339266070417256,-0.30155446858705554,0.38660061236551974,0.15189058627294894,0.16241629253633044,-0.14517190790213358,-1.1124485790000629,-0.375664840463393,-1.1118991117835388,-0.528969289066251,-0.5385645236491281,-0.6887761868659049,-0.5669067894739466,-0.415760662976805,0.5126807446704355,0.6339901311521905,0.535662881552615,-0.3668293598121804,1.1167179861333731,-0.3697317245241742
Abderrahman Rebbach,Alavés,26,ALG,"FW,MF",La Liga,1998,-5.092744802763926,2.7800196391392045,-2.1788231465034116,0.441452996156902,0.9542204111061248,-0.9181448039104068,0.4723100843489005,-1.682440885154373,0.008698757310646907,-1.717354991733834,-1.4483375257793427,-1.0540338824612259,-0.9003728510233342,0.3951079047876247,-0.5898969185749037,1.0752212495771196,0.14245045097326406,0.4446141243218116,0.3221918507219769,-0.038200616391458275
Ante Rebić,Lecce,31,CRO,"FW,MF",Serie A,1993,-1.9481992051994423,3.600413888645924,-0.7062078203877964,-0.9656018078990988,0.785335685570935,-0.12285969647347951,0.6675230083921372,-3.0980239439270174,-1.0885110600242298,0.552500613102885,-0.6180949920717959,0.701679971743851,0.2640676664450542,-0.09381614921959879,-0.49086136066861025,-1.2058801964583818,-1.4469574959204157,-0.6826846208128914,-0.20358525767037364,-0.04617562434491352
Bobby Reid,Leicester City,31,JAM,"FW,MF",Premier League,1993,-5.820002020023549,2.4525118014683533,0.31060309816623705,0.33420578625091063,-1.468065521189263,0.27157417661046585,0.07364128922412844,-0.9662119756700593,1.392208191554523,-0.5557439637515881,0.08258656722842288,-0.5719459833731424,1.8948358935086065,1.112988336674422,0.7950092802179314,1.199292148136072,-0.48729455611357697,0.06641020656065062,0.22440352424554624,-0.46111404714896576
Tijjani Reijnders,Milan,26,NED,MF,Serie A,1998,6.923139368483631,3.5113147856568356,1.9891453770904397,4.777717586151,-1.7226405436680627,-0.5152662309387344,-2.635853292109814,0.48784542881092735,-0.8144505653896043,-1.706888690362227,-0.5280596765591703,-0.9349125902066948,0.08838378320773642,0.8318532478893329,0.92064253671379,1.3732440064994678,-0.3387211518051262,0.372021053487623,-1.1379431106269533,-1.123032648333725
Rocco Reitz,Gladbach,22,GER,MF,Bundesliga,2002,2.8017978051183,-2.746426182338197,-1.6924111216128903,-1.7541511983184632,0.2063430752356001,1.340979834601216,-1.0108367641966556,0.7959507092513575,0.10531436551831572,0.025332335250625945,0.027962904174775472,-0.7578061338452097,0.5060976877754458,-0.2729693445781202,1.834731168515493,-1.2932358018892982,0.941123214368343,-1.2412249750881081,-0.11549518312307801,-2.269189721544946
Nicolai Remberg,Holstein Kiel,24,GER,MF,Bundesliga,2000,-1.156349117730722,-1.6158297507887804,-0.17354880809327722,-2.42573532262525,1.308657348562529,0.8728288754878225,0.726067153200533,0.17364118388562838,0.09234383695235765,-1.5520489791568688,-0.3056469251065983,0.7833423307706909,0.7940414732589742,-1.0841297807473926,-0.08406890656086738,-0.5469707219073954,0.18508607685893244,-0.3687029843799704,0.31815380781915614,-0.7271288998062035
Mateo Retegui,Atalanta,25,ITA,FW,Serie A,1999,2.9541821842160227,9.753741729581208,8.445414747245582,-1.865387213265991,-2.1229563495103654,2.2090003393662947,0.8609529494975484,1.7915361726472072,-0.7122251416893721,-2.3600613188292794,2.764388640893403,-0.5673117377852136,-0.4872721988262762,0.23876846850410857,-1.403668055288217,1.7571294384063962,0.07566970712397654,2.175539152475745,-0.37099960200456344,0.18826429056005425
Elvis Rexhbeçaj,Augsburg,27,KVX,MF,Bundesliga,1997,1.5465466138673403,0.595566517689312,-2.126152583498424,-1.3983050591470305,-0.742129012721336,0.2117590216554064,0.5115770856898126,-0.5200586788668831,-0.03856346616955151,-0.7674373438119663,-1.0537579538297188,-1.5204091401944226,-0.3665085811346719,0.05077282701921138,0.12738224736499795,0.16427225710977034,0.3823343074777208,0.6863802766512299,0.04539857365275928,-0.4602215096973555
Alexsandro Ribeiro,Lille,25,BRA,DF,Ligue 1,1999,2.763809458407677,-7.903677026052335,2.221914891355318,2.2871867990056054,2.084755743272093,0.5577609071164941,-0.4668779395487526,0.5759153461346013,1.8254124527949043,-0.7558101035699426,0.17819921230791674,1.912996470290315,-0.6738500821413694,-0.3255142931637569,1.1229049613106374,0.11162167341075141,-0.3750043851944988,1.2665932521504564,-0.07931459706124774,-0.4120184577944477
Samuele Ricci,Torino,23,ITA,MF,Serie A,2001,3.995715736323965,-3.113660197986954,0.5155053455654055,0.7716722827138672,0.5392168892012272,-0.260441770362586,-2.7649750298877933,-0.8278527523763024,1.2813924873556086,-1.2031046895724156,0.5374432053702062,-0.09877365661579939,0.8613259191830264,0.3891534185200338,0.13716625881513084,-1.8403633590358044,1.442204735128476,0.8279800577005555,-0.44641461110316294,-0.9461858419426273
Declan Rice,Arsenal,25,ENG,MF,Premier League,1999,7.607917645515518,-1.5403863397754591,-1.0847854690566723,2.430689467165513,1.0478442721083945,1.8148993432151972,0.8558390114433608,-1.2239248825785594,-0.612509674244306,-0.46991381774630553,0.6901847854528049,0.2752672005074904,0.03878534164113842,-0.512724757195383,-0.04369454727855008,-0.27376754728520625,0.20900316462345625,-1.622125173576772,1.1934909310485315,1.870607995341358
Chris Richards,Crystal Palace,24,USA,DF,Premier League,2000,-5.269103046785851,-1.2867977774671986,-0.8801722231661773,-0.9072508508934662,-0.3066085787900486,0.2987371383599115,0.46148211426254715,-0.6439201249832995,2.2714608873101967,-1.3299432205048018,0.9425533504120963,-1.393948395791215,-0.7668121549069072,0.7516711020004582,-0.7285047098675557,0.4285938859873867,-0.5011393384632267,-0.6876255162988169,0.24474500673798472,0.3138638432579275
Amir Richardson,Fiorentina,22,MAR,MF,Serie A,2002,-4.313204952942582,-0.5038518153430673,-0.4472813722442419,0.8473413029563208,0.47673905975380376,0.11389312160944098,-1.3546467935163546,0.7934549721761519,-1.0126305332099004,1.4941676743241386,-0.3709383531916817,0.11729542000834285,0.3640705710965339,-0.7217775756985738,0.8669931903109961,0.22390634128141523,1.1787774439066692,0.9654561054641618,-0.6992132991074209,-0.43772541841338797
Diego Rico,Getafe,31,ESP,DF,La Liga,1993,7.375506664545754,-3.3078472307780555,-5.162538295244424,-1.1816602447503421,-1.1049935418671897,0.8055210304453853,4.101833799660985,-2.1517873028868375,-1.7754911936574902,0.07766493105296987,1.061419861452884,0.8207040454980475,3.2218660129298335,-0.6070986777895361,0.02838807826921672,1.1927389126516588,0.12293466670354208,2.4829435923627616,0.49664562412151614,-1.648154488792806
Fabian Rieder,Stuttgart,22,SUI,"MF,FW",Bundesliga,2002,0.30107701945283505,2.8971699379168094,-1.9213870507107256,-0.33262024092039966,-0.5886863820106408,1.832708464820146,1.1207654813678827,1.2143092857846318,-0.194994506955835,-0.6008614447858307,-1.323132063157636,-0.6868264036078165,1.2986428456504429,0.9976545309929916,0.31202106249461126,1.6884036746999145,-0.22132453481415687,0.33421912798859,-0.8315070819292031,0.35993982072502845
Luis Rioja,Valencia,31,ESP,"MF,DF",La Liga,1993,6.354505187075736,2.317376969190772,-4.220557208985704,0.9938804340019091,-1.3934162122385116,-2.451697038640669,2.1981056302333215,-3.5073599823267925,-1.729159201553708,0.24261163155123708,-0.7243395823521849,0.7248860069427218,0.5322806526000325,-0.7021117769691417,-1.238687603143973,0.19254021341763658,0.18147001541230884,0.3006495749747327,0.8528843042836242,0.19593611146535542
Rodrigo Riquelme,Atlético Madrid,24,ESP,"DF,MF",La Liga,2000,-3.131423274078378,2.092943542951033,-2.1105565390575474,1.1693527844092528,1.2592182340039424,-0.9552914424983217,-0.604838823135068,-1.0628506565180538,1.357974759949069,0.08530233699817488,0.7867607195769554,0.011042561455797963,-0.31764582271615066,-0.8814444410749163,0.34930329868096116,0.6146994842184967,0.41944162457069056,0.01710649782599102,-0.29566595407398094,-0.1877699742929935
Lars Ritzka,St. Pauli,26,GER,"DF,FW",Bundesliga,1998,-4.011429756165919,-1.085881615868357,-3.2068998393150117,-2.889651172666264,-1.6150479254852927,0.8448934367540387,0.9868315987694363,-0.5651010416275886,1.9167178592825687,-0.5435331838434828,1.5205140099101264,-1.9017510408409628,-0.9745147908583182,1.6751380507970322,-1.7426662397315116,1.0023894138056666,-0.08235994775805044,-0.35543835993006634,0.5492062543260422,0.2188847112659967
Sergi Roberto,Como,32,ESP,MF,Serie A,1992,-1.5936415723378026,-1.084128970269523,-0.9627846543522114,0.674981967421567,0.9621376723864886,0.3826458765962947,-0.27792538829649543,0.6784249071394752,1.5240424629857603,-0.18350605094313546,1.3366596779975166,3.936273418464908,-1.8855092176274402,2.674837165326269,1.2483564779016723,-0.6325721218829813,-0.4305961131647837,0.26675763265697167,-0.5435545182687055,0.4335983067410688
Andrew Robertson,Liverpool,30,SCO,DF,Premier League,1994,6.4333626092531615,-4.1966641915415215,-3.3823607990766176,3.1297111331052787,0.3754664056161057,0.6685641496897338,1.2660649783854405,-4.180605690018816,0.19561226304558776,1.321193541159036,2.1208496845692753,2.3375199182646957,-1.0970684747981856,1.16921182702345,-0.2957627977835652,0.9509199243077575,-0.09275707396842253,0.29059243394477496,-0.41599706584072826,-0.17707876419495516
Antonee Robinson,Fulham,27,USA,"DF,FW",Premier League,1997,14.913817553705814,-4.392310831572614,-5.648552656147901,-0.9872451923444528,-0.5558912822080689,-0.9884467369765411,6.535946352779979,4.470639754532448,2.2817150028144835,0.7547313898937154,-1.909463194406133,0.023629143431054694,-0.008808065443873626,-3.48200389219049,-0.835697723877169,2.3927288628257273,-1.028839331589486,2.0086978722391167,0.060395860219216176,-2.271208144101214
Marc Roca,Betis,28,ESP,MF,La Liga,1996,-1.1528967737560647,-2.405595232270943,-1.0966387141319733,0.7866268223190075,0.8646740859674802,0.7331242615726182,-0.8440293841232711,1.1618347500137227,-1.0346268027277588,0.21873064365688372,-0.661116075285233,-0.754764704234876,-0.5699632189100352,0.7490831164679421,-1.1460846364325432,0.015437716787018288,-0.44692361693454596,1.0252622111505174,0.3108212128509849,-0.42162000031919705
Álvaro Rodríguez,Getafe,20,URU,FW,La Liga,2004,-3.7454959319462597,2.701604291195979,2.5842882658391573,-2.8464190668126017,-0.6606913730408339,-1.4461097727963081,0.1676256893425547,-0.9087334744011507,-2.230774639312398,-2.755717694231111,-1.4304145132130142,1.3942644050868158,0.8284443895390459,-1.2297515015790381,-0.8398358534325359,-1.4903369480453355,0.1405658823281699,-0.5323030976277444,-0.3858722591366929,0.5361535854712381
Óscar Rodríguez Arnaiz,Leganés,26,ESP,MF,La Liga,1998,-0.15278358503863768,2.231294947131366,-1.0371399913885941,-0.5570111195075851,-0.3014153195949641,1.1606237698665232,0.6564821484295406,2.194204583966399,0.02694731849300171,-1.47845608481959,-1.168711626641495,-0.24540154293491898,2.0347315783737367,0.06811419599243301,0.8777933816838333,0.9726193017263801,0.21912475898799927,0.18687278937955062,1.991783333689569,0.9407234088807207
Damián Rodríguez,Celta Vigo,21,ESP,MF,La Liga,2003,-2.4103971552455463,-1.3024295674375244,-1.7659466444843657,2.1662986877377266,0.18295399218632127,1.8215592220398866,-0.9023892061275494,-2.265071804502661,1.3901038480991086,-2.8102837892223835,0.17565022622872312,-1.0740443161446993,-1.2884941212208585,1.2806313819201638,-0.9933302557203786,1.1042772969265844,-0.18886059268264405,0.27229283986134417,-0.07591205897418621,-0.1625631078084104
Dani Rodríguez,Mallorca,36,ESP,"MF,FW",La Liga,1988,3.192589295338056,3.0996473126674506,0.2343864932140628,-0.24843742140541086,-2.8337795726111032,1.2635297492969033,1.6865712016223424,2.5004621274654597,-0.7488151355565571,-0.46711353596140415,-0.7024197903648514,1.4265847452607674,1.2649506912150446,0.1873876058587762,-1.4508924364406126,-2.0750108634341413,0.5483933579783942,-0.4814843762467851,0.9169419575521971,-0.08607391437261967
Guido Rodríguez,West Ham,30,ARG,MF,Premier League,1994,-1.335682842603554,-4.598947783328786,-1.470058516386765,-2.2308902730582734,-0.7598132299847559,0.5806406666877391,-0.5783935142880476,0.8755559869052192,-1.6733546548237663,0.6385370424580007,0.2710680919501069,-1.674424402323226,-0.4805127417459124,-0.5023444000822486,0.6802972961169681,0.862816362278282,0.1267763096185332,0.5716080963571963,0.8505964701829958,-0.64526976931345
Javi Rodríguez,Celta Vigo,21,ESP,DF,La Liga,2003,2.3734804943928065,-4.85023201695101,1.7727318666105534,0.49448820554244294,-2.1870015965166347,0.699968321685511,0.46003835754139766,0.7695152151604294,1.8490198836620166,-0.7866458612353889,-0.5063907502620377,0.4223213687885904,0.2980661352251872,-1.0717651800413446,-1.0158982045353153,0.2929907901932918,-1.3950140523620946,0.30795980741800966,0.37569390611155373,-0.9471860536493062
Kirian Rodríguez,Las Palmas,28,ESP,MF,La Liga,1996,7.533302427825041,-4.3420615657475485,-1.4445215867104997,0.9623620242580166,1.2391986065766514,3.8567668247556326,-1.4579305839686436,1.55923959138031,0.5676506101171601,0.20242083827640603,-1.6698870070396314,-0.1017724128537021,-0.22872881784954915,-0.03992973697852618,-0.3126240351483933,0.6215335535030082,0.3214020635863108,-0.8172416934349229,-0.5327669457897656,-1.3859513587685564
Ricardo Rodríguez,Betis,32,SUI,DF,La Liga,1992,-5.859894989772227,-0.6093101560545772,-1.6010237996815433,1.071759351882239,0.10834432917435134,-0.4988804346556394,-0.42031646919824817,1.5963537996368868,-2.5592115632276164,0.7173699323449957,0.45689253113806966,0.21538533187685402,-0.09080776181453008,-0.36650228673925433,-1.020894608171594,0.38206115137383473,-0.821537223808252,0.42213138075130063,-0.25711993226387914,0.41367267631168037
Rodrygo,Real Madrid,23,BRA,FW,La Liga,2001,6.108641690878169,5.8289758787704615,1.2167214442331635,3.6736274997726506,-2.4228971262330257,-2.7812597319054317,-0.5341189073097329,2.2396413838392513,0.6381930150271338,-1.4503127651941994,-0.598671565127424,-0.39284383719160426,-1.302525496938416,-1.295068453964185,-0.2934381672286321,1.4774236090636956,0.6059301097989429,0.5179593334869766,-1.0437039008924671,0.03008796051806285
Mads Roerslev,Brentford,25,DEN,DF,Premier League,1999,-1.9831829694747374,-0.7268199345257907,-1.804991216644645,1.029989390415886,0.7004430143456789,-0.30794418339171886,1.0430014083108945,-0.9477004699250471,-0.8487385811360535,-1.167809590365476,0.009003755030258024,-1.0581969534295457,-0.9307618584095947,-0.3494960732943303,0.1563051794382269,0.6040757492880083,-1.0180658767662014,-0.4176379473554119,-0.334955400339066,-0.2605080266472296
Morgan Rogers,Aston Villa,22,ENG,"MF,FW",Premier League,2002,12.565499763842105,8.545664431752538,0.6065832832173331,-0.21105984691058108,-0.9630670430613879,-2.375913746485255,-3.5085394048823098,0.5116720514013077,-1.2836039263449552,-1.9285783052395022,-0.9810766649057011,-0.6629196548915467,0.5889373890246303,1.8464629857465475,0.7743257126079292,-0.7163878658001247,-1.2934005331995502,-2.6766454690792734,-0.29853599841493056,-0.6789395450932761
Merlin Röhl,Freiburg,22,GER,"MF,FW",Bundesliga,2002,-6.290029104846296,1.865522852106606,-0.521041438753356,0.5467233585976727,0.6121096622666987,-0.8051321411377642,-0.9112005379441087,0.7536153645672419,0.03959996976746504,1.9445212558125549,0.05461162575188677,1.1221609697348123,1.0155072606714355,0.8074834677649103,-1.44138174528969,-0.6853362935270338,1.767663023484816,-0.4290630645591172,0.03937672394298735,-0.49894492925449374
Alessio Romagnoli,Lazio,29,ITA,DF,Serie A,1995,-1.366729895670633,-5.9654116563105335,2.2329201246006853,-0.36328753723090845,1.4011410533112332,0.11277354155052137,0.27199187368615296,0.2758676814135181,1.216543848823318,0.8116887866310658,1.4494320957267783,0.4012584888582535,0.5723414744957387,-0.48357336539815565,-0.6754109143260947,0.4029208260998449,0.5853677680719408,-1.080977002815022,-1.0468124610454055,-1.2009129437611064
Carlos Romero,Espanyol,23,ESP,"DF,MF",La Liga,2001,2.596947032791793,-1.0814587032733791,-2.691640443404726,-2.486225725977991,-1.7015407986076676,-1.0735657449132585,2.396285603817448,-0.27028770292534265,0.5771796457291485,0.5756132137512364,-0.2198147116257681,2.6282019266419665,-2.6718051400188907,2.2620670519196935,0.995345260577376,1.2467529027762672,-1.2542537803419862,1.3490460790416292,1.328815715378763,-0.4315506401200744
Cristian Romero,Tottenham,26,ARG,DF,Premier League,1998,3.4693514026143806,-6.783771847017071,2.1991022506843954,0.8946527376330692,0.2554009600719878,0.4225471954605615,-0.6933181225867292,-0.7729811676709518,1.132135913390424,0.5050080373357453,0.856470304996661,0.17929011158405433,0.11683532846380464,-0.2862719765169507,-1.1463883880093886,0.7111340103513938,0.11977754635230999,-0.8654926583350809,-0.46604999577668516,-1.7409966899699862
Isaac Romero,Sevilla,24,ESP,FW,La Liga,2000,1.2070886688626918,5.553971290230987,1.2356214895415083,-3.1452111184599816,3.4343180925175254,0.04327023146858762,-0.18725407059907093,0.06242387934808304,0.5871155338827265,-1.0501404041566713,-1.8837150152241056,1.7669841535192918,-1.7298208223086975,0.8013090819671869,0.7628624671519169,-0.5400881825510498,-0.08982344091427619,0.6246670802728634,-0.25189000302301523,0.06685706184606477
Luka Romero,Alavés,20,ARG,"FW,MF",La Liga,2004,-6.976890724631123,1.8854481748402945,-1.7257936385923063,0.4528250546343833,0.7075211177454858,-0.04266875382512897,0.08533394671569172,0.4935438176567688,-0.7072164051528946,-0.9472132323137759,1.324694684637936,-0.2844687949344968,1.8744743005744902,1.4322176105547038,-0.3061147470616184,0.4605754457641517,-0.7632903899001937,0.11336105376714047,0.05259152436061036,0.3788333430776058
Oriol Romeu,Girona,33,ESP,MF,La Liga,1991,-0.806847423097871,-3.6354644243662713,-1.2903325219245403,0.06494953113979686,-0.06804172280626744,0.9921019034455228,-2.226980355717764,0.20966473728394375,0.06567479378816632,-1.0168915788223465,1.2122957564227457,0.7252022901224587,0.14612640780807093,-0.18039634734545718,-1.1220236597156221,-0.05920207047484744,-0.20661652832688282,-0.03746113240118413,0.6664752285236534,0.2535357426303542
Valentin Rongier,Marseille,30,FRA,"MF,DF",Ligue 1,1994,-2.288552938571886,-2.1149175020495545,1.3417899695039426,0.06529277605275388,-1.9637729563705109,-0.5548494917911954,-1.1147930434609137,1.4343786724162868,-0.9434972359200414,2.9870807460815456,-0.5847142411110248,1.8878891345053224,-0.31858598244991054,0.7838499055230275,1.809757168670304,0.1606881207097177,0.748895196782593,0.8035894863126939,-0.7113293718447826,-0.3356325400679133
Marten De Roon,Atalanta,33,NED,"MF,DF",Serie A,1991,8.174605127625325,-6.967871037600603,2.8364430527479336,1.134938196908102,-6.181033409599301,2.7808590270616844,-1.2561053551864312,-2.576566916084373,1.7205479949825162,-2.9502617386009593,0.055552332582674904,0.41574469775470724,0.20826545675175034,-1.43995946673301,0.3326273908933012,0.740230200608272,0.3072317986515848,0.5027465540646339,0.4649414712668913,0.21507134702547598
Vitor Roque,Betis,19,BRA,FW,La Liga,2005,0.4938741062569635,7.7631134262283235,2.8494656284479993,-3.0186642708562523,3.638248451042636,0.5685248359117571,-1.8421295335982726,-1.6223566417448456,0.5644584880630756,0.25970983735329084,0.7653304306648713,-0.5030674354952077,2.448766012095814,1.6710478415215093,1.440440254503427,2.4645827990875513,-0.543355803116398,0.9366174711076773,-0.0966291016224562,-0.36563236086824863
Pablo Rosario,Nice,27,NED,"MF,DF",Ligue 1,1997,0.3196108302514917,-2.5858595074273363,0.6874259491846889,-0.08016072747609164,1.347672881190935,1.0203177554981189,-0.40272326663132463,0.45097642864204107,0.7409641467229193,0.5991119966781492,-0.6057427410795446,-0.8286905384818304,0.010990266304714698,-0.20880343459997858,0.8954452976083063,-1.0422886224324674,0.7321384547842129,0.49952083285713733,-1.0205918150357576,-0.4361397998926244
Lasse Rosenboom,Holstein Kiel,22,GER,DF,Bundesliga,2002,-4.255758479884576,0.6598893551140441,0.15187449033889186,-1.0147674501384025,-2.5626708377510012,-0.3204158322149318,1.3757329244935925,-1.7441555574267036,1.855500492787079,-0.47097511743856235,0.8063372636415518,-0.6692320696719257,0.36971187715277265,0.49379804625484947,-0.20729166396620208,-1.076186127533447,0.8885802618779272,-0.277988481834268,0.04444920680569506,0.5040608321244109
Max Rosenfelder,Freiburg,21,GER,DF,Bundesliga,2003,-4.101178501322882,-1.970657412299421,-1.0985779825457287,-0.04450353090900606,0.18433095532615776,-1.7069592399984892,0.17114296749245292,1.0661625151182175,-0.3751064380089994,-0.022362715691127584,1.585576292430227,1.418695317603864,-1.036487074704659,2.134347332048517,-0.6305163615324688,-0.15890408059505273,-0.5287535653015363,-0.041698905824258434,0.44624763359217934,-0.4553194019395643
Valentin Rosier,Leganés,28,FRA,DF,La Liga,1996,1.5518049510406586,-4.179773176574046,-2.271778960179654,-3.804939790182637,-0.9779586084056975,-1.2429237745494033,0.701987072814848,2.0379046459263725,-0.1712907576674926,0.8226225289959613,0.35265362401648975,-0.6522887091809474,0.23452759678019536,-1.4308227173886898,0.17214701350140563,0.17487262289075953,-0.07627262208073814,1.0659284333163292,0.5179304069476743,-1.0343147645478155
Tom Rothe,Union Berlin,20,GER,"DF,MF",Bundesliga,2004,2.9578496470366553,-0.12712417559954964,-0.719735260544842,-2.9819426238046383,-2.4896751372466746,-0.315054665357137,3.1193252121987567,-0.043969530102583365,0.33995017044619485,-0.5550235953053786,-0.42992111693463475,-0.7430269414720603,0.06520959755296697,-0.29665855430780236,-1.1535336240499372,-0.2708163903910384,0.5782524124942436,0.964412177772247,0.25507880045614645,-0.4173152244989905
Anthony Rouault,Stuttgart,23,FRA,DF,Bundesliga,2001,-1.8715306063929822,-5.143568614677482,1.2360296406117817,0.8215356835293358,1.2427681411288158,-0.41741292996229246,-0.08829864773278819,0.1002394244637408,0.32369298620400916,-0.3966856151347556,0.9870276113909255,-0.7444739337749016,-0.19622510809390523,-0.018106460275833763,-0.22384936134590439,-0.8247541102725464,-0.8622651288397801,-0.41030982309176456,-0.9263669058065295,-0.03647126569021475
Jonas Rouhi,Juventus,20,SWE,DF,Serie A,2004,-6.993180782944347,1.0138708860506724,-1.4953409512954938,1.3531705945365868,0.42997471413135013,0.13853994274709924,-0.8790278456578493,-0.18872410552343905,-0.7063525204908798,-1.610130589925757,-1.0527501692310783,-1.0931062770714979,-1.234857791047542,1.010713637926938,-1.0460999569077498,1.1784275168516127,-0.3032163098853516,0.6423406870223941,0.1395324999827953,-0.17576135528142894
Nicolò Rovella,Lazio,23,ITA,MF,Serie A,2001,6.312983170436833,-7.287974166240528,-2.550940137383779,-1.3200659216716701,-1.3476009301082117,1.859557965211134,-3.927606898412102,-0.09566925974084176,-0.8552608772177743,1.3059534466587663,0.07678604250896792,-0.9049055398003376,-0.32335943444321613,1.1199384361193157,-0.8863095649959787,0.924338968419829,1.3634755548466024,1.2025028039705579,-0.8340582047429226,-0.11681581907536863
Jon Rowe,Marseille,21,ENG,"FW,MF",Ligue 1,2003,-1.5558404354063602,4.802910969288019,-0.19658688837266997,0.934050326466804,0.049833963441657296,0.01588772941918206,-0.3750171023531601,1.070774851481422,-0.6077132843820241,0.8645399794558369,1.0791436032375685,-0.16329811784330056,-0.22801779090893207,1.0773802176109408,-0.3998532995016284,-0.6600449783765986,0.5597120272657844,-1.1977205263235329,-0.5052289814654174,0.3391640091613738
Amir Rrahmani,Napoli,30,KVX,DF,Serie A,1994,5.036504320313117,-9.209791954607933,6.425307485393296,2.6125479069260176,3.4369427628481444,0.9646668974332904,0.07244610335506879,1.2779577412822376,-0.22171451702280504,-0.5454482372182359,-1.7612679290127033,1.4059950527691962,0.43810884985395304,-1.262861675737662,-2.4473061221173147,0.6509109521986669,-1.1959249531082896,0.05698704062379062,0.055282832429077416,0.5505228044835359
Antonio Rüdiger,Real Madrid,31,GER,DF,La Liga,1993,4.944934975788565,-9.722191336764343,4.536160043398631,3.8311394406785273,4.809931700913965,-0.4503671506447062,-0.6823261390942137,-0.7558793145253115,1.173318325987906,-1.1285004388336324,1.0453875247607485,-0.7567723786130347,4.177309683937184,1.5708005228438133,0.35920669496942925,2.2217685013023742,-0.32285466075995817,0.45371614674509503,2.6234692548587093,1.0046535581114677
Matteo Ruggeri,Atalanta,22,ITA,DF,Serie A,2002,4.781215284334738,-3.495605471193015,-2.4214584278292457,1.6513325424199643,-0.8348721868704747,0.2741594136168717,2.110719424319222,-0.2723116602517882,0.6114859126398368,2.294657387222309,0.170658212281276,2.1341697481442,1.647266298672857,-1.5367359964311251,-1.256026021564605,0.30393015019158,2.403399234887232,1.2326153023554745,-2.4567855841956625,0.9610536307483603
Aitor Ruibal,Betis,28,ESP,"FW,DF",La Liga,1996,-1.7862253906972818,1.0940192226017016,-2.1334141983474915,0.10132575693117168,0.5374317747580111,0.14727256444033013,0.8397113808192705,1.2093807600602389,0.21359525285768555,0.16900377679149295,-0.33035425509697225,-0.22525833828637246,-0.15980256713009888,0.3217183799888667,-0.9808150417576611,-0.011949131243790203,0.2542304902304151,-0.21049137023414194,-0.17724908181787966,0.2282708554504507
Abel Ruiz,Girona,24,ESP,FW,La Liga,2000,-3.329827772178891,3.6195806710027894,1.5903687642840614,0.29148643012543496,0.2211189835464497,-0.35257376830516096,-1.3217454019760078,-0.5531630026401533,0.4916575235509439,-0.0956528317287019,0.49570571432991367,-0.3858834491284733,-0.9171365756590749,0.2985688391481599,-0.7563587774293742,0.22784575648567637,-0.2193606679239122,0.15742475525245003,-0.07528477399248479,0.012580047318281181
Fabián Ruiz Peña,Paris S-G,28,ESP,MF,Ligue 1,1996,4.357122433352561,-1.1467948691173762,-1.0673106600912856,2.708740828747242,1.1318340241854712,2.6840339903552017,-1.5759949615869704,-0.9675381854738895,-1.1438245410589938,1.1506229076264847,-0.0862356535668032,-0.8788174725024788,-0.698146196975138,0.4919810601149255,-0.29451424981366453,0.39890830824188933,0.0067863239497467105,0.3645740488110832,0.5059140778654888,0.7256041324125976
Georginio Rutter,Brighton,22,FRA,"FW,MF",Premier League,2002,4.242987800738975,3.7555102882148335,-0.90589296487395,-3.7470842767748302,1.0901572180076007,0.5109138680412504,-1.3095737939540741,0.7849265230246151,0.03141783870765943,-1.0855679205512008,-1.0836906530349748,0.6898792365929335,-1.508717483418962,1.165208462262615,2.3232635424096757,-1.8250512412864035,-0.6256613538121376,-0.6401466293602454,-0.02784242294466857,-0.3646966766823099
Julian Ryerson,Dortmund,27,NOR,DF,Bundesliga,1997,1.810910697665903,-0.43691744522320863,-1.7719573045367798,0.8533740388449197,-1.6563785350802878,-1.7407264871064398,0.6044953690267442,-0.0696440787557263,-0.1680964730675839,0.4727776565307465,-0.42235647580977315,0.12107646410570184,0.08331079062568109,0.46830183909713685,-1.6543040985821378,-0.014005847120597046,0.48872324867581046,1.5521274248951469,-0.43242609006570043,-0.9286130644881688
Elias Saad,St. Pauli,25,TUN,"FW,MF",Bundesliga,1999,-2.386078467891329,4.035565984051258,-0.3689690119493013,-0.2813216547567774,-2.409379705578879,-0.46918788433059166,-0.4263545780499753,2.0154748099221482,0.9420917368842678,-0.8146577343211732,-1.2840036631616216,-0.32769222936008524,-0.04135094356702724,1.0566023184129592,-1.319165903563053,-0.032806084398794115,0.7078098735928668,0.14985723734952805,0.5936184762933492,0.11775819770203176
Youssouf Sabaly,Betis,31,SEN,DF,La Liga,1993,-0.5164759805882291,-2.3945893125100914,-2.099672606209975,-0.3602504841095564,-0.13386206602985973,-0.5163725753001382,-0.3440675498117509,0.2289149984498861,0.3544862256960139,-0.19750827805343918,1.162780789905029,-0.047625836231090554,-0.2022542439515423,0.18965716007959743,-1.293834277188419,0.04028489021249402,-0.7354556560474049,-0.22006841919432582,-0.007277028334962566,-0.4547385140521453
Emmanuel Sabbi,Le Havre,27,USA,"MF,FW",Ligue 1,1997,-4.765980047528304,2.599275634593251,-1.2092580794516417,-0.7452625729595834,2.351399413834612,0.07759665642462002,-0.5386789794554927,-0.016253402517751727,0.6617829154071819,1.394026022829098,0.9662679218349272,0.6533101543171917,0.6193936216802247,-0.21476658705274038,-0.11109444543229584,-1.1641720656663719,-0.10583822094901575,-0.4357975661958196,0.5822936461151624,-0.2112548997969032
Stefano Sabelli,Genoa,31,ITA,DF,Serie A,1993,0.9381818449016951,-2.7945357563537456,-3.4829658524406826,-2.452578973843486,-1.136982309725667,0.8551336918484055,1.8430712077813909,-0.7596049249290843,-0.3342924062942912,-1.2028446132514865,-0.11549150620324364,-0.8106428901411155,-0.3821315552050545,-0.5933638354022089,-0.5067013323624874,1.238672502588272,-0.4940022025918479,0.13118368785958728,0.5485508959946831,-0.512958918452939
Marcel Sabitzer,Dortmund,30,AUT,"MF,FW",Bundesliga,1994,-0.845425122684816,0.09298184901355247,-1.1366379019614434,0.011458170317835142,1.6656210502195077,1.7496500386294502,-1.171700056629159,-0.9065494246477678,1.1094306627691104,0.787723070049355,0.23693512721914356,0.27903452294591163,0.011342969173678222,-0.11792858365801678,-0.13653371683033427,0.30294196026465225,0.5787618078411737,-0.7435966105710121,-0.5931693339059457,0.42636990443436645
Falaye Sacko,Montpellier,29,MLI,DF,Ligue 1,1995,-1.7397889896150072,-2.4692500362667986,-1.3143275383329014,0.14288378590104606,0.16927508673527167,-0.47150995887086944,0.710783738005588,0.6456157659953831,1.448908581355993,-2.4029857652665276,0.12549680196612936,2.4461597538639133,-2.9895469706413307,2.7406717258967412,1.008678448263824,1.0042788488583312,-0.5165883080543092,0.9467798677101449,0.1443929339031734,0.18754412910734908
Umar Sadiq,Real Sociedad,27,NGA,FW,La Liga,1997,-6.922774237350362,2.220090834079502,-0.9958407055843366,-0.3304338169975031,1.1866941148364745,-0.8146519233812457,0.18924174028299975,-0.034227644508013584,-1.1988980892702308,-1.1492077921237653,-0.2218704949657825,0.26914536738568406,0.12412313457214681,-0.3879766028302264,-0.8315963994501743,-0.7251177964496459,-0.48116822527012465,0.04693028527950499,0.4497702557778604,0.3007557707970155
Alexis Saelemaekers,Roma,25,BEL,"DF,FW",Serie A,1999,-2.488082160665595,2.3019500108342763,0.02686891740007746,0.5147724366836485,-2.75572753462302,-0.6750333001932557,-0.011421347319200113,-0.6775198983842301,0.25509151458789564,0.6048332157382766,2.721632680662918,0.4780654536267337,2.4555793733719726,-0.9142733884265554,2.172404349799565,0.3813832864049192,-0.6528061682076086,-0.601095891646741,-0.43261260309476485,0.3932411570532368
Jorge Sáenz,Leganés,28,ESP,DF,La Liga,1996,-2.800872855032361,-2.265570322666994,5.070873721429861,-0.5136501030342024,-5.183720725344778,-0.19566175923711393,1.2138088837940892,-2.3532018168305444,3.822516743708024,3.2583896413644906,-2.6151104069051234,2.6022802123682527,0.9174630105644801,0.9607518648226352,2.1067961702571742,-0.20356589497186653,-0.14169105037602467,-1.3185036259726344,1.3999641183648603,0.14728183373344195
Modibo Sagnan,Montpellier,25,MLI,DF,Ligue 1,1999,0.6416599737234859,-5.2603907103101255,1.831225517918944,-1.8160080797203888,-1.152689052436719,-0.6839663551284983,-0.09606633219704974,-0.3083642064802327,-0.6026278334218783,0.09913172141950977,-0.1956659847976548,-2.2533350127121476,0.2196231007345484,0.8130231862126867,0.2971684296285808,-1.0853223721336593,0.6020565527312131,1.1865196169104681,1.458525469584802,1.690214713809182
Osame Sahraoui,Lille,23,MAR,"FW,MF",Ligue 1,2001,2.1936109852825427,4.448462445545115,-3.0943837391961257,3.0427431238046,2.2902888554685803,-1.1413152719996167,-0.7285163501161328,0.7609212596269046,1.2398302825385037,-0.6575391428336969,-1.685372372520343,-1.4439084795554977,-1.0068886801348582,1.463046119833437,0.31180791329470764,-1.3079147422182282,-0.2688085963742434,-1.1037407790978264,-1.0508786740458722,-0.23253018506386708
Wesley Saïd,Lens,29,FRA,"FW,MF",Ligue 1,1995,-5.5306306052570084,3.186037751095603,0.38469683804444066,0.3578978818884928,0.8043887324017712,0.6376234137793559,-0.5538174400540495,-0.8370535450054308,1.2094448708538328,1.6658464725301023,-0.1426822612157316,0.10373874162231544,-0.19546190294431878,0.5375275542656028,-0.6608946192568022,-0.17525697621456193,-0.4501280318215589,-0.0007172817535060756,0.7252616834025026,-0.18616166875012333
Bukayo Saka,Arsenal,23,ENG,"FW,MF",Premier League,2001,15.942140495334312,11.4248500195004,-1.7547686925690515,2.150055981304992,1.3477089920203316,0.7929488824801797,4.749622683064249,6.9204608021291305,1.0274608572947117,-1.161296169365027,-0.9689283347533019,-0.28643133452888203,1.649326430036809,0.45345137945311836,0.6197531182169788,0.09682710158909753,-0.055466610240011545,-0.35801982847176117,-1.4650662015268519,0.9959460795884167
Marco Sala,Como,25,ITA,DF,Serie A,1999,-6.015346391076539,0.07875299153182369,-2.0365087716920653,1.0958745150440858,-0.0010518971606025816,-0.5139809896747161,-0.32302958344248306,0.9890414514730855,-1.4564921822700767,-0.04484829802170734,0.799424826217885,-0.10816710056589052,-0.12330345910980048,0.15885993479653235,-1.1934840110307507,0.36927540504505096,-0.32555719116175424,0.31595254916108684,0.30031998201310717,0.09884697604768856
Ibrahim Salah,Brest,23,MAR,FW,Ligue 1,2001,-4.276316178879865,3.6484373634841316,-1.0034084414963622,0.9508802224514462,-0.3323709659391803,-0.859891127174896,0.0016898752441661326,0.1462633625529602,0.31327032973634833,-1.0811387959875585,-0.9819749583736902,-0.42692301743988953,-0.596444627598228,-0.5354918616414535,0.04342542663444549,0.38935770358498445,-0.13406049547964372,0.3205641516459756,0.4459327193392867,0.48299120423016295
Mohamed Salah,Liverpool,32,EGY,FW,Premier League,1992,19.654599712130032,19.402373572334515,7.545076641036943,3.525628888758813,2.4768953896340715,2.765466021851094,4.924403205292269,8.941444451402745,2.078998807413557,1.8961304719078622,3.3811017660689493,-1.246323005641119,-3.6519395901149974,-1.0587096515602348,-1.1349763914922406,-0.07877268413619962,0.6178015826145506,1.1947555561497158,0.5070145450977037,-1.5564158773826062
Amine Salama,Reims,24,FRA,FW,Ligue 1,2000,-6.172805057486891,2.7510326413558346,-1.1822481720379647,0.8130140595494282,0.9570365014475575,-0.521336208226396,-1.0198580898951102,-0.5485882044566279,-0.013668744447621527,-0.1268710694194507,-1.209291963290917,-0.522364171560566,-0.642107528700275,-0.35813870673549003,0.5292668335862671,1.122562581204255,1.023244809096608,-0.014243375920287269,-0.0669642195225441,0.6047216276186873
Kike Salas,Sevilla,22,ESP,DF,La Liga,2002,-1.1664800826052315,-3.870371103051173,0.5775443092168252,-0.35456782384898333,0.7881483968840101,1.3594217278918148,1.8886775344323528,1.4917411870743327,0.7556058685617297,-2.0654656395876314,0.04125647967811075,-0.30807611827471565,0.033619514428071595,-1.594072624541392,0.09387669084601064,0.3214924880071706,-0.6009115396599025,-0.5801355363472441,-0.04090905585531796,1.6347129422226692
Manolis Saliakas,St. Pauli,28,GRE,"MF,DF",Bundesliga,1996,1.68304358089325,-2.371597245348902,-1.2769658101965227,0.849198850415981,-1.1730977438124073,0.3751166219303635,1.34028922168267,-2.017768392786937,-0.8866718959826677,-0.19029501905099,1.132166987954983,-0.15955483437515489,-0.17155022824240276,-1.1008810668269153,-0.10569214856642628,0.6497351798421369,-0.18154987545161258,-0.5242152263055507,0.7638059672183001,0.7198036062454873
William Saliba,Arsenal,23,FRA,DF,Premier League,2001,6.171168882602148,-8.74517247411999,7.142025441693856,1.0040789213635024,-2.8862184389243057,1.2793861450732227,-1.6000887554036318,-2.5851954540001354,4.1356782246555115,6.054176781971361,-2.1200701949960536,0.4361678616195721,2.13500089133214,0.819217844446955,-1.1820814567844005,-1.6683150165367504,-1.0928381511177672,1.9855695165313971,1.4049025245895108,-0.3783221897054836
Mohammed Salisu,Monaco,25,GHA,DF,Ligue 1,1999,-2.4162079783762396,-4.622734203782558,0.9640102288558428,0.004758716316214038,0.6787925480768763,-0.03955800436191129,0.7653553730190865,-0.5688472787841851,2.7820134800188585,-0.6359516249201937,2.7363069756933034,-0.8828436995300638,0.48630482622285204,-0.4166665577987346,0.34477668713631837,-1.7824989144309444,0.6852037842437353,0.3131444678747781,0.11281534565137184,0.13340927900565164
Yoann Salmier,Le Havre,32,GUF,DF,Ligue 1,1992,-4.304631357547368,-2.8135132384129515,0.8889879840924145,0.17705772252726082,1.2001903514144363,-0.912902174761587,0.6654463005294937,1.3441193246417646,-0.6554450084121235,1.4048194531442861,0.6730292652798561,1.5166703162195092,-0.5511914920205464,1.3442790919199896,0.36942962293017745,-0.5352734707747507,-1.1046009147304567,-0.9173476356726312,1.2946493371859227,0.5726686690930011
Lazar Samardzic,Atalanta,22,SRB,"MF,FW",Serie A,2002,1.7846009034141155,3.664665069185712,-1.1127029910726782,2.649240877941502,-0.07089353977436377,0.046323585993297375,-0.23016939412258738,-0.11405298996105534,-1.0010181706124155,0.00772017627673327,0.2334159639423922,0.22688674625971791,-0.09054396633321692,0.8543550197584229,-0.9755548068572863,-0.18259865635838143,0.7046478696713264,-1.0004131469890676,1.1183138440699907,1.7065833291620465
Diadie Samassékou,Hoffenheim,28,MLI,MF,Bundesliga,1996,-6.9122512344116105,0.29164299380503256,-0.9106729287642212,1.3067368840146125,0.10200630713993111,0.14747868790289081,-1.2617791125199913,1.2757858149726424,-1.1993187027563252,0.49781302142388184,0.647084599178943,0.3387893428970128,-0.09798246767026271,-0.5876089734566405,0.2011387014529405,0.3323675038717128,0.3001461169972117,-0.11573160953054001,-0.8746496445986801,0.39178068019720924
Mama Samba Baldé,Brest,29,GNB,FW,Ligue 1,1995,-2.0468147417741958,4.466167892939929,0.9180579361922188,-0.9230140573103698,0.1917013091978309,-0.9621997175794673,0.2638337719751996,-0.7360362728767824,0.30359918276528847,-1.082306380718051,-1.0863801723963935,0.3626432686887346,0.11410080395965629,-0.5423890978867536,-0.6372028082125369,-0.4281324340018545,-0.5095846474141096,-0.16212258092328932,-0.1824021422030424,1.0319494293599472
Albert Sambi Lokonga,Sevilla,25,BEL,MF,La Liga,1999,-1.3222948273101818,-2.3646808441717777,0.19211109364071496,2.2240752048165433,1.0672200537885719,0.9000571893330379,-1.666525681963707,0.9437284144107732,0.08450981862788502,-0.337161469274508,0.9514050144625511,0.2762893016606978,0.9640306324456032,-0.6416995636062434,0.8905397897409878,-2.301027573432133,1.2412068387075934,0.8703483352253714,0.19113676793774978,-0.3771208337195492
Antonio Sanabria,Torino,28,PAR,FW,Serie A,1996,-3.3696842891971266,3.4648085609896273,2.262732955584052,-0.8447078087017171,0.5656007809581981,0.5851480496070565,-0.8821663248862035,-1.6952581123705313,-0.007790974102191953,-1.4754080481106904,-0.6887823558296345,0.059150500243727755,1.4671673378493366,1.8232895401754379,-0.7070538263868669,0.3717440312038407,-0.7934492788613059,0.18651690222943718,-0.5138668450807764,-0.2943619167859849
Oihan Sancet,Athletic Club,24,ESP,MF,La Liga,2000,3.937604407201862,5.372502041696737,3.5125435204232227,0.9713072417672443,-1.8215875822690542,0.07618170325884953,-2.188720990456117,-0.22366945478976258,-0.21360985157435985,0.7253028029919348,0.38342787820334356,0.3114737592931249,-0.8570798019557432,-0.7866712521506992,-0.17062077572386752,-0.6437948182931649,-0.5366816443610145,0.09895480280522269,1.1568870250048355,-1.6102341872770471
Antonio Sánchez,Mallorca,27,ESP,"DF,MF",La Liga,1997,-2.301295507363418,-0.7072238448688853,-2.096882818736066,-1.019598111556863,0.5623942947212596,-0.3119721179807536,0.2795204496301186,-0.41175633019217167,-0.9336823323296249,0.8509503294350974,-0.15181902197778907,-0.520546176719198,-0.33901605184932915,-0.1395396641825519,-0.3933482323696844,0.641608481405217,-0.5296830426773892,-0.021635303389347493,0.554352043131923,-0.7473608670705236
Iván Sánchez,Valladolid,32,ESP,"MF,FW",La Liga,1992,0.5604112472055363,1.289154477361618,-1.7723959985301663,0.2240742973624262,-1.6723482753525203,-1.0493680506327976,-0.5786448320415425,0.09560942433272204,-1.561501641732566,-0.05565958912849048,-1.2357697573960136,0.32900848405333977,0.8408009725029874,-0.2781953938529922,-0.08780384676322367,-0.36362710285623473,0.16969737913140504,-0.6285924408818949,1.1709502224771875,0.8021027237421928
Javi Sánchez,Valladolid,27,ESP,DF,La Liga,1997,-2.6189189639949553,-5.437105524146522,2.1970891358800233,-0.17158200783285968,1.3140820625264447,-1.3525529552318212,1.7317181923916456,0.01319941694688545,-0.378824794291687,-0.47884658943066793,0.13728036105912433,-2.66676007630775,0.08818567061732395,0.8261288577005319,0.5111920312757808,-0.42190441193297706,1.6353679443311522,-0.6129244240204668,0.8218849913831434,1.0301214272995485
Juanlu Sánchez,Sevilla,21,ESP,MF,La Liga,2003,-2.4548556588383295,2.1091546411554187,0.6448724642963154,0.23187351027620076,-3.4291276194143783,0.3552971873511331,1.3123930982899634,0.6043672999914634,2.6917509480499926,0.043080299437781466,0.5886302542764291,0.37781339675233927,0.39652919305488,-0.45962004682106833,-0.8566609130484824,-1.0920293719836716,-1.0776268453516182,-0.019195428828622532,0.6319929383598438,0.2766299382115538
Manu Sánchez,Alavés,24,ESP,DF,La Liga,2000,0.3519647231391034,-2.1024054075902727,-2.9949395510597285,-2.370879618208496,-0.435816053927948,-0.9062671730849611,0.7035620162449117,-0.7816049127930941,0.6698520297197209,-1.3221318155745887,0.0035935272551229757,1.0979383163215006,-1.4990922168799576,1.6309241024629837,-0.48592709865242567,0.7989419521835778,-0.4909125961727246,0.2059944783843247,0.45881829458212003,0.8186275899443869
Jadon Sancho,Chelsea,24,ENG,FW,Premier League,2000,3.4611152708399353,5.996825814891463,-0.9769874287073199,4.221365080908416,-0.2816007842887906,-1.779535617053926,-0.8821406768200571,2.2993876991751643,1.2083903258986988,-0.4363151656425955,-1.5195090196419303,-0.8663276258686731,1.1387793886653994,1.963786206504103,0.411514047444622,1.0758088786822857,-1.2444928319918667,-1.2838830065831879,-1.1421605690701206,0.24695742340162227
Philipp Sander,Gladbach,26,GER,MF,Bundesliga,1998,-3.2280970111840492,-0.8438497753802582,0.580456525211687,-0.214072180229269,-1.3028502796434984,0.12000271522066365,0.14192080111121,-0.48679935062009927,0.15461820154277764,-0.07673577951958392,0.778745893617566,0.6331715882503547,0.34918770734224264,-1.2425571362101608,0.14258649732798634,0.03531014770326701,0.7579390116154631,-0.4522188229152191,-0.4116525610744591,-0.3003280827605138
Leroy Sané,Bayern Munich,28,GER,FW,Bundesliga,1996,1.0649823804902205,5.476247337584137,0.25189339076605655,1.421505429431546,1.1135415160974553,-0.5062177846410699,-0.5735462201164682,-0.22068925973545808,1.3936080386648908,1.2980401303059352,0.3205501893174688,-0.14211166018847157,-0.9803075221687618,0.02097613811813556,-0.7504963516142681,0.591070536777926,-0.5244762462542142,0.3915305241147962,-0.38126236165402094,0.41635813709837366
Arouna Sangante,Le Havre,22,SEN,DF,Ligue 1,2002,-4.200719638222743,-1.2731435114707854,1.8653726967501616,0.5671843615026732,-2.299328348031548,-0.8709649573497701,-0.3989907149137852,0.15300243863953367,-0.3386855970042605,0.9637510658172149,-0.5071164510134258,0.20447048159555153,0.6532356866935413,-0.4678634769842623,0.5315801464670882,-0.5763408252646557,0.8270334210716154,0.12754966295734704,-0.6434605944176073,-0.4435828524097803
Ibrahim Sangaré,Nott'Ham Forest,27,CIV,MF,Premier League,1997,-6.471263596384189,0.20919991051971545,-1.1361188976370342,-0.2761233480916243,-1.0800399132957814,0.3356002171412877,-0.17552700976196148,0.2549462144365601,-0.17998144709180283,0.6769142332814645,0.4883063021559184,0.5576131027238441,0.7813994909663451,-1.0024021352793129,1.0091812671347424,0.9212728447582343,3.087188513183743,-0.39029712012597934,-0.9811499072654031,-0.8812173888971379
Nhoa Sangui,Reims,18,FRA,DF,Ligue 1,2006,-3.930247407675848,0.038084330008123154,-1.3811832180707098,1.1264718252608754,0.5291300698495646,0.3567233053094176,-0.2501287977566833,1.3243581983792112,-0.28762118553794797,-1.071900537144673,-0.1568591433488934,-0.14168581109117473,-0.18343943770723822,0.06613534934321566,-0.9225714652303445,0.009696657990420654,-0.39545492922673403,0.09104885082399401,0.1310917566300468,0.8980676379093522
Kaishu Sano,Mainz 05,24,JPN,MF,Bundesliga,2000,2.545150704122836,-4.345494504314279,-0.9676820186328446,-3.67105946164726,0.24095928454167218,0.0095288351330833,-1.4845080744976924,0.8582330051670967,-1.3739049924167133,-0.8508291678007582,-1.1513561579672795,-0.32697663016630474,0.3050086309249707,-0.48320343502136665,-0.4143946159964319,0.3097303987656443,0.007305597041198993,-1.5289384282244325,-0.3282498176879597,0.6029955170421925
Baptiste Santamaria,Rennes,29,FRA,MF,Ligue 1,1995,-3.3113201614834193,-0.7393844087687621,-0.6038125519121601,-0.06050976928899375,0.26644587630127275,0.8992235254823058,0.32063168647041895,0.2847372012766789,1.0005433704717077,-2.260877822944691,0.6465816228485503,-0.3919966357244995,1.725273055033546,0.5133801498342496,0.5771802099354127,0.9017226773403674,0.08497300197543951,-0.19513560832847984,-0.3189172834739023,-0.3801887675165188
Jesús Santiago,Getafe,20,ESP,MF,La Liga,2004,-6.539770846653309,0.7875173784461464,-2.025937659467434,-0.6513184020858157,-0.45969481550981733,0.3186120012251684,-0.07094046390192013,-0.5585095008248394,1.5537338267383,-2.302304623207408,1.1723950129440794,-0.7266573051605826,-0.5776685757385365,0.5288524229008003,-0.5965558881784002,-0.09120709221930069,-0.024704115498576543,-0.07370044723202307,0.6064432700776283,-0.428227509997829
Andrey Santos,Strasbourg,20,BRA,MF,Ligue 1,2004,7.013693108600459,-2.4321252323881533,2.4870343268418287,-3.972521919356851,-6.304800126142854,0.9246406566529791,-2.4739358665167637,0.2716496473962003,-0.9008512113079635,1.7745836296650261,2.950963516497857,-0.7951477491397305,1.304651596683152,0.4469342534768878,0.5415619254627674,2.315435177138307,-0.5359074699198232,-0.34508368818538493,-0.008032613038900852,-2.1370712349506293
Tiago Santos,Lille,22,POR,DF,Ligue 1,2002,-2.435223494217049,1.7542979030830776,-2.0485736491062374,0.7423473053678322,0.7278067231634756,-1.3113419477398984,-0.48360021855779894,0.26585273034067725,-0.17268307730579144,0.646665234455926,1.2082707573756328,0.9921838665257747,2.6514642283503465,-0.05032487958846147,0.5166636851158292,1.092483135659246,0.34788738444265,0.16364129262749633,-0.8005823821698039,0.3539986157818483
Amin Sarr,Hellas Verona,23,SWE,FW,Serie A,2001,-4.923948390921745,2.9138547594364654,2.9351485285625305,0.054606808116617146,-4.725393418818375,-0.8210027189210457,-0.006304224945896988,-0.4314455026869494,-0.1575382412527061,0.07522606011157229,-0.137832586787414,1.1921125775646102,0.7922357305090559,-0.28885326777710385,-1.0159742091929471,-1.1542974269025903,-0.46282657867353083,-0.43684466183865206,-0.3086233636189996,0.9997414990838462
Ismaila Sarr,Crystal Palace,26,SEN,"MF,FW",Premier League,1998,5.378022344249346,7.1641348378824485,1.8354681173522702,-0.9053373288415626,1.8413356673068546,-0.543689998733189,0.7982342524061412,-2.1428359365230976,-1.1736863050321065,-0.10998396042128643,0.4299768477024487,-0.7019710071318095,0.9388007245139762,0.8228043941762764,1.2325671674953915,1.0642385943317592,0.658157092467164,-0.8021278592169151,-1.2510325595303196,-1.4469254118426393
Malang Sarr,Lens,25,FRA,DF,Ligue 1,1999,-7.396304820951862,1.0623828082648514,-1.2480164505603686,1.7159138167931651,0.32551575290596124,0.5641280661857191,-0.33001593050353034,-1.1336780132702196,1.4668750856086015,-2.604802621462293,-0.1715401179000708,-1.9933608186426806,-1.685281951817136,1.2643248649688557,-0.22614155074559592,0.9730430540268397,-0.20601633824339782,-0.21123091082182308,0.0957803540087024,-0.29788589146953737
Mamadou Sarr,Strasbourg,19,FRA,DF,Ligue 1,2005,-2.348096640804209,-3.7238600584195964,0.333217310269401,0.2377407479808499,0.6312780823158078,0.0192954800947196,-0.504752270508143,1.8007163560933186,0.5237566857165656,0.055795640818858135,-0.1422172619957562,-0.1893516518601052,-0.2618841258387639,0.19813954348449825,-1.3491323364611163,0.40841311712201517,-0.9316089440746489,0.16469021369598355,-0.09719633208374931,-1.0291143710885737
Téji Savanier,Montpellier,33,FRA,MF,Ligue 1,1991,8.127303500242645,0.5244232579837976,-2.821928725668073,2.189213901277211,2.3960844236568852,4.2180123241034115,0.5443740081506964,-2.941857505855279,-1.5081719932959887,-0.9920766602566645,0.2724419775544232,-0.4717112014909765,1.142043943694858,-0.5697207899885719,2.576971677243211,-2.9694267669338146,2.3828210426509586,-0.06204737398036562,5.113708325055636,2.551062993661119
Sávio,Manchester City,20,BRA,"FW,MF",Premier League,2004,9.318653490236303,7.915663291186873,-3.793107278113019,2.6880401237028946,4.22559452958712,-3.239562486092872,-0.4225520003922528,0.4674935921907154,0.6780238595331863,1.7997936375834271,0.14541025423791606,-0.9903592638780478,3.1132789543697523,2.8624458309471152,1.1375101103541445,1.7678231772153734,-0.9460756188543252,-0.23551079025997965,-0.8879431253251793,1.524138559231843
Nicolò Savona,Juventus,21,ITA,DF,Serie A,2003,1.7874588016704713,-2.2532479557493845,1.164068164130987,3.4105715345512535,-3.4108217656125435,-0.7605692138393386,-1.1135363870110917,-1.761819139852541,0.4860364759933598,1.3745582117049413,-0.2503617307087598,0.9319253105985746,0.18829157584261086,0.4424946408525622,-1.77296777587893,1.5192215273437257,1.196813490551622,0.48203595160782947,-0.7264091575440448,-0.6756468959619458
Joe Scally,Gladbach,22,USA,DF,Bundesliga,2002,3.1898558827970134,-4.553213959335267,-1.3876921325601068,-0.5280793325434593,0.8098597057129402,-2.4827247456657893,-0.6608788256114189,-0.26672500864170856,-0.18307911584237743,-1.1402313868746174,-0.5064502610089789,0.27825440180707195,-1.1993561077171673,1.7731101550221844,0.710953083075478,-0.23366093222873013,-0.4320938491585243,0.4084193678882596,1.2329541786687706,-0.6480307941419032
Kevin Schade,Brentford,23,GER,FW,Premier League,2001,1.211341375671037,4.963468458843613,2.360217396103802,-3.4253930899934733,-0.6846572312683157,-0.23330690449350738,0.7337034321208616,0.9263347608355458,1.4363946194697297,0.0639656251545969,0.49450192622435823,0.9231868243885247,0.5687105993339655,-1.0770986641187517,-1.245558219610467,-1.0388123070872033,0.42692727007679476,-0.43527441896486124,-0.03798675584065303,1.592722562193486
András Schäfer,Union Berlin,25,HUN,MF,Bundesliga,1999,-0.7697648817107828,-0.44609493430010083,-0.5993479103114847,-1.6050003837680147,-2.6750244390965014,0.1483070308685452,-0.1349287426082507,1.0581724715994014,0.26998561442531327,-0.11614421502829043,0.2696115194082262,0.4973027731003621,0.5895613636521739,-0.79510260207695,-0.44833826976502184,-0.7472789963785027,-1.5947441012292536,-0.397401696625015,0.2578766543921996,0.2675590410079982
Fabian Schär,Newcastle Utd,33,SUI,DF,Premier League,1991,5.419541427897085,-8.375509461784365,5.356545001001296,2.702868477062462,1.053641415716159,-0.3618023819687791,-0.96286914903598,-1.1566736965237576,-1.4724727465412457,-1.2069925759516116,-2.070183536065143,-1.3263911624241254,-0.27606192931055884,-0.06360984829601829,-0.4577535128090359,0.8075835995199039,0.12540148232194856,-0.6132197552745035,3.0912058327085443,0.9429404895074319
Patrik Schick,Leverkusen,28,CZE,FW,Bundesliga,1996,-2.1181667257700014,7.285599149817812,6.953225959316527,0.1255042148553813,-4.27212393472074,-0.18509802356696742,-0.5280618745724442,-0.9976623626135542,-1.5104201851595285,-0.5988709760788836,1.8411810527455812,-0.7612838193207588,-2.2655463900178026,-1.0169891999290364,-0.3921087663369052,1.307897299257963,0.24059687635784877,0.8206730459772928,-0.47860738371299016,0.0902033398154886
Keven Schlotterbeck,Augsburg,27,GER,DF,Bundesliga,1997,-0.6877446785265303,-3.7042668640321312,3.954559763306218,1.0766567102662805,-1.4181462337313075,-0.7993899356153139,0.7966851131111226,1.851448556538339,-2.301355990348256,-0.037436749996615906,-0.5427347684787415,3.1566973697585934,-1.7022156550795982,1.954024692047812,2.099687947945651,-0.4662977405462299,-0.4550506623241072,0.8091182778585357,0.6701524380808376,0.4947268522386699
Nico Schlotterbeck,Dortmund,25,GER,DF,Bundesliga,1999,8.864895652611322,-11.016030909115072,1.7408652708673091,1.9463088270662448,1.7796607272551435,1.2129129542648907,-0.3879052697415117,0.9147463147248396,1.0247794510256087,-0.18683236815545826,-0.5307414228326736,2.1777027880250612,-0.5011369776427353,-0.5214996020579945,0.44988269753082394,1.5318961974336778,0.4097077138752465,-0.050764734140132786,1.746643326953924,0.08369771743740964
Romano Schmid,Werder Bremen,24,AUT,MF,Bundesliga,2000,11.053718103725988,1.7172660502383705,-4.135191576700885,2.0468169940472474,1.0631020236493,0.9103236561452186,-0.5670513603714157,-1.4059043412857266,-0.009132499470864714,-0.3518835158830218,-1.0133354191426054,0.37240443807075296,-0.10669672772485665,-0.6371112619749634,0.5426801076840098,-0.44272771280471807,-0.8293894972341395,-1.8179014733742376,-0.6766898627048608,-0.5713193037232519
Niklas Schmidt,Toulouse,26,GER,MF,Ligue 1,1998,-5.45024894961501,0.7456907138961274,-1.6464476780787947,1.3392235886312132,-0.32966311690340444,1.616389063611557,0.6679491061553022,-0.5774210441447353,1.5831097745197185,-1.6153807627532688,1.378309408722866,-0.19205628220825022,-0.2057476091614113,-0.34188589003829956,0.44326115683049416,-0.05465969676728636,1.0077198513120948,-0.31198317989264585,0.38901885999319674,0.013687166758937297
Jan Schöppner,Heidenheim,25,GER,MF,Bundesliga,1999,3.455356176086988,-0.5388868393959377,-0.09289601641878868,-3.4346386157293374,-0.7348046300057458,0.6495925283864336,0.07340415366117381,-1.5451768136727915,-0.8938923456463879,0.3127312715804797,0.30243858903336895,-1.156765995566307,-0.6547430494328255,-0.5869275508914245,0.5739625527800045,0.11910946377795209,-0.25458513700374996,-0.8332142873734729,-0.46398698155007373,2.3459141176246048
Marvin Schulz,Holstein Kiel,29,GER,"DF,MF",Bundesliga,1995,-5.947699644197021,0.5058800854941085,-1.5263325651827562,0.6606240940933216,-0.025511397198176345,-0.36856500770391193,0.6893838415046313,-1.0626492295645698,0.15718186124499223,-1.147198418038502,-0.13018657133982775,-0.24999308711091794,-2.263620937928364,2.8198485927848504,0.8515637299659449,1.316273872549772,0.8615557993632827,-0.5234709698612374,-0.21299565034300322,0.12423183278063356
Léo Scienza,Heidenheim,26,BRA,"FW,MF",Bundesliga,1998,3.0339696366484636,5.377926281320509,-1.8416914421406303,0.44791640007778877,0.5231656722109259,-3.2568935739482736,-0.539339376353261,-0.9331642827067794,-0.5232206576536099,-0.10732551068208111,-0.5169202910300472,-0.6102292622032987,0.0780379447721278,0.38818120399015454,0.42188582025388205,-0.9645242954496417,1.449880921242141,0.1954163905267273,0.5434909676198564,-1.189495745078265
Alex Scott,Bournemouth,21,ENG,MF,Premier League,2003,-4.406583822693101,-0.0768814667292013,-2.2538483864290795,-0.4563229871585222,-0.8939171223831637,0.09255415636549304,-1.008872655854084,0.2875594591971955,1.107406057141976,-0.17399280406433096,1.3374892128307163,-0.6578495121517111,-0.05099794229275919,1.1445520909450602,-0.813646486472962,0.17756980922210497,1.127469514892303,-0.8823125675797037,-0.0014985905375818184,0.27253651369044785
Aleksandar Sedlar,Alavés,33,SRB,DF,La Liga,1991,-6.234057281249982,-1.05121165897639,-1.222504230828341,-0.614826342587439,-0.5641278891770485,0.358535298486317,0.24197162405361888,0.02480072745745802,1.7175868175295312,-1.5844085585941172,2.7409943548568685,-0.6605071105431737,0.06328985688016771,-0.7833289857329016,0.7096186391368849,-1.1204397827498,-0.10605443812567844,0.361082864074291,0.28608071163153503,-0.09455830484732795
Alidu Seidu,Rennes,24,GHA,DF,Ligue 1,2000,0.21234851443922567,-3.468012146995491,-1.4233860609270652,-0.38705311812438986,0.39078622199685903,-1.468265937733807,-1.8160135236523653,0.9529307740202715,-0.25856445284050283,-0.34492663391779543,0.7535825235647046,0.1376111998228325,0.6588992330951522,0.03803489234358931,-0.9426873091239847,-0.5111738544924848,-0.21007646367713426,-0.6544194984435381,0.8500840176202388,-1.2020846848058426
Nicolas Seiwald,Rb Leipzig,23,AUT,"MF,DF",Bundesliga,2001,-1.5186287411643076,-3.610546774749651,-1.7231058697900483,0.050231347357244355,-0.3938052392480618,0.8369197948630259,-0.3169923527829319,0.19317650775595632,-1.35132880515364,0.052420623245669824,0.27090433347563125,-1.139229224863948,-0.5443853972010716,-0.05694122090881847,-0.1664746507299816,0.6009625084551907,-0.49572472366972514,0.8371411901621343,0.23264308747956663,-0.30836594722095045
Nélson Semedo,Wolves,31,POR,DF,Premier League,1993,5.549156206497017,-3.798110908681962,-1.7347218213022226,-2.622729095359663,0.1827058380203447,-1.2661556511817975,1.5069428720376636,2.697021381200158,1.1937560203382491,-0.13835395092229227,-1.3345518595342307,1.0131444193412225,-0.7603684624693564,0.5020654943828022,0.7524227232580721,0.49460530565630645,0.5161655030528264,0.6248821090545582,-0.2537271384568417,1.3718442931275892
Antoine Semenyo,Bournemouth,24,GHA,FW,Premier League,2000,14.52266969974161,7.347949132158175,1.172287570894206,-4.2855283805263005,4.439705420918377,-3.356654502475505,-2.2596002548828262,-0.2785807848884243,-0.8342755265792925,0.46055188511642925,-0.3654746400330429,-0.028208278495591693,-1.5534975217205709,-1.2573464755026444,-0.372143135272008,-0.12851649673186863,-0.320334430938461,-1.2736389060655426,0.4628760692525815,0.2338408611325732
Marvin Senaya,Strasbourg,23,TOG,DF,Ligue 1,2001,-6.725160492717974,-0.27799137518577227,-1.472505390202574,0.07470120939854615,-0.15698468497496124,-0.110159280218659,0.6438674091324619,0.0906621934801572,0.2991988752788952,-1.5031081025722624,1.4248241929571344,0.6710078958016328,-1.6473081918205656,0.5020740333281873,1.7775454314858439,0.501409740657971,-0.6640840853230947,0.16606818554529693,0.051076598375576945,0.12529729937233397
Marcos Senesi,Bournemouth,27,ARG,DF,Premier League,1997,1.3490274718821937,-5.078143855397333,0.08369005494343368,-2.1655175977210925,0.5352250677221092,0.9395523124349324,-0.05124709190720794,-0.8271188280580433,0.9083814924972077,2.558679464285437,-1.079042340699357,0.06408399494832788,0.3523934485069161,-0.2950250792976108,-1.1612666093100383,0.7320141414152584,-2.041761954003629,-0.4973600258623633,0.7622182212902125,-0.8136356888198967
Suat Serdar,Hellas Verona,27,GER,MF,Serie A,1997,-2.895383446141035,0.6192683725467292,-0.040038374602528085,-0.5809793932522628,-0.7021161002984726,0.6190116391853878,-0.9506205131618309,0.8570012157697435,-0.6612960485686031,-0.807016824379482,-0.7934460843999439,0.15054007303802835,-0.2355782785631253,-1.5060348610711782,0.7700093374154251,0.06386287403155491,-0.8618716089164595,0.2062482103080662,0.8874960148945332,-0.36419839684258654
Sergi,Leganés,32,ESP,DF,La Liga,1992,2.0862642016111224,-8.016019360989288,6.132507601763307,-0.712714356181681,-1.373500355720136,-2.1655704865638907,1.5228143449217897,0.41259879612700756,-1.357173459516719,1.6709395106723695,-1.8985228985928029,-1.4417897961326123,0.4591298367501519,0.7349813604724705,-0.6593131034289318,-0.23933751638289405,0.10297388047762783,-0.29029903505353205,-0.18583702118150103,0.09021915243930663
Benjamin Šeško,Rb Leipzig,21,SVN,"FW,MF",Bundesliga,2003,0.495083244876811,5.843588131273005,4.857628694287053,-0.3680116580452592,-1.8302340311720158,-0.4636347355457197,0.10483448623953037,1.089463574964367,-0.5793515585843644,-1.5453450489079903,-0.8609840293686969,0.20427405430779336,-0.941254403553104,-1.9019780902377068,-0.1580296518188317,0.2466135198170246,0.7536710728888855,0.28262706383420144,-0.7436637831209246,0.07531941940509122
Stephan El Shaarawy,Roma,32,ITA,"DF,MF",Serie A,1992,0.41056662027895585,3.7915638194935726,-0.3224549524610546,2.1838770314204883,-0.4524948238560606,0.48338527376252083,0.4552080242474729,2.6157670298676217,1.648866103035833,-0.09320830547035044,-0.2540285093627174,0.4038142982195566,-0.0006186332158166684,-0.1356515586910274,-0.8635549801158124,-0.39085610674448673,0.5974411020552741,-0.36579507728112737,-0.5830756659761022,0.39576475949496814
Djibril Sidibé,Toulouse,32,FRA,DF,Ligue 1,1992,3.2488625825805606,-3.6787187227657676,-2.867505167160385,-0.2275822404540469,-0.7214257845133949,2.210605658144335,0.6479315043282493,1.0222053353824168,-1.1267108224718798,0.7717557585577057,0.6225124831630854,0.4635838792150873,0.47411163060901135,-0.3937189939004904,-0.47490957527971833,-0.29098254084225367,-1.0920424693833084,-0.718167796799762,0.06101952323161922,-0.6372960469811645
Armindo Sieb,Mainz 05,21,GER,"FW,MF",Bundesliga,2003,-2.9675646311643282,4.170037225364843,0.4336502885825733,-0.263633829171793,0.02427436656703042,-0.3600685007602273,-0.37378243771035174,0.5548674413605278,-0.08448436295972676,-0.6244509880349159,-0.8335768701671686,-0.11661793913484043,-0.5855859914831889,-0.7669513175084132,-0.051632605877846835,0.28069048065855606,0.165228006666635,0.42194520874136104,0.21437618590621768,-0.16990643469891556
Vincent Sierro,Toulouse,29,SUI,MF,Ligue 1,1995,5.520330048731057,-3.724230074164593,-2.095444384115296,-0.6315628405189186,0.16548306537834742,2.866524595987366,-0.02994081172715786,-2.2862031455268648,-1.4929565804560636,-1.173537491460878,0.6963656843923673,-0.9159173709000974,-0.2144972421142612,0.34417006170686304,0.7842499070795049,-1.3181374798215968,-0.5501540382949822,-1.3676735831159466,-0.20615655887503748,-0.6255300103993717
Tim Siersleben,Heidenheim,24,GER,DF,Bundesliga,2000,-7.124965433172944,-0.14321869585608024,-0.8028120257050259,1.491341467357773,0.6936214354315362,-0.775149777678377,0.09209371829433403,1.4183978569163551,-2.8451184865461046,0.39303117064851606,0.033474332221216166,-0.174573993443069,-0.24623925783095546,0.13008588019655157,-0.914850394364989,0.24137124545416203,-0.7360112413735989,0.10758990602860717,-0.02962294921167133,-0.06534458015968721
Bernardo Silva,Manchester City,30,POR,"MF,FW",Premier League,1994,13.427744305289526,1.9316781510922656,-2.1033842152867366,2.2992716905989785,1.928563439554546,-0.2973040787517551,0.03995063073971542,-0.015826910966892357,1.4960274884602287,1.8125509413341263,-0.36168522734265884,-1.7864026186402993,-0.8470956051104854,0.012094337121401812,0.32680434312098267,-0.5776310814878516,-0.34786583795486214,1.8954217493057552,-2.1013407322262423,1.7123400072860688
Caio Henrique Oliveira Silva,Monaco,27,BRA,DF,Ligue 1,1997,0.5032761540250168,-0.4909323687892037,-2.5110896247235517,2.365972281746738,0.25661227737657655,-0.043768301429710006,0.6818041738144731,-0.472753273033726,-2.2354616958342,1.629891289233415,-0.24862035195005067,0.7612511298833611,0.3178218407643699,0.2696938057557729,-0.9086160226568084,0.3757826707585351,0.5898178474238561,-0.45440135649624086,-1.0500000713074291,-0.4712058690145682
Fábio Silva,Las Palmas,22,POR,"FW,MF",La Liga,2002,0.864957783072807,6.0516220664233105,3.3883129964377185,-2.0541943448016715,0.05305005131160869,-1.0340686057454538,0.35531103124798835,0.40917853581766905,0.0427343750221865,-2.261787990779419,-1.5715569140455954,0.6042817109996685,-0.47563301322773077,-1.973850132258604,-0.2559804045581182,0.33289864849971296,1.0551945330715502,1.089133988794691,0.0550442070247946,-0.03533800302679703
Jota Silva,Nott'Ham Forest,25,POR,"FW,MF",Premier League,1999,-1.7999155050602835,2.8187892776870984,-1.998662373166355,-1.8238455622413734,1.3318513205946834,-0.23972736101024683,0.7579794693984929,-0.973671121238307,-0.8815893802945551,-1.66737129147797,-0.9823377190706778,-0.5607466988206918,1.8220561180615849,0.21718729649463708,1.556040532304222,1.1549719420385767,-0.6345531872059533,-0.21960794767039626,-0.19822832528019474,-0.5011211026559911
Abdallah Sima,Brest,23,SEN,FW,Ligue 1,2001,-3.9038432364301183,4.256913600656785,2.168037705191961,0.1132134658255558,-1.3417958199838875,-0.4846412982397649,0.20967153185955212,0.30744482816897417,0.5617841375052859,-0.19857276362122753,0.0784927159853991,0.5974392601314543,0.0506439403027261,-1.1744828156540534,-0.24272178845896009,0.10051644882389839,1.2093727916515968,0.48812653112871845,-0.04912321513205462,-0.04911897316122932
Giovanni Simeone,Napoli,29,ARG,FW,Serie A,1995,-5.680973754834134,3.716617449174548,0.6703795806889433,-0.03714289607222628,0.5804714144543224,1.3321546837604779,0.2681710226587635,-1.1387171262673133,1.4816620080570277,-1.0604643939696734,-1.7622336269185386,-0.815762837901477,-0.681746861602272,0.594722391035322,-0.37192117749722825,0.1565763081141284,-0.7565144645279983,0.2769656123120229,0.4786388340764235,-0.11040056547979336
Giuliano Simeone,Atlético Madrid,22,ARG,"MF,DF",La Liga,2002,-0.5328062066213797,3.130078680342002,-0.7843647536251985,1.0421294039007176,-0.9502195136186664,-0.5603161894352318,0.8118830233582011,-0.06384635148368596,1.8255955694711046,1.1632766907205658,-1.407302038875048,0.7318154242019712,0.6748617242730002,0.3596074607615233,-0.8824609212633426,-0.2253784031185947,1.424831906498309,-0.5859449148898399,-0.9200669813804466,0.24710185309596774
Moses Simon,Nantes,29,NGA,FW,Ligue 1,1995,8.916089002068855,8.369662311366351,-3.26439361634048,2.410273623655219,0.7053613241953378,-4.20792934601685,2.5802286454361774,2.3494909560111332,1.127900029461361,-0.9385842675665629,-2.3413493648262182,0.7434470663788039,0.0503332647117289,-1.367194790184036,-1.2887870907161147,-0.1475184313042292,0.4370356094998835,0.9822252288159582,-0.06182569582567088,-0.06493611050177549
Xavi Simons,Rb Leipzig,21,NED,MF,Bundesliga,2003,0.9227055128979381,3.626417328398899,-0.5952117209154595,2.3366666463972963,-1.0337655440911837,-0.2971435772616138,-0.8845734706834412,-0.8796500265121964,-0.611814167705633,-0.09775499061644989,0.07167563507480876,0.17293452228107128,-0.0014965974427391688,1.4353714157874715,-0.2903196538776636,-1.484168773935005,0.23958323311186772,-1.9285066838073517,-0.4450457849196445,-1.6506530614915402
Danel Sinani,St. Pauli,27,LUX,"FW,MF",Bundesliga,1997,-5.570767400677528,2.095914505527059,-1.2918353937909601,0.9367630445755766,0.39779409040341573,0.9505154647232378,-0.3196866835143475,0.5014035207391832,-0.6479564134956054,-0.5808754006113869,-0.27541223648239355,-0.22877307979135053,-0.29315274512366185,0.34795844354639727,0.09542132542185736,-0.011093094261491417,0.9474267784035609,-0.8597421504895358,-0.5909299952693056,0.5772478810839053
Lassine Sinayoko,Auxerre,25,MLI,"FW,MF",Ligue 1,1999,3.3518230902800306,4.5081308851988595,-0.4587293857106661,-0.967351169201146,1.7639269218965108,0.7042143372319741,1.589984308906581,2.0582078689573837,1.0377814390383773,-1.4312284923678908,-0.08451047636928602,-0.22041654699850105,1.6284419171951128,1.9601656029825545,-0.8325925976805717,0.210359528541364,-0.6995058656231878,-0.6143341899424666,-1.3313563606199366,0.7704140873520273
Wilfried Singo,Monaco,24,CIV,DF,Ligue 1,2000,2.32473487421841,-5.45339725599354,2.454127504486909,0.5473149058893073,-0.2344198452757421,-0.17976447124162312,-0.7241100077654868,0.7801788040737201,1.0940797825663302,0.03703441343162554,-0.5081856168800432,0.8257988820277726,0.9933831799635613,-1.2814700101810177,-0.6098909433720118,-0.3687029853222033,-0.17431789898166586,1.1550891904346663,1.1155793030936165,-0.6448014238665926
Luis Sinisterra,Bournemouth,25,COL,"FW,MF",Premier League,1999,-4.780219141245982,3.81177533250101,-0.47134480240980847,1.0112574122507976,0.21306392032796,0.10324762441610227,-0.0588149087566193,-0.1535337682518206,-0.16638724656569945,0.4346088688880555,-1.288001439335529,-0.9723004792023456,-0.9739295811922114,0.4839752084128237,0.07389098534223432,1.3729629358619775,0.8170098912812745,-0.22494307826848314,-0.34716142538375694,0.7746632453192577
Jailson Siqueira,Celta Vigo,29,BRA,"DF,MF",La Liga,1995,-4.292691570050785,-2.3757207749384044,0.4087184144973347,1.7935575613443118,0.5860330831580658,-0.8867589807144494,-0.7872246917377993,0.9885253009472789,-0.3152364207453664,0.9709393895121624,0.670085235732156,0.03835642357965896,0.5364981026729893,-0.04275222241437193,-0.40434895399919685,-0.4796757637493641,1.3704100006444393,0.3618307815823943,-0.3570216791057918,-0.11906786156287227
Ibrahim Sissoko,Saint-Étienne,29,MLI,FW,Ligue 1,1995,-1.2840758442127886,3.9637855121032555,2.410931619444557,-4.368585174409758,2.079488234421792,1.2843479266250366,-0.2176127656004706,-1.0096086365733525,0.7522922775929343,-1.0567405884062573,-1.0246284215130286,1.075828313832462,0.12210660279874894,0.21943048001561039,-1.615699916834543,-1.3785874068715205,-0.764863414368192,0.26816099290636347,0.7049626860567054,-0.03919735841679076
Ibrahima Sissoko,Bochum,27,MLI,MF,Bundesliga,1997,2.5756040098870647,-1.9754407289284321,-0.2118165345767819,-3.0812970819869316,-0.8494654090632164,-0.5010671716727676,-0.040785445938506734,1.3798400191888107,-1.5094795251607416,-1.139293251604774,-0.7020835748754628,2.565363564124902,1.336194406190671,1.3302984196081094,1.0928895214631327,0.9403273692110106,-0.9573536368455622,0.2631857605448795,-0.15702943412464013,-0.9721239521758099
Tim Skarke,Union Berlin,28,GER,"FW,MF",Bundesliga,1996,-4.342295505011855,2.9621390519752255,-1.3147771413039817,0.06389698759744514,1.8174275634638215,0.27843919422150215,0.5121578567830437,-0.05494092111631194,0.805358128099408,-0.32203510979945194,-0.5150987378404072,-0.15334093424027143,-0.1483557218678838,0.7042977203976823,-1.2562811082084397,0.008345488716160877,0.7485492975944356,0.3745285726456619,0.35195922697645055,-0.4026551385561431
Ellyes Skhiri,Eint Frankfurt,29,TUN,MF,Bundesliga,1995,-1.1812541383102306,-2.2264929830182267,-0.5089816713106385,0.702806435858271,1.0217555451931057,1.182151959062204,-0.4949685920563737,0.8918956988758613,-1.3308990141793984,-0.1612085784694716,-1.2081564591173466,-1.6594151738114344,-0.6630763420030759,0.45272570060643447,0.4593296935917155,-0.6359014307865439,-0.8989120090350633,1.1490240002175072,-1.4434291725441701,-0.05178160573735071
Oliver Skipp,Leicester City,24,ENG,MF,Premier League,2000,-3.6499417018312714,-1.2075122089727088,-0.8043125184902197,0.6891469970204256,0.0825513218855662,-0.23967006150825895,-1.0027670498291765,0.21349324132734043,-0.10351499977089978,0.06746026980489055,0.9934755117520983,0.25144693016978537,0.5436837368052475,-1.203920107427827,1.4496018960156523,-1.092729145633188,0.9693935193657107,-0.022840070719936614,-1.0946585275393397,-0.6383266232754369
Leo Skiri Østigård,Rennes,25,NOR,DF,Ligue 1,1999,-1.1336827264284857,-4.936672430200181,3.2834204621889436,-0.25152410502354877,-0.8173067471867147,-0.3458334210368564,0.5089229899775505,-0.48924621550939984,0.6746788582700708,0.24941263573770975,-0.08498711447899379,0.3380373127517402,0.4034210483187938,-1.0345661718679329,-0.35975885046758393,0.42701522920480667,-0.30214437446484876,-0.5702688501357157,0.6049861660573611,-0.1470397890864037
Robert Skov,Union Berlin,28,DEN,"DF,MF",Bundesliga,1996,-2.5567970372939706,2.408203430264151,-1.2039003368101673,1.349839625870501,-2.6201969814451362,0.38389718069548945,2.615545303509011,0.35969189774949717,0.357634042093492,-0.08802693090787325,0.37212812941094153,0.41017482790548043,0.7429144080945693,-0.22320168704052692,0.1536620016432081,-0.8422593990952754,0.5107319668986979,-0.6551124705897126,0.2506332174779794,-0.3712366536764606
Milan Škriniar,Paris S-G,29,SVK,DF,Ligue 1,1995,-4.966165646475619,-2.4367572529856387,0.2764488708902783,1.4999673519703065,0.7681588372197444,-0.037860554760230376,-0.12732113052065697,-0.11051960608640553,2.648009248295559,-1.5831298602080814,2.852924582952832,-0.4909036172738334,-0.262579923158575,0.1556065388834757,-0.30512668668366777,-0.7238749616904405,-0.27363652841212827,-1.026127793843762,0.3426411035795641,-0.2576604895985423
Steven Skrzybski,Holstein Kiel,32,GER,"FW,MF",Bundesliga,1992,-2.49693452299822,2.609258225449058,-2.158158286540361,-0.07316780641250666,1.464047319239746,0.836310169918252,0.1504946224401286,-0.0908148480963716,-1.0421127492135898,1.3169619908284826,-1.2350018124045643,0.2725812476886887,0.09340306999054553,0.8457831094383587,-0.764185712830237,-0.2650444068430416,0.7139271971090793,-0.6232883896451928,-0.26592204442427014,-0.06876323303878182
William Smallbone,Southampton,24,IRL,MF,Premier League,2000,-6.295153590481746,0.8766788973555137,-1.5879570604459865,0.924755916901735,0.5871426883580506,-0.20735105766530237,-0.11927356906373984,0.958543680962236,-2.6199692278284337,1.5035988790847488,0.3563431789868006,-0.03827393399234561,0.2265077477601452,0.010484401378079131,-0.7226161261969625,-0.836384700482627,-0.7580395079734998,1.2179658999699772,-0.09623575038075673,0.45135097692381476
Adam Smith,Bournemouth,33,ENG,DF,Premier League,1991,-2.2051198554403486,-1.3957130936962214,-0.0600515334802884,-1.2961618399906627,0.17308478848257652,1.2193355944764965,-0.07078977064162328,-1.3362416053191266,1.9636463982582344,3.344693495072104,-1.5825084063427723,-0.5646259545712485,0.7420032545634099,0.06335969232570644,-0.3587835222181251,-0.5290847635444612,-2.1109421560110175,0.431277183545023,0.9295699704814203,0.41087873253904805
Eric Smith,St. Pauli,27,SWE,DF,Bundesliga,1997,1.3616889371937935,-5.07918209349923,0.8961854183152147,1.7389285867292827,-0.7074355772800364,-1.0493577256807978,1.797876875156251,-0.35980055442133785,-3.0710317138579084,2.2246381923762093,0.6340921834579555,-1.3577013821917232,0.4713937838094222,0.03784895296978899,0.7070507561827528,-1.3664804647332471,1.4604643192159665,1.5112872135595572,-0.45693851291969745,-0.34090206253649896
Justin Smith,Espanyol,21,CAN,MF,La Liga,2003,-7.179780871097883,0.44007936395597563,-1.500602875900583,-0.10228952887481443,-0.09512314572270511,-0.03609910499999668,0.3849617926026904,0.6402857168873008,-0.15037778763827303,-1.2158473126151876,2.000602592116199,0.2996992725647959,0.3105156783837466,-2.0926448944861176,1.1074275583578839,-0.749487227484083,-0.6315283253382907,-0.17487018145243863,0.25455805326895864,0.036049266013738895
Emile Smith Rowe,Fulham,24,ENG,MF,Premier League,2000,4.381337826379619,1.6731955634590558,0.40461313249824055,1.4362717385269803,-1.7493604291459461,1.3413530063942694,-1.730558711435505,1.533151354699953,0.826453760064683,0.178464839162018,-0.6402273115564313,-0.010369922368902192,-0.6824197019937579,-0.15398393202191252,-1.017348727902743,0.9147237913728743,-1.4616131390114693,-0.21292185662197072,-1.4536120618134678,2.2732849182332417
Simon Sohm,Parma,23,SUI,MF,Serie A,2001,2.8569340126715552,-0.3860120509255001,1.310778302927158,1.0783850048729036,-1.1989024033451758,-0.08546911348273727,-2.38086096930442,-0.7029137489918093,-0.3375561508001417,0.24259456693679465,0.8947450585906586,0.5238724926951934,-0.407017699982638,-1.5838404095026173,0.08652718281800109,0.5744665676577458,-0.3420945961130578,-0.37846147689872295,-0.8015325988674903,-0.3433649732795483
Alex Sola,Getafe,25,ESP,"MF,FW",La Liga,1999,1.1791074409297833,2.572893695073806,-2.664248920857699,-4.240159247408193,1.6470584176153897,-1.5820806206058673,-1.581814250385842,0.1436056765039909,0.6520766980781605,-1.7436177607527636,-1.9521908435589677,0.38282438315464495,0.24139626447254112,-0.9983652437124879,-0.009179179786481381,-0.6071760603094342,-0.09194775320408743,0.3386693093708114,1.2751526599641338,-0.8723970271514997
Dominic Solanke,Tottenham,27,ENG,FW,Premier League,1997,5.214980311235729,8.313440141394354,4.509070346665887,-3.8946156910267273,3.595379288307061,1.9914912340953912,-0.7988948293639243,0.5618887534899203,1.2066165926612156,1.062934500607033,0.27003514173177356,0.21871259923679703,-1.1184114961495881,-0.4772605622043057,-0.21994983599647414,-0.8967972524515329,-0.024659819736851562,-0.21062576550705778,0.3591250047171126,-0.5988543462774666
Ola Solbakken,Empoli,26,NOR,"MF,FW",Serie A,1998,-4.839021268877412,2.433567363271138,-0.2549498495079584,0.22737983630536432,0.8984124587709034,0.14049793566060376,-0.1793611738217107,-1.3971080189366525,0.976897689559975,1.9714892540560685,-1.4093329544886544,0.9943709771985448,1.0863373194108457,0.028889009994677906,-0.10700248754048809,0.13506387427885763,2.559516355664987,-0.6448538832836229,0.5230310785187188,0.023878534786762325
Carlos Soler,West Ham,27,ESP,MF,Premier League,1997,-1.337105225856707,0.14086893658003644,-1.259897012952987,0.33719880873792285,1.6165922923551048,1.7557322641709954,-0.8843253170648534,-0.4753947135250844,-0.8266453942191623,-0.04417097145331721,-0.9681276722155122,-1.8567406990443747,-0.8606752557344975,0.24326991008428644,1.770445269821136,-0.7677836658998872,0.39890867810711944,0.8857743617880173,0.06905588789275743,-0.2983326922210576
Jhon Solis,Girona,20,COL,MF,La Liga,2004,-5.546501489459005,-0.21438310605901884,-1.0578755389870078,1.0799914438337652,0.493757526035816,0.02086050761599022,-1.332035332252765,0.5997529061138906,-0.6125957295333684,-0.26840491299212116,0.05840372144180371,-0.42280575838338014,-0.636934358006215,-0.8243124733496447,0.3672024821313901,0.34785726178249654,-1.073758058702749,0.16125814577033276,-0.17666276182106708,-0.38804001892847173
Borna Sosa,Torino,26,CRO,DF,Serie A,1998,-2.5300442055980934,-0.9851653718707801,-2.3455761750886963,1.0688541065062922,-0.20828888311721833,-0.5594334603468815,1.4546093281028007,-0.7044879114879923,-0.7926745242059619,0.4759506543215506,0.7291084863689882,2.2766261951099738,-0.8473341240141579,0.5599602269129342,0.1813369036780703,0.7956579707906826,0.13459502696753858,0.6970292232458026,-0.8062042434815478,0.5494067547182219
Ramón Sosa,Nott'Ham Forest,25,PAR,"FW,MF",Premier League,1999,-5.565204178300364,2.7245164178806602,-0.2528663338486817,0.6462636708321303,-0.3223724804264869,-0.6359520152678624,-0.10033571116698103,-0.15879060988495045,-1.2640797448519678,1.1338887441738101,-0.5970261513275633,0.12697033114676537,-0.051108022619624306,-0.3117944205993609,-0.01933330088172214,0.30734677630616264,0.2766104972197374,-0.17699978186966364,-0.09947839263841221,0.3867963386916785
Hugo Sotelo,Celta Vigo,21,ESP,MF,La Liga,2003,-0.6706075184017766,-2.0197140183630644,-1.9199587787233756,2.2049322863447793,0.45704524751113235,1.2662623824789325,-1.939130728936481,-1.4665633358412833,-0.6770045691988568,-0.9794806390125329,0.32536771653067886,0.05345341172619204,-0.31243479535204227,0.273116658892878,-0.9561301551707247,0.6976525664323937,-0.1654050213897612,-0.08644412258025029,1.3531238912252896,1.986021268934729
Florian Sotoca,Lens,34,FRA,"FW,MF",Ligue 1,1990,-0.76187725284811,1.961701239371155,-1.0829626437821256,-0.823096636282197,3.601599052248334,0.8714849863635907,0.2214762338342244,-1.3220665580921136,0.4274348580901863,2.035578470161376,1.0081769420599311,1.2649368661693512,0.4522389594273843,-0.9094601804260771,-0.6761261830876818,-0.6149790723271824,0.24340122504574768,-0.5033615765214177,-1.0369452978131182,1.3028007864601805
Riccardo Sottil,Fiorentina,25,ITA,"FW,MF",Serie A,1999,-0.7653687855253618,4.363546066341122,-1.2338630466831033,2.129312729352841,1.0916474258165247,-2.999124232519803,-0.23436012630534153,0.9393041708241311,0.34308858805034714,-0.69792292494189,0.44008691694509505,0.46687002166142927,2.523516087002897,0.34100110298081027,0.1268810464025693,0.8936107805965818,0.1733976812237283,0.6429601364208909,0.12132268645765965,-0.7976499591001331
Tomáš Souček,West Ham,29,CZE,MF,Premier League,1995,1.818860914568426,0.06283767533298523,4.6515768437413305,-3.769229337983383,-0.5629135889935117,0.7915323031830743,1.2449865309917718,-1.5025644503416251,-1.9136056624298805,-1.9522977125680254,1.298777553421186,0.2281029445466916,1.627341289176003,0.28135291442336563,-0.8276860113169702,0.9409409930751554,-0.8112367102414236,-0.5708308627392124,-0.31454709524345165,1.077113324795244
Matìas Soulé,Roma,21,ARG,"MF,FW",Serie A,2003,-0.10744158713239524,3.2457645724832926,-1.222446244431842,1.4621005093054948,1.3568863944275742,-1.6153932681372896,-1.7675359983476844,-1.6342592896079005,0.20219338874880174,-0.07340172030181018,-0.7355653864237598,0.02602063641592595,-0.3730117505921303,-0.7540509904548516,0.811459880887119,-0.0007521598229384659,-0.05146663224251894,-0.5985507015561445,-0.03192158800597424,-0.07041079553551537
Boubakary Soumaré,Leicester City,25,FRA,MF,Premier League,1999,-2.0932815426144957,-2.6094144331525215,-1.0861149267351118,0.6438826304742198,0.4130389464813854,-0.4700157050180926,-1.5451351852735107,0.490916045350776,0.044106870873731274,-0.5374514282227567,0.9140861657601541,-0.27743274861221395,-0.06912391608698393,-0.9139469668619249,0.4416188065063505,-0.9028898105639316,-0.7104445072790272,0.5912919917037175,-0.1389066537933537,-0.5470212830029345
Issa Soumaré,Le Havre,24,SEN,"FW,MF",Ligue 1,2000,-3.166050336406181,2.724896352447217,-0.5840720647465869,-1.4587979459238332,2.2976269193602548,-0.3931411469527511,-0.2133433227316399,-2.019935507881238,0.7370870815993749,-1.3190101315395775,-1.0428830634565218,0.5681402559810921,0.48756528865996485,-1.0010451917385552,0.11734198298412955,-0.3514182829812091,0.746886078358934,-0.20195127412453837,-0.2412184145390878,0.48383043729066666
Djibril Sow,Sevilla,27,SUI,MF,La Liga,1997,-2.583875537225247,0.9841540318905829,1.026390500145933,0.6220257797848968,0.9260739704449289,1.614933279608555,-1.2744621844167272,-2.5037994684605542,1.7419567140645715,-0.8909870051504216,-0.46995347307299407,0.2506997798796223,-0.3743999335938255,-0.9420187418872504,0.9952183393979582,0.5405776470578635,-0.15669386764643056,0.3027727681253834,-0.39102633357691596,-1.2325123168506662
Saidou Sow,Strasbourg,22,GUI,DF,Ligue 1,2002,-2.052481531783302,-5.1506925870562155,2.223798726587343,0.6715867385891022,1.5582470465577003,-0.7892389032485051,1.2094086790340646,1.020794069679001,0.9234447977479038,-0.414746627083094,-0.5285747332536512,-0.46187840727795354,-1.5907613769941347,1.5592255095939453,1.5151916846013906,-0.30344596700388304,0.1693433114429514,1.0959567516740212,-1.0970284794355045,-0.04317627233149188
Djed Spence,Tottenham,24,ENG,DF,Premier League,2000,-3.751767360354442,-0.23501531026297884,-2.0057295271797075,1.4704510080947224,-0.017008490517822022,-0.3552801152657137,-0.19011905028147075,1.6854272046365495,0.825930669997496,-0.06580100725747154,1.63435164931122,-0.30236190688039544,-0.2249138209659222,0.6665164872107252,-1.0912206181027944,-0.44961579114334277,-0.5828596954129044,-0.6245179876793907,0.030184321319503347,-0.23419886992544456
Leonardo Spinazzola,Napoli,31,ITA,DF,Serie A,1993,-5.1913164666926725,1.4221592802911411,-1.6744316571412472,2.118705990864974,0.6911435588492889,-0.14953693388174447,0.10094587847335436,0.6186031577238915,0.20350441493084706,-0.7565330786411804,0.7272275283612365,-0.9795329726140586,-0.39057641270061183,0.02474965060026105,0.42325299809604155,-1.1155591029161387,-0.5686617230226254,0.002313014746866669,-0.503490904540891,0.3632667847446791
Anton Stach,Hoffenheim,26,GER,"DF,MF",Bundesliga,1998,5.792409297252131,-7.075408138358885,-0.43557416789977454,-0.780326020111769,0.6828571938933921,0.5033868220647167,0.5392597909739411,0.2759759965063847,0.14835548462689147,0.8333777267732564,0.3855453111647372,0.24032923934153863,0.8793719679126591,-0.7250367111567256,-0.20971928821655267,-0.20083579233951254,1.230298608326945,-0.26711618498290957,0.14964999068233745,-1.6307420819157499
Jens Stage,Werder Bremen,28,DEN,MF,Bundesliga,1996,1.9737003794415868,2.477135942925313,4.963698616656304,0.07740204708346338,-6.236243837010738,0.10246798047204174,1.2708981513956927,-0.0313591830087405,-0.5209316067170738,0.2853420148548418,0.4213583628077493,-0.9479585015827623,-0.5312390018110928,-0.5227783467191669,0.18204582164502217,0.23039230284304701,-0.0932187350039797,0.9378148977272058,0.44186944959460994,-1.142971174786916
Carl Starfelt,Celta Vigo,29,SWE,DF,La Liga,1995,1.3090687934375118,-8.45502809901637,5.53991210554984,0.7244119756699258,-0.6279197145915718,-2.0501134868547295,1.3404885755506601,-0.41051360055352987,1.2045654908123489,-0.42410947650189534,-0.5248620935531271,-1.3912356093392675,0.12245228971064538,0.32701870652650217,-0.568609264522212,-0.211521365415072,-1.128666131834779,-1.2517381019685625,-1.0058909951346429,-0.41193143822887307
Niklas Stark,Werder Bremen,29,GER,DF,Bundesliga,1995,-2.532534891300315,-4.727492925466913,1.7768964112436736,-0.2484998037542629,1.248973917664864,-0.7871782433047043,0.911941667649375,2.7693720256220504,-1.5911061415563539,0.9218473434609771,-0.49611400761355817,-0.29628481468326945,0.2185258378509541,-0.7503724591045785,0.18097857723661617,0.3925017502831216,0.3576121241378725,-1.1804179500243461,-0.1466697503001734,-0.36074236862440706
Lucas Stassin,Saint-Étienne,20,BEL,FW,Ligue 1,2004,-4.274828874398729,3.9882233477921276,0.6564423103917126,-0.31935732825316626,-0.30956610045707705,1.6952506242686527,1.19936851473933,1.6810390518652363,2.071992749956575,-0.6848675538771001,-0.6338368498788242,0.14325661830114642,2.158977358524789,1.2022563403326203,-0.11412987339326033,0.03637907560036762,-1.0009729819955326,0.3152682476391318,0.13371878432853304,0.3748854306456191
Orri Steinn Óskarsson,Real Sociedad,20,ISL,FW,La Liga,2004,-5.755259559977524,4.1259934573417185,1.9069103207573352,-1.5888008903831592,-0.6536857310072487,1.6781299803402812,1.325582958283033,-3.1446789615213926,2.6242621987225427,1.078450123340784,-1.514321135257992,-0.4857843895206538,-0.22654975939942323,0.29919443772063914,-0.7094893890095715,0.06914721813416845,-1.037654944156533,-0.05446666456657816,0.6187314297692895,0.711502810746675
Jack Stephens,Southampton,30,ENG,DF,Premier League,1994,-1.8368701159931893,-4.266265682252919,0.10230994779851624,1.1563230274389322,0.5791359548643552,0.5768259012374919,-0.35620070664483733,-1.4972346121144462,2.90409927864053,-0.8605957455338423,0.6949052478172512,-2.4511280618393774,-1.2047336469508314,0.24827579144586517,0.6204132852823305,0.08228694521766469,-0.8030023159393928,1.224346092509808,-0.4474831678629972,-0.12854699084457705
Leonidas Stergiou,Stuttgart,22,SUI,DF,Bundesliga,2002,-6.293188850267466,0.09872071593261991,-1.8389049924284373,0.9345977455558978,-0.49553361525126677,0.29369110868704423,0.25971294567951736,1.856238985227056,1.1626848270372916,-1.1272497620682835,1.7869414963341,-0.28042252542623886,-0.1274723655539392,0.8286308508343104,-1.6850461358606654,-0.5881364516914873,0.1624024631870214,-0.03071665635260908,0.45024751971634297,-0.32945639495955603
Angelo Stiller,Stuttgart,23,GER,MF,Bundesliga,2001,8.4586468460488,-4.739239386814015,-1.1932541078396337,5.284028791916825,2.06325654054465,3.1145126693482035,-0.9916424138552141,-1.49791535336019,-1.515041557974272,-0.0699862259962292,0.2966737372041057,0.335252008298515,2.127028349471943,2.2965442613603795,-0.190001075902788,-0.5389772402833968,-0.764159522918842,-0.5259874398040202,-0.909321833888606,-1.7903071687370946
Kevin Stöger,Gladbach,31,AUT,"MF,FW",Bundesliga,1993,4.87304270541938,1.7864294781410202,-2.468863590191115,1.8470344137321046,-0.09641809644755939,1.9677609144147858,1.1741670371145057,-2.723246273862367,-1.9160986094016237,0.6268930269848212,0.06123340959363,-1.009514890746434,-0.12880917248047452,1.4193034573601175,0.3658401007020405,-1.3462029760608452,-0.07385578131831952,-0.7109711929401185,1.1995357591708162,0.10221561791405774
Stoichkov,Alavés,31,ESP,"MF,FW",La Liga,1993,-1.7117686378662937,2.4840956904554825,-2.3198790270766074,-0.9621590394654189,1.4267882480220753,1.0524572734392887,-0.22085956827268843,-0.3770576384370677,-0.2688824153775672,-0.4638872487559602,-0.14571396001567113,-0.030220653169573924,0.1464487582840536,1.0788526893467576,-0.7183557176023224,-1.0986962297376677,0.34930876629016355,-0.89907060671426,0.4972075842551003,-1.243190418562085
John Stones,Manchester City,30,ENG,"DF,MF",Premier League,1994,-4.6817559425741155,0.6516304539623943,4.079352953579154,3.0926476235543108,-6.126391437557509,-0.5678929518532321,-0.540312343390913,-1.0301561797735457,2.3618113623609127,3.1049215436816224,-0.3526080765196602,1.3323732581467458,2.094249428068908,-0.3228562061571483,0.659701344437629,-1.482059937832173,0.7130043445112269,-0.250205778938032,-0.3401737337422595,0.2435536608586008
Jørgen Strand Larsen,Wolves,24,NOR,FW,Premier League,2000,1.7616915635515087,6.323612722527182,6.725784952908458,-4.477003465537087,-1.5518015442300455,0.5631946545301554,1.5282760666601078,-0.9906734417619328,-2.063065250323159,-2.4006072668000358,-1.5836433976518578,0.01863210992905375,-1.30763825361817,-1.1369081709062547,-1.148877617385631,0.8188001410984772,1.3977252832939395,0.7670937619781387,-0.9260540567092311,-0.2010980098980048
Gabriel Strefezza,Como,27,BRA,"FW,MF",Serie A,1997,9.13754343582034,2.4362366909086743,-3.0972636191396923,-2.507224741200621,0.5446975330496668,-0.5795437144824874,-2.520270352976556,-0.9351987071137818,-0.29263220980243015,0.042448592702118086,-0.560129494134529,0.4884151888555247,0.03249273971654968,-0.11299331238659058,-0.6426589593967339,-0.32931678804503417,0.7098766436014726,-0.24895576204793352,1.2860641978337362,0.527307993749623
Cristhian Stuani,Girona,38,URU,FW,La Liga,1986,-5.95395622802098,4.242125672352866,2.732427254559585,-0.17957154595366376,-0.1324225327998236,1.7814981261432652,0.7398192908864671,0.8609114122620065,0.32992998940931584,2.92794015602444,-0.4801559840179602,0.34958955256443663,0.06256038711157798,-0.4627033256360021,-0.2826182324466566,0.01737680889600268,-0.21322290162764118,0.5925211570458452,0.9346329982903693,-0.31562517088855696
Álex Suárez,Las Palmas,31,ESP,DF,La Liga,1993,-0.9441013779880656,-6.777099314301055,2.707294289531751,-0.31345743578953444,0.7399073181162197,-1.776508713176901,1.6546306861024498,0.053105974290438514,0.9725346634918312,0.2712153483353054,-0.26616679012689554,0.609938010095156,-0.34158913967755117,2.4169350889474845,0.5664650189825036,0.6830598335453303,3.4759905733800585,-0.7692444811280496,-0.3410645840846184,0.04240111082366811
Denis Suárez,Villarreal,30,ESP,"MF,DF",La Liga,1994,-6.0940595878141925,2.0243565255397216,-0.6543705263141741,1.3157946128509355,0.5364618724852732,0.31674903244224234,0.21152740266921174,1.0041614977875237,0.03843574904517475,1.6780343292287176,-0.7588027545896243,0.5044407780636495,0.8382097264903826,0.1739443231293198,-0.5209438724927666,-0.01535749753395333,1.8169783055788595,-0.158583170345867,0.6388321142813519,0.28947475845303244
Gabriel Suazo,Toulouse,27,CHI,DF,Ligue 1,1997,1.495666538488615,-0.472011620552166,-3.143671835610954,-0.5207368962932101,-1.6743386862956806,1.3967373338865272,1.570592605877195,2.157358109214591,0.35214319852064,0.7783983266664521,-1.679318348980013,0.5924640308152106,0.874094726253262,-0.6103838806335116,-0.20612981883786513,1.3144226085823087,2.9617983253266718,-0.2310831157645429,-1.1436543075246524,1.2046091743797196
Luka Sučić,Real Sociedad,22,CRO,MF,La Liga,2002,2.7656269287880892,0.40883182307442134,-0.782972230898371,0.05008574736015183,1.4083488015951162,0.9795694781236575,-1.8335968205926592,0.42486218284666327,-0.3458478697220384,0.5307920709742425,0.07597526341516209,0.22365394883449666,-0.15533668597401631,-0.31658310474222917,0.054863779927971236,-0.2549236075223139,0.24804207966117348,-0.9926582569916741,0.1304872939188993,-0.06741102135079209
Yukinari Sugawara,Southampton,24,JPN,DF,Premier League,2000,2.885238170807062,-1.9712177275195533,-1.8382059585245456,1.3001908242852314,-1.6492660621920183,-1.1283570803707785,1.9759865597548598,-1.2166185405514287,-0.9864047161348105,1.0386261405132875,0.9797359214789894,0.23890635120484277,-1.0998089698483364,2.534031504231125,0.1439949430676281,-0.571918612813099,-0.1042756421579313,1.4729351298760625,0.5427799074963571,0.3800546808911496
Niklas Süle,Dortmund,29,GER,DF,Bundesliga,1995,-4.47043387190417,-3.149045181319719,1.2021803991292557,2.3929632890437587,1.5616389248304028,-0.35584971775462587,-0.2194252565510362,0.9889849109257967,0.3534997965712484,0.9573321001544863,1.6244420070496068,2.0968946027261612,-0.9157669778818244,0.1442493696180621,1.0586080156501627,0.13930272887033118,-0.5377872563784579,0.17499442734122833,0.1688202967724225,0.29250449108057497
Crysencio Summerville,West Ham,23,NED,"MF,FW",Premier League,2001,0.22214639827800298,3.796098074223836,-1.7994993468309988,-0.06693528351510673,0.7029036171113573,-0.9597250875358571,-0.2621528948236986,-0.7184214947477007,0.5100649691396986,0.5342806646258156,-0.7393109140490594,-0.5601041808385024,-0.30229312928787233,0.9935746306666178,-0.33373568322671443,-0.5722576238448572,-0.5778779824322153,-1.180904930614334,-0.19563760339977815,-0.44453191960946653
Tomáš Suslov,Hellas Verona,22,SVK,"FW,MF",Serie A,2002,1.236824752983758,0.9677543393336118,-3.3714580286476163,-3.612028485431391,0.32364903894268254,0.0041852073947280235,-2.5131992983322786,-0.4298019405553947,-1.2390468552657987,-0.49883543073887787,-1.1086784747242104,-0.1098149238429023,-0.04500715894379116,0.6399435022547516,0.006909061379215193,0.14152677948555686,0.6095804044513189,-0.8507200704259643,1.1337481112738037,0.5229749326890828
Mattias Svanberg,Wolfsburg,25,SWE,MF,Bundesliga,1999,-4.348692164282778,3.361800583895118,1.1656481590719807,-0.3076853443430675,-0.8590329681592654,1.4161669642897212,-0.015831921298295082,0.3113133083581561,0.27495615490606873,1.0620684331272765,-0.633418800976695,-0.07170207521658661,0.11400599959893118,-0.22189905587640563,0.3451669788924897,-0.1353124936964951,-0.5348463616931687,-0.1954702871513959,0.30706058001447917,0.070005423097748
Marin Šverko,Venezia,26,CRO,DF,Serie A,1998,-2.2115681029675933,-2.867824833513753,2.450332955273482,1.0613071336199364,-2.3100130235727896,-1.492887706420133,0.2683071271933768,0.22189174091212932,-0.03616259074053383,1.205395785147935,-0.17493506320039523,1.8461000610336027,-0.04355043277269469,1.452461115999666,0.4976473325024233,-1.3831783946326286,-1.0064985541249496,0.2837876281126657,0.7393376045200512,-0.21527136174581546
Michael Svoboda,Venezia,26,AUT,DF,Serie A,1998,3.1556806528203287,-6.78239781624608,3.6885700669867254,-0.23637225660738415,-0.743413673440907,-2.202723847174738,0.271548061684484,-1.125851745228503,-0.307808337660675,0.6490998805392041,-1.8942067803643703,-1.2245347327904856,0.3945142405044898,-0.048540276963187,0.7617438916548341,-0.141598036112095,2.416755680848729,-0.6942139269814871,-2.3231968914697694,-0.9437699262095312
Williot Swedberg,Celta Vigo,20,SWE,"FW,MF",La Liga,2004,-0.333388792299416,4.908712851131538,0.6099341046393745,-0.5051479714447203,1.2311969606976283,1.3765119317667294,1.0754021550991517,0.9458068379353102,2.750560588580954,1.4103563672652668,0.24669524070429819,-0.31801868089224683,0.3745797645836196,0.47660276222054104,0.033491499381079835,-1.7231823582487007,0.5178801190440435,0.4037498944510906,0.22230775080364149,-0.6419959674135072
Abakar Sylla,Strasbourg,22,CIV,DF,Ligue 1,2002,-2.9600033387274913,-3.0626083491428044,2.106772823831891,-0.6923726948700367,-2.243100272482213,-1.0296723410977593,0.4712902836554227,0.6065855945747161,1.290099349309569,0.15285550842469517,0.9768257441925656,-0.18781333331516728,0.3465642750109733,0.31662793044022336,-0.8328875294620233,-0.7592760627418264,-1.2312267684723697,-1.1502221126619818,0.4439649675480389,0.11416587362391294
Issiaga Sylla,Montpellier,30,GUI,"DF,MF",Ligue 1,1994,-1.344269893752003,-0.9511556038923774,-0.3785663889870525,-0.14461795842557262,-1.5900567350737886,-0.6525700085885966,0.557772392968483,-0.224817980448383,-1.0163465305965296,1.4224331353660402,-0.6501917922375507,0.4927787008775275,0.4349167751514459,-1.0976163264141836,-0.41455985406814105,0.45206088685214396,-0.7631948234785968,0.3749021943230532,0.7054854296778083,-0.9073933026825544
Mamadou Sylla,Valladolid,30,SEN,"FW,MF",La Liga,1994,-4.442682095558499,3.460371695274802,0.9829211669002579,-1.2497054520430313,2.9713319172758035,1.1040692289729568,0.9208872450384791,-0.46504410545545183,-0.3957347416268723,-0.9913570963009886,0.2504674279840085,-0.05344188483030546,2.5329798709843514,1.3751284877020262,-0.13744122836731484,-0.9271752135464812,-0.78241950341271,0.8038705645473649,-0.24825637850604654,0.6136421172004494
Sammie Szmodics,Ipswich Town,29,IRL,"FW,MF",Premier League,1995,-1.3396095875390335,3.18236371350789,1.0791683052407692,-2.39551902712997,-0.639946258699615,0.035261513326048474,-0.47156318910196754,-1.0148108849263444,0.4806519187703541,1.3216348738902928,-0.25889192347990936,0.9655866372504365,-2.1432417165812763,0.6902100629564208,1.016482542529344,1.7767347268016156,0.697667047054986,1.007725654002326,0.11565589388599158,-0.11416776554817283
Dominik Szoboszlai,Liverpool,24,HUN,MF,Premier League,2000,6.328087770505136,1.8237144941136614,-0.26918266566014465,0.9798440881623306,2.8213373890117177,2.687701090507241,0.2041532115486038,-0.6868511076017348,-0.7408679158475742,2.4716480107663155,0.21469130328903707,0.36010135003390625,-0.22765732625148094,-0.5326975312131024,0.5147311700073952,0.24827073626549734,-0.8574635296627525,-0.8061437934422903,0.43032428374079695,0.9346320616308619
Alexander Sørloth,Atlético Madrid,29,NOR,FW,La Liga,1995,0.774952183329596,7.593044592031613,7.491140104759717,-1.699027805843557,-0.11559235828011265,0.6267108086851665,0.7778543043217606,0.8053192384955281,-1.3202141593156678,0.21459825989950262,1.237070548818067,0.9915524584034947,-0.6337269479362944,-1.7632855583605458,-0.843766115694446,-0.7327101327919933,0.42489501288230436,0.4045990734473437,-0.10822864850098375,-0.09363058051892016
Musa Al-Taamari,Montpellier,27,JOR,FW,Ligue 1,1997,-0.16042218038985,3.8179163695155163,-2.533658122357604,-0.6007095204955095,2.044572491429681,-1.973667414960129,-1.5858675549404948,0.8284943649033363,2.1777323730684177,-0.32984046252967564,0.5685766887126542,-0.38779560928366613,2.0765990091946556,0.02961390864595906,1.3361413450129067,0.1955143797193439,0.16915083589990718,0.8718164386278672,-0.38923316941926694,0.862221575180854
Haris Tabakovic,Hoffenheim,30,BIH,"FW,MF",Bundesliga,1994,-5.916880634571348,3.6347677612083604,1.4438237754816667,-0.7535300490623136,1.6610002293489963,1.372401135125333,1.2625919370362908,-0.9411804693292037,0.2231297280589839,-0.18723843948875274,-1.2512111650598285,0.23836698561881398,-0.1424599408795064,-1.163350406461576,0.43430242436754973,0.19660472133112805,0.6462979470676907,0.07189984003725877,-0.48973085742314265,0.44413601249882945
Nicolás Tagliafico,Lyon,32,ARG,DF,Ligue 1,1992,-0.062432615568242894,-2.4232947595519447,0.900761194166144,-1.3824163114375745,-2.37241023360093,0.5157783379261113,-0.5625039940498324,-0.04161382637848593,0.7821777522530937,0.5957656878425127,2.189775266962169,0.46001060717236497,0.23381959832398364,-0.966392081585508,-0.709030866879863,0.6034666284332476,0.3061380696409284,-0.5662767761987457,-0.9233147969146621,1.0991288177559608
Jonathan Tah,Leverkusen,28,GER,DF,Bundesliga,1996,4.438700137241188,-8.130875748775257,5.757118787115795,5.854052854779304,0.8675296557798378,-0.6373818126313779,-1.7657627778910105,-0.3412507862569814,-1.0013947696482142,-0.21870415830174103,-0.5000183183324303,0.3835471470846071,0.13852755385548843,-1.0497479696110388,-1.001026580033231,-0.206826412153496,0.18969565614139197,1.447371651158356,-2.06379693977102,0.06871479357315631
Adrien Tameze,Torino,30,CMR,"MF,DF",Serie A,1994,-5.938527651079234,1.0831569662656089,-1.143755840720961,0.9587341955515722,0.24664716746245877,0.027737201906686073,-0.09153528719977358,-1.5149753970934834,0.25718589580792256,-1.0019973171602479,-0.8563792789145801,-1.6488291539230346,-0.9531706635754813,0.3650397354130449,1.0739225329064581,0.7821586159051986,1.1824814480749348,0.39357561046110384,-1.1105060174656025,-0.2852146327922174
Renato Tapia,Leganés,29,PER,"MF,DF",La Liga,1995,0.24457905275341896,-2.6523202158249837,0.6271295440539989,-2.4618924348560647,-2.4402554362425337,-0.5149436125921577,-0.010695983649884132,-0.8006679056415219,0.37317656004714383,-0.4047477448685947,-1.8194001528363506,-1.1547808922350427,0.17016336955899639,-0.5727264140612095,1.7887573712327978,0.7417166747950789,1.6597030321300026,-2.0856592153405935,0.8066377681069713,-0.44493675935707455
Edmond Tapsoba,Leverkusen,25,BFA,DF,Bundesliga,1999,5.664211810619803,-7.862807984724221,0.5723133962402135,1.6409786288915704,2.042059012974388,1.0748221595315937,-2.162954919526753,-1.124337481825583,1.063368589045356,-0.7475558364460662,0.023384627479567228,1.1946647343353807,-0.13071742795763683,-1.7089632791224834,-1.490344743682057,1.5745360309796634,-0.9106691142878875,0.388657865890254,-0.5631665546880632,0.4063986548142693
Mehdi Taremi,Inter,32,IRN,FW,Serie A,1992,-6.15934790500812,2.740901404752674,-0.18806305361319356,0.895893367077605,1.3083876928481342,1.5823980838644958,0.031188945564966992,-0.08497827466148922,0.5008748303232382,1.0489910587299012,-1.9293915515696038,-0.33676734232976907,-0.14552680253385744,0.14410718036974426,0.6159957465994249,0.4419656804265866,0.33025515502831587,-0.6363525905554342,-0.6252675869600748,-0.18835451265127973
Oussama Targhalline,Le Havre,22,MAR,MF,Ligue 1,2002,-0.27902898260091313,-1.1844049579472629,-2.2122921922507746,0.34928407574162906,0.3785776390729624,0.17264701949873082,-1.0280215881771015,-0.823127106310401,-0.6816155517527516,-1.1554327655758667,0.35292484730492524,-0.7329235487110203,-0.17011988643642528,-0.6419438729031537,1.1086193427504052,-1.279666935505661,-0.7008827152863296,-0.708211131139503,-0.45441105141599014,0.16006334457948065
James Tarkowski,Everton,32,ENG,DF,Premier League,1992,3.9489362507221486,-9.440157131069583,2.3929629499978557,-4.708964420189674,1.5833771951764417,-1.5851082830869738,2.76967846024755,0.3420995205325209,-1.8363132898970873,1.3257540789138142,0.6055114312583858,-0.9796789111075564,-0.6508528779166459,1.2599208812186617,2.5766143385465283,-0.7724206001712463,0.1753098005752918,-1.9482823439306716,0.8124574203503777,1.4750394549359145
César Tárrega,Valencia,22,ESP,DF,La Liga,2002,0.4814090750867437,-4.385326999825872,4.478627978272416,-0.5091318795953317,0.03128179869502755,-0.7480210757668697,-0.04875682423291893,-0.7154199101670736,-0.28561360236849564,0.032929014287025216,-1.0352166897413557,0.27141558008786054,0.12630187428287346,-0.8082119006920665,-1.0138317545784905,0.2132006325465592,-0.30143690576369264,0.5179739142876868,-0.2553190075460494,0.3322868507208609
Nuno Tavares,Lazio,24,POR,DF,Serie A,2000,8.678715690197064,1.7922075143748954,-4.381444618620819,1.8926341108257774,1.232941570641086,-0.07028235864649851,4.2775152570959545,6.164762668967893,2.172118752016971,-1.4283690139428984,-2.92853246631677,2.009584351404022,-0.2084227556993568,-1.0107255796398227,1.666661856078028,-1.0667076881275304,-0.13436791181232707,2.095816902107133,0.5942798239763691,-0.3517581105371157
Marcus Tavernier,Bournemouth,25,ENG,"FW,MF",Premier League,1999,7.722482509936542,4.059181803947135,-3.26334956718129,-1.615568472583709,3.2396919030313422,3.937285487364391,1.2353316547469038,0.3924389291659597,1.1904281726269395,1.3281109564051028,-1.1858205527259544,0.834484995644902,-0.08290499008142221,0.2902142088493794,-1.3362678151492828,-0.7605569959074596,0.07946120680697602,-0.1852754301045407,0.036050547866940605,1.3861097070961053
Charlie Taylor,Southampton,31,ENG,DF,Premier League,1993,-6.520515757259595,-0.960059791506505,-0.9682551405385402,1.2645394089671145,0.2723646473672656,-0.9662066880069483,0.03682612909128894,2.215897625521343,-2.454716165934184,1.064203896673577,1.4056029911131218,-0.24022055955317284,0.31697100192524785,-0.2524195741880531,-0.2756753340444881,-0.9916757561369004,-0.5801111644416426,0.6791886926237439,-0.20982087764509702,0.050861427496401275
Jack Taylor,Ipswich Town,26,IRL,MF,Premier League,1998,-4.259863441320392,0.5463455963086722,0.1513789649884888,1.602535492565831,-0.5487272135928122,0.39514887603036836,-0.7407774681465082,-0.004788195106936213,-1.7204906820957204,0.18395315625373493,0.5686306982889746,0.16859856113700833,-0.262706798853932,-1.2309008476796293,1.1108098336312855,0.20519208780600096,-0.08107306673920663,-0.49258312201763393,-0.11953918512784283,-0.3058488319526405
Loum Tchaouna,Lazio,21,FRA,"FW,MF",Serie A,2003,-3.7912817965093026,2.941329762467671,-0.23679908001150585,0.006615012634364753,1.2719505946257887,0.35300662982271885,-0.0887416098001302,-0.6089264474428272,-0.40711495286792426,1.6952045032591623,-0.7402867183106054,-1.1846138411994365,-0.1222220010477594,1.1611588436215863,-0.6320242320042596,-0.5593074988949934,0.46223701369637243,1.6827955220457833,-0.0422950286273693,1.60017355792774
Jackson Tchatchoua,Hellas Verona,23,CMR,"DF,MF",Serie A,2001,4.692181216480789,-1.5166662637606336,-1.811501386554491,-0.702033967301035,-2.336892626492653,-2.5133739455635977,2.7494561034584395,0.770053978840495,0.6072229057286147,0.19058477151526704,0.4761476804582477,2.1158335114664197,-0.39312764067514105,-0.2327265672540975,0.2335560789780707,-0.47433353318179067,-1.6796800741282567,-0.04855544275004104,1.4680782480350665,1.1345560063017341
Enzo Tchato,Montpellier,22,CMR,DF,Ligue 1,2002,-0.5895570047065956,-3.173129647582455,-1.9375821967094753,-0.637651697339861,-0.6877055806406833,-0.662253451368042,1.5152672050565263,-0.8904265728914634,-0.3974904630032975,0.3309707121025802,0.19746944987377693,-0.09023911691198902,-0.05582549099290799,-1.1878971683493182,-0.15306077117616176,1.4626728686572679,0.8048780730792203,0.24538023705249265,-0.743840152867162,-0.8964426301830979
Aurélien Tchouaméni,Real Madrid,24,FRA,"MF,DF",La Liga,2000,3.2385710333317337,-7.726684454041426,1.380377957384961,1.294395427512758,2.0179740871691156,1.394329243900899,-2.4070266378235576,-0.6628518668134054,0.2103472823004649,0.4117786525665086,-0.1120767174548331,0.6455440289510196,-0.03889402240254204,-1.510518040942851,-0.45973974940474027,1.2907842316395763,-0.6521139409900086,0.08759574151431584,0.04204957049544298,-0.6899375185605663
Álvaro Tejero,Espanyol,28,ESP,"MF,DF",La Liga,1996,1.0889681679071697,1.6276128604001983,-2.193444869703819,2.116658970552449,-0.9496424053593088,0.6612546145987467,3.38289248055878,-2.104198646547982,-0.5532287905007348,-1.3471017236839633,-0.43033622844663183,-0.6422387057804199,-0.23519215282590725,-0.5885735316373293,0.6968517207030273,-0.685534140124854,-0.6893474400496359,0.9700483370168463,-0.16121814905826676,-0.32495771603714707
Mathys Tel,Bayern Munich,19,FRA,"FW,MF",Bundesliga,2005,-6.560859001743394,1.8860800877600288,-0.4409529798511334,1.208820987728891,1.471454753342044,0.22601585485217565,-0.9216551823242356,0.2248746038403634,-0.48407816198981535,0.640511084262942,-0.1420668346551109,0.47940053220505097,-0.034700951748553276,-2.548711541040576,2.0264292219104214,0.4965890487050883,-0.14929863234478447,0.4076287069975608,-0.4068954580041293,0.06568135742580555
Nathan Tella,Leverkusen,25,NGA,"MF,FW",Bundesliga,1999,-3.8978454156164575,3.092993648312431,-1.4678167413700969,0.31765437041585987,1.1233130222096563,0.3230372402391313,0.2210746120559536,1.3985604325320522,1.1730022141738423,-1.001221482409245,-1.0080757163106044,0.08428898472354034,0.15027346430712837,-0.887002648935521,0.5816600882854317,-0.08745060740620023,0.6425951516629566,0.22863496236894526,-0.3001258197818146,-0.40249680160702334
Nahuel Tenaglia,Alavés,28,ARG,DF,La Liga,1996,2.3655252167278444,-2.389038506967039,-1.557761073115859,-3.690280034303036,-2.3319923502447173,-0.9265211459615943,1.3735304498438967,0.6258235757580399,-0.5778011193334028,0.16358862863488194,0.029870644761559526,0.2910955403672179,0.5595956753834941,-0.4772449922781998,-1.787234832338914,0.4018707220977743,-0.4258070393115478,0.5752051777526116,0.6313916902355283,-0.8497532534192203
Casper Tengstedt,Hellas Verona,24,DEN,"FW,MF",Serie A,2000,-0.34109185840503353,5.087921317743144,4.000072516356925,-0.6527278894672494,-2.0124546631390645,-0.9785389009212299,0.8496939236277311,-0.03557651966180076,-0.17470300686822288,-1.1497765095938852,0.28195403841563527,0.18175466719412992,-0.36674196311139906,0.641089794260532,-2.7976408634040757,-0.32266698068665856,0.06857304792164444,0.11008367961737546,0.40402648217920745,0.4633013293185505
Filippo Terracciano,Milan,21,ITA,"DF,MF",Serie A,2003,-5.664481132594687,0.026510877238231277,-0.8359854535196105,0.7269335752308985,0.05301192296199948,0.9577367360945744,-0.5481524190421587,-1.0099101685041014,1.9676145705961263,-1.5319983602014207,1.3752646985966819,0.04648665522719933,-0.15610096297704673,-0.6376320044714434,0.6209338075250522,-0.006659474503996155,0.5469767039045024,-0.3781898105884179,-0.523767742685004,-0.009512437315839234
Martin Terrier,Leverkusen,27,FRA,"MF,FW",Bundesliga,1997,-3.3018894592120316,3.92475910519993,1.2299632250499886,1.0807341802390946,0.6560660751495548,1.5655016720186548,0.32801630817140326,-0.31565418488932057,-0.139697543495636,0.9030082495859946,-0.068070229002791,-0.09553645628629057,-0.4196771569633603,-0.12341469815265706,0.13172889504642596,0.016292993226823493,-0.37259667137354796,-0.23884977339436606,-0.888169556404151,0.15146393954472576
Tanner Tessmann,Lyon,23,USA,MF,Ligue 1,2001,-6.425621234936341,-0.09682200368609023,-1.5335928691005254,1.4783918847746154,0.12953185825652172,-0.28290851837814546,-0.8606810676406409,1.0603743690257343,-1.157581377867551,-0.3656317826309526,0.37064191106017597,-0.8863400463903227,-0.6171403200447935,1.618594792530855,-1.6790617428038712,0.46327635412022017,0.06620875514362358,-0.10720698460861608,0.7621498110326088,0.22376478811315678
Kenny Tete,Fulham,29,NED,DF,Premier League,1995,4.885042359416713,-4.231142007114752,-2.091224122797921,-3.1955258411184184,0.3779781322657431,0.40700272781130964,0.26816838412561056,2.1993172093500175,0.9698196557940153,0.44294792395943167,0.193971076661309,0.2910077733972173,0.09686408253452482,-1.2982522415134647,-1.227482678684078,1.0426313894273371,-0.46121811337703056,-0.027030090076405,-0.7874983761096247,1.118516097301099
Teddy Teuma,Reims,31,MLT,MF,Ligue 1,1993,-4.457159349469885,0.6186417192191129,-1.2158576302465596,0.5356245256411337,0.19593519676954585,0.8777033259105859,-0.02041149014201647,-0.948009918463372,-0.004872729163223297,-0.16020179947795887,0.829998989182179,-0.2534576392222328,-0.3127865161716644,-1.130101193184476,0.8878435446605186,0.6029281665392562,0.44653337346904926,-0.06947085182075424,0.3023977364519957,0.7368207296083419
Jordan Teze,Monaco,25,NED,DF,Ligue 1,1999,-4.50539223873598,1.7167416527749906,0.8079750513860864,0.17227361678528835,-1.7851605910872714,0.7096725725826731,-0.15248983529226948,-1.3967853369168965,1.2487683183200866,2.353902413560191,-0.9861530090520222,-0.07705246414491568,0.08050931686754498,-0.5042183475136572,0.44807380224377086,-0.14682141241690994,-2.4062803888241526,-0.3809875551795522,0.6309172440377323,0.30833494410949797
Florian Thauvin,Udinese,31,FRA,"FW,MF",Serie A,1993,7.382944717090009,6.919235729130057,-0.897631867368265,2.4657051626268642,-1.1376052141442885,-1.665446835844495,2.307019322211843,0.3167675108604715,0.5650835292519292,-0.11138321867630879,-0.3485193887680414,0.22932210122299737,-0.3545063922787892,-1.056402777850138,-0.8815640775489719,0.4113593500134115,0.8887869001316665,1.1384345963951805,2.0748584190441273,-0.4229545572599444
Arthur Theate,Eint Frankfurt,24,BEL,DF,Bundesliga,2000,2.813695050923621,-6.61180272690372,1.342262022704281,0.7711708399300675,2.3463330422119655,0.11356164465516497,-0.36241754809606724,-0.7140538676926371,-0.7525358545281642,-0.17289812038356156,-0.5504445188470795,-1.295711189110556,-0.3861410432873411,-0.5150433007321101,0.2419684396515564,0.7155247255285435,0.19274391324076115,-0.49685024320109716,0.42153248320442394,0.14873845876573016
Malick Thiaw,Milan,23,GER,DF,Serie A,2001,-1.4400449924790357,-5.908023645406856,2.17646507017609,2.228879396325985,1.9220930446630669,-0.17289149132380743,-0.9614908248416487,1.0831664893552566,-1.6278717551106332,0.10484814965406256,0.1575801852600873,0.8986165775499348,0.33565075889974083,-0.556529434720965,-1.4614324041591438,0.2249463469183527,-0.9167370822467681,-0.41820193802758604,-0.15793882442329468,0.7931661726848337
Sorba Thomas,Nantes,25,WAL,FW,Ligue 1,1999,-0.10465005635777681,3.4379828128780345,-2.246510075245365,1.4635477549231124,-1.1478904604921911,-1.0535062245060436,2.2152634642618554,-3.4340929038060164,0.10140895186926381,1.6355225109677871,-1.1455674856387907,-0.14429729858826565,0.544825768577014,1.5888826890431595,-1.8428558439401415,-1.5595428948483305,-1.6563545093023808,0.9981980110138019,1.0608426444314611,-0.3157622830895808
Adrien Thomasson,Lens,31,FRA,MF,Ligue 1,1993,8.840230397260777,-1.3755654223348792,-2.991016322445692,-5.052712967676271,-2.7719229936741874,2.103057015296911,-0.9168558729605641,-2.3434282601823924,-0.5060807406265558,1.9639503263189706,1.2106445881331842,-0.211174923478594,-0.3983995418648791,0.9615332186968959,-0.8662627461786626,0.2527905750470997,-0.4575774434261076,-1.5933756225912596,-0.6914224655628425,1.2414899519592701
Morten Thorsby,Genoa,28,NOR,MF,Serie A,1996,0.5125453883389282,-0.18855499535037004,0.1744401880594753,-6.159649321099145,1.699485405075859,1.193185113932679,0.9048720031269678,-0.49593140465990054,-0.7548307326029116,-1.9338130611760533,-0.8936329782665,5.597889568094834,-0.8679842836016124,1.9414338805105877,0.833933639576213,-1.6990253589014397,-0.44427179675885786,-0.7653745333864374,-1.6079438962990606,1.3544738240221719
Khéphren Thuram,Juventus,23,FRA,MF,Serie A,2001,2.367312303334672,-0.013728797831223554,1.5746224771470538,1.5289802874149552,0.7679736215723174,-0.24046789994577458,-1.7509597420891219,1.4766569817341197,0.8441387483197242,1.4284907732590586,0.3726900088253158,0.9591449537769521,0.15093099770688212,-0.9076515336724549,-0.5744045007942148,-0.6205987403558951,-1.670170860905776,-0.2586528628933859,0.4188575715569724,-0.5980418317320985
Marcus Thuram,Inter,27,FRA,FW,Serie A,1997,7.119456697160691,10.692376691349375,8.484278926654083,-0.36885690976254526,-4.1523017090119625,-0.1194376624114887,1.1002018555208637,2.0561364869379966,-1.9881961398325678,-2.6920835225217585,3.4657111712109687,-1.1587674634122271,1.5724820620799342,0.18327319750176302,1.6124938051192208,3.092317000059511,-0.049846508285702605,0.46882596737949844,-1.3394845474581136,0.27618270873469525
Youri Tielemans,Aston Villa,27,BEL,MF,Premier League,1997,12.846268055292455,-4.249798240358904,-4.19691477326541,0.7252078355726768,0.3651349330519012,5.019734487697156,-0.4385649564629992,-0.15677594206637796,-1.742548173538995,0.2326577331888499,-0.7536489838141672,-1.4240442962038238,0.43006917131231237,1.9031506509174172,1.7307339525559378,-3.301592654896453,0.29418653372783216,-0.5229147354497624,-1.0453150216041647,-2.0503143581988224
Phillip Tietz,Augsburg,27,GER,FW,Bundesliga,1997,-0.25634322535322335,4.252387378157876,3.839234730003673,-2.2871244439839407,-0.9152996321974418,0.023081865411914117,1.0425134305917734,-0.3187929624757712,-1.4949709581509356,-1.5224892011223226,0.22539333344512183,1.3553055173097064,0.16891070163732053,-0.5160286269836473,-2.1972055556015366,-1.3868280239513004,-0.5547900841315763,-0.05752796070861484,-0.665127815463629,0.37450675335179645
Jurriën Timber,Arsenal,23,NED,DF,Premier League,2001,4.3963514053876125,-1.6357252270772131,-0.7658457508960859,-0.16234326942614763,-0.5407920815305237,-0.1881534514798775,-1.715670974587303,0.3952811308571701,0.5488280736596277,-0.37093635405729186,-0.4251747504568501,0.36856115559041724,0.027780801772690707,0.13140416231973812,-1.263635399944728,-0.39836359760597634,-0.17757134436115612,0.2483992613488506,-1.8912865592523902,1.1475475911291044
Jean-Clair Todibo,West Ham,25,FRA,DF,Premier League,1999,-2.450905674469868,-5.056833539129398,0.45012797109858427,-0.9371857383817203,0.40127203456415916,-1.9238218977491137,0.26176842328068656,1.5143027662147193,0.1398548002382919,0.5753681737700531,1.308533635745054,-2.2997139593089844,0.0197389509982509,0.8577747346817323,-0.14833250486193117,-2.0756352404336647,0.01123361620469584,1.1637852330081264,-0.10279260597189148,-0.017701050981839907
Umut Tohumcu,Hoffenheim,20,GER,MF,Bundesliga,2004,-6.354889833922584,0.8409498274621585,-1.5835327558390242,0.7629289230851843,-0.459666966877751,0.4401074263658867,-0.5505571845917024,1.9278687556061251,0.09777812636308408,0.09516873064085285,0.05326451596858954,-0.3799426351626424,-0.2336205045496052,1.514174765338069,-1.5129145973475933,0.2494146874018811,1.133208863447915,0.025142268907944285,0.15907889892888852,-0.32642868821148446
Corentin Tolisso,Lyon,30,FRA,MF,Ligue 1,1994,4.379940732166417,-0.9809526418215394,0.13382787670408464,-1.5046886122597574,1.2121540695171524,1.9569463390458945,-0.20834745462606274,-1.6246395595537813,-2.8829177296852437,0.628295669230931,0.007719280336139716,1.3515855370195462,-0.9719762588964855,2.199264598768673,1.0404220369575237,-0.3856540922293235,0.05101987103628823,-0.4459188633694607,-1.0951475632774503,0.750960354220953
Tiago Tomás,Wolfsburg,22,POR,"FW,MF",Bundesliga,2002,2.480428576758154,5.959851720872318,1.9763062044009732,-2.2271433496670157,-1.6587932328721913,-1.4186619425606402,-2.0527858601056965,-1.4811755514853924,-0.9103305641328556,-0.4559053703952146,0.3415672493453424,-0.5542828683044669,1.1897301745403157,1.0072144895796642,0.6935670530313064,1.1780381229579966,-0.0397876238307519,-0.1305234232750761,0.31261215922047897,-0.3828992302465857
Fikayo Tomori,Milan,27,ENG,DF,Serie A,1997,-4.299890906410042,-2.9142429179474396,0.45730688555443827,1.750883649013319,1.0746970538063347,0.014445460263779252,-0.12445811682017761,0.3852888543425302,0.03944935200896694,-1.048714095446941,0.767507539502201,-0.6369783542735413,-0.29250958433204094,-0.5464173282656902,-0.08951636310948363,0.7526893348442366,-0.617436692017403,-0.45472016921839076,-0.4406421573664676,0.021928766163574056
Sandro Tonali,Newcastle Utd,24,ITA,MF,Premier League,2000,2.0298769637016516,-1.835969531247891,-0.835402818630087,-1.3136258020310807,2.351424592557434,2.028133051975773,-1.1605880254179524,0.221540610979798,0.961706904285457,1.0675892308711992,-0.5556780635847379,-0.7387996654485932,1.9056058019984508,1.2228899722656272,0.8816040763458574,0.8728581537563476,0.06628136220221063,1.0887750869069612,0.2124868405297347,-1.8600490596834385
Pablo Torre,Barcelona,21,ESP,"MF,FW",La Liga,2003,-4.378219796386523,3.2812164996987003,3.1079427723707966,2.7076858877682155,-7.581243908683811,-0.67951692289907,0.3512674254201653,-0.26186898854388857,1.474211469859247,0.9838275244547929,-0.8517466525564756,0.6528605309120077,1.292075478705795,1.645274834954225,-0.6717275013464491,-1.7744625032961863,1.6583109485624472,-0.16649532395433825,-0.3516918629870007,-0.0019926241081506383
David Torres,Valladolid,21,ESP,DF,La Liga,2003,-4.667837611455906,-2.829161093511863,0.7970125217526295,0.6206730175473105,1.142628832394359,-0.7516066543279575,1.117753273320609,-0.8691966345371495,1.7662538999926918,-2.768699783129041,0.7855485521657801,-1.3834401803950254,-0.8626266384880041,0.166768567937157,-0.32126745032775367,0.3065497110287475,-0.27980550214208816,-1.0615752826673528,0.3818078949776672,0.21070024684274374
Ferrán Torres,Barcelona,24,ESP,"FW,MF",La Liga,2000,-2.85474391367228,4.737941917879959,1.3030172578346195,1.4996378174432794,-1.1850745914938883,0.7004889153709509,0.610566701454797,0.925220649164655,-1.0387598218234795,1.2753955032460862,-0.6732679389248718,-0.27892446024999584,-0.6467354005719902,0.4433639869830476,-0.8714937812351131,0.5828599608969247,0.5982730612478395,0.11938436312330901,-0.07829267998563663,0.3023891577602897
Pau Torres,Aston Villa,27,ESP,DF,Premier League,1997,4.284855473952184,-8.618639422553757,2.5674851451709113,3.941183518345818,2.997553225388843,-1.5724908990894857,-2.1679600461522717,0.422311014305235,0.022732886242526514,0.6035841600876254,-1.202588999743077,-0.9803952076635628,0.27255715601858527,0.6495872402153855,-1.1379925578707109,-0.10147995941592058,0.7561462398242074,0.27605338930323053,0.5778310249075809,0.584971841511554
Lucas Torró,Osasuna,30,ESP,MF,La Liga,1994,4.730183162430716,-5.855892632702276,3.806349232598291,-6.476948195562164,-3.5013556128615644,0.7770074513331694,-0.7878180395405928,-0.635176642163753,-3.1221419335716005,-1.8484458608293501,-0.7478707540245556,1.6850757566809513,0.2743380004566178,-0.7096212100920046,2.1606968322482634,-1.5116916322849858,1.0951509368525896,2.5933872569173206,1.7964834967506518,0.5496503998947131
Abdoulaye Touré,Le Havre,30,GUI,MF,Ligue 1,1994,2.123705923567417,-3.4972642798707763,0.133370190884495,-2.973715515090849,0.7748192070604404,1.1526110922134527,-0.9952878267648892,1.9119556985327242,-0.27464355009773195,0.6835355840741859,0.9135193763199414,-1.1464471916283034,-0.022629586284255595,-0.4067190173708114,0.1971889767214715,-1.3365196938984216,0.3512249312344304,1.2403860281609016,0.6994502934872874,-0.24042799328579414
Birama Touré,Montpellier,32,MLI,"MF,DF",Ligue 1,1992,-6.766913718730614,-0.08861288391353592,-0.8494476401915454,0.6203305084072557,-0.06392116070529566,-0.1787445348896435,-0.10063260074574264,0.7002368422234235,-0.378910550090752,-0.31871684860443517,1.3936694140426416,-0.29095836597453534,0.18386732254961344,-0.11091647949504516,0.09963839318921312,0.11807711851025915,1.049306218854638,-0.609047522366528,-0.14477295293346096,-0.28704493039647866
Souleymane Touré,Udinese,21,FRA,DF,Serie A,2003,-2.3540227050705065,-2.6131453558776423,2.2752352553014634,1.9284851030862888,-1.1534158110514088,-1.1821315710034488,-0.5849946331545248,-0.03389348832446401,0.7876134623673049,0.5698392599221767,0.11842978875015638,0.02355309331638274,0.37665720643221895,-0.15426033708318215,0.06393091356675817,-0.7331494225197575,0.35240271531259665,0.07072627560174373,-0.17632462852490421,-0.31541459623712564
Adama Traoré,Fulham,28,ESP,"FW,MF",Premier League,1996,4.134050750009923,5.578935831584632,-1.9780626872089875,1.1799417532617011,3.8367336018417015,-1.3315645356125583,1.0386542723046839,0.20745515156333497,0.22575496625252134,1.8743364618707568,-1.1251626723555672,0.39328468573932823,0.28986284297579634,-1.0409910145631747,0.7559554307003505,-1.2788388881279642,-0.39492148082149625,0.5172508410348523,0.0332796234300496,-0.4893272556370392
Hamari Traoré,Real Sociedad,32,MLI,DF,La Liga,1992,-5.674514302659181,-0.4249105871064804,-1.630855652767695,0.5384842904190696,-0.2675741000795534,0.17033679891548978,0.3100592231133009,2.2050266106380367,-0.6971173885448572,-0.3678098733241801,0.9662912902896821,-0.08274791011706832,-0.010541195336162287,0.10925405121294744,-1.2201107152737465,-0.03222388103013438,-0.26667796413556927,0.3127416966258798,0.370686138765881,0.07920302102681163
Omar Traoré,Heidenheim,26,GER,"DF,FW",Bundesliga,1998,2.070202856087249,-1.4918023568029406,-2.4776954209784905,-0.014198790811532823,-0.43945347365790177,-2.604169026598169,1.5187395198992009,-0.08168159161382525,0.9678446922020945,0.25169046011666113,-0.9914213703745891,3.331354816704536,0.44329224734868444,0.35367640029158615,-0.17675033344961688,0.3081165645329549,2.9615215673543545,0.6250158550396906,0.2193241450957657,-1.4100395786124915
Óscar Trejo,Rayo Vallecano,36,ARG,"MF,FW",La Liga,1988,-5.7008036318806425,1.4401462134910588,-1.3141434270369905,0.3338420578563303,0.6811571088508996,0.13360974336295992,-1.0937872845463694,-0.5186809345643927,0.1708893263359168,-0.17617383853415763,0.9471846360017535,0.050643552552497036,-0.19312749840081994,0.24864321375167028,-0.37326973844929,-0.8430907564993281,-0.9533840230886956,-0.3085958203011058,0.1715773439183798,-0.4775223739178704
Philipp Treu,St. Pauli,24,GER,"MF,DF",Bundesliga,2000,3.7323760464248865,-3.0634160154465935,-3.6701998543734806,-1.351712931462272,-0.4744514649596886,0.1381722010953761,1.1918196652333681,-1.0071668195517418,0.7638028319532102,-0.7158800398487036,0.13764746842003467,-1.0651500724970953,-0.7393176515583025,0.2487824482978766,-1.2860028302932063,1.1516583183213696,-0.8192491390344879,-0.20184131176446388,-0.5075423416239113,-0.19731546319891477
Christopher Trimmel,Union Berlin,37,AUT,"DF,MF",Bundesliga,1987,-1.7865469407580417,-1.0121484076778828,-3.1857559623207656,-0.7493675059967457,-0.8229115692577093,0.395192695323048,2.804191969331536,-1.6087099137587648,-0.7774494773302377,0.28644350759138626,1.6063505524663357,0.08209901762546869,0.2048265689209513,-0.7220595805734671,-0.3754198276680068,0.2778045182510576,0.46648162760270573,-0.053018982618356136,0.268814763246335,-0.49458211819981696
Kieran Trippier,Newcastle Utd,34,ENG,DF,Premier League,1990,-2.459567826403723,-2.0239245158548664,-1.7042073626755239,0.8836811062102921,-0.002045953190167353,0.8343022840816727,-0.43390316182873223,-0.41821839319743925,-0.6256898399994986,-0.736612740576298,0.6691350661035558,-0.07369022389578928,-0.5275920924641048,-0.7198083343420134,-0.3175438592833072,0.698299916919552,-0.9299041775231024,0.1893697914956725,-0.652858328015668,0.24554600864907894
Leandro Trossard,Arsenal,30,BEL,FW,Premier League,1994,5.177833253579199,5.0474504437123855,-1.2491378153451669,-0.22789066160672805,0.0897370071362579,0.057699847106117225,-0.3011457855517164,-1.2584883852164532,-0.08451170622362066,1.1832187508301701,0.018969394140345472,-0.9258855128585037,-1.1958770595680976,0.7582049636628226,-0.3049361004959981,-0.015807768701311734,-0.3669285692464208,-1.345348215478041,0.04873751352116221,-0.3922378791714335
Adrien Truffert,Rennes,23,FRA,"DF,MF",Ligue 1,2001,1.2689117580572222,-2.1428127434864996,-1.9885040632766864,-1.1587543669801275,0.19776170749142796,-0.8384539174732772,-0.4679854490855147,-0.4052814871265321,0.7033830066451139,0.09982615449804197,0.8282908342196239,0.8997519598432696,0.42378031682398354,-0.8754111356964771,-1.4099321945913288,0.5303672223355578,0.7823242686867865,0.08587996608388314,-0.6185445733793938,0.8092905869513585
Kostas Tsimikas,Liverpool,28,GRE,DF,Premier League,1996,-4.935944944550579,-0.8406358931606089,-1.1648894929366753,1.4383984045611977,-0.21070017175806907,-0.0011639916506890151,-0.5992301553467944,1.3347376151870118,-2.1596301849629085,2.0327048408811157,0.784332906269615,0.6329547388839297,0.5073195794298949,0.12526676361276456,-0.6082507801443153,0.17198943810091208,0.9803540055674356,-0.561468735846737,-0.536252001018395,0.23880015124566492
Viktor Tsyhankov,Girona,27,UKR,"FW,MF",La Liga,1997,-2.874691839479185,2.9374274771379216,-0.8919469918098525,2.013757560430809,-0.22928529480499704,0.10233317507940201,0.10732366446743077,-0.16585244938619306,-0.4324853719946855,0.5420946846898572,-0.8360811644065379,0.12843308065280723,-0.24086282849911334,0.758944999478868,-1.3470652971352233,0.3173975597856184,-0.020890578861944266,0.27914436818646765,-0.28719435098798846,0.20769177957427098
Axel Tuanzebe,Ipswich Town,27,COD,DF,Premier League,1997,-3.9078175473326597,-2.501255602400263,-0.814024256095498,-0.4143411365036416,0.11727961861622736,-0.2359458796469462,-0.14630235650602902,1.0042435053651027,-0.5916255170502945,0.4343471176185452,1.2250559839770006,-0.20585425203886845,-0.06504827983126349,-0.09401460711520723,-1.0882038655420723,0.1611098796396013,-0.7005724940011241,-0.3207190321652603,0.022340289247054376,0.4807996642743034
Beñat Turrientes,Real Sociedad,22,ESP,MF,La Liga,2002,-4.0203534633561215,-0.11526679612554946,-0.87750949605752,0.10751667823845441,0.832077351466987,-0.16013379979535472,-1.3473967067544257,0.052956323102778514,0.1441356737578308,-0.4268657463375252,-0.2365652578441125,0.026663675482783818,-0.06316272990938497,-0.28113078861444973,-0.13864914923701752,0.15493756698594707,0.05302848370642673,-0.14652360208505236,0.20582227785050858,-0.23973468163266454
Tuta,Eint Frankfurt,25,BRA,"DF,MF",Bundesliga,1999,1.7958777665887855,-6.154787570562234,2.2575747388327327,-1.6438504457967877,-1.1462555529951204,-1.3416802990404109,0.5560230781944383,2.264659034817706,-0.6642955385322986,0.8234971674735745,-0.826777664266991,-0.7383567022684072,-0.2495640463017257,0.15076661281338932,-0.6039756382134331,0.6283750804825975,0.14668353560352695,-1.867137014402344,-0.6851402740762862,-0.9410784158748141
Chrisantus Uche,Getafe,21,NGA,"FW,MF",La Liga,2003,3.539837462229069,4.771407239519578,0.7687577195564281,-4.940928949895186,4.41257174163353,-2.5094842586059825,-2.6649647765609443,-1.6559803552740748,-0.7480746377310641,-2.7553189164671563,-2.09738946723577,3.066708895112482,1.5288711390198872,-0.2677191973702979,-2.328935459851335,-3.1500145572302225,0.4599414229931,-0.18300292881525657,-0.6247781530676496,-0.5930959961066118
Destiny Udogie,Tottenham,22,ITA,DF,Premier League,2002,8.492695778262382,-4.932124594616601,-3.411032845948011,-3.14317034040525,-0.6399102918731888,-0.788919472927649,-2.0513862564525125,0.32633647469737936,1.735502402910457,0.2035348375379125,0.695109398075451,0.2758299507783182,0.491093088788958,-0.4276660255383813,-1.4593796838499817,0.15057738578555613,-0.0949356007444116,0.7903556141315989,-1.633248554135222,-0.032518780396925726
Manuel Ugarte Ribeiro,Manchester Utd,23,URU,MF,Premier League,2001,-0.889201799893615,-3.060591700628527,-2.18136938464747,-2.7104941134220693,-0.7609823946645252,1.0133486806216878,-2.627587509063304,0.9941580042940125,-1.2731973299348933,0.43262144778131567,0.45242674196998767,-0.7707723062520622,-0.2899906342148009,0.21394181434467532,0.19152877897283846,-0.12504212691613092,-0.6046214405294751,0.1379082957518375,-0.32832829743959235,-0.05164205689516218
Lesley Ugochukwu,Southampton,20,FRA,MF,Premier League,2004,-5.205810454920149,0.3254302645901157,-1.3470685166650604,0.3898533444611775,0.5357882093774198,0.36132295456574925,-1.1471205045953463,0.14715428670084132,-1.1335311482990402,0.5835800604783397,-0.8962836167128919,-0.519816852466886,-0.7126089690692567,-0.24915708837535389,0.09314314953715458,0.9396395190091356,-1.4578075597472804,0.15608807519096754,-0.3286952488689878,-0.1273706987413649
Lukas Ullrich,Gladbach,20,GER,DF,Bundesliga,2004,-4.377274614669233,0.3543357311188815,-0.9037011593460116,0.6397049298721877,1.1036483681268465,-0.3561699368834014,1.3246798887104854,0.5536122232814402,-1.1231554706061924,0.003251879300579562,-1.1598671270668766,-0.15330426116847662,-0.20215821391849786,-0.8426198596587388,-0.016334347281329764,0.44152429949424377,-0.4245267333942454,0.23559016765465712,-0.36369670199267023,-0.264974033940568
Enes Ünal,Bournemouth,27,TUR,"FW,MF",Premier League,1997,-4.339144926472838,4.734643951179598,1.8594625320644567,-1.1626049515009063,1.3961331992072339,1.6011888713302729,0.7937442019729936,-1.3176927805235885,0.9989316324362928,-1.3121772542074457,-1.0810398473547904,-0.018852457489016095,-0.33053078119605916,-1.041284454020322,0.4767089922877343,-0.2379506888266237,0.17535616188199857,0.19678189803430726,0.14064708305819917,0.07848257581208572
Deniz Undav,Stuttgart,28,GER,"FW,MF",Bundesliga,1996,-1.4694694124379488,5.4083166865275,3.3722689684207268,-0.19617200190338474,0.3785322389426255,1.0583622699818438,-1.0224897948247906,-1.4658967140759556,-1.0954039318109137,1.0553542303317858,0.15155027866203485,-0.6515498811991661,-1.7393816900424588,-0.290154774240774,-0.7026739938576778,1.6935417815578893,0.5101613358702461,1.0670447806569483,0.5906153960981239,0.14661289255174587
Dayot Upamecano,Bayern Munich,26,FRA,DF,Bundesliga,1998,7.700014897498822,-10.268763469384005,5.449844327809942,3.1229245875816,0.061108106531944255,0.9062687744665086,-2.7460315815240386,-2.4403441234507786,0.8328311964289454,-0.8807785889038838,-0.8569056797675473,1.4848473360164074,0.19079897598484705,-1.2633584952941321,-2.434867441763327,1.2581964421809861,-0.19908689322029885,1.5095802496680308,-2.1496557994280887,-0.07855577625256385
Kacper Urbanski,Bologna,20,POL,MF,Serie A,2004,-5.184034742367232,1.676324093724685,0.254444632958728,1.364924705207186,-2.4979510455794616,-0.46683999965275885,-0.3510899750926225,-0.4440950840358199,-0.4469353106003219,0.6458532516980264,-0.28745014635497007,0.04061635273534937,0.04004327555003639,1.2091308748477232,-1.2760946005791198,-0.7590463395489299,-1.1893393371861685,-0.5119145594228219,0.20100283613137523,-0.03550355622122156
Can Uzun,Eint Frankfurt,19,TUR,"MF,FW",Bundesliga,2005,-4.833528322698691,2.943800385239956,0.7129397745340617,0.9129204856821436,-2.082520693810301,0.9000249349951659,1.0112636467292524,0.02004475698204464,1.2592196816186676,0.4456869166348021,1.0705941967525778,0.5161945643350488,0.23950832057301896,-1.2027206822815333,0.5270243105060325,-0.7487868689761201,-0.10275352997755409,-0.15877929874657676,0.006215261907301859,0.023585263684475378
Josha Vagnoman,Stuttgart,24,GER,"DF,MF",Bundesliga,2000,0.2650133188343142,0.10421802822018923,-0.32698959375247805,-0.09040299424607848,0.16259643540996804,-1.4691261110727758,0.430321794708138,-1.834785478060598,0.738559257717154,-0.0824034137354099,0.07347089394742619,0.07915196294985444,-0.2549137444201084,-0.333680779763926,-0.6765682836040142,-0.02287280432464378,-0.5260791021351862,-0.12229065677695183,-0.3169734648954615,-1.2296054372950336
Óscar Valentín,Rayo Vallecano,30,ESP,MF,La Liga,1994,2.307551171284609,-4.81543832820443,-1.565511898290492,-5.839768365668917,-1.2237639529710154,1.5108716742863593,-1.1874216005742864,0.2754571307162037,-0.9078214581513001,0.21370529276581252,-1.0113587163606297,0.40727339175527083,0.617246929703218,-0.22552207701468807,-0.6849056885507555,1.1030465191417334,0.18410786295113285,-0.7077652363211543,-0.7524523775839197,0.7082745173027678
Emanuele Valeri,Parma,26,ITA,DF,Serie A,1998,2.131297587262211,-0.6076136520338251,-1.477536695633756,0.47762209457059057,-1.4274805830200992,-0.8363205388593692,2.7420743929808147,0.006788132539949902,1.3739235714630702,-1.5859324616429091,0.7387151531517274,-0.6168093259300649,0.3725607731718323,-1.159365170107634,0.31560053498725105,-1.031042888955066,-0.1353464128328385,0.4110365403884256,0.9759127631235536,0.35079436751654125
Martin Valjent,Mallorca,29,SVK,DF,La Liga,1995,-1.416934833898641,-5.946049557709506,2.2805288833387944,1.2532721100713982,1.8225650998362277,-1.9149483175202144,0.3959400860363548,0.9913773575585687,-0.612460595999844,0.5119136603795459,0.04699689119087839,0.392818872566941,0.5714878784562325,-0.10943164236203222,-1.6475609701758163,0.29191495090966496,0.5256219068965821,-0.8866471935712817,-0.20090838297251962,-0.31840521466712685
Federico Valverde,Real Madrid,26,URU,"MF,DF",La Liga,1998,10.835511496977677,-5.022201450945389,3.625415250931466,4.453797238390712,-4.845512215976991,0.5501126464910748,-0.9576051674324225,0.003140100872458405,-1.1404025783708824,-2.065032810616223,1.3930450559010124,0.039064605428021704,0.16506802499580225,-1.7346004895265255,-0.25782999922116107,1.1245230786559335,3.3103507216384584,0.3250930743403465,2.2758168687699167,1.3685973735935817
Ignace Van Der Brempt,Como,22,BEL,DF,Serie A,2002,-0.4301164918149778,-1.9306839709441266,-2.133647986681318,-1.4873503947893805,-0.7624715747890533,-0.46627793984039095,0.18377763756954021,1.7052578698482967,0.9277702495767604,0.5862174684402999,0.761094004797612,0.4827427571003851,0.4718511111731529,-0.30340881985897644,-1.2039392919680079,0.4251511798777411,0.8618655391866068,0.23171515510862778,-0.20186611729649,-0.6599357810262313
Virgil Van Dijk,Liverpool,33,NED,DF,Premier League,1991,6.288710162830807,-11.619848250414272,6.469297806288078,3.2523278968081795,2.537598707234673,0.4451483694934665,0.231340682688108,-0.029503861951203213,0.3516896057103198,-0.6304532637871172,-0.5623602688709484,-0.11470596827417637,0.6116609759694972,-1.6587518549934774,-0.49443052328602893,0.14732153876431514,0.7075632773286576,0.9780440791463056,0.20900848124581115,1.5199454849250542
Vanderson,Monaco,23,BRA,DF,Ligue 1,2001,3.7241517265258333,-2.7426132984437777,-1.2202833876109695,-2.258183312558506,-2.580175162511996,-0.6369368015361744,0.23080531820985525,0.3631750723297527,0.44221941634625206,1.2199390338686438,0.27912439170837555,-0.184780448381869,0.9033161275084136,-0.5136240530373446,0.24128243298052357,-0.2478365442571926,1.740629379347532,-0.4209132744977886,0.35803235615242573,0.13946381017644918
Jamie Vardy,Leicester City,37,ENG,FW,Premier League,1987,0.3790885350759263,7.114966806211409,4.786973794731198,-1.1332941156046894,1.283929801856572,2.4059330300247366,2.398209651351478,0.8053926772593488,-0.5218468787045959,0.2668191019815295,0.4832688732724603,-0.3261372553065552,1.0229696450228094,0.16876540554119368,0.6232917574841093,0.9597715245067353,-1.227474035794688,0.5068824451519708,-0.05163702061182864,-0.2856063679028125
Ruben Vargas,Augsburg,26,SUI,"MF,FW",Bundesliga,1998,-5.198938837469932,1.9155475473740002,-1.353263639925714,1.289328664034105,1.5431263367873524,0.062281583723584714,-0.7303581265564731,-0.745144532705999,-0.7720867122902768,0.2652425941717182,-0.03966283965245934,-0.7960548674374769,-0.5706770948052339,0.28996620368071513,0.3172217837872284,-0.5056086500860802,-0.44039230548808483,0.7093404291700818,-0.2007521158361549,0.033518538271851216
Johan Vásquez,Genoa,26,MEX,DF,Serie A,1998,1.649940276179818,-6.728632751128368,2.6049122191323555,-1.9320069788497107,3.0253728101637156,-1.180837212975727,1.242719160311795,-0.8554385093010025,0.2916537176232488,-0.5863442345869879,-1.0867707020503743,0.06368259901165654,-1.682987859103103,1.1711144680700896,0.7472305314968325,0.7935118966990815,-0.4870881653700666,-0.3829581810125614,-1.0597979235735377,0.7986890076848547
Denis Vavro,Wolfsburg,28,SVK,DF,Bundesliga,1996,-1.070333511649424,-4.445301731753939,3.9557689824528275,1.8901640970077962,1.2792850766985975,-0.3184408799440303,0.933296378183364,-0.6862341589977585,-0.6954847621119743,-0.5687194219108457,-0.7373738147394614,-0.7725129829388611,0.10914504466106045,-1.1832667496235907,0.727518022670697,-0.25695871753174226,-0.6108389875278026,-0.3467028993009393,1.1659948105245228,1.2122579167091507
José Luis García Vayá,Valencia,26,ESP,MF,La Liga,1998,4.041163749221926,-3.545033928204425,-0.9120689573163393,2.375548838973438,0.6100250948932537,3.4672313327122772,0.5864218973963069,-0.6056906402151282,-2.9472535266289728,-0.681550889828876,-0.580110373921334,1.3653827830817185,0.7982276332514392,-0.8217056234757157,-0.5605081473178986,-0.0380085187590063,1.7308989543781923,-0.2887363944439968,2.105899442098697,1.7687195776152482
Jesus Vazquez,Valencia,21,ESP,DF,La Liga,2003,-1.9053653061075273,-0.2835511675356043,-2.1411793809754744,-0.8988706730589592,0.17774058747442453,-2.1624415631351264,-0.08324703512129566,-0.12888880508797165,0.31885069892587686,-0.3449085367152497,-0.6859498281411043,-0.16911001652072857,-0.11642597843427202,-0.5530530500147015,-0.4758107415192386,0.7528473305275662,0.3063299741689605,-0.18862916780555217,-0.4470663781006921,-0.008127231218823616
Lucas Vázquez,Real Madrid,33,ESP,DF,La Liga,1991,2.4882113701753994,-0.6931906108490102,-1.0281118365799207,0.6832032696535593,-2.4638364196481124,0.6372159300845037,0.11674422641310343,0.7847346015575432,0.37151573203684074,1.636496850516301,-1.2193668022449584,0.09635055943450302,0.1444156168905549,0.4750094769261352,-1.1060591433214046,1.0883926431261515,-0.16994326274134233,0.33492944869882096,-0.19920330433954497,0.1184051679390251
Matías Vecino,Lazio,33,URU,MF,Serie A,1991,-3.431943160925499,1.1991946090293024,0.3210203567839083,0.06642433871215103,-0.06969643281589613,1.9866992247855062,0.039916980747678396,-0.5859867673753785,-0.9694202325757378,0.11176541626436498,-0.16459148195469384,-0.5829293084963287,-0.5028106087270664,-0.18430722534548089,0.770993923886042,0.38807388557107725,-0.5004084707711343,-0.9225183937872303,-0.7561701909641522,-0.23062326575733288
Alejo Véliz,Espanyol,21,ARG,FW,La Liga,2003,-5.144644193151409,2.2001140724844785,1.9099566794384695,-2.051471453429277,1.6021739920545803,0.3630485520789315,0.27214096899058965,-1.9772828449104796,-0.15524925545326537,-1.0163639229045642,-0.9697503273906435,-0.324540567865927,0.20509867936773568,-0.23196655346517114,0.30459657044962185,-1.1492899515657735,0.11526994536838336,0.47291827835540073,-0.4556244424245036,-0.3114776916121469
Miloš Veljković,Werder Bremen,29,SRB,DF,Bundesliga,1995,-4.952615716870805,-1.1449274040690003,-0.10637308719456248,2.5168875308590533,1.2032334539776417,0.6391426093521123,0.040873509176721015,-0.9829623686328971,-0.3979289114972119,-0.5370396074987791,-0.3591520295306901,-0.831686075159574,-0.1827954240772845,-0.3940419287250916,0.17308893423427835,0.887397188020109,-0.3957276990880825,-0.25572251634492965,1.8702937136098763,0.9009387146866141
Joël Veltman,Brighton,32,NED,DF,Premier League,1992,1.5992484415157364,-4.232608409332195,-2.566291577281849,-3.308127104694925,-0.8245469121021646,-0.38700161614868206,0.09722198987516843,-0.4126451658226953,0.19949743421204724,-1.0198765626785404,0.3655849904206747,-1.009493249013076,-0.04260124802136444,-0.3969735101602898,-0.39417980298136,1.037440033401755,-0.6055595526095529,0.0044845032213954574,0.21240739261164007,-1.4143386141359122
Micky Van De Ven,Tottenham,23,NED,DF,Premier League,2001,-0.5979746344356093,-4.00190866891646,1.4025370080826425,2.079933006562199,1.8247408713427349,0.37408633032236766,-0.21797283823807917,1.37411267845288,0.4202419000150421,-0.3669663137797002,-0.7017950335971316,-0.4454179003794604,-0.13692350019823063,-0.058886448838142876,-0.5521983849879457,-0.1555587465552826,-0.05311595591470031,0.4191224281296397,-1.053982340913635,0.004309725324843411
Jordan Veretout,Lyon,31,FRA,MF,Ligue 1,1993,-0.37832898711307966,-0.5276936731749569,-0.4589708777836402,1.1875656432380137,-0.4891121590716855,1.0092879216840596,-1.5163254664587658,-0.9562148550509567,-1.6160297516516047,1.0188066005078094,-1.1959203238955598,0.09192665441980907,-0.5002535168858849,0.18009620429634318,-0.6896783946855005,1.6470696146908017,0.6632491226325258,0.2635647743061435,0.03742389949837905,-0.044626964685387877
Arthur Vermeeren,Rb Leipzig,19,BEL,MF,Bundesliga,2005,-2.391704248058833,-2.2360181528242826,-1.2583384231721901,-1.483172639663862,-0.3576647750192822,1.1067888653366844,-1.023012729129427,-0.3187608745629571,-0.3709148947556481,0.826040504981145,-1.5589769192113572,-1.3621592764199677,-1.0898655321254083,-0.23990351411626398,0.2270223319527505,1.399286529357659,-1.556083191578505,-0.2931068642091357,0.01883664628024919,-0.47843302859576725
Yorbe Vertessen,Union Berlin,23,BEL,"MF,FW",Bundesliga,2001,-0.9391289448222846,4.313246692037309,-1.6945420650354137,-0.24309330578875196,1.2954765568062603,-1.903384586647948,-0.7984445234652755,-1.780726101960768,-0.6992474582048329,-0.7032071904048837,-0.25226602850470115,-0.06351833159147242,-0.500316360588694,0.06503905014944307,0.08151298488888514,-0.9555985854081779,-0.20245397767380402,-0.8282030874898185,0.3579979081586988,-0.5935770750154002
Mikel Vesga,Athletic Club,31,ESP,MF,La Liga,1993,-4.9385772037723745,-0.48118691274251335,-1.4298478706996651,0.33089532487634676,0.029619315644927025,0.8787831937263049,-0.8227363764858997,-0.3439065990837062,-1.0668756986499945,-0.8015878714124669,0.3034561807221065,-0.4402620918039797,-0.5839233651723827,-0.5905810181303028,0.32753511253340273,0.36665009784462904,-0.7356831358400248,-0.21268278682078195,0.334855188724599,-0.00551167315718254
Jannik Vestergaard,Leicester City,32,DEN,DF,Premier League,1992,-2.4881015002693396,-5.52844219289887,1.9295989160013187,1.182071836881773,1.140385880990895,-1.6116646719137662,0.0074040324979230045,1.354913916084961,-1.5970459195148625,1.1562463792195619,-0.7401375150194516,-0.7240731938337929,-0.1448962670496792,-0.5456551995832601,0.24617881685327567,0.745272435863656,0.709646664340557,0.12366974798803801,-1.3268100480755396,-0.4396242772404844
Carlos Vicente,Alavés,25,ESP,"FW,MF",La Liga,1999,7.102780331668807,5.112209379141799,-2.5831605003226543,-0.23856587081634553,-1.1751241272658735,-3.803801910404994,2.867900657560816,-3.205960134577782,-0.5727280071167435,-0.37785142731611915,0.09083931822192637,1.0956003766561098,0.6311115436298159,-0.5838129818267562,-1.1448098202679462,-1.4333771671320095,0.37297219515911256,-0.10397594441955328,0.27399232656097366,-1.160589977820415
Pau Victor Delgado,Barcelona,23,ESP,FW,La Liga,2001,-5.373066177681778,3.611768807785059,1.8588326740389154,0.827390255917208,-0.8141928499891655,0.9260925914494715,-0.05528093915038758,0.32926688502144474,0.06527946253201097,1.9764794928086196,-1.785360032166664,-0.0986237294864071,-0.3005030835546593,-1.3083955240701703,1.376060484130301,0.4913195403120749,-0.8035881841680573,0.23751735002727692,0.13251411539232624,-0.22687028735697298
Samuele Vignato,Monza,20,ITA,MF,Serie A,2004,-6.768038506745889,1.861618966551115,-1.836133372584605,0.3649398109224956,0.28782612633189103,0.04126975535345887,-0.11866197062248299,-0.4056612458567632,0.8582263036766024,-1.4039578420618986,0.6701760260255826,-0.4266930936613181,-0.30486681014974354,0.5845420691214601,-0.9692062991302867,-0.5362466357586274,-0.25802118984626843,-0.2969879365712325,0.3261007216906797,0.4950006714129489
Asier Villalibre,Alavés,27,ESP,FW,La Liga,1997,-7.64168206098615,2.38627349267774,-0.08333777074544364,0.33434654887140186,1.2103145823494974,0.7562403060990598,0.32530609742505,-0.9377664363772114,0.29466367902063373,-0.9526258724344084,0.09976345498884155,-0.22619968634701715,-0.27000767940875037,-1.6888199785243705,1.4619784968816816,0.2687899006811424,-0.3788674073593556,0.18662853035614646,-0.12140736554756021,-0.25562899751517665
Nicolas Viola,Cagliari,35,ITA,"MF,FW",Serie A,1989,-2.709750400219525,3.2401322242944155,-1.061341881549612,0.9398564519565766,-0.316411669014816,-0.2752456492703495,-0.12816697233865004,-2.1076666831377002,-0.9256772034953367,-1.1604877857520988,-1.2604761486820515,0.12806136252816508,-0.14311741014310067,-0.24934510850064542,0.4465376281748835,0.31919190197495007,0.9140525839705101,0.009128330533928,-0.36492102343001215,-0.8422405805903229
Viti,Las Palmas,27,ESP,DF,La Liga,1997,0.09890134641828384,-3.0352658654092126,-2.5498233790375293,-2.158541213803362,-0.8562992884746609,-0.3447465991077463,0.9610671325649683,0.9809147971763214,0.3529215696748726,-1.0699057856120169,1.4114518100696023,0.17052177818544276,0.2516461276647252,-0.44037818009157026,-0.9220934457525162,-0.055890550396081075,-0.3789546034404736,-0.11943737315875086,-0.06963632674825429,-1.0674077922582834
Mattia Viti,Empoli,22,ITA,DF,Serie A,2002,1.9959018148450145,-8.590274378514987,1.2721315228950099,-4.083085943644333,0.5804502674041423,-1.5001219533082835,1.1195248611144788,0.8161533075575642,0.33439102401064186,0.32564628385183253,0.6670610346718727,-2.641376568158079,-0.06972469237355347,0.42597296402711954,0.07152459338290765,-0.8392174102977223,0.4088105680562647,-0.44482888942922777,0.6638798479031164,-0.7987245225471998
Vitinha,Genoa,24,POR,FW,Serie A,2000,-0.5665504010782397,3.352517158043145,-2.3925616260926925,-2.606416314183158,1.9374547367021144,-0.6872584141337872,0.22682760443815211,0.3218766529197665,0.43479539515404036,-1.5153589909077174,-1.4201432996055106,-0.3537607943490334,-0.21460934421864394,-1.1262311999635963,0.30506229115172745,-0.5779184588510137,-0.4097796206855372,-0.2885203360122201,0.3015485976608608,0.7054785047826844
Vitinha,Paris S-G,24,POR,MF,Ligue 1,2000,8.158700221168075,-4.054413083017076,-0.28997591332014605,5.437393920647711,-0.1909646704634085,2.3459589167645114,-4.188935695889675,-2.350300622925018,-0.27738006318373265,0.7264964823891862,0.14627867731993968,-0.49497971811382724,-0.7435256190524432,1.7270098245043217,-1.3830909502490614,0.42351536749666485,0.7163532796731138,-0.04063688589637697,0.39551114172946983,-0.7254715319737927
Daniel Vivian,Athletic Club,25,ESP,DF,La Liga,1999,3.189744430452766,-6.545082809179064,4.197580070522588,1.16327170635985,-1.1790066690885619,-0.9301920590233396,-1.0570839612404674,-0.3757940361448277,0.08115633068094767,-0.6005106166033773,-0.4747895452466713,0.9024782710903306,0.4051439201678684,-1.016692428582078,-1.228167340330412,0.39746769006621585,-0.3455726416420706,-0.37957339354168157,0.870546636143574,-0.9131480681614862
Dušan Vlahović,Juventus,24,SRB,FW,Serie A,2000,0.6009788870227921,7.118551365921875,4.675317131463486,-3.2628468701835485,5.905859179810458,2.242162211208674,0.4184120858022698,-1.1642880970197311,1.0309966029725364,1.1801887628278305,1.4408008244001045,-0.6012985209780299,-1.6124816739319103,-0.31796606507450076,-0.7783475487936493,-0.6328224586048533,0.2977737667205298,1.7610681275160547,0.6146456935227378,0.00739919536702764
Nikola Vlašić,Torino,27,CRO,"MF,FW",Serie A,1997,-2.1527496424396206,1.048236077925008,-1.6216759514581167,-0.8443698566708643,-0.028477782144975747,1.274125390290538,0.08167940778806343,3.515742189311378,1.2243179723011666,-1.1783226139769618,-0.4158239644297897,0.10855867533653298,-0.166672815050093,-0.32401567230432654,-1.0493945965239635,-0.19117940681469245,0.08972870471035277,0.4292670614148317,-0.20704760072253003,0.47643526774780315
Alessandro Vogliacco,Genoa,26,ITA,DF,Serie A,1998,-2.690478689417082,-1.0066288785262927,2.653731510211568,-0.11034175270123449,-3.41926069168662,0.05721721361342052,1.5294012164696105,-1.8841082507058196,3.335187203067731,0.799784468467312,0.6683857978897094,1.8373741865173658,-0.46223145620897754,0.8195928114855722,0.8450871774317462,-0.46875336769553344,-1.0827699210007808,-0.39000877732791517,1.805720675654867,0.2844898422552714
Kevin Vogt,Union Berlin,33,GER,DF,Bundesliga,1991,-1.0092089219448457,-6.589045760938523,2.0587992528289134,2.4132687325279742,1.6532734700913474,-1.3453684665445051,-0.08085607205088442,1.389186977450567,-1.7847234322509693,-0.22727758942160795,0.15676536116954568,1.4259711174718355,-1.4326540910558927,1.2029899699871947,-0.2669626879901905,0.7623511602510107,-0.8099778259910079,-0.04947079543208845,0.3084178217943741,-0.386835574944084
Mërgim Vojvoda,Torino,29,KVX,DF,Serie A,1995,0.8211990668625067,-2.993641735529691,-1.707173779995166,1.9220453467813856,0.9350549519171713,0.1671310537334256,0.21898489594382614,-1.1993722777562883,-0.9562041247296155,0.282861871809019,-0.22188001084033332,-0.1234138426906666,0.026178599672225633,0.08747197075275424,-1.0313879053945658,-0.235538384944008,-0.7045907419111757,0.7519929780916298,0.41300612007190307,0.4129934065889028
Stefan De Vrij,Inter,32,NED,DF,Serie A,1992,-1.3796373186231767,-3.9039937849447077,3.3714043916157017,2.6191553208632548,-0.2115002066490715,-0.030888316047706487,-0.3134379066746682,-0.6512101799837401,1.6929889137861627,-1.2723049381359046,0.4969007954598441,0.29215036973123526,0.037739512838449354,-0.42984107881480466,-1.2526415554559795,-0.17593531809821042,-1.7169810206375256,-0.5779453721265141,-0.6453093651272873,0.46099661419481425
Robert Wagner,St. Pauli,21,GER,MF,Bundesliga,2003,-6.555804820471646,0.5626793100749643,-1.4387826674231694,-0.10135170918907932,0.13769280113173776,0.4875643209313318,-0.5141046730938303,0.09548820732086906,-0.80065764477408,-0.9244151591072785,-0.1643060952767076,-0.6079744565356877,-0.5443673498698242,-0.34335084454885373,-0.00240289381759705,0.45387206122212614,-0.637373877607715,0.2966419438235834,0.3165456502673182,-0.1224807377668374
Elye Wahi,Marseille,21,FRA,FW,Ligue 1,2003,-4.160157054224892,5.090857696060094,1.4481598770053323,-1.4309325696602335,3.870159304045112,3.1872459662509227,-0.0426038990399716,-1.1688837055794121,2.953293467759459,2.1930153334125255,-1.5502809954717194,-0.39316268578404107,-0.8183122513281489,0.26647533477002083,0.2789199376654426,0.8777505688096877,0.058405348401168504,0.9251543643603977,0.7548411992742246,-0.6796921912168358
Hauke Wahl,St. Pauli,30,GER,DF,Bundesliga,1994,1.0466269329380709,-6.489129726727634,1.7356510806671166,0.8887597780655376,1.1518631315875543,-1.0532332357074272,0.14382927645427468,-0.7219355324917576,0.5093390395198064,1.5877186742384677,-0.5822690999245445,-1.4856619911206919,0.4338912794750168,0.9453139090650647,-0.4975951112267608,-1.0408286554084094,1.1169456084891678,1.1349970179345914,-1.5677514139793105,-0.1815052205416142
Kyle Walker,Manchester City,34,ENG,DF,Premier League,1990,1.4492767036454877,-4.465940648765308,-1.2914119771030101,2.106312076122336,-0.005357152985068593,1.0724179614990745,-1.002455305483984,-1.2093633291655612,-0.49054869950307406,0.24547908170878927,0.6502651141666392,-0.05667719183850167,0.142457612104402,-0.704445516031996,-0.13505447104818893,0.5283185761537504,1.1023959142196604,0.6073498655056323,-0.23581223790135883,0.9697889162216875
Kyle Walker-Peters,Southampton,27,ENG,DF,Premier League,1997,8.845372367419392,-2.94165280138187,-1.331202077427044,2.098887969416132,2.3661192527632857,-3.3250298848469546,-1.5673743505557476,0.13584700535657507,2.3578473649700333,-0.7147552765939519,-1.5451867295592432,-0.48222530848248907,-0.2738759979407492,-0.3607916089367314,-0.11055703970949876,1.074768689197223,0.4468550300381887,-1.1278096319539201,-1.375518697521868,-0.9121716824307812
Sebastian Walukiewicz,Torino,24,POL,DF,Serie A,2000,-1.336868593511687,-3.5421051702013364,-0.37197506631910493,0.04661449033851387,0.6390617519115845,-0.00400430852033224,-0.4015644965121397,-0.47541239334645785,0.9393564135421602,-1.3338610382290925,0.7552681566295815,0.13385637840024683,-0.22686923951545473,-0.34133757556227146,-1.1684153748967145,0.2844755778652542,-0.7492691652303745,-0.42288777999053634,-0.32132016802433944,0.11177077226364218
Aaron Wan-Bissaka,West Ham,27,ENG,DF,Premier League,1997,7.977213695010757,-2.6916414027918174,-0.5922881674321571,0.46680842589079957,-1.8123405431272364,-4.0347749763089995,-0.9432872931276086,-0.2676343562291231,0.8258641323366759,0.8650919336281011,-0.018601486342537638,0.6080561353849336,0.30605877025686423,-0.3200426761195339,-1.3501326438105554,-0.2796498844719722,-0.9209681105515191,-1.544878392108747,0.12153430728819277,-1.3844900938632665
Paul Wanner,Heidenheim,19,GER,"MF,FW",Bundesliga,2005,2.307878876794171,2.407117895131802,-0.75696687087452,-1.6570898188126408,-2.441619649767172,-0.22718303356301595,-1.1608523002751399,-0.03944560161077643,0.47743107770009885,0.3068395845646718,-0.9778776586705755,0.2875809537071664,-0.12987077707499733,-0.052329040596293036,-0.5180162323905948,-1.1113319075593782,-1.6899450148497293,-0.34067846286296904,1.4059554494452595,-1.3594895528270148
James Ward-Prowse,Nott'Ham Forest,30,ENG,MF,Premier League,1994,-6.309517406731794,0.04375962687038984,-0.754739645776454,1.4770997951763911,0.08084545007306852,-0.044014669474446114,0.14178311785676398,0.4407687050937305,-0.15776867246267806,-0.04911983182360247,1.5257194365290423,0.5236925191919101,0.7341606098208444,0.3107978641813789,-0.46202368648476283,-0.5545652026104264,1.7723943594952702,-0.7325938707134669,-0.05831958119734035,-0.7210918789828791
Ollie Watkins,Aston Villa,29,ENG,FW,Premier League,1995,3.776501423285519,10.280082186415818,5.824270148375086,-3.1190521315444895,4.599143220475998,2.635410408373471,0.7063139038829306,1.9001604469544269,2.2250621073892063,0.4964988802198803,1.3037095643912677,-0.8245179030837351,-0.31428158031577824,-0.4118123970623756,0.726596822462652,1.6318636559024473,-0.16509265312245416,1.6700555031126274,0.05018157862821425,-0.38970756233803633
Timothy Weah,Juventus,24,USA,FW,Serie A,2000,-0.6594532189455912,4.087462005981774,2.4846260396949167,0.963619495129493,-3.5399989761684556,-0.5561597442223833,-0.13824912850830565,-0.5841542675290611,1.540487718396726,1.9651009422817738,-0.7604506399168296,0.23773217281063938,-0.11235678440795718,-0.10697037547603505,-0.7163164899885484,-0.23620294768701974,-1.5201575809111298,-0.2272201627415238,0.07202695384659674,0.16178842554454437
Julian Weigl,Gladbach,29,GER,MF,Bundesliga,1995,1.6807495213680246,-5.8224672088832286,0.6894615504801509,0.4413937273617078,1.19544743129707,-0.13122751563419255,-0.16069533171243044,0.9147825365965427,-1.8655603185839764,1.1770984171187637,0.44500364358509764,2.071391258405113,-0.6952555629423439,0.9564045535679192,0.4201316741205395,0.43715694527995924,0.4796071810704768,-0.4083656236233744,-0.6110748024700482,-1.0831645173739122
Mitchell Weiser,Werder Bremen,30,GER,"DF,MF",Bundesliga,1994,6.798298638295381,2.717036934696159,-0.0012793508726969948,-0.6235179782344025,1.0561844968523932,1.8997258001410624,1.3742521345160108,2.7179537507775136,2.1320538460567375,-0.5024273610229525,-1.5596096336687317,0.25665080485284997,0.2525758936690109,-0.46255464601794244,-0.5844174217162367,-1.5797808181434083,0.926924983582371,0.6581518662882065,-0.22861120596223708,-0.7574241566108876
Danny Welbeck,Brighton,34,ENG,FW,Premier League,1990,1.1987694928748365,5.814713676051074,3.9150408931412572,-1.0895322795984674,-0.2185225023367308,1.6722332208913053,-0.29867355730428824,1.131349013106736,1.1104740022350608,0.28738222989402734,0.9697506208427958,-0.7319457763418051,-1.8130595253658344,-1.0640069190518127,-0.12186500847404193,0.7963552385528049,-0.024932865385435085,1.024333811145165,0.2168613838305267,-0.889454500980251
Timo Werner,Tottenham,28,GER,"FW,MF",Premier League,1996,-0.5728230395731196,4.213808998450285,-2.685777794109593,2.01231306865016,2.0267124738209574,-0.4596081717430462,1.2562949655422948,0.5606691456954704,0.45149122397148544,1.028544523828204,-2.2618331598030474,-1.0741528580115804,-0.6867435343686059,0.7206169243544384,-0.5033614783043499,1.0593062982028612,0.21627134114442403,-0.28594567547629546,0.14544680468611584,0.04207310992377975
Adam Wharton,Crystal Palace,20,ENG,MF,Premier League,2004,-1.0709205241588495,-0.8229482838632919,-2.4642218844546577,-0.6037827468535506,-0.79470816734284,1.4815197233072208,-0.5760148362674185,-2.023003619839306,0.6178362162457597,-0.9283843322670692,0.00408245210469775,-0.6981854713914364,-0.5743804773190068,-0.10348001637686387,0.5835016330585642,1.2631257030617553,1.63550925285451,-0.34130347395805166,-0.2240941825392974,-1.4939157911388563
Ben White,Arsenal,27,ENG,DF,Premier League,1997,-3.2692716235913686,-1.7781907332940683,-0.8651054073295622,0.2881721714188541,-0.02754817013580654,1.0509987578300033,0.8854732840160096,0.18539471210262207,0.5387656632892615,-1.2504889275228892,0.7227965895959987,-0.8308602954695448,-0.37813613413056074,-1.689399098161228,1.454775841426766,0.7703812434843867,0.31165019850828735,-0.48004042499240523,0.4694978914747102,0.16648536844167983
Mats Wieffer,Brighton,25,NED,MF,Premier League,1999,-1.8214347291702435,-1.0238641419410381,0.448231122688202,-0.7908266526190042,-2.1965218644593203,0.9159084611421869,-0.8787297456375724,0.42077501535247863,0.5126458157623658,0.0562539217891813,-0.17445605692792127,-0.2952142538316336,0.3737605862153415,-0.6033892196188904,0.7535062730569763,-1.2222704662597892,0.11586380574932872,1.185475134231368,-1.0867046289273645,0.8673099812531698
Caleb Wiley,Strasbourg,20,USA,"DF,MF",Ligue 1,2004,-6.5356876897383795,1.8672159552255825,-1.5764473713840044,1.431448977651755,0.35731618244363134,0.9124645623722712,0.6949505193923318,-0.9971221262406512,1.2286475037784512,-2.8554611122285793,-0.6794610636871405,-1.7364775311152414,-1.4325566231823628,1.1969802360089965,-0.41818155477633423,0.663842699490023,-0.14816589319637952,-0.06420032003385849,0.3552111353866392,-0.2646684664553448
Iñaki Williams,Athletic Club,30,GHA,FW,La Liga,1994,9.192826824471888,8.032230751507939,0.05943309122280818,-0.12209129204445623,1.8637296793194098,-1.4312966408899683,2.4062001770553176,1.3138814128006036,-0.03037251651680989,0.10462451243652532,0.23166670993465993,0.1577278067825706,1.8708691640520292,-0.38183489203409043,0.9675653403526718,-0.24501222731744665,-0.6440265230465183,-0.44547776633497543,0.5892692357991999,-0.8034306798736388
Neco Williams,Nott'Ham Forest,23,WAL,DF,Premier League,2001,0.47497649663257185,-1.6768200664385802,-1.9652952602975344,-2.8459377923684706,0.5859113437123733,-0.7927783722442775,1.3447066128346863,1.1722343948918414,0.2650886928040016,1.127399767022314,0.22467908568838776,-0.5049105066451406,0.09803126393573948,-1.4232849680586084,0.17159886074247108,0.969726018125786,0.1788440608280397,0.10488468811728403,0.36925024343709445,-1.1697232622830154
Nico Williams,Athletic Club,22,ESP,FW,La Liga,2002,10.787655292841169,7.675521683889943,-5.363328833671634,-0.398335526740455,3.291791280653035,-4.666868429962599,-0.2671077848132937,1.027894239027568,2.677839485485318,0.6861011906562482,-1.322286343193803,0.5129546382907336,-0.01244575416472433,-2.037478815952256,0.5145449601168193,-0.11024155493455816,-0.6293427154323266,-0.3497914489574751,-0.023059812900890264,1.5899017749810944
Joe Willock,Newcastle Utd,25,ENG,"MF,FW",Premier League,1999,-1.9899692369948976,1.4661122386694618,-2.5996616816482465,-0.9635326378587564,0.577917035522959,0.15175725404445448,-0.8069337333697529,0.5938079202232478,0.7500969927738473,-0.044407529892993555,0.43554884388583553,-0.6781715967847479,-0.44708353549003055,1.0140712318192768,-1.0765836263433173,0.06918949372001963,-0.04571265798424569,-0.4536013279769712,0.3422910950252333,0.5664162280817678
Harry Wilson,Fulham,27,WAL,"FW,MF",Premier League,1997,-2.2704411124776396,4.0535240535042405,3.0931264413991113,0.6437542592264216,-3.0162169803275947,-0.8073177809717981,-0.3703493166555041,-0.5819497777720409,-0.5555008391622102,0.07833088505912943,0.6689278436802946,-1.2676677370920357,-1.0189339387406178,0.7039908949127707,-0.8296007552774225,0.031217070318363845,0.5566883319028012,1.0576645276845689,0.8601792821438692,-0.3491330790855082
Patrick Wimmer,Wolfsburg,23,AUT,"MF,FW",Bundesliga,2001,-1.3968060767468105,2.2459294938889602,-1.6707818303336612,-2.0887402215583015,1.4677110693064968,1.1945007368175025,1.1295870569206283,0.883805257981172,0.03787060834064372,-0.3787980323055134,-1.5569001067130905,0.5724300594033987,0.7148091400039095,0.20321486617373494,-0.9605814116630568,-1.0253586161549535,0.05063625078097278,-0.40498316024668124,-0.019048191165932517,-0.5692442055831946
Jonas Wind,Wolfsburg,25,DEN,"MF,FW",Bundesliga,1999,-1.5009796679190712,4.902527870541041,5.320649507607689,1.0141217159858114,-4.70831643133562,-0.04875422836295885,0.7322191874283056,-0.9815718928693588,-2.0067378834751506,-1.9411801176300594,0.05606506608144647,0.2587515947654572,-0.11835365788352674,-0.3374302575651903,-0.0729783736903324,-0.8792588962881671,-0.06639649785173575,-0.9606509052070515,-0.8578617030356281,-0.6299924275368023
Harry Winks,Leicester City,28,ENG,MF,Premier League,1996,1.3990469954754468,-3.119954019803221,-1.1940843724671897,2.170629626048423,0.27568178873240723,2.2916665576664523,0.005577781293981,0.20882543523954814,0.9321619232789553,-1.381172981339911,-0.03887343085259747,-0.12686298215266054,-0.3946413344738793,-0.1221385915451494,-0.2980464328327183,0.43642692643592707,0.6128477309306989,-0.3699326921764672,-0.6360297706856038,-0.42562355930411144
Florian Wirtz,Leverkusen,21,GER,MF,Bundesliga,2003,17.546212333928818,8.497854683807617,0.4458636783157762,5.59248679451392,-0.5048112339590262,-0.742552679140282,0.25951752659603144,4.724782125493809,0.3424455949554947,-2.153027347085284,-0.8885244746627331,-0.2377142343803476,0.45811476131630946,0.7356772079089974,0.0785620399618008,0.7501687565751055,0.7959811025026122,-1.1990053444103137,-0.7193141405514878,-0.11666782705516794
Yoane Wissa,Brentford,28,COD,FW,Premier League,1996,2.4058198236357606,7.636978492561205,6.762726216677715,-0.3901185755986365,-1.7630498803777817,0.6017995409875322,-0.8360355186741399,-0.4203365813440244,-0.0880807521796243,0.4281811069895733,1.0881845454071808,-0.6509355707290685,-1.7150754083618895,-1.1507656294924362,0.23168424217744132,1.0477703658060584,-0.09047626993897732,0.9714467285570092,0.15605989657320551,-1.0998575431750315
Dani De Wit,Bochum,26,NED,"MF,FW",Bundesliga,1998,-3.1404560155630725,0.44985859255446625,1.335879370262985,-1.9422255244093574,-2.3924862877942488,0.6160495651903435,0.5126191887311969,-0.9972929580057899,0.0364743614652676,-0.13101009505766043,0.04993628503291074,-0.49270016712338055,-0.08449529105393125,0.26868062669376,-0.46513499470971204,-0.6338937127424146,-0.4917139816386254,0.3746006165784399,-0.3183475348113824,-0.0745112638462457
Axel Witsel,Atlético Madrid,35,BEL,DF,La Liga,1989,-3.088610509629675,-4.099110673924698,0.9337123653901,1.0340116954190492,0.9484655613663417,-0.5240201523894998,0.21244367253982313,2.786617247681297,-1.7124951491525708,0.5567175120700394,0.6688358331270121,-0.33967220963214273,0.4384712292006791,-0.1748502611995573,-0.6446394349816027,-0.8150200408547602,-0.5014596080617107,0.0038556270567909265,-0.4884734109311447,0.6173629165283651
Maximilian Wittek,Bochum,29,GER,DF,Bundesliga,1995,4.806520589317329,-2.4346001833010513,-2.8308699425360495,-0.7342399354405675,1.148519942172963,0.2818512644502687,2.253746214903407,-2.885325922652857,-2.3009512166498873,0.7134650919097091,1.2138110115455423,-0.7841164505726438,0.3055972869294867,0.7679751421326501,0.2068693157854485,-1.1784469081657072,0.2772647384644398,-1.1827313645685418,0.612414090899535,-0.6191807143265852
Marius Wolf,Augsburg,29,GER,DF,Bundesliga,1995,2.5692218213787874,0.6797938109538535,-2.3140782899484784,0.8853554323849161,-1.3548876579315312,-0.2619827319742512,2.7879170554528985,-2.0300341019028383,-1.2882778684604332,0.1866973169347599,-0.6245497544099571,-0.11777765499300102,-0.004467065385449004,-1.280311837749332,0.6239042213549559,0.2128274740096744,-1.1235772831352433,-0.5019719233924163,-0.6497709557808674,0.28918525226795405
Nick Woltemade,Stuttgart,22,GER,"FW,MF",Bundesliga,2002,-2.571099975210567,5.75527063861037,2.8975573273780353,0.4005887850360509,-0.32760099403722837,0.12965915507057552,-0.2521246976845574,0.1612960271199738,-0.7653321162877619,0.7816516235871136,-1.6771242770511408,0.20825009357524835,-0.41953415316987624,-0.6663611846883462,0.2532777785881227,0.3170353007262347,0.3243667942297534,0.3218893975903998,-0.33995476628647964,-0.5231407521909087
Jeong Woo-Yeong,Union Berlin,25,KOR,"MF,FW",Bundesliga,1999,-0.9908401353578044,3.445446503113208,0.4187341796115626,2.083796551204733,0.03227206956008849,0.4908452776036967,0.421882432524273,-0.9153420549398661,-1.0071894176577036,-0.16978151159113378,-1.7867194054444633,0.43581342727949945,-0.4906814774470036,-0.17679674383632363,-0.6411187858032268,0.35577645538721403,-0.9913579921808788,0.7099419168856888,-0.6132921769500649,-1.0057914203278542
Chris Wood,Nott'Ham Forest,33,NZL,FW,Premier League,1991,0.8438955199933169,7.292702566410017,9.874938858010335,-2.490741902565567,-2.3130043465920904,-0.07235475976058368,1.4983918669282492,-1.8162380851757332,-2.569868270668535,-2.9221275165235894,0.7556604663255015,0.30343308245276834,-1.3586235215969416,-0.607892431395163,-2.5654013152165187,0.4603418997624464,1.4147117599707568,0.732612738835252,-0.979068346003041,-0.16720797722185587
Nathan Wood-Gordon,Southampton,22,ENG,DF,Premier League,2002,-4.894853191693072,-2.506398297519866,0.44538792627592627,0.9783504243694474,0.834958741051841,-0.6350296638907886,-0.6819981550415144,1.173484173993876,-0.2619673217170817,0.8614262946207041,0.9335618382975064,-1.0814379647388142,0.06594610274313763,0.20956195678849276,0.1369996393757481,-1.4125961859467462,-0.7083596028861106,1.049165844011244,-0.6295953261379861,0.2331220976904463
Christopher Wooh,Rennes,23,CMR,DF,Ligue 1,2001,-1.328591005725784,-5.311950643302274,0.8120214287391776,-1.2394410297866059,0.6025040448977972,-0.19880811329540254,-0.35566158365510764,1.0305134587161682,0.12981828781325158,1.2283560218119365,0.6945077320394141,0.2765640339710938,0.3556900439618262,-0.7711900116795872,-0.5450946062749339,0.49336616087574375,-0.22648639976396256,-0.7923409090288476,-0.24012729382064965,-0.2922509033220929
Luke Woolfenden,Ipswich Town,26,ENG,DF,Premier League,1998,-5.964288324073,-2.083123667771636,0.5233561240372561,1.6241144936193141,1.1148485940083404,-0.672700237685017,0.25439724496627325,0.40094836254895305,-0.34570525956517073,-1.1604065966383004,0.30539447568007017,-1.3845827854465056,-0.7329822983798554,-0.25370246556210985,0.382992892669612,0.768980323865012,-0.4671646719343834,-0.8457808915292822,0.018318173450717117,-0.2705760627963535
Granit Xhaka,Leverkusen,32,SUI,MF,Bundesliga,1992,11.196739990593633,-4.699677927918249,1.7977965404211964,6.986865979477786,-1.5649732526169333,6.682529231937717,-0.6794547335969615,0.224932066763382,1.3364302142822144,-4.071569878637698,-0.6374192272603696,1.7823494526326733,0.3247649592927912,-0.6668397232804483,-0.7721634396365481,-0.6149662392438205,-0.22271898357735623,-0.49637969006826155,-0.7723401216390778,-0.020763290781833192
Lamine Yamal,Barcelona,17,ESP,FW,La Liga,2007,18.12868394913792,12.475429433866768,-1.961973242398335,3.114850990104463,2.3997742431132214,-0.81849590374044,0.007878641660199054,6.034987699484324,2.2122832774565397,-0.6751490151443393,-0.31028864609340057,-1.1014665839965792,2.5606963321325034,2.5043949356390858,1.8586202236771414,0.7116849564433719,-0.947723073223168,-2.452832689925889,-0.9182067512704764,0.7957984359632659
Yehor Yarmoliuk,Brentford,20,UKR,MF,Premier League,2004,-1.9413137031694,-1.3197040270269194,-2.129797325019455,-1.0224548310700652,-0.2136899373092171,0.21668528441001236,-0.7848782612902269,0.540877678973162,-0.4738278420801369,0.7546816339133274,0.009889403551658642,-0.9339460546889101,-0.43621438080997776,-0.9122545151837381,0.9980901246330435,0.6250382772431292,-0.39792335231241116,-0.9693886911373328,-0.018641538291842463,0.27133165121533387
Ryan Yates,Nott'Ham Forest,27,ENG,MF,Premier League,1997,2.577417148159733,-2.2165820628891737,0.3953176806239735,-4.483225686634724,0.7887234224782005,0.13936255598199376,-1.5289918882888347,-0.31012074655992267,-0.8597847848644149,-0.12087754612074006,0.24743551089858287,0.3084347179600135,0.40880397642079896,-0.8668361019553722,0.3618222559814318,-0.8054924792195141,-0.04887065352082815,0.6904079252808765,-0.7487726780769587,-1.4043412355347107
John Yeboah,Venezia,24,ECU,"MF,FW",Serie A,2000,-5.17854208920815,2.8522418497227853,-1.4569389156051256,0.7851671167377033,0.9499806719463104,-0.4181123505838203,-0.32117713586681607,0.44278618879717735,-0.44043694726749577,-0.11203068289397826,-2.1942006829604654,-0.40159241101090326,-0.338953745426997,-0.5038407519988202,0.2493195036744631,1.307088693545385,1.0368211344133844,0.3947687680620279,-0.35091381296127544,0.1931924178829741
Bertuğ Yıldırım,Getafe,22,TUR,FW,La Liga,2002,-3.2066863864951,3.544520892070405,2.160252521065665,-4.04131508647475,3.02837592057111,0.43512415285520145,0.7138533838964666,-2.155318331844086,-1.781476659706924,-1.1424697069867444,-1.202656399067092,1.7013483276394263,2.7523194700932483,-0.296240408285271,0.16377266871725865,-0.055700822596656714,-0.26859443113744624,0.14232059220651028,-0.7830324184422489,-0.043913339993778173
Kenan Yıldız,Juventus,19,TUR,"FW,MF",Serie A,2005,9.039589524772456,4.663724188126426,-2.2683714665879027,0.7507656100081516,-0.8959710963525234,-2.7915221984598775,-1.7339242233112064,0.22646522234475092,-0.0155376678910353,-0.14315552095073755,0.6344775370934411,0.8073675090564059,-0.027401903072379295,0.5580751178860058,-1.6886974579813927,-0.46012236519569466,0.49879396594192454,-1.2488641050881761,-0.9177399577548898,0.8382343240639447
Leny Yoro,Manchester Utd,19,FRA,DF,Premier League,2005,-6.938170600157592,0.06537223969825573,-0.2229521949855133,1.036902510508335,0.4424452844790973,0.5838959030411557,-0.42558486336058654,0.2512168070136166,1.1102866393246413,1.5370089409744565,0.3975582825782205,-0.7021048088320474,-0.15494173562963187,1.2081536433506173,-0.8973508396671253,0.7087422118100317,0.469219154450791,-0.28615282147615884,0.33814407119321604,-0.7631918972484323
Ashley Young,Everton,39,ENG,DF,Premier League,1985,5.042900748942623,-3.696947725142335,-2.58808943658685,-1.2868161378837215,-4.290909339683668,2.1754982464587713,2.302546850372442,1.5870169337835636,0.3670591739627672,0.33315457151455286,-0.415566318096932,0.5197837923472954,0.5587838123745271,-0.665584946904574,-0.7620171510666072,1.3690952288391927,1.1518020137790845,0.2505045759643991,0.040528618223453695,-0.8940232659043662
Etienne Youte Kinkoue,Le Havre,22,FRA,DF,Ligue 1,2002,-2.311172015790652,-5.218439946473872,1.7326724092477233,1.4479445928351073,2.282322099452464,-1.3223266821630508,0.1629560988840739,1.2128234334388228,-1.3551385214085645,1.2039324049905589,-0.5661423873270286,-0.992951338063532,-0.6268076614246519,0.38574531168790877,-1.0259467841381942,0.8752290842795867,-1.1407959038331974,-0.9142662902932498,0.08763052967620795,-0.5007668432421715
Illia Zabarnyi,Bournemouth,22,UKR,DF,Premier League,2002,4.436887151802963,-9.972765652623945,2.5539292911924414,-0.21227840158617084,2.1639671313882327,-0.5534567477444203,-0.12237234009604378,-0.48361571555513116,0.23643355888300222,0.4406275041222866,-0.236888040518161,-0.9525900635683342,0.04052627322030823,-0.33688776570462914,-0.31823505227326093,-0.365495329182865,-1.057086025028446,-1.736993338809183,-0.29008258755120486,-1.0165732494869575
Mattia Zaccagni,Lazio,29,ITA,"FW,MF",Serie A,1995,6.145667550746004,4.6087359570427235,-0.1718338337292011,1.0331121377853034,-0.8050957301826086,-1.050703325598225,-0.8897743861639762,0.3265691706699587,0.03863863566025776,-1.2123201088983997,-0.6611389517440988,0.7757942713657101,0.13744995999356774,-0.9222335364850136,-0.25368045007359397,-0.3976196794427343,0.20654573826148945,0.7351029196076577,0.719791958471687,-1.3632341169538467
Warren Zaïre-Emery,Paris S-G,18,FRA,"MF,DF",Ligue 1,2006,6.258855285336658,-3.501947360709002,-0.543516440237936,-0.1291908230651525,-1.0810976586055643,0.4250801938467692,-3.217195049666266,-0.23236111944651472,1.9345724778831979,0.20474222466306394,-0.8432452764658012,-0.6677881513062649,0.06458778775002562,0.15634420038627503,-0.3951755200408746,0.2885498300866338,2.1903396244967253,1.1026134573976973,-0.8736254391602498,2.373498631700899
Denis Zakaria,Monaco,28,SUI,MF,Ligue 1,1996,-0.003856387656637757,-0.07211965400549643,1.9906901062613376,0.6844979441957864,-1.098933856328294,0.6574853016202504,-0.43548873643061614,2.5171069264022137,1.9201968197309454,1.2399915180300265,-1.0110350862965156,1.823313899813447,-0.8532502527698879,0.8608697349716862,1.3005781266496526,-0.07873721123550426,0.1560102440162577,-0.14908334392384967,0.13773668685497556,-0.7922904867447559
Nicola Zalewski,Roma,22,POL,"DF,FW",Serie A,2002,-2.392993697105671,1.6403483163718933,-3.005460721543768,1.2529713086516174,0.9254136695546717,-1.415139148751273,0.7570918594020071,-2.359708521241538,0.7994925681156388,-1.0282504730694992,0.30618494843237837,-1.2411907968748876,-0.19445315009021552,-0.08366579348351236,0.10452641590301738,-0.9408998527109366,-0.5583218688232454,1.721861531416178,-0.650945132029559,0.9134096386403973
Andre-Frank Zambo Anguissa,Napoli,29,CMR,MF,Serie A,1995,7.606873004954308,-2.2736473660225363,1.2198176091119635,-0.3215418634457871,-1.7983975221833677,0.6579768802334527,-2.2123844462888034,-0.7352179301060782,-1.152242928268642,-1.4860902929560902,0.18840052587902872,3.0904983507400523,-1.3413838472689876,-0.23546013027598786,0.07279208070928844,0.6479316397574201,-0.482518685431738,0.6300621602118393,-0.8023231223565098,-0.2164581361899359
Francesco Zampano,Venezia,31,ITA,DF,Serie A,1993,3.247117978407796,-0.16711473291749349,-1.3856666702959082,-1.596657382551243,-1.5228839820251008,-0.8255749962480617,0.8395428878978798,0.28890160010702703,1.8297481769799846,0.5915651224092718,-2.0129711884258743,-0.4322738743379494,0.7832736119832804,-0.6510145396122794,-0.12490237568511167,-0.33964441999458794,1.6881320678981557,2.315860368134234,0.6591894929418344,0.02926742475256845
Nicolò Zaniolo,Atalanta,25,ITA,"FW,MF",Serie A,1999,-4.55019884621386,4.201107329821971,1.2704646157612025,1.7037104947260329,-1.6116235768760567,0.536093969336367,-0.25923316968187265,1.2974151857483287,0.04627968087263927,-1.5878460493651159,-1.5376609754416382,-0.14166308405881733,-0.4132127561881926,-0.8212157901254327,0.8689744092218479,-0.15542404302256754,-0.6608467515240541,0.4383261211883499,-0.1924645187323144,-0.7105491760991834
Alessandro Zanoli,Genoa,24,ITA,"FW,DF",Serie A,2000,0.264047749107716,1.0282608554404638,-3.6801776731855975,-0.1288227049668919,0.4656206536974276,-3.199551499379788,0.7709422634862387,-1.1401183596433528,-0.09874256836085729,-0.14055323748730392,0.7529086051496513,1.0460957470596988,0.6127000345220311,-1.4034382008151365,-0.24282487941973574,-0.29323572006244913,-0.09788612963703719,-0.40868717747428385,0.08989949120172536,-0.27565795075926364
Duván Zapata,Torino,33,COL,FW,Serie A,1991,-3.3227273087368716,4.688137869101568,2.3722843696310143,-1.7822011825657005,0.7822973084344598,1.1479968983465505,0.3918447499266571,-2.2952877875290096,0.5887501933205226,-0.285518296157144,-0.07598144160461137,-0.21916250531506448,-0.808016269898378,-0.3008458421429442,-0.30887643733181425,0.4232341377554358,-0.1629273695661643,-0.18195642753943744,-0.8040517259211277,1.3285099120514337
Gabriele Zappa,Cagliari,25,ITA,DF,Serie A,1999,6.154442777758151,-4.88512957665273,1.6501343425032484,1.8542137346469927,-1.8180539635982655,-2.0875848596111077,1.6183731857215833,-3.6028155126638612,0.29384482514337296,0.05551984817305618,0.11720267850836333,0.3603885192596118,0.37627559783746534,-0.41165721369750236,-1.1690475180050224,0.7432292245330556,0.5870756054868093,-1.0704114901673891,0.5757432367749573,-0.5002976403684903
Davide Zappacosta,Atalanta,32,ITA,DF,Serie A,1992,0.7268881970198593,2.2591543638960156,-1.2995347175318632,2.6615741180224246,-2.078088490499965,0.20546066304975782,2.7022521794338896,-0.943479477929935,1.5231177743581417,-2.1227738609880316,0.2930663020930821,-0.4525833993906972,-0.8958638755450705,-0.0908715131258355,-1.09969566456263,0.8755322246552936,0.16316835164287535,0.7249136410992854,-0.5309580163542887,-0.3433279339003414
Bryan Zaragoza,Osasuna,23,ESP,"FW,MF",La Liga,2001,5.438197243454316,7.231947953552306,-3.966507696951262,1.8545736268602504,1.9039507748088518,-2.487349462429105,2.011830437036916,3.0884642209666193,2.3688797182796546,-0.18176859417504648,-3.8240360974803655,-0.5356942952902032,-0.248982834218769,-0.4261523112119098,-0.14366229304898118,0.395718677681744,0.4273861007821592,0.2534943727415915,1.5371435913155613,-0.3850886338360259
Anass Zaroury,Lens,24,MAR,"FW,MF",Ligue 1,2000,-1.4384298254613055,2.503345462623451,-2.774784764251999,0.7471385199969858,1.284149163418573,0.718381799374121,0.6969276732410686,-1.082924695832059,-0.47416363872929557,0.06887110905625551,-0.4046067503821064,0.34780570004676037,-0.014236336549787183,-1.467890624592548,0.9611050382966739,0.09427309274340424,0.22715751082461436,0.060340448351365025,-0.1948701267553492,-0.051486750291054054
Oier Zarraga,Udinese,25,ESP,MF,Serie A,1999,-5.282036924720761,0.04411859351237902,-2.3669711664290816,0.3054657637656387,-0.28761682188376364,0.38039973480664696,0.1525385567261946,-0.2687481309469102,-0.7990411674935973,-0.43115601444903434,0.3562257834428305,-0.8726801104053804,-0.7043313765912175,0.5416871904335139,-0.8328289708057467,0.9169817286014189,-0.5015656121466626,0.43499843257363696,0.3334111995623235,-0.5896210885101774
Jordan Zemura,Udinese,25,ZIM,DF,Serie A,1999,1.959271066579997,0.49430137567884425,-1.7645233183247524,-0.8637415550718373,-1.3548643219046523,-1.5490888326180203,0.9705656087165704,1.4261509543516337,1.2946885410029525,0.12394842055876844,-1.5545269345388768,0.09004682128952173,-0.1592285612031701,-0.09041666159495924,-1.4738360358861056,0.2254404267482671,-0.727683121436301,0.1620187908998957,0.3427351472591137,-0.2942327641304838
Cedric Zesiger,Wolfsburg,26,SUI,DF,Bundesliga,1998,-4.85191540796471,-1.7007108877215427,-0.5531332056658662,-0.24874712278524147,-0.03192597408778189,-0.7179822623911356,-0.12010355604217351,1.4361017728583103,-2.2432751826718813,1.0708697025348193,-0.9574158849329819,1.5207001639033184,-1.0298267031161317,2.0270066285485,0.08132890609200141,1.2278850784253297,1.1030753366168204,0.1391013020315017,0.15823130362835314,0.3987520871221496
Nathan Zeze,Nantes,19,FRA,DF,Ligue 1,2005,-1.459620714019191,-6.228932825268248,1.238684987333891,-0.5553445686926111,0.5097675067082442,-1.1450981679637378,-0.0017202693213407918,1.785061497470053,-1.5351737241751453,1.3183640245527801,-0.16947140145594286,-0.4393941442795554,0.10156819720575912,0.1518672136653119,-0.9254002245756965,0.9301513700236292,0.430116634978392,-1.0860562877330844,-0.10279150365174118,-0.9830557156973702
Edon Zhegrova,Lille,25,KVX,"FW,MF",Ligue 1,1999,4.784405404894247,6.223295008554027,-0.266852917586366,2.819706228578931,-0.6562732388328125,-3.0082212671599997,-1.0597116632403025,-1.397295950090565,-0.37273792845907017,-0.22516037739761088,0.2730002667734264,0.23799189852136932,-0.8972309990879147,-1.6234334213104504,0.9748245468962806,-0.5166220966263885,-0.5079780585698014,-0.682073879585352,-0.202305929838554,-0.2518872979443546
Piotr Zieliński,Inter,30,POL,MF,Serie A,1994,-3.6631667791533347,0.5694308892116189,-0.41537096838946225,1.768969754484673,0.3813810442490104,2.0620480739037417,-0.564349491205343,0.5636257983118941,0.4959869204966566,-0.000660295078267612,1.1592240269952379,0.38215423826072353,-0.04613138520455502,-2.265331942588811,1.8121250599840457,0.29813004349654315,-0.03346811109636714,0.1932992710511631,-0.4719119419074529,-0.40293896234075344
Oleksandr Zinchenko,Arsenal,28,UKR,"DF,MF",Premier League,1996,-6.237537446410111,-0.007000491186202724,-0.5212732535223189,1.7451192697347042,1.0106029516277673,0.1288060032232357,-0.9488540388428386,1.0560918617402146,-2.652282971101205,0.2760264257917544,-0.7476700915971619,0.16053398115551537,-0.20453544398860943,-0.7407940850890332,-0.25018770298044624,0.596146292388224,-0.9870188964352861,0.5744538994765203,0.2715549714267393,0.38461749270694473
Joshua Zirkzee,Manchester Utd,23,NED,"FW,MF",Premier League,2001,-2.2682414171103624,3.634641346802875,2.6649161453091597,-0.6885660825231451,-0.10322489731044729,0.45694028807884146,0.3455714401617329,0.035255628299285496,0.8417606639947236,1.0576843714085467,0.848705663451124,0.6857607309555772,0.27641435937447717,0.7737355082213824,-1.8516656455229292,-1.3866535998175453,0.8434940794516772,-0.5875031827532682,0.4114127733035725,-0.5083571144902681
Luc Zogbé,Brest,19,CIV,DF,Ligue 1,2005,-5.7648133676169815,-0.4132105338346408,-1.6562150968839868,-0.4062477050455405,-0.2417874937600289,0.16359998882825133,-0.14132974856616384,0.7041288114285158,-0.13484718692648134,-0.46849054850997257,2.069110693949003,0.15625096779836847,0.15729370718502655,-1.5278883068523275,0.5829893010980925,-0.47751555507260063,-0.7227533702062995,-0.1333145695798553,0.01836750289971031,0.258724233118088
Nadir Zortea,Cagliari,25,ITA,"DF,FW",Serie A,1999,1.0363900059832203,2.2502210224593595,-1.4051882606463322,0.2849454090158527,-1.2180201766986525,-2.6284273652741708,0.6845512967537561,-1.7202077883623605,-0.8024213098519017,0.7292280387437768,-0.2752467549667267,1.3898517956896714,-0.7893910401404262,1.00712105405799,0.9177170139888036,-1.3149930393079468,0.16194211974874292,2.427781581520795,0.46497529038575885,-0.32418584429677955
Yanis Zouaoui,Le Havre,30,ALG,"DF,FW",Ligue 1,1994,-5.053673933971481,1.400540330383545,-2.256144087253875,1.9914484428497419,0.2480285149330838,-0.44063319157235414,1.4907216581490939,2.7061208951745295,-0.5898767854493593,-0.6099738396816399,0.8169353625355107,0.939882959608886,0.6326065263386426,-0.4045398357694206,-1.4140286210452897,-1.2226913258906744,-0.26836470742380913,0.5703830390962643,0.3943344319567828,-0.20836503977414694
Igor Zubeldia,Real Sociedad,27,ESP,DF,La Liga,1997,3.062888697780423,-9.04651395367418,3.5869258377585758,-0.4863834736329328,2.1078258996061123,-1.431772900290266,-0.03855518708228729,0.05773343417768917,-2.004005047959411,-0.38261306832080083,-1.7155007479403017,1.246723061858021,-0.33862187693039986,1.864852433188563,-0.23309078753314208,-0.11977785721226673,1.5918926026557338,0.3866995744752116,-0.9301170101644946,0.6607772199834914
Martín Zubimendi,Real Sociedad,25,ESP,MF,La Liga,1999,7.382925562099484,-5.945042029646649,0.7332448604818106,-1.9507154455919096,-0.02262023203400243,1.3321257844379382,-2.220260793124696,0.8122640334843175,0.3268505013413037,0.7640987474033918,0.5374269334385166,0.2439289306538425,2.604381351633377,-0.285557930043454,0.6906739536508069,0.1319975044801418,-0.29081874404111824,0.7271310811332412,-0.9682017145612439,1.536173373823998
Martin Ødegaard,Arsenal,26,NOR,MF,Premier League,1998,6.346216795357688,2.897199146143153,-3.0234241976810536,3.8176523405667884,2.974828330944115,2.6834052367981287,-1.3330319795727763,-0.49711515809227746,0.01489566808098394,0.721572766856473,-0.5803177397447423,0.6216239160496648,-0.3431391869507867,-1.4774588981156174,2.066965532227547,-0.7569041746114076,-1.2138333323078345,-1.5994177895485353,-1.899416635627322,-1.1686484245378546
Milan Đurić,Monza,34,BIH,FW,Serie A,1990,-2.862399902984667,3.432219771399455,6.781475471965476,-2.746117215974817,1.0014786151317792,0.27793021838666526,1.5716321116393812,-0.8514300326816051,-5.07527486655769,-1.5590645176270863,-2.237304536754959,2.6705222233723207,1.3290920645046242,-2.9473087512951173,-0.7217432933663065,-1.1853711458391263,-0.0697765314337058,0.2038124547611252,-1.1342905930206846,0.6922138517530818
