Player,Nationality,Position,Team,Competition,Age,Born,Matches,Starts,Minutes,90s,Goals,Assists,G+A,G-PK,Penalty_Kicks_Made,Penalty_Kicks_Attempted,Yellow_Cards,Red_Cards,xG,npxG,xAG,npxG+xAG,Progressive_Carries,Progressive_Passes,Progressive_Passes_Received,Goals_per_90,Assists_Per_90,G+A_per_90,G-PK_per_90,G+A-PK_per_90,xG_per_90,xAG_per_90,xG+xAG_per_90,npxG_per_90,npxG+xAG_per_90,Shots,Shots_on_Target,Shots_on_Target_%,Shots_per_90,Shots_on_Target_per_90,Goals_per_Shot,Goals_per_Shot_on_Target,Distance,Free_Kicks,npxG_per_Shot,G-xG,npxG-xG,Passes_Completed,Passes_Attempted,Pass_Completion_%,Total_Pass_Distance,Total_Progressive_Distance,Short_Passes_Completed,Short_Passes_Attempted,Short_Pass_Completion_%,Medium_Passes_Completed,Medium_Passes_Attempted,Medium_Pass_Completion_%,Long_Passes_Completed,Long_Passes_Attempted,Long_Pass_Completion_%,xA,xA-xAG,Key_Passes,Final_Third_Passes,Passes_into_Penalty_Area,Crosses_into_Penalty_Area,Through_Balls,Switches,Crosses,Passes_Blocked,SCA,SCA_per_90,SCA_Pass_Live,SCA_Pass_Dead,SCA_Take_Ons,SCA_Shots,SCA_Fouled,SCA_Defense,GCA,GCA_per_90,GCA_Pass_Live,GCA_Pass_Dead,GCA_Take_Ons,GCA_Shots,GCA_Fouled,GCA_Defense,Tackles,Tackles_Won,Tackles_Defensive_3rd,Tackles_Middle_3rd,Tackles_Attacking_3rd,Dribblers_Tackled,Dribbles_Challenged,Dribblers_Tackled_%,Challenges_Lost,Blocks,Shots_Blocked,Interceptions,Tackles + Interceptions,Clearances,Errors,Touches,Touches_Defensive_Penalty_Area,Touches_Defensive_Third,Touches_Middle_Third,Touches_Attacking_Third,Touches_Attacking_Penalty_Area,Touches_Live_Ball,Take_Ons_Attempted,Take_Ons_Successful,Take_Ons_Success_%,Tackled_During_Take_On,Tackled_During_Take_On_%,Carries,Carries_Total_Distance,Carries_Progressive_Distance,Carries_Into_Final_3rd,Carries_Into_Penalty_Area,Miscontrols,Dispossessed,Passes_Received,Second_Yellow_Cards,Fouls_Committed,Fouls_Drawn,Offsides,Penalty_Kicks_Won,Penalty_Kicks_Conceded,Own_Goals,Ball_Recoveries,Aerial_Duels_Won,Aerial_Duels_Lost,Aerial_Duels_Won_%
Max Aarons,ENG,DF,Bournemouth,Premier League,24,2000,1,0,16,0.2,0,0,0,0,0,0,0,0,0.0,0.0,0.0,0.0,1,4,3,0.0,0.0,0.0,0.0,0.0,0.0,0.0,0.0,0.0,0.0,0,0,0.0,0.0,0.0,0.0,0.0,0,0,0.0,0.0,0.0,17,20,85.0,278,76,8,9,88.9,7,7,100.0,1,3,33.3,0.0,0.0,0,2,0,0,0,0,2,0,2,11.25,2,0,0,0,0,0,0,0,0,0,0,0,0,0,0,0,0,0,0,0,0,0.0,0,0,0,0,0,0,0,21,0,6,9,6,0,21,0,0,0.0,0,0.0,17,74,35,0,0,0,0,15,0,0,1,0,0,0,0,3,0,0,0.0
Rodrigo Abajas,ESP,DF,Valencia,La Liga,21,2003,1,1,65,0.7,0,0,0,0,0,0,1,0,0.1,0.1,0.0,0.1,3,2,3,0.0,0.0,0.0,0.0,0.0,0.1,0.0,0.1,0.1,0.1,1,0,0.0,1.38,0.0,0.0,0.0,24,0,0.07,-0.1,-0.1,17,29,58.6,268,110,11,14,78.6,4,7,57.1,2,7,28.6,0.0,0.0,0,0,0,0,0,0,1,2,0,0.0,0,0,0,0,0,0,0,0,0,0,0,0,0,0,3,2,2,1,0,3,3,100.0,0,1,0,1,4,0,0,36,1,8,19,9,1,36,1,1,100.0,0,0.0,13,101,67,2,1,0,2,16,0,2,0,1,0,0,0,2,0,1,0.0
James Abankwah,IRL,DF,Udinese,Serie A,20,2004,2,0,15,0.2,0,0,0,0,0,0,0,0,0.0,0.0,0.0,0.0,1,0,0,0.0,0.0,0.0,0.0,0.0,0.0,0.0,0.0,0.0,0.0,0,0,0.0,0.0,0.0,0.0,0.0,0,0,0.0,0.0,0.0,12,14,85.7,213,52,4,4,100.0,6,7,85.7,1,2,50.0,0.0,0.0,0,0,0,0,0,0,0,0,0,0.0,0,0,0,0,0,0,0,0,0,0,0,0,0,0,0,0,0,0,0,0,0,0.0,0,0,0,1,1,2,0,18,1,13,4,1,0,18,0,0,0.0,0,0.0,7,59,35,0,0,0,1,10,0,0,2,0,0,0,0,2,1,1,50.0
Keyliane Abdallah,FRA,FW,Marseille,Ligue 1,18,2006,1,0,3,0.0,0,0,0,0,0,0,0,0,0.0,0.0,0.0,0.0,1,0,0,0.0,0.0,0.0,0.0,0.0,0.0,0.0,0.0,0.0,0.0,0,0,0.0,0.0,0.0,0.0,0.0,0,0,0.0,0.0,0.0,2,2,100.0,41,0,0,0,0.0,2,2,100.0,0,0,0.0,0.0,0.0,0,0,0,0,0,0,0,0,0,0.0,0,0,0,0,0,0,0,0,0,0,0,0,0,0,1,1,1,0,0,1,1,100.0,0,0,0,0,1,0,0,4,0,3,1,0,0,4,0,0,0.0,0,0.0,2,16,9,0,0,1,0,3,0,0,0,0,0,0,0,0,0,0,0.0
Yunis Abdelhamid,MAR,DF,Saint-Étienne,Ligue 1,37,1987,9,9,756,8.4,0,0,0,0,0,0,1,0,0.2,0.2,0.0,0.3,4,19,3,0.0,0.0,0.0,0.0,0.0,0.03,0.0,0.03,0.03,0.03,2,1,50.0,0.24,0.12,0.0,0.0,10,0,0.12,-0.2,-0.2,307,362,84.8,5631,1796,98,108,90.7,187,206,90.8,17,38,44.7,0.0,0.0,1,24,0,0,0,0,0,1,3,0.36,2,1,0,0,0,0,0,0,0,0,0,0,0,0,13,9,11,2,0,7,13,53.8,6,18,12,9,22,42,1,463,98,289,163,13,6,463,5,3,60.0,2,40.0,227,1201,678,1,0,7,3,278,0,13,5,0,0,0,0,28,13,7,65.0
Himad Abdelli,ALG,"MF,FW",Angers,Ligue 1,25,1999,13,13,1150,12.8,4,1,5,2,2,3,1,0,4.0,1.7,2.0,3.7,49,91,49,0.31,0.08,0.39,0.16,0.23,0.32,0.16,0.47,0.13,0.29,16,4,25.0,1.25,0.31,0.13,0.5,26,0,0.11,0.0,0.3,600,738,81.3,8977,2705,330,375,88.0,219,257,85.2,29,66,43.9,1.5,-1.0,21,67,19,0,9,6,26,13,40,3.13,33,2,2,1,2,0,2,0,1,0,1,0,0,0,22,16,7,8,7,8,22,36.4,14,8,0,9,31,11,0,885,13,123,500,277,25,882,62,25,40.3,35,56.5,498,3105,1772,31,10,18,19,638,0,18,13,2,0,0,0,71,6,9,40.0
Mohamed Abdelmoneim,EGY,DF,Nice,Ligue 1,25,1999,7,6,518,5.8,0,0,0,0,0,0,2,0,0.0,0.0,0.0,0.0,1,23,3,0.0,0.0,0.0,0.0,0.0,0.0,0.0,0.0,0.0,0.0,0,0,0.0,0.0,0.0,0.0,0.0,0,0,0.0,0.0,0.0,240,275,87.3,4226,1375,98,106,92.5,124,138,89.9,13,23,56.5,0.1,0.0,0,14,1,0,0,6,0,1,3,0.52,3,0,0,0,0,0,0,0,0,0,0,0,0,0,15,11,9,5,1,10,17,58.8,7,6,3,13,28,33,1,343,46,159,167,19,1,343,3,1,33.3,2,66.7,163,642,338,0,0,2,2,185,0,4,4,0,0,0,0,28,17,13,56.7
Ali Abdi,TUN,"DF,MF",Nice,Ligue 1,31,1993,8,6,581,6.5,1,2,3,1,0,0,1,0,0.9,0.9,1.2,2.1,15,16,45,0.15,0.31,0.46,0.15,0.46,0.14,0.19,0.33,0.14,0.33,13,4,30.8,2.01,0.62,0.08,0.25,20,0,0.07,0.1,0.1,202,280,72.1,3131,1127,103,128,80.5,80,105,76.2,11,26,42.3,1.0,0.8,10,7,8,2,0,2,17,7,20,3.1,13,3,2,2,0,0,2,0,1,1,0,0,0,0,16,10,7,4,5,14,21,66.7,7,13,3,3,19,13,0,361,23,103,134,127,23,361,12,5,41.7,7,58.3,151,733,398,7,6,13,7,193,0,10,3,1,0,0,0,34,9,7,56.3
Saud Abdulhamid,KSA,DF,Roma,Serie A,25,1999,1,0,13,0.1,0,0,0,0,0,0,0,0,0.0,0.0,0.0,0.0,0,2,3,0.0,0.0,0.0,0.0,0.0,0.0,0.0,0.0,0.0,0.0,0,0,0.0,0.0,0.0,0.0,0.0,0,0,0.0,0.0,0.0,8,10,80.0,157,34,2,3,66.7,6,6,100.0,0,1,0.0,0.0,0.0,0,1,0,0,0,0,1,0,0,0.0,0,0,0,0,0,0,0,0,0,0,0,0,0,0,0,0,0,0,0,0,0,0.0,0,0,0,0,0,0,0,10,0,0,7,3,0,10,1,1,100.0,0,0.0,9,57,33,0,0,0,0,9,0,0,1,0,0,0,0,0,0,0,0.0
Abel,ESP,DF,Osasuna,La Liga,24,2000,14,9,846,9.4,2,0,2,2,0,0,2,0,0.3,0.3,0.3,0.6,17,35,18,0.21,0.0,0.21,0.21,0.21,0.03,0.03,0.06,0.03,0.06,5,3,60.0,0.53,0.32,0.4,0.67,28,0,0.05,1.7,1.7,275,400,68.8,4718,2172,142,160,88.8,101,144,70.1,25,70,35.7,0.5,-0.3,5,26,5,4,0,1,26,17,12,1.28,9,0,1,0,1,1,2,0,0,0,1,0,0,1,22,16,11,7,4,13,23,56.5,10,14,2,10,32,30,0,500,28,168,223,114,5,500,11,5,45.5,6,54.5,178,1052,531,19,1,8,6,201,0,8,12,0,0,0,0,46,10,6,62.5
Nabil Aberdin,FRA,MF,Getafe,La Liga,22,2002,7,4,263,2.9,0,0,0,0,0,0,1,0,0.0,0.0,0.0,0.1,2,6,2,0.0,0.0,0.0,0.0,0.0,0.01,0.01,0.02,0.01,0.02,2,0,0.0,0.68,0.0,0.0,0.0,31,0,0.02,0.0,0.0,36,61,59.0,680,267,12,20,60.0,12,19,63.2,8,13,61.5,0.1,0.0,1,7,2,0,0,1,0,3,3,1.03,3,0,0,0,0,0,0,0,0,0,0,0,0,0,6,4,3,3,0,1,1,100.0,0,3,0,0,6,5,0,87,6,21,56,10,2,87,3,2,66.7,1,33.3,34,148,74,0,0,1,1,36,0,7,6,0,0,0,0,8,10,3,76.9
Oliver Abildgaard,DEN,MF,Como,Serie A,28,1996,1,0,7,0.1,0,0,0,0,0,0,0,0,0.0,0.0,0.0,0.0,0,0,0,0.0,0.0,0.0,0.0,0.0,0.0,0.0,0.0,0.0,0.0,0,0,0.0,0.0,0.0,0.0,0.0,0,0,0.0,0.0,0.0,1,1,100.0,21,7,0,0,0.0,1,1,100.0,0,0,0.0,0.0,0.0,0,0,0,0,0,0,0,0,0,0.0,0,0,0,0,0,0,0,0,0,0,0,0,0,0,0,0,0,0,0,0,0,0.0,0,1,0,0,0,0,0,2,0,1,1,0,0,2,0,0,0.0,0,0.0,0,0,0,0,0,0,0,0,0,0,1,0,0,0,0,0,0,0,0.0
Matthis Abline,FRA,FW,Nantes,Ligue 1,21,2003,13,12,958,10.6,3,0,3,3,0,0,1,0,2.5,2.5,0.8,3.3,25,25,70,0.28,0.0,0.28,0.28,0.28,0.23,0.08,0.31,0.23,0.31,29,11,37.9,2.72,1.03,0.1,0.27,14,0,0.09,0.5,0.5,121,175,69.1,1900,345,56,78,71.8,50,65,76.9,8,13,61.5,1.2,-0.8,8,10,8,0,1,3,12,11,22,2.06,14,0,3,3,2,0,2,0,1,0,1,0,0,0,6,3,2,2,2,1,6,16.7,5,2,0,2,8,18,1,307,14,31,116,166,52,307,32,10,31.3,21,65.6,204,1281,520,11,15,34,20,244,0,11,16,2,0,0,0,27,13,21,38.2
Abner,BRA,DF,Lyon,Ligue 1,24,2000,9,8,645,7.2,1,0,1,1,0,0,1,0,0.2,0.2,0.4,0.6,17,34,36,0.14,0.0,0.14,0.14,0.14,0.03,0.05,0.08,0.03,0.08,6,3,50.0,0.84,0.42,0.17,0.33,19,0,0.03,0.8,0.8,321,393,81.7,4699,2056,186,205,90.7,103,126,81.7,19,32,59.4,1.5,-0.4,7,26,6,1,1,1,20,12,14,1.95,11,3,0,0,0,0,0,0,0,0,0,0,0,0,16,11,6,7,3,11,15,73.3,4,10,1,5,21,22,0,463,22,106,214,145,15,463,6,3,50.0,3,50.0,216,1020,641,7,4,11,5,292,0,11,2,0,0,0,0,26,5,6,45.5
Zakaria Aboukhlal,MAR,"MF,FW",Toulouse,Ligue 1,24,2000,13,12,1002,11.1,4,2,6,4,0,1,2,0,6.8,6.0,1.0,7.0,19,15,83,0.36,0.18,0.54,0.36,0.54,0.61,0.09,0.7,0.54,0.63,38,17,44.7,3.41,1.53,0.11,0.24,14,0,0.16,-2.8,-2.0,124,199,62.3,1567,471,81,109,74.3,35,62,56.5,2,6,33.3,1.0,1.0,3,7,6,1,0,0,18,7,17,1.53,8,0,4,4,1,0,4,0,3,0,1,0,0,0,11,6,5,3,3,4,12,33.3,8,7,0,4,15,4,0,348,4,33,118,201,65,347,23,9,39.1,14,60.9,205,1036,509,15,12,37,13,254,0,23,10,3,0,0,0,25,16,15,51.6
Abdel Abqar,MAR,DF,Alavés,La Liga,25,1999,14,14,1128,12.5,0,1,1,0,0,0,7,0,0.4,0.4,0.2,0.6,11,49,3,0.0,0.08,0.08,0.0,0.08,0.03,0.02,0.05,0.03,0.05,5,1,20.0,0.4,0.08,0.0,0.0,7,0,0.08,-0.4,-0.4,298,413,72.2,6647,2578,88,99,88.9,157,180,87.2,51,120,42.5,0.3,0.8,5,32,6,1,1,9,4,2,15,1.2,10,0,0,2,1,2,2,0,1,0,0,0,1,0,19,13,12,7,0,9,15,60.0,6,13,8,23,42,55,0,542,67,253,260,33,9,542,2,1,50.0,1,50.0,249,1742,1037,6,0,9,1,254,0,30,11,1,1,1,0,34,14,16,46.7
Tammy Abraham,ENG,FW,Roma,Serie A,27,1997,1,0,1,0.0,0,0,0,0,0,0,0,0,0.0,0.0,0.0,0.0,0,1,2,0.0,0.0,0.0,0.0,0.0,0.0,0.0,0.0,0.0,0.0,0,0,0.0,0.0,0.0,0.0,0.0,0,0,0.0,0.0,0.0,1,3,33.3,44,32,0,1,0.0,0,1,0.0,1,1,100.0,0.0,0.0,0,1,0,0,0,0,0,0,0,0.0,0,0,0,0,0,0,0,0,0,0,0,0,0,0,0,0,0,0,0,0,1,0.0,1,0,0,0,0,0,0,4,0,0,2,2,1,4,0,0,0.0,0,0.0,3,2,1,0,0,1,0,4,0,0,0,0,0,0,0,0,1,0,100.0
Tammy Abraham,ENG,FW,Milan,Serie A,27,1997,8,4,387,4.3,2,1,3,1,1,2,0,0,5.1,3.4,0.8,4.2,1,5,25,0.47,0.23,0.7,0.23,0.47,1.18,0.19,1.36,0.78,0.97,14,7,50.0,3.26,1.63,0.07,0.14,14,0,0.24,-3.1,-2.4,43,61,70.5,585,115,26,35,74.3,15,19,78.9,1,2,50.0,0.6,0.2,5,2,3,0,1,0,1,2,13,3.02,8,0,0,4,1,0,3,0,1,0,0,1,1,0,5,2,0,5,0,0,0,0.0,0,3,0,2,7,3,0,108,6,8,49,51,30,106,6,1,16.7,5,83.3,43,147,39,1,1,6,2,67,0,9,3,1,1,0,0,4,8,7,53.3
Federico Accornero,ITA,MF,Genoa,Serie A,20,2004,1,0,5,0.1,0,0,0,0,0,0,0,0,0.0,0.0,0.0,0.0,0,0,0,0.0,0.0,0.0,0.0,0.0,0.0,0.0,0.0,0.0,0.0,0,0,0.0,0.0,0.0,0.0,0.0,0,0,0.0,0.0,0.0,4,6,66.7,55,19,2,3,66.7,2,2,100.0,0,1,0.0,0.0,0.0,0,0,0,0,0,0,1,1,0,0.0,0,0,0,0,0,0,0,0,0,0,0,0,0,0,0,0,0,0,0,0,0,0.0,0,0,0,0,0,0,0,8,1,2,3,3,0,8,0,0,0.0,0,0.0,5,25,18,1,0,2,0,5,0,0,0,0,0,0,0,1,0,1,0.0
Francesco Acerbi,ITA,DF,Inter,Serie A,36,1988,9,9,670,7.4,0,1,1,0,0,0,0,0,0.3,0.3,0.2,0.5,5,29,5,0.0,0.13,0.13,0.0,0.13,0.04,0.03,0.06,0.04,0.06,3,1,33.3,0.4,0.13,0.0,0.0,11,0,0.09,-0.3,-0.3,555,586,94.7,10328,2924,183,195,93.8,330,339,97.3,35,40,87.5,0.4,0.8,3,29,3,2,0,0,3,0,7,0.94,7,0,0,0,0,0,1,0,1,0,0,0,0,0,6,4,5,1,0,2,3,66.7,1,6,6,15,21,28,0,654,50,242,374,39,8,654,1,1,100.0,0,0.0,430,1929,952,8,0,1,1,515,0,4,8,0,0,0,0,19,24,10,70.6
Akor Adams,NGA,FW,Montpellier,Ligue 1,24,2000,11,10,828,9.2,3,1,4,3,0,0,2,0,4.0,4.0,0.7,4.7,6,5,29,0.33,0.11,0.43,0.33,0.43,0.44,0.08,0.52,0.44,0.52,21,10,47.6,2.28,1.09,0.14,0.3,13,0,0.19,-1.0,-1.0,79,130,60.8,1078,134,46,66,69.7,26,41,63.4,2,8,25.0,0.1,0.3,10,6,0,0,0,2,4,5,18,1.95,14,0,3,0,1,0,3,0,1,0,1,0,1,0,3,2,1,1,1,2,3,66.7,1,2,1,1,4,3,1,185,3,14,88,85,37,185,10,4,40.0,5,50.0,93,455,196,3,5,11,11,128,0,16,7,15,1,0,0,19,22,19,53.7
Che Adams,SCO,FW,Torino,Serie A,28,1996,13,10,852,9.5,3,1,4,3,0,0,1,0,2.6,2.6,1.0,3.5,8,8,45,0.32,0.11,0.42,0.32,0.42,0.27,0.1,0.37,0.27,0.37,19,8,42.1,2.01,0.85,0.16,0.38,17,0,0.14,0.4,0.4,133,186,71.5,1964,318,73,93,78.5,45,59,76.3,7,14,50.0,1.5,0.0,10,10,2,0,1,2,2,5,22,2.32,17,0,0,3,2,0,1,0,1,0,0,0,0,0,6,3,1,3,2,0,1,0.0,1,5,3,1,7,2,0,267,2,18,143,109,28,267,14,4,28.6,8,57.1,157,709,230,6,2,25,8,196,0,8,12,8,0,0,0,15,14,22,38.9
Tyler Adams,USA,MF,Bournemouth,Premier League,25,1999,5,3,255,2.8,0,0,0,0,0,0,1,0,0.1,0.1,0.1,0.3,0,8,0,0.0,0.0,0.0,0.0,0.0,0.05,0.05,0.1,0.05,0.1,2,0,0.0,0.71,0.0,0.0,0.0,18,0,0.07,-0.1,-0.1,98,116,84.5,1557,355,47,53,88.7,46,53,86.8,3,5,60.0,0.0,-0.1,2,7,0,0,1,0,0,2,6,2.12,4,0,0,0,0,2,0,0,0,0,0,0,0,0,13,8,3,9,1,6,8,75.0,2,4,2,11,24,7,0,162,7,35,98,29,3,162,2,0,0.0,2,100.0,79,328,137,4,0,1,1,81,0,6,0,0,0,0,0,17,5,0,100.0
Junior Adamu,AUT,FW,Freiburg,Bundesliga,23,2001,11,10,805,8.9,2,1,3,2,0,0,3,1,3.8,3.8,1.4,5.2,5,5,45,0.22,0.11,0.34,0.22,0.34,0.42,0.16,0.58,0.42,0.58,20,8,40.0,2.24,0.89,0.1,0.25,13,0,0.19,-1.8,-1.8,112,176,63.6,1344,110,68,98,69.4,29,44,65.9,1,2,50.0,1.5,-0.4,13,3,2,0,1,0,2,6,21,2.34,16,0,1,2,2,0,3,0,2,0,0,1,0,0,3,0,1,1,1,0,4,0.0,4,6,0,5,8,9,0,276,9,29,130,121,38,276,12,6,50.0,6,50.0,142,601,226,3,3,27,10,182,0,19,15,8,0,0,0,26,23,61,27.4
Tosin Adarabioyo,ENG,DF,Chelsea,Premier League,27,1997,4,2,173,1.9,0,0,0,0,0,0,1,0,0.0,0.0,0.0,0.0,0,2,0,0.0,0.0,0.0,0.0,0.0,0.0,0.01,0.01,0.0,0.01,0,0,0.0,0.0,0.0,0.0,0.0,0,0,0.0,0.0,0.0,138,151,91.4,2275,809,61,63,96.8,73,75,97.3,3,10,30.0,0.0,0.0,1,1,0,0,0,0,0,1,2,1.05,2,0,0,0,0,0,0,0,0,0,0,0,0,0,2,2,2,0,0,1,1,100.0,0,2,2,1,3,8,0,163,29,104,59,1,0,163,1,1,100.0,0,0.0,98,350,191,0,0,0,0,127,0,2,0,0,0,0,0,7,0,0,0.0
Martin Adeline,FRA,MF,Reims,Ligue 1,21,2003,1,0,26,0.3,0,0,0,0,0,0,0,0,0.0,0.0,0.0,0.0,1,0,1,0.0,0.0,0.0,0.0,0.0,0.0,0.0,0.0,0.0,0.0,0,0,0.0,0.0,0.0,0.0,0.0,0,0,0.0,0.0,0.0,8,10,80.0,138,11,3,3,100.0,3,4,75.0,1,2,50.0,0.0,0.0,0,1,0,0,0,0,0,0,0,0.0,0,0,0,0,0,0,0,0,0,0,0,0,0,0,1,1,0,1,0,1,2,50.0,1,0,0,0,1,2,0,14,2,8,4,2,1,14,0,0,0.0,0,0.0,6,35,9,0,1,0,0,9,0,0,1,0,0,0,0,0,0,1,0.0
Karim Adeyemi,GER,"FW,MF",Dortmund,Bundesliga,22,2002,5,4,305,3.4,2,3,5,2,0,0,0,0,0.7,0.7,1.7,2.4,12,3,29,0.59,0.89,1.48,0.59,1.48,0.22,0.49,0.71,0.22,0.71,8,4,50.0,2.36,1.18,0.25,0.5,16,0,0.09,1.3,1.3,60,82,73.2,816,94,32,42,76.2,22,26,84.6,0,0,0.0,0.6,1.3,9,0,3,0,1,0,1,7,13,3.84,8,0,2,2,1,0,3,0,3,0,0,0,0,0,7,5,3,1,3,2,2,100.0,0,6,0,1,8,0,0,135,2,12,60,68,17,135,22,12,54.5,9,40.9,81,689,351,10,8,10,5,101,0,5,3,0,0,0,0,12,1,3,25.0
Simon Adingra,CIV,"FW,MF",Brighton,Premier League,22,2002,9,2,251,2.8,1,1,2,1,0,0,0,0,0.4,0.4,0.6,0.9,11,5,49,0.36,0.36,0.72,0.36,0.72,0.13,0.21,0.33,0.13,0.33,6,2,33.3,2.15,0.72,0.17,0.5,13,0,0.06,0.6,0.6,68,97,70.1,917,180,47,55,85.5,17,27,63.0,3,7,42.9,0.9,0.4,3,1,2,0,0,0,11,3,9,3.23,7,0,1,1,0,0,2,0,2,0,0,0,0,0,8,4,4,3,1,3,6,50.0,3,3,0,3,11,1,0,152,2,21,48,86,16,152,12,3,25.0,9,75.0,98,734,369,8,4,15,4,105,0,4,0,0,0,0,0,14,1,1,50.0
Amine Adli,MAR,MF,Leverkusen,Bundesliga,24,2000,7,2,205,2.3,0,0,0,0,0,0,1,0,0.4,0.4,0.1,0.5,12,9,37,0.0,0.0,0.0,0.0,0.0,0.18,0.02,0.21,0.18,0.21,5,0,0.0,2.2,0.0,0.0,0.0,13,0,0.08,-0.4,-0.4,92,120,76.7,1182,259,61,72,84.7,24,32,75.0,3,9,33.3,0.8,-0.1,2,2,7,2,0,1,11,3,11,4.83,5,0,2,1,3,0,0,0,0,0,0,0,0,0,7,4,1,1,5,3,5,60.0,2,3,0,0,7,3,0,157,3,21,43,95,15,157,14,7,50.0,6,42.9,82,579,351,10,2,5,2,121,0,2,7,0,2,0,0,12,6,4,60.0
Yacine Adli,FRA,MF,Fiorentina,Serie A,24,2000,11,5,494,5.5,2,3,5,2,0,0,1,0,0.1,0.1,1.2,1.2,9,40,11,0.36,0.55,0.91,0.36,0.91,0.01,0.21,0.22,0.01,0.22,2,2,100.0,0.36,0.36,1.0,1.0,23,0,0.03,1.9,1.9,299,367,81.5,5965,1960,130,143,90.9,112,130,86.2,55,84,65.5,0.8,1.8,13,40,4,0,2,5,23,3,25,4.55,17,7,1,0,0,0,5,0,2,2,1,0,0,0,14,8,4,6,4,7,13,53.8,6,7,1,3,17,10,0,416,12,74,252,95,2,416,11,4,36.4,6,54.5,235,1395,644,11,1,6,2,277,0,2,12,0,0,0,0,30,3,6,33.3
Adryelson,BRA,DF,Lyon,Ligue 1,26,1998,1,0,1,0.0,0,0,0,0,0,0,1,0,0.0,0.0,0.0,0.0,0,1,0,0.0,0.0,0.0,0.0,0.0,0.0,0.0,0.0,0.0,0.0,0,0,0.0,0.0,0.0,0.0,0.0,0,0,0.0,0.0,0.0,1,3,33.3,21,19,0,1,0.0,1,2,50.0,0,0,0.0,0.0,0.0,0,0,0,0,0,0,0,0,0,0.0,0,0,0,0,0,0,0,0,0,0,0,0,0,0,0,0,0,0,0,0,0,0.0,0,0,0,1,1,1,0,5,1,2,3,0,0,5,0,0,0.0,0,0.0,1,0,0,0,0,0,0,1,0,0,0,0,0,0,0,0,1,0,100.0
Vasilije Adžić,MNE,MF,Juventus,Serie A,18,2006,1,0,19,0.2,0,0,0,0,0,0,0,0,0.0,0.0,0.0,0.0,0,1,2,0.0,0.0,0.0,0.0,0.0,0.12,0.0,0.12,0.12,0.12,1,1,100.0,4.74,4.74,0.0,0.0,29,0,0.03,0.0,0.0,9,10,90.0,167,18,4,4,100.0,4,4,100.0,1,1,100.0,0.0,0.0,0,1,1,0,0,0,0,1,2,9.47,1,0,0,1,0,0,0,0,0,0,0,0,0,0,2,2,0,1,1,0,1,0.0,1,0,0,0,2,0,0,12,0,1,2,9,1,12,0,0,0.0,0,0.0,6,21,5,1,0,0,1,8,0,0,0,0,0,0,0,0,0,0,0.0
Michel Aebischer,SUI,MF,Bologna,Serie A,27,1997,7,5,378,4.2,0,0,0,0,0,0,0,0,0.2,0.2,0.3,0.4,4,19,9,0.0,0.0,0.0,0.0,0.0,0.04,0.06,0.1,0.04,0.1,5,2,40.0,1.19,0.48,0.0,0.0,21,1,0.03,-0.2,-0.2,170,196,86.7,3073,764,76,83,91.6,74,82,90.2,19,22,86.4,0.5,-0.3,6,17,3,1,1,1,6,2,9,2.14,6,2,0,0,0,1,0,0,0,0,0,0,0,0,7,4,1,4,2,4,8,50.0,4,3,1,5,12,2,0,234,6,33,138,64,7,234,3,1,33.3,1,33.3,127,500,180,6,2,4,3,165,0,8,8,0,0,0,0,18,3,6,33.3
Oladapo Afolayan,ENG,"FW,MF",St. Pauli,Bundesliga,26,1998,12,8,783,8.7,2,0,2,2,0,0,1,0,1.5,1.5,0.8,2.3,22,18,53,0.23,0.0,0.23,0.23,0.23,0.17,0.09,0.26,0.17,0.26,19,7,36.8,2.18,0.8,0.11,0.29,18,0,0.08,0.5,0.5,144,207,69.6,2654,671,62,78,79.5,57,78,73.1,22,28,78.6,0.5,-0.8,11,13,7,6,0,4,28,13,27,3.1,14,0,7,4,2,0,3,0,1,0,2,0,0,0,10,6,2,4,4,4,10,40.0,6,7,1,5,15,8,0,339,5,41,138,165,32,339,50,24,48.0,23,46.0,222,1449,623,16,11,29,22,248,0,13,16,4,0,0,0,35,6,22,21.4
Emmanuel Agbadou,CIV,DF,Reims,Ligue 1,27,1997,12,12,1080,12.0,0,0,0,0,0,0,3,0,0.5,0.5,0.3,0.8,9,73,0,0.0,0.0,0.0,0.0,0.0,0.04,0.02,0.07,0.04,0.07,15,3,20.0,1.25,0.25,0.0,0.0,28,1,0.04,-0.5,-0.5,704,793,88.8,14221,5920,255,271,94.1,352,367,95.9,90,143,62.9,0.3,-0.3,8,63,3,0,3,19,0,2,20,1.67,18,0,1,1,0,0,1,0,1,0,0,0,0,0,22,15,17,3,2,16,22,72.7,6,19,12,10,32,51,1,919,152,470,413,39,4,919,10,7,70.0,3,30.0,542,3002,1753,9,0,7,5,624,0,10,4,0,0,0,0,68,13,10,56.5
Asher Agbinone,ENG,MF,Crystal Palace,Premier League,19,2005,2,0,6,0.1,0,0,0,0,0,0,0,0,0.0,0.0,0.0,0.1,2,0,1,0.0,0.0,0.0,0.0,0.0,0.29,0.5,0.79,0.29,0.79,1,0,0.0,15.0,0.0,0.0,0.0,26,0,0.02,0.0,0.0,2,3,66.7,32,0,1,1,100.0,1,2,50.0,0,0,0.0,0.0,0.0,1,0,0,0,0,0,1,0,1,15.0,1,0,0,0,0,0,0,0,0,0,0,0,0,0,2,1,0,2,0,0,0,0.0,0,0,0,0,2,0,0,8,0,0,2,6,0,8,2,0,0.0,1,50.0,5,53,23,0,0,0,1,5,0,0,0,0,0,0,0,0,0,1,0.0
Lucien Agoume,FRA,MF,Sevilla,La Liga,22,2002,13,8,690,7.7,0,0,0,0,0,0,1,1,0.1,0.1,0.6,0.7,12,32,11,0.0,0.0,0.0,0.0,0.0,0.02,0.08,0.09,0.02,0.09,3,0,0.0,0.39,0.0,0.0,0.0,16,0,0.04,-0.1,-0.1,333,417,79.9,5134,1413,181,204,88.7,114,140,81.4,26,42,61.9,0.4,-0.6,7,29,3,0,2,2,3,8,19,2.47,17,0,1,1,0,0,1,0,0,0,0,1,0,0,22,6,9,11,2,10,15,66.7,5,14,6,11,33,9,0,503,20,119,309,82,6,503,12,10,83.3,2,16.7,247,1203,556,10,1,13,5,336,0,17,2,2,0,1,0,40,14,16,46.7
Felix Agu,GER,DF,Werder Bremen,Bundesliga,25,1999,10,10,799,8.9,2,0,2,2,0,0,1,0,0.7,0.7,0.9,1.5,17,16,69,0.23,0.0,0.23,0.23,0.23,0.07,0.1,0.17,0.07,0.17,3,3,100.0,0.34,0.34,0.67,0.67,12,0,0.22,1.3,1.3,306,378,81.0,4868,1462,148,171,86.5,128,156,82.1,18,26,69.2,1.1,-0.9,11,9,14,8,0,2,21,10,17,1.91,14,0,1,0,2,0,1,0,1,0,0,0,0,0,10,5,6,3,1,5,11,45.5,6,6,2,8,18,23,0,463,23,144,197,123,20,463,10,3,30.0,6,60.0,251,1183,587,6,3,17,3,295,0,7,17,2,0,0,1,25,9,12,42.9
Álvaro Aguado,ESP,MF,Espanyol,La Liga,28,1996,9,3,316,3.5,0,0,0,0,0,0,1,0,0.4,0.4,0.0,0.5,8,24,2,0.0,0.0,0.0,0.0,0.0,0.13,0.01,0.14,0.13,0.14,9,0,0.0,2.56,0.0,0.0,0.0,23,1,0.05,-0.4,-0.4,125,164,76.2,2375,730,40,55,72.7,69,79,87.3,14,22,63.6,0.2,0.0,2,19,7,3,1,3,9,4,13,3.7,12,0,0,1,0,0,0,0,0,0,0,0,0,0,4,2,2,2,0,2,6,33.3,4,5,0,2,6,5,1,204,4,40,113,53,2,204,5,3,60.0,1,20.0,120,946,479,4,0,5,2,132,0,3,7,0,0,0,0,26,2,1,66.7
Nayef Aguerd,MAR,DF,Real Sociedad,La Liga,28,1996,11,11,919,10.2,0,0,0,0,0,0,3,0,1.9,1.9,0.1,2.0,10,32,0,0.0,0.0,0.0,0.0,0.0,0.18,0.01,0.19,0.18,0.19,10,4,40.0,0.98,0.39,0.0,0.0,10,0,0.19,-1.9,-1.9,656,734,89.4,12488,4359,259,271,95.6,320,341,93.8,71,106,67.0,0.1,-0.1,3,44,1,0,0,19,0,3,8,0.78,6,1,0,1,0,0,0,0,0,0,0,0,0,0,15,12,10,5,0,6,11,54.5,5,10,5,7,22,38,0,833,71,392,417,25,10,833,3,1,33.3,1,33.3,542,3052,1887,8,0,3,0,621,0,4,12,0,0,0,0,40,27,15,64.3
Ruben Aguilar,FRA,DF,Lens,Ligue 1,31,1993,5,3,270,3.0,0,1,1,0,0,0,1,0,0.2,0.2,0.7,0.8,2,14,28,0.0,0.33,0.33,0.0,0.33,0.05,0.23,0.28,0.05,0.28,2,0,0.0,0.67,0.0,0.0,0.0,13,0,0.08,-0.2,-0.2,165,205,80.5,2217,886,106,117,90.6,40,57,70.2,9,12,75.0,0.6,0.3,2,8,3,0,0,1,9,8,8,2.67,8,0,0,0,0,0,1,0,1,0,0,0,0,0,9,6,5,4,0,7,9,77.8,2,5,1,5,14,2,0,236,2,53,106,81,8,236,3,1,33.3,2,66.7,106,450,184,5,0,4,1,130,0,5,2,1,0,0,0,21,2,2,50.0
Honest Ahanor,ITA,DF,Genoa,Serie A,16,2008,2,1,85,0.9,0,0,0,0,0,0,0,0,0.1,0.1,0.0,0.1,1,2,3,0.0,0.0,0.0,0.0,0.0,0.09,0.0,0.09,0.09,0.09,1,0,0.0,1.06,0.0,0.0,0.0,9,0,0.08,-0.1,-0.1,12,17,70.6,275,122,3,5,60.0,7,7,100.0,2,4,50.0,0.0,0.0,0,0,0,0,0,0,1,0,2,2.12,1,0,0,0,1,0,0,0,0,0,0,0,0,0,2,1,0,2,0,2,4,50.0,2,0,0,0,2,2,0,24,1,9,6,9,1,24,1,0,0.0,0,0.0,11,87,29,0,0,1,1,9,0,0,4,0,0,0,0,5,0,1,0.0
Erik Ahlstrand,SWE,FW,St. Pauli,Bundesliga,23,2001,2,0,24,0.3,0,0,0,0,0,0,0,0,0.0,0.0,0.0,0.0,0,1,1,0.0,0.0,0.0,0.0,0.0,0.0,0.0,0.0,0.0,0.0,0,0,0.0,0.0,0.0,0.0,0.0,0,0,0.0,0.0,0.0,7,8,87.5,93,12,4,4,100.0,2,2,100.0,0,0,0.0,0.0,0.0,0,0,0,0,0,0,0,0,0,0.0,0,0,0,0,0,0,0,0,0,0,0,0,0,0,0,0,0,0,0,0,0,0.0,0,1,0,1,1,0,0,12,0,0,5,7,1,12,0,0,0.0,0,0.0,8,35,5,0,0,2,0,9,0,0,0,0,0,0,0,0,0,1,0.0
Jean-Eudes Aholou,CIV,MF,Angers,Ligue 1,30,1994,12,12,932,10.4,2,0,2,2,0,0,2,0,1.2,1.2,0.2,1.4,10,38,8,0.19,0.0,0.19,0.19,0.19,0.12,0.02,0.14,0.12,0.14,19,5,26.3,1.83,0.48,0.11,0.4,20,0,0.06,0.8,0.8,321,379,84.7,5147,1389,154,173,89.0,153,167,91.6,8,20,40.0,0.2,-0.2,5,19,3,0,0,1,0,6,18,1.74,11,0,2,1,2,2,0,0,0,0,0,0,0,0,27,18,12,8,7,12,24,50.0,12,17,9,19,46,10,0,520,21,125,314,85,18,520,16,7,43.8,7,43.8,249,1082,555,2,1,16,6,316,0,19,9,1,0,0,0,52,16,8,66.7
Joseph Aidoo,GHA,DF,Celta Vigo,La Liga,29,1995,1,0,2,0.0,0,0,0,0,0,0,0,0,0.0,0.0,0.0,0.0,0,1,0,0.0,0.0,0.0,0.0,0.0,0.0,0.0,0.0,0.0,0.0,0,0,0.0,0.0,0.0,0.0,0.0,0,0,0.0,0.0,0.0,6,7,85.7,126,81,1,1,100.0,5,5,100.0,0,0,0.0,0.0,0.0,0,0,0,0,0,0,0,1,0,0.0,0,0,0,0,0,0,0,0,0,0,0,0,0,0,1,0,1,0,0,0,0,0.0,0,0,0,0,1,0,0,8,0,4,4,0,0,8,0,0,0.0,0,0.0,7,9,8,0,0,0,1,6,0,0,0,0,0,0,0,1,0,0,0.0
Ayman Aiki,FRA,"FW,MF",Saint-Étienne,Ligue 1,19,2005,3,1,87,1.0,0,0,0,0,0,0,0,0,0.1,0.1,0.0,0.1,2,4,6,0.0,0.0,0.0,0.0,0.0,0.06,0.0,0.06,0.06,0.06,2,0,0.0,2.07,0.0,0.0,0.0,18,0,0.03,-0.1,-0.1,10,17,58.8,143,71,7,10,70.0,2,4,50.0,1,2,50.0,0.0,0.0,0,1,1,0,0,0,1,0,0,0.0,0,0,0,0,0,0,0,0,0,0,0,0,0,0,3,3,1,2,0,1,1,100.0,0,1,0,1,4,0,0,31,0,7,15,9,1,31,3,0,0.0,3,100.0,24,109,44,1,0,4,6,25,0,2,1,0,0,0,0,4,1,3,25.0
Ola Aina,NGA,DF,Nott'Ham Forest,Premier League,28,1996,13,13,1131,12.6,1,0,1,1,0,0,2,0,0.1,0.1,0.4,0.5,27,51,24,0.08,0.0,0.08,0.08,0.08,0.01,0.03,0.04,0.01,0.04,4,1,25.0,0.32,0.08,0.25,1.0,25,0,0.03,0.9,0.9,435,581,74.9,6682,2828,246,278,88.5,154,211,73.0,24,61,39.3,0.8,-0.4,5,38,8,5,0,2,26,19,26,2.07,19,4,1,1,0,1,1,0,0,0,0,0,0,1,28,20,20,7,1,20,28,71.4,8,15,5,18,46,35,1,722,52,243,303,190,8,722,26,11,42.3,10,38.5,320,2138,1253,19,4,17,8,344,0,7,16,1,0,0,0,71,4,10,28.6
Rayan Aït-Nouri,ALG,DF,Wolves,Premier League,23,2001,13,13,1102,12.2,3,2,5,3,0,0,4,0,1.3,1.3,1.0,2.3,22,40,48,0.25,0.16,0.41,0.25,0.41,0.1,0.08,0.19,0.1,0.19,14,4,28.6,1.14,0.33,0.21,0.75,14,0,0.09,1.7,1.7,504,601,83.9,7253,2011,301,326,92.3,178,203,87.7,12,36,33.3,0.6,1.0,11,31,7,2,0,4,21,15,29,2.37,19,2,3,3,1,1,4,0,2,1,0,0,0,1,30,17,22,6,2,12,21,57.1,9,16,3,11,41,34,1,739,46,214,334,201,27,739,44,21,47.7,16,36.4,391,2058,982,16,7,12,13,451,0,17,12,1,0,0,0,58,8,11,42.1
Kristoffer Ajer,NOR,DF,Brentford,Premier League,26,1998,8,8,636,7.1,0,0,0,0,0,0,3,0,0.3,0.3,0.2,0.5,14,25,12,0.0,0.0,0.0,0.0,0.0,0.04,0.03,0.07,0.04,0.07,1,1,100.0,0.14,0.14,0.0,0.0,6,0,0.28,-0.3,-0.3,236,300,78.7,3792,1412,125,140,89.3,89,117,76.1,15,24,62.5,0.1,-0.2,2,20,2,2,0,3,5,10,7,0.99,7,0,0,0,0,0,2,0,2,0,0,0,0,0,6,5,5,1,0,2,8,25.0,6,8,1,6,12,19,0,356,25,140,166,55,8,356,8,4,50.0,4,50.0,198,1238,736,7,0,8,6,236,0,6,3,0,0,0,0,16,8,11,42.1
Ludovic Ajorque,FRA,FW,Brest,Ligue 1,30,1994,12,10,882,9.8,3,1,4,3,0,1,3,0,2.5,1.7,0.9,2.6,1,13,49,0.31,0.1,0.41,0.31,0.41,0.26,0.09,0.35,0.18,0.27,12,6,50.0,1.22,0.61,0.25,0.5,13,0,0.15,0.5,1.3,182,253,71.9,2634,342,110,140,78.6,52,74,70.3,12,15,80.0,0.5,0.1,13,16,4,0,0,5,1,7,19,1.94,17,0,0,0,2,0,2,0,1,0,0,0,1,0,11,8,1,5,5,4,11,36.4,7,4,2,3,14,7,0,332,10,21,175,137,35,331,10,4,40.0,6,60.0,142,444,95,6,1,21,2,242,0,20,12,6,2,0,0,22,52,40,56.5
Manuel Akanji,SUI,DF,Manchester City,Premier League,29,1995,11,11,961,10.7,0,0,0,0,0,0,3,0,0.2,0.2,0.3,0.4,24,87,6,0.0,0.0,0.0,0.0,0.0,0.02,0.02,0.04,0.02,0.04,7,1,14.3,0.66,0.09,0.0,0.0,20,0,0.03,-0.2,-0.2,826,876,94.3,13402,3424,403,421,95.7,378,393,96.2,37,49,75.5,0.9,-0.3,6,89,10,2,4,4,9,3,21,1.97,21,0,0,0,0,0,1,0,1,0,0,0,0,0,10,8,3,4,3,5,9,55.6,4,6,4,5,15,30,1,942,56,234,446,262,7,942,1,1,100.0,0,0.0,606,3041,1892,31,0,3,5,759,0,8,6,0,0,0,0,46,14,17,45.2
Ümit Akdag,ROU,DF,Toulouse,Ligue 1,21,2003,3,3,228,2.5,0,0,0,0,0,0,0,0,0.0,0.0,0.0,0.0,2,19,6,0.0,0.0,0.0,0.0,0.0,0.0,0.02,0.02,0.0,0.02,1,0,0.0,0.39,0.0,0.0,0.0,31,0,0.01,0.0,0.0,111,149,74.5,1858,771,53,70,75.7,53,62,85.5,5,12,41.7,0.0,0.0,1,11,1,0,0,0,1,4,2,0.79,2,0,0,0,0,0,0,0,0,0,0,0,0,0,4,2,1,3,0,3,6,50.0,3,5,4,10,14,8,0,178,14,58,113,11,0,178,1,1,100.0,0,0.0,82,303,131,1,0,1,0,94,0,5,0,0,0,0,0,15,14,3,82.4
Nathan Aké,NED,DF,Manchester City,Premier League,29,1995,4,2,210,2.3,0,0,0,0,0,0,0,0,0.1,0.1,0.0,0.1,5,17,2,0.0,0.0,0.0,0.0,0.0,0.05,0.0,0.05,0.05,0.05,2,0,0.0,0.86,0.0,0.0,0.0,12,0,0.06,-0.1,-0.1,169,184,91.8,2595,983,103,105,98.1,57,61,93.4,9,15,60.0,0.1,0.0,0,9,0,0,0,0,1,2,3,1.29,3,0,0,0,0,0,0,0,0,0,0,0,0,0,5,4,4,1,0,2,2,100.0,0,4,1,3,8,3,1,205,14,79,88,38,3,205,0,0,0.0,0,0.0,134,565,247,4,1,2,2,153,0,1,0,0,0,0,0,9,4,5,44.4
Ilias Akhomach,MAR,"MF,FW",Villarreal,La Liga,20,2004,11,7,584,6.5,1,0,1,1,0,0,1,0,0.6,0.6,1.0,1.6,30,12,64,0.15,0.0,0.15,0.15,0.15,0.09,0.15,0.23,0.09,0.23,17,6,35.3,2.62,0.92,0.06,0.17,23,0,0.03,0.4,0.4,136,185,73.5,2161,534,76,88,86.4,46,63,73.0,8,14,57.1,1.7,-1.0,9,5,8,2,1,2,18,7,29,4.38,17,0,5,1,6,0,1,0,0,0,0,0,1,0,12,7,4,4,4,6,12,50.0,6,8,0,3,15,13,0,292,8,44,89,162,29,292,43,19,44.2,17,39.5,200,1310,759,18,20,15,10,209,0,9,21,1,0,0,0,30,6,6,50.0
Sergio Akieme,ESP,DF,Reims,Ligue 1,27,1997,10,10,889,9.9,1,1,2,1,0,0,1,0,0.4,0.4,0.6,1.0,21,20,38,0.1,0.1,0.2,0.1,0.2,0.04,0.06,0.1,0.04,0.1,9,2,22.2,0.91,0.2,0.11,0.5,18,0,0.04,0.6,0.6,295,382,77.2,4014,1011,180,195,92.3,100,129,77.5,6,33,18.2,0.4,0.4,6,7,5,4,0,0,34,9,11,1.11,10,0,0,0,1,0,1,0,1,0,0,0,0,0,11,8,9,1,1,7,11,63.6,4,9,4,5,16,34,1,483,31,184,169,134,10,483,11,6,54.5,5,45.5,236,1493,824,15,3,14,7,263,0,10,6,0,0,0,0,36,11,12,47.8
Maghnes Akliouche,FRA,"FW,MF",Monaco,Ligue 1,22,2002,12,9,842,9.4,2,3,5,2,0,0,0,0,2.4,2.4,1.9,4.3,38,64,76,0.21,0.32,0.53,0.21,0.53,0.26,0.21,0.46,0.26,0.46,15,3,20.0,1.6,0.32,0.13,0.67,18,0,0.16,-0.4,-0.4,345,440,78.4,4680,1553,216,240,90.0,103,135,76.3,11,24,45.8,2.1,1.1,14,31,17,0,2,4,22,21,32,3.42,23,1,3,2,2,1,4,0,4,0,0,0,0,0,21,11,8,6,7,7,19,36.8,12,8,0,8,29,3,0,563,10,74,237,263,47,563,34,15,44.1,19,55.9,359,2245,1178,33,16,28,15,404,0,11,13,3,0,0,0,55,1,3,25.0
Clément Akpa,CIV,DF,Auxerre,Ligue 1,23,2001,12,10,903,10.0,0,0,0,0,0,0,2,0,0.1,0.1,0.4,0.5,18,37,23,0.0,0.0,0.0,0.0,0.0,0.01,0.04,0.05,0.01,0.05,3,1,33.3,0.3,0.1,0.0,0.0,22,0,0.03,-0.1,-0.1,375,473,79.3,7246,2788,141,161,87.6,186,210,88.6,42,86,48.8,0.5,-0.4,7,27,9,5,0,16,22,10,13,1.3,9,2,0,0,1,1,2,0,1,0,0,0,1,0,21,13,11,6,4,13,19,68.4,6,18,5,11,32,39,1,587,58,247,259,85,2,587,10,3,30.0,5,50.0,329,1819,996,14,0,3,3,342,0,3,16,0,0,1,0,51,13,14,48.1
David Akpan Ankeye,NGA,"FW,MF",Genoa,Serie A,22,2002,4,0,45,0.5,0,0,0,0,0,0,0,0,0.0,0.0,0.0,0.0,0,1,3,0.0,0.0,0.0,0.0,0.0,0.0,0.0,0.0,0.0,0.0,0,0,0.0,0.0,0.0,0.0,0.0,0,0,0.0,0.0,0.0,6,7,85.7,53,28,3,4,75.0,1,1,100.0,0,0,0.0,0.0,0.0,0,0,1,0,0,0,0,0,1,2.0,0,0,0,0,1,0,1,2,0,0,0,0,1,0,0,0,0,0,0,0,1,0.0,1,0,0,0,0,1,0,9,1,2,3,4,0,9,1,1,100.0,0,0.0,6,54,8,1,0,0,2,10,0,3,1,0,0,0,0,0,0,1,0.0
Kevin Akpoguma,NGA,DF,Hoffenheim,Bundesliga,29,1995,11,10,905,10.1,0,0,0,0,0,0,3,0,0.0,0.0,0.1,0.1,7,39,8,0.0,0.0,0.0,0.0,0.0,0.0,0.01,0.01,0.0,0.01,0,0,0.0,0.0,0.0,0.0,0.0,0,0,0.0,0.0,0.0,467,529,88.3,8463,3142,188,199,94.5,232,254,91.3,39,58,67.2,0.2,-0.1,2,51,4,0,0,3,4,4,9,0.9,8,1,0,0,0,0,1,0,1,0,0,0,0,0,16,7,12,2,2,9,17,52.9,8,30,20,10,26,55,0,666,116,320,310,38,1,666,7,3,42.9,4,57.1,365,1597,678,6,0,3,2,399,0,16,8,0,0,2,0,44,19,18,51.4
Andreas Albers,DEN,FW,St. Pauli,Bundesliga,34,1990,9,0,43,0.5,1,0,1,1,0,0,0,0,0.5,0.5,0.1,0.6,0,1,5,2.09,0.0,2.09,2.09,2.09,1.13,0.2,1.33,1.13,1.33,2,1,50.0,4.19,2.09,0.5,1.0,15,0,0.26,0.5,0.5,8,21,38.1,129,18,5,12,41.7,2,4,50.0,1,2,50.0,0.0,-0.1,2,0,0,0,0,0,0,0,2,4.29,2,0,0,0,0,0,0,0,0,0,0,0,0,0,0,0,0,0,0,0,1,0.0,1,0,0,0,0,1,0,29,0,2,10,17,6,29,2,2,100.0,0,0.0,17,74,3,0,0,3,5,27,0,1,1,0,0,0,0,2,8,6,57.1
Raúl Albiol,ESP,DF,Villarreal,La Liga,39,1985,12,11,918,10.2,0,0,0,0,0,0,5,0,0.1,0.1,0.0,0.1,0,19,0,0.0,0.0,0.0,0.0,0.0,0.01,0.0,0.01,0.01,0.01,1,0,0.0,0.1,0.0,0.0,0.0,4,0,0.08,-0.1,-0.1,501,569,88.0,9956,3990,158,168,94.0,286,308,92.9,54,86,62.8,0.1,0.0,0,16,0,0,1,3,0,2,1,0.1,1,0,0,0,0,0,1,0,1,0,0,0,0,0,6,6,5,1,0,3,5,60.0,2,9,9,6,12,54,1,651,117,374,271,6,2,651,0,0,0.0,0,0.0,354,1540,756,1,0,3,1,448,0,9,3,0,0,2,1,35,21,13,61.8
Carlos Alcaraz,ARG,MF,Southampton,Premier League,22,2002,1,0,10,0.1,0,0,0,0,0,0,0,0,0.1,0.1,0.1,0.2,4,6,1,0.0,0.0,0.0,0.0,0.0,0.62,0.86,1.48,0.62,1.48,1,1,100.0,9.0,9.0,0.0,0.0,9,0,0.07,-0.1,-0.1,13,13,100.0,221,66,7,7,100.0,4,4,100.0,2,2,100.0,0.0,-0.1,1,4,1,1,0,0,1,0,1,9.0,1,0,0,0,0,0,0,0,0,0,0,0,0,0,0,0,0,0,0,0,0,0.0,0,0,0,1,1,0,0,17,0,1,8,9,2,17,2,0,0.0,2,100.0,12,112,98,1,0,0,0,12,0,1,0,0,0,0,0,2,1,0,100.0
Omar Alderete,PAR,DF,Getafe,La Liga,28,1996,14,14,1260,14.0,0,0,0,0,0,0,3,0,0.5,0.5,0.8,1.3,17,61,3,0.0,0.0,0.0,0.0,0.0,0.04,0.06,0.1,0.04,0.1,18,6,33.3,1.29,0.43,0.0,0.0,19,3,0.03,-0.5,-0.5,368,540,68.1,8681,4090,92,116,79.3,191,241,79.3,82,159,51.6,0.6,-0.8,8,72,8,0,1,15,2,8,22,1.57,17,1,0,3,0,1,3,0,2,0,0,1,0,0,20,13,14,4,2,10,14,71.4,4,13,7,15,35,63,1,707,73,284,361,65,23,707,11,6,54.5,5,45.5,292,2110,1356,13,2,13,6,300,0,11,5,3,0,0,0,53,47,28,62.7
Carles Aleñá,ESP,"MF,FW",Getafe,La Liga,26,1998,7,3,311,3.5,0,0,0,0,0,0,1,0,0.8,0.8,0.0,0.8,2,8,7,0.0,0.0,0.0,0.0,0.0,0.23,0.0,0.23,0.23,0.23,4,1,25.0,1.16,0.29,0.0,0.0,12,0,0.19,-0.8,-0.8,65,82,79.3,1050,220,33,37,89.2,22,28,78.6,6,10,60.0,0.1,0.0,1,8,1,0,0,0,5,1,3,0.87,2,0,0,0,1,0,0,0,0,0,0,0,0,0,6,3,2,3,1,4,8,50.0,4,7,1,0,6,2,0,113,2,17,60,39,8,113,4,3,75.0,1,25.0,59,318,126,2,0,3,3,64,0,6,6,2,0,0,0,9,8,9,47.1
Trent Alexander-Arnold,ENG,DF,Liverpool,Premier League,26,1998,12,12,938,10.4,0,1,1,0,0,0,2,0,0.5,0.5,2.7,3.3,23,54,29,0.0,0.1,0.1,0.0,0.1,0.05,0.26,0.31,0.05,0.31,13,2,15.4,1.25,0.19,0.0,0.0,25,2,0.04,-0.5,-0.5,466,667,69.9,8871,3565,214,249,85.9,177,242,73.1,68,152,44.7,3.1,-1.7,21,42,18,5,5,8,54,8,32,3.07,23,8,1,0,0,0,5,0,4,1,0,0,0,0,35,28,23,8,4,22,40,55.0,18,9,3,8,43,13,0,765,31,226,326,218,13,765,15,5,33.3,9,60.0,366,1844,999,17,5,11,10,465,0,3,6,1,0,0,0,47,2,7,22.2
Alfon,ESP,"FW,MF",Celta Vigo,La Liga,25,1999,8,2,257,2.9,1,0,1,1,0,0,0,1,1.5,1.5,0.8,2.3,17,7,39,0.35,0.0,0.35,0.35,0.35,0.54,0.28,0.82,0.54,0.82,13,4,30.8,4.55,1.4,0.08,0.25,15,0,0.12,-0.5,-0.5,50,72,69.4,660,137,33,37,89.2,14,22,63.6,1,4,25.0,0.5,-0.8,7,1,2,1,0,0,9,5,19,6.65,7,0,5,4,3,0,1,0,0,0,0,1,0,0,2,0,0,2,0,0,2,0.0,2,2,0,2,4,1,0,107,0,9,21,77,27,107,14,8,57.1,6,42.9,83,528,291,7,9,5,6,93,0,7,8,0,0,0,0,3,0,3,0.0
Mohamed Ali Cho,FRA,"FW,MF",Nice,Ligue 1,20,2004,11,11,768,8.5,2,1,3,2,0,0,1,0,1.7,1.7,2.2,3.8,27,25,71,0.23,0.12,0.35,0.23,0.35,0.19,0.25,0.45,0.19,0.45,15,8,53.3,1.76,0.94,0.13,0.25,17,0,0.11,0.3,0.3,159,233,68.2,2198,574,101,124,81.5,47,69,68.1,6,18,33.3,1.8,-1.2,14,7,14,1,6,1,26,11,29,3.4,20,3,2,0,4,0,5,0,3,0,1,0,1,0,6,3,1,1,4,2,6,33.3,4,7,1,1,7,2,0,343,4,31,144,177,34,343,37,8,21.6,24,64.9,215,1504,724,19,12,34,10,264,0,7,23,8,0,0,0,35,6,11,35.3
Faride Alidou,GER,"FW,MF",Hellas Verona,Serie A,23,2001,3,0,71,0.8,0,0,0,0,0,0,0,0,0.0,0.0,0.0,0.0,1,1,2,0.0,0.0,0.0,0.0,0.0,0.01,0.02,0.03,0.01,0.03,1,0,0.0,1.27,0.0,0.0,0.0,32,0,0.01,0.0,0.0,16,20,80.0,198,42,7,7,100.0,4,6,66.7,1,2,50.0,0.0,0.0,1,0,1,1,0,0,3,0,2,2.54,1,0,1,0,0,0,0,0,0,0,0,0,0,0,0,0,0,0,0,0,0,0.0,0,1,0,1,1,3,1,31,2,5,11,17,0,31,4,2,50.0,2,50.0,17,98,44,3,0,1,1,19,0,1,0,0,0,0,0,0,1,0,100.0
Tadeo Allende,ARG,FW,Celta Vigo,La Liga,25,1999,1,0,2,0.0,0,0,0,0,0,0,0,0,0.0,0.0,0.0,0.0,0,0,0,0.0,0.0,0.0,0.0,0.0,0.0,0.0,0.0,0.0,0.0,0,0,0.0,0.0,0.0,0.0,0.0,0,0,0.0,0.0,0.0,1,3,33.3,7,1,1,2,50.0,0,0,0.0,0,0,0.0,0.0,0.0,0,0,0,0,0,0,0,1,0,0.0,0,0,0,0,0,0,0,0,0,0,0,0,0,0,0,0,0,0,0,0,0,0.0,0,0,0,0,0,0,0,4,1,1,3,0,0,4,1,0,0.0,1,100.0,3,13,4,0,0,0,0,3,0,0,0,0,0,0,0,1,0,0,0.0
Jim Allevinah,GAB,FW,Angers,Ligue 1,29,1995,10,9,681,7.6,0,2,2,0,0,0,1,0,1.6,1.6,1.2,2.9,18,28,36,0.0,0.26,0.26,0.0,0.26,0.21,0.16,0.38,0.21,0.38,17,3,17.6,2.25,0.4,0.0,0.0,16,0,0.1,-1.6,-1.6,139,187,74.3,2013,469,79,97,81.4,49,68,72.1,6,11,54.5,0.6,0.8,7,10,6,1,0,0,13,5,17,2.25,10,0,0,5,1,1,4,0,2,0,0,2,0,0,7,5,3,2,2,2,13,15.4,11,2,0,4,11,8,0,274,7,51,122,109,26,274,16,2,12.5,14,87.5,165,1186,526,16,3,14,10,192,0,5,9,3,0,0,0,30,6,9,40.0
Domingos André Ribeiro Almeida,POR,"FW,MF",Valencia,La Liga,24,2000,11,5,470,5.2,0,0,0,0,0,0,1,0,0.2,0.2,0.3,0.5,10,37,19,0.0,0.0,0.0,0.0,0.0,0.03,0.06,0.09,0.03,0.09,3,1,33.3,0.57,0.19,0.0,0.0,21,0,0.05,-0.2,-0.2,197,239,82.4,3392,844,94,100,94.0,76,87,87.4,20,32,62.5,1.2,-0.3,9,28,7,2,2,0,14,6,19,3.65,11,4,1,1,1,1,0,0,0,0,0,0,0,0,14,8,5,6,3,5,8,62.5,3,6,1,3,17,2,0,286,2,33,160,97,15,286,11,6,54.5,4,36.4,163,789,351,11,4,9,6,198,0,9,4,2,0,0,0,23,2,4,33.3
Iker Almena,ESP,"FW,DF",Girona,La Liga,20,2004,2,0,48,0.5,0,1,1,0,0,0,0,0,0.0,0.0,0.7,0.7,6,2,10,0.0,1.87,1.87,0.0,1.87,0.06,1.27,1.33,0.06,1.33,1,0,0.0,1.87,0.0,0.0,0.0,24,0,0.03,0.0,0.0,23,32,71.9,328,34,13,14,92.9,10,14,71.4,0,1,0.0,0.4,0.3,2,0,0,0,0,0,4,2,3,5.63,2,0,1,0,0,0,2,3,1,0,1,0,0,0,0,0,0,0,0,0,1,0.0,1,1,0,0,0,2,0,39,2,4,6,30,1,39,3,2,66.7,1,33.3,32,233,152,3,1,1,0,31,0,0,1,0,0,0,0,2,0,0,0.0
Miguel Almirón,PAR,FW,Newcastle Utd,Premier League,30,1994,5,1,105,1.2,0,0,0,0,0,0,0,0,0.4,0.4,0.2,0.5,1,5,10,0.0,0.0,0.0,0.0,0.0,0.31,0.15,0.46,0.31,0.46,4,1,25.0,3.43,0.86,0.0,0.0,15,0,0.09,-0.4,-0.4,30,39,76.9,419,144,23,24,95.8,6,9,66.7,1,3,33.3,0.2,-0.2,1,3,1,0,1,0,0,1,4,3.43,4,0,0,0,0,0,0,0,0,0,0,0,0,0,1,1,1,0,0,1,1,100.0,0,0,0,0,1,0,0,46,1,4,23,19,5,46,1,0,0.0,1,100.0,31,151,61,2,1,0,1,31,0,1,1,1,0,0,0,4,0,2,0.0
Pontus Almqvist,SWE,"FW,MF",Parma,Serie A,25,1999,11,1,347,3.9,1,1,2,1,0,0,0,0,0.6,0.6,0.9,1.5,19,5,29,0.26,0.26,0.52,0.26,0.52,0.16,0.22,0.38,0.16,0.38,9,4,44.4,2.33,1.04,0.11,0.25,18,0,0.07,0.4,0.4,97,130,74.6,1313,232,68,80,85.0,22,28,78.6,4,5,80.0,0.5,0.1,3,3,3,0,0,0,1,8,11,2.85,7,0,2,1,1,0,2,0,2,0,0,0,0,0,7,5,4,2,1,3,5,60.0,2,3,0,6,13,1,0,185,2,26,63,99,22,185,18,7,38.9,9,50.0,111,737,437,5,9,8,4,126,0,5,6,0,1,0,0,19,4,6,40.0
Marcos Alonso,ESP,DF,Celta Vigo,La Liga,34,1990,11,9,901,10.0,0,0,0,0,0,0,3,0,0.5,0.5,0.2,0.7,22,67,21,0.0,0.0,0.0,0.0,0.0,0.05,0.02,0.07,0.05,0.07,9,2,22.2,0.9,0.2,0.0,0.0,21,3,0.05,-0.5,-0.5,672,762,88.2,11635,4440,282,300,94.0,334,354,94.4,43,80,53.8,0.4,-0.2,4,72,6,1,0,8,7,10,9,0.9,9,0,0,0,0,0,0,0,0,0,0,0,0,0,13,9,8,2,3,9,16,56.3,7,6,3,13,26,42,1,858,80,345,434,90,9,858,8,3,37.5,5,62.5,589,3351,2046,9,1,6,2,624,0,9,9,1,0,0,0,51,22,14,61.1
Giorgio Altare,ITA,DF,Venezia,Serie A,26,1998,7,4,361,4.0,0,0,0,0,0,0,1,0,0.2,0.2,0.1,0.3,3,11,4,0.0,0.0,0.0,0.0,0.0,0.04,0.04,0.07,0.04,0.07,3,1,33.3,0.75,0.25,0.0,0.0,15,0,0.05,-0.2,-0.2,163,208,78.4,3052,1087,52,59,88.1,100,120,83.3,9,23,39.1,0.1,-0.1,1,9,1,1,0,1,6,1,4,1.0,2,0,1,0,0,1,0,0,0,0,0,0,0,0,5,4,4,1,0,1,7,14.3,6,6,3,9,14,18,0,258,29,112,119,28,5,258,3,2,66.7,1,33.3,146,676,307,8,0,2,5,160,0,8,1,0,0,0,1,14,12,8,60.0
Adrià Altimira,ESP,"DF,FW",Leganés,La Liga,23,2001,9,7,598,6.6,0,0,0,0,0,0,1,0,0.1,0.1,0.0,0.1,12,17,20,0.0,0.0,0.0,0.0,0.0,0.01,0.0,0.02,0.01,0.02,3,0,0.0,0.45,0.0,0.0,0.0,22,0,0.03,-0.1,-0.1,168,209,80.4,2859,760,87,96,90.6,64,79,81.0,16,28,57.1,0.2,0.0,1,18,2,0,0,1,9,3,5,0.75,3,0,1,0,1,0,1,0,1,0,0,0,0,0,15,6,8,5,2,8,14,57.1,6,7,4,12,27,20,2,297,28,93,145,66,1,297,16,6,37.5,6,37.5,144,816,405,9,1,8,2,153,0,9,10,2,0,0,0,26,9,9,50.0
Sergi Altimira,ESP,MF,Betis,La Liga,23,2001,12,9,818,9.1,0,1,1,0,0,0,2,0,0.5,0.4,0.9,1.3,10,47,9,0.0,0.11,0.11,0.0,0.11,0.05,0.1,0.15,0.04,0.14,11,1,9.1,1.21,0.11,0.0,0.0,22,0,0.04,-0.5,-0.4,489,553,88.4,8042,1832,243,265,91.7,193,207,93.2,40,50,80.0,0.7,0.1,8,40,7,0,4,8,1,11,22,2.42,19,0,2,0,0,1,1,0,1,0,0,0,0,0,23,15,7,14,2,12,24,50.0,12,12,1,5,28,11,0,657,12,120,426,116,5,657,8,7,87.5,1,12.5,402,1641,668,7,0,9,9,473,0,15,14,0,0,0,0,57,5,9,35.7
Edson Álvarez,MEX,MF,West Ham,Premier League,27,1997,10,6,543,6.0,0,0,0,0,0,0,5,1,0.1,0.1,0.4,0.5,7,32,7,0.0,0.0,0.0,0.0,0.0,0.02,0.07,0.08,0.02,0.08,5,0,0.0,0.83,0.0,0.0,0.0,26,0,0.02,-0.1,-0.1,291,333,87.4,4915,1377,147,161,91.3,117,128,91.4,25,33,75.8,0.4,-0.4,6,35,7,1,2,4,1,2,12,1.99,11,0,1,0,0,0,0,0,0,0,0,0,0,0,15,9,8,4,3,8,10,80.0,2,8,2,10,25,11,0,405,21,115,220,74,5,405,12,5,41.7,4,33.3,239,1325,573,8,1,5,6,275,1,14,7,0,0,0,0,30,10,6,62.5
Hugo Álvarez,ESP,"MF,DF",Celta Vigo,La Liga,21,2003,15,11,1044,11.6,2,1,3,2,0,0,4,0,1.6,1.6,0.6,2.1,49,35,105,0.17,0.09,0.26,0.17,0.26,0.13,0.05,0.18,0.13,0.18,16,6,37.5,1.38,0.52,0.13,0.33,15,1,0.1,0.4,0.4,535,670,79.9,8161,2107,292,329,88.8,211,252,83.7,21,41,51.2,1.1,0.4,10,17,10,2,0,2,23,16,29,2.5,22,0,4,3,0,0,5,0,3,0,2,0,0,0,19,8,9,8,2,6,11,54.5,5,14,1,7,26,21,1,813,18,184,314,321,55,813,52,21,40.4,30,57.7,500,2689,1577,28,28,19,11,536,0,16,11,1,0,1,0,59,3,3,50.0
Julián Álvarez,ARG,"FW,MF",Atlético Madrid,La Liga,24,2000,15,10,855,9.5,5,2,7,5,0,0,2,0,3.4,3.4,1.4,4.8,24,25,54,0.53,0.21,0.74,0.53,0.74,0.36,0.15,0.51,0.36,0.51,26,11,42.3,2.74,1.16,0.19,0.45,17,0,0.13,1.6,1.6,234,299,78.3,3157,723,145,167,86.8,65,80,81.3,10,18,55.6,0.8,0.6,12,10,11,1,1,3,8,11,37,3.89,25,2,3,6,0,1,5,0,4,0,0,1,0,0,4,2,1,0,3,1,6,16.7,5,7,0,0,4,4,0,386,3,33,164,192,40,386,16,7,43.8,9,56.3,235,1362,669,16,9,15,10,282,0,11,1,4,0,0,0,23,7,14,33.3
Yeray Álvarez,ESP,DF,Athletic Club,La Liga,29,1995,8,8,720,8.0,0,0,0,0,0,0,2,0,0.1,0.1,0.0,0.2,6,54,0,0.0,0.0,0.0,0.0,0.0,0.01,0.01,0.02,0.01,0.02,3,1,33.3,0.37,0.12,0.0,0.0,17,0,0.04,-0.1,-0.1,398,486,81.9,8263,2819,106,122,86.9,250,275,90.9,41,80,51.3,0.1,0.0,2,30,2,1,1,12,2,6,8,1.0,6,0,0,0,0,2,1,0,1,0,0,0,0,0,9,7,5,3,1,3,5,60.0,2,5,2,18,27,26,1,561,32,220,317,26,6,561,4,2,50.0,2,50.0,305,1879,1253,4,0,2,3,368,0,6,10,0,0,0,0,29,14,14,50.0
Skelly Alvero,FRA,MF,Werder Bremen,Bundesliga,22,2002,6,1,103,1.1,0,0,0,0,0,0,0,0,0.0,0.0,0.0,0.0,0,1,0,0.0,0.0,0.0,0.0,0.0,0.0,0.0,0.0,0.0,0.0,0,0,0.0,0.0,0.0,0.0,0.0,0,0,0.0,0.0,0.0,22,31,71.0,383,34,10,14,71.4,11,13,84.6,1,2,50.0,0.0,0.0,0,0,1,0,0,0,0,2,0,0.0,0,0,0,0,0,0,0,0,0,0,0,0,0,0,4,3,3,0,1,1,1,100.0,0,4,0,2,6,5,0,53,6,21,25,7,0,53,1,1,100.0,0,0.0,24,116,52,1,0,2,2,27,0,2,3,0,0,0,0,3,1,1,50.0
Selim Amallah,MAR,"MF,FW",Valladolid,La Liga,28,1996,11,10,675,7.5,2,1,3,1,1,1,1,0,2.6,1.8,0.2,2.0,11,26,15,0.27,0.13,0.4,0.13,0.27,0.34,0.03,0.37,0.24,0.27,14,5,35.7,1.87,0.67,0.07,0.2,23,1,0.13,-0.6,-0.8,140,186,75.3,2404,785,77,82,93.9,42,53,79.2,18,36,50.0,0.4,0.8,5,18,3,0,2,3,18,6,15,2.0,8,2,4,0,0,1,1,0,1,0,0,0,0,0,12,7,4,7,1,0,6,0.0,6,12,0,7,19,2,1,282,2,41,148,97,12,281,30,15,50.0,11,36.7,152,880,399,7,3,15,12,168,0,15,12,0,0,0,0,35,2,5,28.6
Amath,SEN,"FW,DF",Valladolid,La Liga,28,1996,6,5,293,3.3,0,1,1,0,0,0,0,0,0.4,0.4,0.2,0.6,7,10,17,0.0,0.31,0.31,0.0,0.31,0.11,0.06,0.17,0.11,0.17,5,1,20.0,1.54,0.31,0.0,0.0,13,0,0.07,-0.4,-0.4,50,68,73.5,789,235,28,32,87.5,14,17,82.4,5,10,50.0,0.1,0.8,4,4,3,1,0,2,4,5,8,2.46,6,0,1,1,0,0,1,0,1,0,0,0,0,0,1,0,1,0,0,1,5,20.0,4,5,1,2,3,2,0,102,3,16,43,44,9,102,7,4,57.1,3,42.9,69,368,188,5,2,8,3,75,0,3,5,2,0,0,0,11,1,3,25.0
Jordan Amavi,FRA,DF,Brest,Ligue 1,30,1994,10,8,746,8.3,0,0,0,0,0,0,2,0,0.3,0.3,0.2,0.4,21,32,20,0.0,0.0,0.0,0.0,0.0,0.03,0.02,0.05,0.03,0.05,8,3,37.5,0.97,0.36,0.0,0.0,25,1,0.03,-0.3,-0.3,368,503,73.2,5964,2134,174,206,84.5,165,224,73.7,21,48,43.8,0.2,-0.2,6,27,4,0,0,2,14,13,11,1.33,10,0,0,1,0,0,1,0,1,0,0,0,0,0,24,17,10,11,3,15,21,71.4,6,8,2,7,31,16,0,586,20,180,294,118,4,586,13,7,53.8,6,46.2,297,1519,916,18,1,9,4,347,0,15,6,0,0,2,0,33,15,6,71.4
Aurele Amenda,SUI,DF,Eint Frankfurt,Bundesliga,21,2003,4,1,70,0.8,0,0,0,0,0,0,1,0,0.0,0.0,0.3,0.3,1,1,1,0.0,0.0,0.0,0.0,0.0,0.0,0.32,0.32,0.0,0.32,0,0,0.0,0.0,0.0,0.0,0.0,0,0,0.0,0.0,0.0,41,47,87.2,824,286,12,13,92.3,22,23,95.7,6,8,75.0,0.3,-0.3,1,0,0,0,0,2,0,1,2,2.54,2,0,0,0,0,0,0,0,0,0,0,0,0,0,0,0,0,0,0,0,0,0.0,0,2,2,1,1,4,0,55,9,20,31,4,1,55,1,1,100.0,0,0.0,31,122,49,0,0,0,0,35,0,3,1,0,0,0,0,1,4,1,80.0
Kelvin Amian,FRA,"DF,MF",Nantes,Ligue 1,26,1998,10,7,715,7.9,0,0,0,0,0,0,1,0,0.1,0.1,0.3,0.4,15,30,28,0.0,0.0,0.0,0.0,0.0,0.01,0.04,0.05,0.01,0.05,3,1,33.3,0.38,0.13,0.0,0.0,23,0,0.02,-0.1,-0.1,255,305,83.6,3894,1621,138,145,95.2,98,111,88.3,12,31,38.7,0.5,-0.3,6,20,7,2,2,0,10,12,15,1.89,11,3,0,1,0,0,0,0,0,0,0,0,0,0,25,14,22,3,0,13,16,81.3,3,7,3,1,26,20,0,379,27,107,166,113,6,379,8,3,37.5,5,62.5,174,829,434,14,1,4,6,203,0,11,2,0,0,0,0,24,4,5,44.4
Michael Amir Murillo,PAN,DF,Marseille,Ligue 1,28,1996,13,10,974,10.8,0,0,0,0,0,0,0,0,0.2,0.2,0.4,0.5,11,39,30,0.0,0.0,0.0,0.0,0.0,0.02,0.03,0.05,0.02,0.05,4,0,0.0,0.37,0.0,0.0,0.0,21,1,0.04,-0.2,-0.2,555,643,86.3,8929,2891,261,277,94.2,266,306,86.9,22,36,61.1,0.7,-0.4,9,41,6,0,0,0,7,11,17,1.57,14,0,1,1,0,1,0,0,0,0,0,0,0,0,23,15,13,6,4,14,23,60.9,9,6,3,9,32,28,2,730,38,248,366,121,11,730,12,6,50.0,6,50.0,399,1803,783,7,3,10,3,471,0,12,10,1,0,0,0,53,15,4,78.9
Nadiem Amiri,GER,MF,Mainz 05,Bundesliga,28,1996,11,11,905,10.1,3,2,5,2,1,1,3,1,2.2,1.4,3.3,4.7,18,75,33,0.3,0.2,0.5,0.2,0.4,0.22,0.33,0.55,0.14,0.47,25,13,52.0,2.49,1.29,0.08,0.15,25,4,0.06,0.8,0.6,499,663,75.3,9378,3828,208,238,87.4,207,243,85.2,72,146,49.3,4.5,-1.3,26,73,21,3,5,8,72,17,45,4.48,28,13,1,2,1,0,4,0,4,0,0,0,0,0,16,8,7,7,2,3,18,16.7,15,10,2,9,25,14,0,782,20,146,417,228,20,781,23,10,43.5,12,52.2,407,1887,826,10,5,13,13,495,1,16,21,0,0,0,0,86,4,6,40.0
Samuel Amo-Ameyaw,ENG,DF,Southampton,Premier League,18,2006,1,0,10,0.1,0,0,0,0,0,0,0,0,0.0,0.0,0.1,0.1,0,0,2,0.0,0.0,0.0,0.0,0.0,0.18,0.62,0.8,0.18,0.8,1,0,0.0,9.0,0.0,0.0,0.0,20,0,0.02,0.0,0.0,5,5,100.0,68,13,4,4,100.0,1,1,100.0,0,0,0.0,0.1,-0.1,1,0,1,1,0,0,1,0,2,18.0,1,0,0,0,1,0,0,0,0,0,0,0,0,0,0,0,0,0,0,0,0,0.0,0,0,0,0,0,0,0,6,0,0,0,6,1,6,0,0,0.0,0,0.0,6,50,25,0,1,0,2,6,0,0,1,0,0,0,0,0,0,0,0.0
Mathis Amougou,FRA,MF,Saint-Étienne,Ligue 1,18,2006,12,8,678,7.5,0,0,0,0,0,0,2,0,0.4,0.4,0.1,0.5,4,29,7,0.0,0.0,0.0,0.0,0.0,0.05,0.01,0.06,0.05,0.06,5,1,20.0,0.66,0.13,0.0,0.0,19,0,0.07,-0.4,-0.4,151,195,77.4,2464,877,74,86,86.0,59,76,77.6,12,19,63.2,0.1,-0.1,3,13,3,0,0,1,1,3,13,1.73,11,0,2,0,0,0,0,0,0,0,0,0,0,0,13,8,9,4,0,6,12,50.0,6,5,0,12,25,2,0,271,13,74,146,55,4,271,14,5,35.7,8,57.1,153,786,367,10,1,16,5,169,0,6,4,0,0,0,0,30,1,9,10.0
Mohamed Amoura,ALG,FW,Wolfsburg,Bundesliga,24,2000,10,9,808,9.0,4,5,9,4,0,0,3,0,2.7,2.7,1.7,4.4,32,16,76,0.45,0.56,1.0,0.45,1.0,0.3,0.19,0.49,0.3,0.49,29,11,37.9,3.23,1.23,0.14,0.36,16,0,0.09,1.3,1.3,143,210,68.1,2207,455,80,107,74.8,42,56,75.0,13,16,81.3,1.7,3.3,14,11,9,2,4,2,15,16,24,2.68,16,0,1,5,2,0,6,0,6,0,0,0,0,0,7,4,2,1,4,3,8,37.5,5,11,0,4,11,5,0,321,3,31,123,177,42,321,32,12,37.5,17,53.1,172,1358,799,15,14,18,6,204,0,12,9,8,1,0,0,39,3,11,21.4
Sofyan Amrabat,MAR,MF,Fiorentina,Serie A,28,1996,2,2,180,2.0,0,0,0,0,0,0,0,0,0.0,0.0,0.1,0.1,2,14,1,0.0,0.0,0.0,0.0,0.0,0.0,0.03,0.03,0.0,0.03,0,0,0.0,0.0,0.0,0.0,0.0,0,0,0.0,0.0,0.0,112,133,84.2,2140,528,46,50,92.0,50,59,84.7,13,20,65.0,0.1,-0.1,2,10,0,0,0,4,3,0,4,2.0,4,0,0,0,0,0,0,0,0,0,0,0,0,0,3,2,1,2,0,2,2,100.0,0,1,1,0,3,2,0,140,6,24,103,14,0,140,0,0,0.0,0,0.0,84,388,196,0,0,1,2,103,0,4,1,0,0,0,0,7,1,1,50.0
Joachim Andersen,DEN,DF,Crystal Palace,Premier League,28,1996,1,1,90,1.0,0,0,0,0,0,0,1,0,0.0,0.0,0.0,0.0,1,4,1,0.0,0.0,0.0,0.0,0.0,0.04,0.0,0.04,0.04,0.04,1,1,100.0,1.0,1.0,0.0,0.0,25,0,0.04,0.0,0.0,61,83,73.5,1227,526,19,21,90.5,31,37,83.8,9,21,42.9,0.0,0.0,0,9,1,0,0,0,1,0,1,1.0,1,0,0,0,0,0,0,0,0,0,0,0,0,0,1,1,1,0,0,1,2,50.0,1,0,0,0,1,7,0,93,14,38,50,5,0,93,0,0,0.0,0,0.0,49,189,103,1,0,0,1,67,0,2,0,0,0,0,0,7,2,0,100.0
Joachim Andersen,DEN,DF,Fulham,Premier League,28,1996,8,8,693,7.7,0,0,0,0,0,0,0,1,0.2,0.2,0.2,0.5,3,35,1,0.0,0.0,0.0,0.0,0.0,0.03,0.03,0.06,0.03,0.06,8,2,25.0,1.04,0.26,0.0,0.0,18,0,0.03,-0.2,-0.2,458,549,83.4,9727,3848,137,149,91.9,246,261,94.3,72,129,55.8,0.1,-0.2,1,56,1,0,0,14,1,2,6,0.79,3,0,0,3,0,0,0,0,0,0,0,0,0,0,8,5,8,0,0,4,8,50.0,4,9,6,11,19,42,0,636,92,326,280,34,8,636,1,1,100.0,0,0.0,374,1537,808,4,0,1,1,440,0,3,7,0,0,0,0,35,18,14,56.3
Elliot Anderson,ENG,"MF,FW",Nott'Ham Forest,Premier League,22,2002,12,9,699,7.8,0,3,3,0,0,0,3,0,0.8,0.8,1.8,2.6,18,39,35,0.0,0.39,0.39,0.0,0.39,0.1,0.24,0.34,0.1,0.34,15,3,20.0,1.93,0.39,0.0,0.0,19,0,0.05,-0.8,-0.8,286,358,79.9,4785,1586,147,161,91.3,113,138,81.9,22,41,53.7,1.3,1.2,17,29,5,2,2,1,31,11,34,4.38,14,9,5,5,1,0,6,0,2,2,0,1,1,0,22,17,10,7,5,11,21,52.4,10,18,4,5,27,13,1,475,18,81,215,188,29,475,28,16,57.1,7,25.0,254,1318,607,10,7,23,12,293,0,14,23,1,0,0,0,45,11,6,64.7
André,BRA,MF,Wolves,Premier League,23,2001,9,7,534,5.9,0,0,0,0,0,0,2,0,0.1,0.1,0.1,0.2,3,16,4,0.0,0.0,0.0,0.0,0.0,0.01,0.02,0.04,0.01,0.04,2,1,50.0,0.34,0.17,0.0,0.0,24,0,0.03,-0.1,-0.1,234,249,94.0,3948,987,109,113,96.5,101,104,97.1,18,22,81.8,0.2,-0.1,3,17,1,0,1,3,0,3,8,1.35,8,0,0,0,0,0,1,0,1,0,0,0,0,0,19,13,11,6,2,11,14,78.6,3,18,5,4,23,8,1,327,35,105,197,28,1,327,6,3,50.0,3,50.0,173,733,362,5,0,7,7,216,0,8,11,0,0,0,0,35,0,1,0.0
Benjamin André,FRA,MF,Lille,Ligue 1,34,1990,11,11,982,10.9,0,1,1,0,0,0,5,0,0.9,0.9,0.8,1.6,9,74,16,0.0,0.09,0.09,0.0,0.09,0.08,0.07,0.15,0.08,0.15,9,2,22.2,0.82,0.18,0.0,0.0,15,0,0.1,-0.9,-0.9,572,697,82.1,9721,2660,276,310,89.0,236,271,87.1,51,80,63.8,0.8,0.2,8,67,9,0,0,6,5,9,18,1.65,16,0,0,1,1,0,3,0,2,0,0,1,0,0,32,12,11,18,3,20,34,58.8,14,15,3,16,48,22,0,832,34,156,553,128,19,832,9,3,33.3,5,55.6,422,1830,892,10,0,16,13,556,0,19,17,2,0,0,0,68,40,32,55.6
Marcos André,BRA,FW,Valladolid,La Liga,28,1996,8,3,297,3.3,0,0,0,0,0,0,2,0,0.3,0.3,0.0,0.3,2,4,9,0.0,0.0,0.0,0.0,0.0,0.09,0.0,0.09,0.09,0.09,4,0,0.0,1.21,0.0,0.0,0.0,14,0,0.08,-0.3,-0.3,34,49,69.4,638,112,19,22,86.4,8,15,53.3,6,6,100.0,0.1,0.0,0,3,0,0,0,2,0,0,5,1.52,4,0,0,0,1,0,0,0,0,0,0,0,0,0,0,0,0,0,0,0,3,0.0,3,4,1,1,1,2,0,85,4,9,58,21,10,85,7,3,42.9,2,28.6,51,298,96,1,1,12,5,66,0,4,13,1,0,0,0,15,13,11,54.2
Robert Andrich,GER,MF,Leverkusen,Bundesliga,30,1994,10,9,745,8.3,2,0,2,2,0,0,4,0,1.0,1.0,0.1,1.1,6,36,7,0.24,0.0,0.24,0.24,0.24,0.12,0.01,0.13,0.12,0.13,14,4,28.6,1.69,0.48,0.14,0.5,22,0,0.07,1.0,1.0,450,494,91.1,7028,1589,261,276,94.6,150,162,92.6,26,34,76.5,0.5,-0.1,2,39,4,0,2,4,4,3,17,2.05,12,0,1,3,0,1,1,0,1,0,0,0,0,0,15,7,5,10,0,4,9,44.4,5,5,2,11,26,10,0,559,23,101,354,107,10,559,3,2,66.7,0,0.0,286,1242,508,9,0,3,0,421,0,17,10,0,0,1,0,38,11,6,64.7
Angeliño,ESP,DF,Roma,Serie A,27,1997,14,14,1169,13.0,0,0,0,0,0,0,0,0,0.3,0.3,1.0,1.3,25,87,62,0.0,0.0,0.0,0.0,0.0,0.02,0.08,0.1,0.02,0.1,7,1,14.3,0.54,0.08,0.0,0.0,20,0,0.04,-0.3,-0.3,748,915,81.7,13593,4850,318,352,90.3,352,408,86.3,72,132,54.5,1.4,-1.0,17,80,17,7,0,7,43,12,31,2.39,23,8,0,0,0,0,2,0,2,0,0,0,0,0,23,9,7,14,2,8,12,66.7,4,15,6,10,33,37,0,1033,39,286,531,221,12,1033,5,2,40.0,2,40.0,582,2820,1636,25,3,8,5,702,0,13,8,3,0,0,0,37,17,16,51.5
Lorenzo Anghelè,ITA,FW,Juventus,Serie A,19,2005,1,0,6,0.1,0,0,0,0,0,0,0,0,0.0,0.0,0.0,0.0,0,1,0,0.0,0.0,0.0,0.0,0.0,0.0,0.0,0.0,0.0,0.0,0,0,0.0,0.0,0.0,0.0,0.0,0,0,0.0,0.0,0.0,4,4,100.0,82,12,2,2,100.0,1,1,100.0,1,1,100.0,0.0,0.0,0,0,0,0,0,0,0,0,0,0.0,0,0,0,0,0,0,0,0,0,0,0,0,0,0,0,0,0,0,0,0,0,0.0,0,0,0,0,0,0,0,5,0,0,5,1,0,5,1,1,100.0,0,0.0,3,19,3,1,0,0,0,4,0,0,0,0,0,0,0,0,0,2,0.0
Faustino Anjorin,ENG,MF,Empoli,Serie A,23,2001,10,7,525,5.8,0,1,1,0,0,0,2,0,0.3,0.3,0.8,1.1,14,25,10,0.0,0.17,0.17,0.0,0.17,0.05,0.14,0.19,0.05,0.19,7,0,0.0,1.2,0.0,0.0,0.0,27,0,0.04,-0.3,-0.3,172,215,80.0,3119,1027,73,84,86.9,79,90,87.8,17,33,51.5,0.7,0.2,7,20,6,1,2,2,7,3,11,1.89,9,0,2,0,0,0,1,0,1,0,0,0,0,0,15,6,3,8,4,1,9,11.1,8,10,3,5,20,10,0,294,15,82,166,53,5,294,18,9,50.0,9,50.0,160,840,470,10,2,8,3,192,0,12,12,0,0,1,0,28,3,7,30.0
Waldemar Anton,GER,DF,Dortmund,Bundesliga,28,1996,10,10,782,8.7,0,0,0,0,0,0,2,0,0.4,0.4,0.0,0.4,13,49,7,0.0,0.0,0.0,0.0,0.0,0.04,0.01,0.05,0.04,0.05,8,0,0.0,0.92,0.0,0.0,0.0,11,0,0.04,-0.4,-0.4,815,889,91.7,15424,4340,286,300,95.3,460,486,94.7,66,91,72.5,0.3,0.0,1,48,2,1,2,5,8,4,14,1.61,14,0,0,0,0,0,2,0,2,0,0,0,0,0,15,12,7,5,3,7,9,77.8,2,17,10,7,22,31,1,990,76,369,568,56,15,990,6,4,66.7,1,16.7,671,3433,1716,12,0,8,2,780,0,9,11,0,0,0,0,45,22,14,61.1
Michail Antonio,JAM,FW,West Ham,Premier League,34,1990,14,11,836,9.3,1,1,2,1,0,0,1,0,2.2,2.2,1.6,3.8,29,18,59,0.11,0.11,0.22,0.11,0.22,0.24,0.17,0.41,0.24,0.41,19,4,21.1,2.05,0.43,0.05,0.25,12,0,0.12,-1.2,-1.2,114,188,60.6,2183,424,52,72,72.2,37,62,59.7,22,31,71.0,0.9,-0.6,9,11,6,2,3,6,25,14,22,2.37,14,0,1,5,1,1,4,0,0,0,0,4,0,0,2,2,0,1,1,2,3,66.7,1,6,0,0,2,2,0,296,3,26,124,151,36,296,27,9,33.3,13,48.1,173,1177,695,13,9,35,19,221,0,12,7,4,0,0,0,22,17,22,43.6
Antoniu,ESP,"MF,DF",Espanyol,La Liga,22,2002,4,0,59,0.7,0,0,0,0,0,0,2,0,0.2,0.2,0.1,0.3,1,0,4,0.0,0.0,0.0,0.0,0.0,0.34,0.14,0.48,0.34,0.48,3,0,0.0,4.58,0.0,0.0,0.0,20,0,0.08,-0.2,-0.2,6,16,37.5,70,15,4,7,57.1,2,4,50.0,0,2,0.0,0.0,-0.1,1,1,0,0,0,0,2,2,4,6.0,2,0,1,0,1,0,0,0,0,0,0,0,0,0,3,0,1,1,1,1,1,100.0,0,0,0,1,4,2,1,35,0,6,16,13,3,35,2,2,100.0,0,0.0,14,78,41,1,1,1,2,16,0,3,3,0,0,0,0,2,0,0,0.0
Antony,BRA,FW,Manchester Utd,Premier League,24,2000,2,0,28,0.3,0,0,0,0,0,0,0,0,0.1,0.1,0.1,0.2,1,0,1,0.0,0.0,0.0,0.0,0.0,0.47,0.22,0.7,0.47,0.7,2,1,50.0,6.43,3.21,0.0,0.0,22,0,0.07,-0.1,-0.1,5,9,55.6,56,0,5,7,71.4,0,1,0.0,0,0,0.0,0.1,-0.1,1,0,0,0,0,0,1,0,2,6.43,2,0,0,0,0,0,0,0,0,0,0,0,0,0,2,0,2,0,0,1,3,33.3,2,1,0,1,3,0,0,17,0,3,3,11,1,17,1,0,0.0,1,100.0,8,51,36,1,0,1,0,9,0,1,0,0,0,0,0,2,0,0,0.0
Anuar,MAR,"FW,MF",Valladolid,La Liga,29,1995,7,5,425,4.7,1,0,1,1,0,0,3,0,0.6,0.6,0.2,0.8,3,2,12,0.21,0.0,0.21,0.21,0.21,0.12,0.04,0.16,0.12,0.16,4,2,50.0,0.85,0.42,0.25,0.5,13,0,0.14,0.4,0.4,57,85,67.1,897,127,21,31,67.7,26,35,74.3,4,8,50.0,0.2,-0.2,2,1,0,0,1,0,4,2,4,0.85,3,0,0,0,1,0,1,0,0,0,0,0,1,0,8,6,4,2,2,1,8,12.5,7,6,2,5,13,4,1,134,3,38,50,46,8,134,3,0,0.0,2,66.7,66,350,124,2,1,6,3,83,0,4,13,1,1,0,0,16,13,6,68.4
Dennis Appiah,FRA,DF,Saint-Étienne,Ligue 1,32,1992,12,8,839,9.3,0,0,0,0,0,0,0,0,0.1,0.1,0.9,1.0,20,34,38,0.0,0.0,0.0,0.0,0.0,0.01,0.1,0.11,0.01,0.11,2,0,0.0,0.21,0.0,0.0,0.0,22,0,0.03,-0.1,-0.1,292,409,71.4,4951,2325,148,173,85.5,120,154,77.9,22,54,40.7,1.3,-0.9,6,25,11,4,1,1,26,21,18,1.93,14,3,1,0,0,0,2,0,1,1,0,0,0,0,23,18,13,9,1,13,26,50.0,13,12,5,8,31,30,0,509,39,188,207,116,10,509,14,12,85.7,2,14.3,210,1039,573,3,3,11,7,266,0,14,2,0,0,2,0,31,7,8,46.7
Aritz Arambarri,ESP,DF,Leganés,La Liga,26,1998,2,2,177,2.0,0,0,0,0,0,0,0,0,0.0,0.0,0.0,0.0,0,2,0,0.0,0.0,0.0,0.0,0.0,0.01,0.0,0.01,0.01,0.01,1,0,0.0,0.51,0.0,0.0,0.0,15,0,0.02,0.0,0.0,49,67,73.1,1025,258,11,13,84.6,34,41,82.9,4,12,33.3,0.0,0.0,0,1,0,0,0,1,0,1,1,0.51,1,0,0,0,0,0,0,0,0,0,0,0,0,0,1,1,1,0,0,1,1,100.0,0,2,2,3,4,8,0,86,12,59,26,1,1,86,0,0,0.0,0,0.0,44,253,137,0,0,1,0,48,0,0,0,0,0,0,0,4,6,8,42.9
Mauro Arambarri,URU,"MF,FW",Getafe,La Liga,29,1995,15,11,963,10.7,4,0,4,2,2,2,4,0,2.6,1.1,0.1,1.2,6,26,15,0.37,0.0,0.37,0.19,0.19,0.25,0.01,0.26,0.1,0.11,14,3,21.4,1.31,0.28,0.14,0.67,18,1,0.08,1.4,0.9,198,291,68.0,3565,843,84,118,71.2,83,110,75.5,23,42,54.8,0.1,-0.1,4,24,1,0,1,3,7,4,13,1.21,10,0,0,2,0,1,1,0,0,0,0,1,0,0,13,6,1,9,3,7,16,43.8,9,9,1,3,16,15,0,406,13,67,234,107,30,404,13,6,46.2,6,46.2,183,724,261,0,1,27,11,223,0,16,12,2,0,0,0,36,28,26,51.9
Jon Aramburu,VEN,DF,Real Sociedad,La Liga,22,2002,13,11,927,10.3,0,0,0,0,0,0,4,0,0.2,0.2,0.8,1.0,14,39,23,0.0,0.0,0.0,0.0,0.0,0.02,0.08,0.09,0.02,0.09,5,2,40.0,0.49,0.19,0.0,0.0,23,0,0.03,-0.2,-0.2,460,592,77.7,6971,2654,235,262,89.7,184,238,77.3,22,49,44.9,1.0,-0.8,10,35,6,5,0,1,16,15,17,1.65,15,1,1,0,0,0,1,0,1,0,0,0,0,0,43,33,25,13,5,30,49,61.2,19,15,3,13,56,37,0,730,41,235,370,129,9,730,12,5,41.7,7,58.3,325,1318,654,8,0,13,2,363,0,20,6,3,0,1,0,50,15,8,65.2
Julian Araujo,MEX,DF,Bournemouth,Premier League,23,2001,8,5,355,3.9,0,0,0,0,0,0,1,0,0.0,0.0,0.0,0.0,2,14,11,0.0,0.0,0.0,0.0,0.0,0.0,0.0,0.0,0.0,0.0,0,0,0.0,0.0,0.0,0.0,0.0,0,0,0.0,0.0,0.0,131,166,78.9,2297,759,60,67,89.6,61,71,85.9,9,22,40.9,0.0,0.0,0,15,1,0,0,0,4,2,2,0.51,2,0,0,0,0,0,0,0,0,0,0,0,0,0,7,3,3,4,0,4,10,40.0,6,3,0,4,11,13,0,200,15,68,103,32,1,200,0,0,0.0,0,0.0,84,290,138,0,0,4,2,100,0,4,1,0,0,0,0,24,2,6,25.0
Cameron Archer,ENG,FW,Southampton,Premier League,23,2001,13,7,699,7.8,2,0,2,2,0,1,0,0,4.1,3.3,0.2,3.5,10,4,33,0.26,0.0,0.26,0.26,0.26,0.52,0.03,0.55,0.42,0.45,16,6,37.5,2.06,0.77,0.13,0.33,12,0,0.2,-2.1,-1.3,81,100,81.0,1087,115,50,58,86.2,24,29,82.8,2,3,66.7,0.1,-0.2,1,2,2,0,0,0,2,3,5,0.65,0,0,2,2,1,0,0,0,0,0,0,0,0,0,7,4,3,2,2,1,4,25.0,3,4,1,1,8,3,0,170,8,28,76,68,28,169,13,5,38.5,8,61.5,95,495,233,3,8,18,11,113,0,5,8,3,0,0,0,17,4,11,26.7
Carlens Arcus,HAI,DF,Angers,Ligue 1,28,1996,13,12,991,11.0,0,0,0,0,0,0,2,0,0.0,0.0,0.4,0.4,19,25,32,0.0,0.0,0.0,0.0,0.0,0.0,0.04,0.04,0.0,0.04,0,0,0.0,0.0,0.0,0.0,0.0,0,0,0.0,0.0,0.0,349,442,79.0,5857,2069,169,192,88.0,146,184,79.3,30,51,58.8,0.5,-0.4,8,23,10,6,0,0,17,6,16,1.45,14,0,1,0,0,1,0,0,0,0,0,0,0,0,29,17,18,10,1,19,32,59.4,13,13,2,16,45,31,2,555,37,198,266,97,5,555,9,4,44.4,5,55.6,248,1183,615,10,1,5,8,294,0,16,6,1,0,0,0,38,13,9,59.1
Adu Ares,ESP,FW,Athletic Club,La Liga,23,2001,1,0,19,0.2,0,0,0,0,0,0,0,0,0.0,0.0,0.0,0.0,1,3,2,0.0,0.0,0.0,0.0,0.0,0.0,0.0,0.0,0.0,0.0,0,0,0.0,0.0,0.0,0.0,0.0,0,0,0.0,0.0,0.0,5,9,55.6,64,15,3,5,60.0,2,3,66.7,0,0,0.0,0.0,0.0,0,0,1,0,0,0,1,1,1,4.74,1,0,0,0,0,0,0,0,0,0,0,0,0,0,0,0,0,0,0,0,1,0.0,1,0,0,0,0,0,0,11,0,2,3,6,1,11,1,0,0.0,1,100.0,8,44,29,1,0,0,2,11,0,0,0,0,0,0,0,1,0,0,0.0
Jesús Areso,ESP,DF,Osasuna,La Liga,25,1999,14,14,1242,13.8,0,1,1,0,0,0,2,0,0.1,0.1,1.1,1.2,40,39,63,0.0,0.07,0.07,0.0,0.07,0.0,0.08,0.09,0.0,0.09,3,0,0.0,0.22,0.0,0.0,0.0,21,0,0.02,-0.1,-0.1,412,600,68.7,6829,3381,201,228,88.2,165,231,71.4,36,90,40.0,1.2,-0.1,12,40,24,17,0,1,63,35,24,1.74,21,2,0,0,1,0,2,0,2,0,0,0,0,0,25,18,17,5,3,20,30,66.7,10,16,3,5,30,41,0,743,56,189,293,267,9,743,24,10,41.7,12,50.0,321,1913,975,24,4,21,9,369,0,21,6,4,0,0,0,52,9,7,56.3
David Argüelles,ESP,MF,Getafe,La Liga,22,2002,1,0,7,0.1,0,0,0,0,0,0,0,0,0.0,0.0,0.0,0.0,1,0,0,0.0,0.0,0.0,0.0,0.0,0.0,0.0,0.0,0.0,0.0,0,0,0.0,0.0,0.0,0.0,0.0,0,0,0.0,0.0,0.0,3,5,60.0,25,2,3,4,75.0,0,0,0.0,0,1,0.0,0.0,0.0,0,0,0,0,0,0,0,0,0,0.0,0,0,0,0,0,0,0,0,0,0,0,0,0,0,0,0,0,0,0,0,0,0.0,0,2,0,0,0,0,0,7,0,2,2,3,0,7,0,0,0.0,0,0.0,3,30,12,0,0,0,0,3,0,0,0,0,0,0,0,0,0,0,0.0
Joe Aribo,NGA,MF,Southampton,Premier League,28,1996,12,6,678,7.5,1,0,1,1,0,0,0,0,1.3,1.3,0.7,2.0,20,29,29,0.13,0.0,0.13,0.13,0.13,0.17,0.09,0.26,0.17,0.26,9,4,44.4,1.19,0.53,0.11,0.25,14,0,0.14,-0.3,-0.3,282,324,87.0,3886,745,173,194,89.2,95,105,90.5,6,8,75.0,0.6,-0.7,4,12,2,0,1,0,6,8,13,1.73,11,0,0,1,1,0,0,0,0,0,0,0,0,0,11,7,3,5,3,2,8,25.0,6,7,4,7,18,12,1,408,17,97,193,123,20,408,23,8,34.8,14,60.9,234,1363,757,12,5,9,7,295,0,7,11,0,0,0,0,34,7,2,77.8
Adam Armstrong,ENG,"MF,FW",Southampton,Premier League,27,1997,10,7,621,6.9,2,1,3,2,0,1,3,0,2.4,1.4,0.4,1.8,16,13,55,0.29,0.14,0.43,0.29,0.43,0.34,0.05,0.4,0.21,0.26,16,4,25.0,2.32,0.58,0.13,0.5,17,0,0.09,-0.4,0.6,127,162,78.4,1774,267,81,92,88.0,37,45,82.2,5,8,62.5,0.4,0.6,5,7,6,1,0,1,10,10,12,1.74,7,1,1,3,0,0,3,0,1,0,0,2,0,0,6,1,1,2,3,2,7,28.6,5,2,0,2,8,5,0,224,6,26,73,125,33,223,10,3,30.0,7,70.0,146,702,305,5,5,7,10,167,0,8,2,3,0,0,0,10,1,3,25.0
Harrison Armstrong,ENG,MF,Everton,Premier League,17,2007,1,0,1,0.0,0,0,0,0,0,0,0,0,0.0,0.0,0.0,0.0,0,0,0,0.0,0.0,0.0,0.0,0.0,0.0,0.0,0.0,0.0,0.0,0,0,0.0,0.0,0.0,0.0,0.0,0,0,0.0,0.0,0.0,1,4,25.0,23,0,0,0,0.0,1,2,50.0,0,1,0.0,0.0,0.0,0,0,0,0,0,0,1,0,0,0.0,0,0,0,0,0,0,0,0,0,0,0,0,0,0,0,0,0,0,0,0,1,0.0,1,0,0,0,0,0,0,4,0,0,2,2,1,4,0,0,0.0,0,0.0,3,9,0,0,0,0,0,4,0,0,1,0,0,0,0,0,0,0,0.0
José Arnaiz,ESP,FW,Osasuna,La Liga,29,1995,4,0,33,0.4,0,0,0,0,0,0,0,0,0.0,0.0,0.1,0.1,2,2,3,0.0,0.0,0.0,0.0,0.0,0.11,0.18,0.29,0.11,0.29,1,0,0.0,2.73,0.0,0.0,0.0,31,1,0.04,0.0,0.0,10,17,58.8,136,51,5,5,100.0,3,6,50.0,1,3,33.3,0.1,-0.1,1,0,2,1,0,0,4,2,2,5.45,1,0,0,0,1,0,0,0,0,0,0,0,0,0,2,2,1,1,0,1,2,50.0,1,0,0,1,3,1,0,27,1,4,11,13,2,27,2,0,0.0,1,50.0,17,80,41,0,1,0,1,16,0,0,4,0,0,0,0,7,0,1,0.0
Hákon Arnar Haraldsson,ISL,MF,Lille,Ligue 1,21,2003,5,2,201,2.2,0,1,1,0,0,0,1,0,0.6,0.6,0.2,0.8,8,19,15,0.0,0.45,0.45,0.0,0.45,0.27,0.07,0.34,0.27,0.34,7,1,14.3,3.13,0.45,0.0,0.0,19,2,0.09,-0.6,-0.6,145,174,83.3,2587,471,68,82,82.9,57,60,95.0,18,25,72.0,0.4,0.8,3,21,5,0,0,1,4,1,6,2.69,5,0,0,0,1,0,1,0,1,0,0,0,0,0,9,4,2,6,1,4,8,50.0,4,0,0,3,12,0,0,206,2,23,115,69,8,206,5,3,60.0,2,40.0,133,740,367,5,1,6,3,159,0,5,4,1,0,0,0,14,0,2,0.0
Marko Arnautović,AUT,FW,Inter,Serie A,35,1989,5,0,71,0.8,0,0,0,0,0,0,1,0,0.9,0.9,0.1,0.9,1,4,13,0.0,0.0,0.0,0.0,0.0,1.1,0.1,1.2,1.1,1.2,2,0,0.0,2.54,0.0,0.0,0.0,4,0,0.44,-0.9,-0.9,18,27,66.7,250,51,11,17,64.7,5,7,71.4,1,1,100.0,0.1,-0.1,1,1,2,0,0,0,1,0,2,2.54,2,0,0,0,0,0,0,0,0,0,0,0,0,0,4,3,1,2,1,2,3,66.7,1,0,0,1,5,1,0,35,1,4,12,19,5,35,0,0,0.0,0,0.0,17,76,38,0,1,0,1,26,0,3,1,3,0,0,0,1,0,0,0.0
Maximilian Arnold,GER,MF,Wolfsburg,Bundesliga,30,1994,11,11,936,10.4,1,1,2,1,0,0,5,0,0.3,0.3,0.5,0.7,1,39,4,0.1,0.1,0.19,0.1,0.19,0.02,0.05,0.07,0.02,0.07,9,4,44.4,0.87,0.38,0.11,0.25,28,4,0.03,0.7,0.7,341,446,76.5,6976,2109,122,137,89.1,145,172,84.3,64,120,53.3,0.7,0.5,12,40,3,0,0,5,47,3,26,2.5,15,7,1,1,2,0,3,0,2,1,0,0,0,0,18,10,6,10,2,9,17,52.9,8,9,6,9,27,27,0,529,32,117,315,102,2,529,2,1,50.0,1,50.0,206,854,312,1,0,6,3,277,0,13,24,0,0,0,0,50,6,10,37.5
Jann-Fiete Arp,GER,FW,Holstein Kiel,Bundesliga,24,2000,10,2,339,3.8,1,0,1,0,1,2,3,1,2.0,0.4,0.5,0.9,4,5,22,0.27,0.0,0.27,0.0,0.0,0.52,0.14,0.66,0.1,0.24,6,3,50.0,1.59,0.8,0.0,0.0,21,0,0.06,-1.0,-0.4,36,71,50.7,685,273,14,24,58.3,13,22,59.1,7,17,41.2,0.7,-0.5,5,0,4,1,0,2,12,2,14,3.72,7,3,1,1,2,0,1,0,0,1,0,0,0,0,5,4,3,1,1,1,5,20.0,4,2,0,0,5,1,0,121,1,13,48,61,15,119,12,4,33.3,7,58.3,57,316,140,5,0,14,9,68,1,9,5,2,0,0,0,5,2,6,25.0
Arthur,BRA,DF,Leverkusen,Bundesliga,21,2003,3,1,105,1.2,0,1,1,0,0,0,0,0,0.0,0.0,0.3,0.3,3,4,11,0.0,0.86,0.86,0.0,0.86,0.0,0.24,0.24,0.0,0.24,0,0,0.0,0.0,0.0,0.0,0.0,0,0,0.0,0.0,0.0,54,69,78.3,812,224,29,31,93.5,21,27,77.8,2,5,40.0,0.7,0.7,1,4,1,0,0,0,3,2,1,0.86,1,0,0,0,0,0,1,0,1,0,0,0,0,0,4,3,1,2,1,0,0,0.0,0,1,0,3,7,3,0,86,1,11,45,30,4,86,0,0,0.0,0,0.0,39,199,114,2,1,1,0,51,0,3,2,0,0,0,0,7,1,1,50.0
Takuma Asano,JPN,FW,Mallorca,La Liga,30,1994,6,4,319,3.5,0,0,0,0,0,0,0,0,0.7,0.7,0.0,0.7,16,9,20,0.0,0.0,0.0,0.0,0.0,0.19,0.0,0.19,0.19,0.19,9,3,33.3,2.54,0.85,0.0,0.0,12,0,0.08,-0.7,-0.7,44,73,60.3,634,167,28,34,82.4,14,21,66.7,1,7,14.3,0.0,0.0,0,2,0,0,0,2,11,6,4,1.13,2,0,1,1,0,0,0,0,0,0,0,0,0,0,5,3,1,3,1,2,3,66.7,1,3,0,2,7,4,0,114,2,19,37,62,20,114,9,3,33.3,5,55.6,71,512,301,7,7,7,2,79,0,1,4,1,0,0,0,15,2,4,33.3
Raúl Asencio,ESP,DF,Real Madrid,La Liga,21,2003,3,2,241,2.7,0,1,1,0,0,0,0,0,0.0,0.0,0.4,0.4,2,5,1,0.0,0.37,0.37,0.0,0.37,0.0,0.16,0.16,0.0,0.16,0,0,0.0,0.0,0.0,0.0,0.0,0,0,0.0,0.0,0.0,158,173,91.3,2759,1045,65,68,95.6,83,91,91.2,9,12,75.0,0.3,0.6,2,5,1,0,1,0,0,1,4,1.49,4,0,0,0,0,0,1,0,1,0,0,0,0,0,4,3,4,0,0,1,1,100.0,0,0,0,1,5,16,0,196,32,141,54,2,2,196,2,1,50.0,0,0.0,123,615,334,1,1,0,2,139,0,2,5,0,0,0,0,9,6,1,85.7
Marco Asensio,ESP,"FW,MF",Paris S-G,Ligue 1,28,1996,10,8,598,6.6,2,4,6,2,0,0,0,0,5.5,5.5,2.6,8.1,18,34,49,0.3,0.6,0.9,0.3,0.9,0.82,0.4,1.22,0.82,1.22,25,14,56.0,3.76,2.11,0.08,0.14,14,2,0.22,-3.5,-3.5,279,322,86.6,3964,751,176,189,93.1,78,91,85.7,17,23,73.9,1.6,1.4,14,29,4,1,4,1,11,7,32,4.82,25,1,1,5,0,0,7,1,7,0,0,0,0,0,3,3,1,2,0,0,6,0.0,6,1,0,0,3,1,0,362,2,20,174,173,37,362,7,3,42.9,3,42.9,253,1249,579,13,8,3,5,314,0,1,4,3,0,0,0,15,1,2,33.3
Kristjan Asllani,ALB,MF,Inter,Serie A,22,2002,6,2,235,2.6,0,1,1,0,0,0,2,0,0.4,0.4,0.7,1.1,6,14,9,0.0,0.38,0.38,0.0,0.38,0.15,0.27,0.42,0.15,0.42,4,2,50.0,1.53,0.77,0.0,0.0,20,0,0.1,-0.4,-0.4,262,286,91.6,4844,1440,101,104,97.1,134,140,95.7,24,33,72.7,0.7,0.3,5,25,3,1,1,0,10,2,7,2.68,5,2,0,0,0,0,1,0,1,0,0,0,0,0,4,0,3,1,0,2,8,25.0,6,6,1,2,6,4,0,312,6,60,208,45,4,312,0,0,0.0,0,0.0,196,979,483,6,0,2,0,263,0,2,3,0,0,0,0,16,1,3,25.0
Iago Aspas,ESP,"FW,MF",Celta Vigo,La Liga,37,1987,14,12,1068,11.9,5,3,8,3,2,3,4,1,5.2,2.8,2.2,5.0,34,73,82,0.42,0.25,0.67,0.25,0.51,0.44,0.18,0.62,0.24,0.42,28,11,39.3,2.36,0.93,0.11,0.27,21,1,0.1,-0.2,0.2,360,487,73.9,5919,1819,184,234,78.6,116,142,81.7,41,59,69.5,2.2,0.8,19,42,20,3,10,4,6,19,36,3.03,29,1,2,2,2,0,7,0,5,0,0,1,1,0,11,7,4,4,3,8,15,53.3,7,13,1,4,15,4,0,593,4,46,299,258,37,590,20,10,50.0,7,35.0,432,2201,1024,25,9,23,10,493,1,12,25,5,1,0,0,34,6,4,60.0
Yaser Asprilla,COL,"FW,MF",Girona,La Liga,21,2003,7,4,399,4.4,1,0,1,1,0,0,1,0,0.7,0.7,0.6,1.3,20,34,50,0.23,0.0,0.23,0.23,0.23,0.15,0.14,0.29,0.15,0.29,8,1,12.5,1.8,0.23,0.13,1.0,24,1,0.08,0.3,0.3,175,236,74.2,3142,972,82,92,89.1,69,83,83.1,23,45,51.1,1.8,-0.6,7,15,16,2,3,3,26,7,21,4.74,17,4,0,0,0,0,4,0,3,1,0,0,0,0,8,4,4,3,1,3,8,37.5,5,1,0,3,11,4,0,284,3,23,122,143,17,284,22,9,40.9,9,40.9,182,1204,514,13,8,12,7,216,0,7,11,0,0,0,0,21,1,0,100.0
Lorenz Assignon,TOG,"DF,MF",Rennes,Ligue 1,24,2000,12,8,675,7.5,0,1,1,0,0,0,4,0,0.2,0.2,0.2,0.4,28,35,52,0.0,0.13,0.13,0.0,0.13,0.03,0.03,0.05,0.03,0.05,3,0,0.0,0.4,0.0,0.0,0.0,19,0,0.06,-0.2,-0.2,282,359,78.6,4482,1760,132,157,84.1,133,165,80.6,10,23,43.5,0.5,0.8,5,17,7,3,0,1,13,7,15,2.0,11,4,0,0,0,0,2,0,2,0,0,0,0,0,11,6,4,6,1,5,13,38.5,8,9,3,10,21,27,0,466,25,101,213,154,16,466,22,8,36.4,14,63.6,223,1379,861,17,4,17,10,272,0,20,9,1,0,1,0,26,8,7,53.3
Dehmaine Assoumani,FRA,"MF,FW",Nantes,Ligue 1,19,2005,6,0,40,0.4,0,0,0,0,0,0,0,0,0.1,0.1,0.3,0.4,2,1,10,0.0,0.0,0.0,0.0,0.0,0.15,0.64,0.79,0.15,0.79,2,1,50.0,4.5,2.25,0.0,0.0,24,0,0.03,-0.1,-0.1,28,31,90.3,427,126,16,17,94.1,10,11,90.9,2,3,66.7,0.5,-0.3,3,1,2,2,0,0,4,0,5,11.25,4,1,0,0,0,0,0,0,0,0,0,0,0,0,5,2,0,3,2,3,3,100.0,0,0,0,1,6,1,0,44,0,6,22,16,3,44,2,1,50.0,1,50.0,28,179,89,1,1,3,1,28,0,1,2,0,0,0,0,3,0,1,0.0
Valentin Atangana Edoa,FRA,MF,Reims,Ligue 1,19,2005,13,13,1100,12.2,0,0,0,0,0,0,3,0,0.2,0.2,0.3,0.5,16,41,12,0.0,0.0,0.0,0.0,0.0,0.02,0.02,0.04,0.02,0.04,11,1,9.1,0.9,0.08,0.0,0.0,26,0,0.02,-0.2,-0.2,415,468,88.7,6338,1683,215,227,94.7,180,194,92.8,11,23,47.8,0.2,-0.3,5,26,2,0,1,0,8,7,23,1.88,17,0,2,1,2,1,1,0,1,0,0,0,0,0,25,19,12,12,1,9,12,75.0,3,8,3,16,41,21,0,589,40,199,318,81,11,589,23,12,52.2,9,39.1,314,2067,944,18,2,16,10,379,0,21,22,2,0,0,0,55,12,14,46.2
Arthur Atta,FRA,MF,Udinese,Serie A,21,2003,4,0,65,0.7,0,0,0,0,0,0,0,0,0.0,0.0,0.1,0.1,0,4,7,0.0,0.0,0.0,0.0,0.0,0.0,0.08,0.08,0.0,0.08,0,0,0.0,0.0,0.0,0.0,0.0,0,0,0.0,0.0,0.0,38,45,84.4,706,124,15,15,100.0,18,20,90.0,5,6,83.3,0.0,-0.1,1,2,0,0,0,1,2,3,2,2.73,2,0,0,0,0,0,0,0,0,0,0,0,0,0,2,2,0,1,1,0,0,0.0,0,1,1,0,2,0,0,53,0,5,34,14,2,53,3,1,33.3,2,66.7,37,244,86,0,0,0,4,43,0,1,1,0,0,0,0,1,0,1,0.0
Tommaso Augello,ITA,DF,Cagliari,Serie A,30,1994,14,12,980,10.9,0,1,1,0,0,0,1,0,0.1,0.1,1.4,1.5,23,42,42,0.0,0.09,0.09,0.0,0.09,0.01,0.13,0.13,0.01,0.13,2,0,0.0,0.18,0.0,0.0,0.0,23,0,0.03,-0.1,-0.1,410,572,71.7,7752,3069,166,185,89.7,190,257,73.9,54,103,52.4,1.7,-0.4,15,32,14,9,0,1,72,14,30,2.76,20,9,1,0,0,0,2,0,2,0,0,0,0,0,20,12,10,7,3,12,15,80.0,3,11,4,9,29,45,0,682,41,238,253,203,3,682,24,12,50.0,11,45.8,292,1599,764,11,0,11,11,345,0,6,5,2,0,0,0,47,19,7,73.1
Carlos Augusto,BRA,DF,Inter,Serie A,25,1999,7,2,263,2.9,0,0,0,0,0,0,0,0,0.3,0.3,0.0,0.3,5,13,16,0.0,0.0,0.0,0.0,0.0,0.11,0.0,0.11,0.11,0.11,2,0,0.0,0.68,0.0,0.0,0.0,11,0,0.16,-0.3,-0.3,147,161,91.3,2420,563,74,74,100.0,67,69,97.1,5,10,50.0,0.0,0.0,0,8,0,0,0,0,3,4,2,0.68,0,1,0,0,1,0,0,0,0,0,0,0,0,0,3,2,2,1,0,2,4,50.0,2,1,1,1,4,8,0,187,12,55,94,38,3,187,2,0,0.0,2,100.0,100,513,227,3,1,2,5,136,0,4,2,0,0,0,0,9,6,5,54.5
Yann Aurel Bisseck,GER,DF,Inter,Serie A,24,2000,8,5,474,5.3,1,0,1,1,0,0,1,0,0.9,0.9,0.1,1.0,13,30,18,0.19,0.0,0.19,0.19,0.19,0.17,0.02,0.19,0.17,0.19,5,1,20.0,0.95,0.19,0.2,1.0,11,0,0.18,0.1,0.1,390,419,93.1,6650,1633,159,166,95.8,207,217,95.4,18,23,78.3,0.2,-0.1,1,27,1,0,0,0,4,5,5,0.95,4,0,0,1,0,0,0,0,0,0,0,0,0,0,5,3,4,1,0,3,4,75.0,1,5,2,4,9,17,1,469,34,143,259,68,11,469,2,0,0.0,2,100.0,336,1807,839,13,1,3,2,382,0,4,4,0,0,1,0,16,14,4,77.8
Ezequiel Ávila,ARG,FW,Betis,La Liga,30,1994,13,4,451,5.0,2,0,2,2,0,0,4,0,1.3,1.3,0.8,2.1,9,17,36,0.4,0.0,0.4,0.4,0.4,0.25,0.16,0.41,0.25,0.41,17,8,47.1,3.39,1.6,0.12,0.25,17,0,0.07,0.7,0.7,127,174,73.0,2087,491,72,89,80.9,40,52,76.9,12,19,63.2,0.7,-0.8,13,0,9,5,0,1,16,5,24,4.79,18,0,1,2,3,0,2,0,2,0,0,0,0,0,4,2,1,1,2,1,3,33.3,2,4,0,1,5,3,0,239,3,15,102,126,28,239,7,3,42.9,4,57.1,124,504,215,6,3,21,3,161,0,7,14,4,0,0,0,18,4,4,50.0
Taiwo Awoniyi,NGA,FW,Nott'Ham Forest,Premier League,27,1997,9,2,174,1.9,0,0,0,0,0,0,0,0,0.4,0.4,0.0,0.4,3,1,10,0.0,0.0,0.0,0.0,0.0,0.22,0.0,0.22,0.22,0.22,4,1,25.0,2.07,0.52,0.0,0.0,13,0,0.11,-0.4,-0.4,26,37,70.3,282,22,20,24,83.3,5,10,50.0,0,2,0.0,0.1,0.0,0,0,0,0,1,0,1,1,3,1.54,2,0,0,0,1,0,0,0,0,0,0,0,0,0,2,1,0,1,1,1,1,100.0,0,1,0,0,2,3,0,66,2,8,21,38,11,66,3,1,33.3,2,66.7,31,164,90,4,1,8,6,41,0,5,6,0,0,0,0,10,6,12,33.3
Yasin Ayari,SWE,MF,Brighton,Premier League,21,2003,11,7,656,7.3,0,0,0,0,0,0,2,0,0.7,0.7,0.8,1.5,11,28,31,0.0,0.0,0.0,0.0,0.0,0.09,0.11,0.21,0.09,0.21,9,2,22.2,1.23,0.27,0.0,0.0,20,0,0.08,-0.7,-0.7,252,313,80.5,3747,1022,146,160,91.3,90,102,88.2,9,32,28.1,0.9,-0.8,11,17,9,1,5,1,26,6,25,3.42,10,6,3,2,3,1,1,0,1,0,0,0,0,0,28,12,5,18,5,13,24,54.2,11,6,1,8,36,8,0,428,18,90,218,127,19,428,26,9,34.6,9,34.6,225,1164,502,7,4,19,10,279,0,14,16,3,0,0,0,47,4,9,30.8
Florian Ayé,FRA,FW,Auxerre,Ligue 1,27,1997,10,3,310,3.4,0,0,0,0,0,0,0,0,0.4,0.4,0.1,0.5,2,3,13,0.0,0.0,0.0,0.0,0.0,0.12,0.02,0.14,0.12,0.14,5,1,20.0,1.45,0.29,0.0,0.0,14,0,0.08,-0.4,-0.4,54,68,79.4,678,84,38,45,84.4,12,16,75.0,1,1,100.0,0.1,-0.1,1,4,2,0,0,0,1,0,1,0.29,1,0,0,0,0,0,1,0,1,0,0,0,0,0,2,2,0,0,2,0,1,0.0,1,3,0,3,5,5,0,96,4,12,50,34,8,96,2,2,100.0,0,0.0,39,215,60,2,0,9,2,61,0,6,4,2,0,0,0,7,8,16,33.3
André Ayew,GHA,FW,Le Havre,Ligue 1,35,1989,6,5,455,5.1,0,0,0,0,0,0,0,0,1.1,1.1,0.0,1.2,2,6,15,0.0,0.0,0.0,0.0,0.0,0.23,0.0,0.23,0.23,0.23,7,1,14.3,1.38,0.2,0.0,0.0,14,2,0.16,-1.1,-1.1,71,91,78.0,767,56,49,58,84.5,14,16,87.5,0,1,0.0,0.0,0.0,1,1,0,0,0,0,1,4,5,0.99,4,0,0,0,1,0,0,0,0,0,0,0,0,0,6,4,1,3,2,3,4,75.0,1,2,1,1,7,4,0,132,6,15,73,47,11,132,4,2,50.0,1,25.0,59,256,66,2,1,8,12,89,0,4,10,2,0,0,0,10,15,14,51.7
Jordan Ayew,GHA,"FW,MF",Crystal Palace,Premier League,33,1991,1,0,21,0.2,0,0,0,0,0,0,1,0,0.5,0.5,0.0,0.5,0,0,1,0.0,0.0,0.0,0.0,0.0,1.96,0.21,2.17,1.96,2.17,1,0,0.0,4.29,0.0,0.0,0.0,5,0,0.46,-0.5,-0.5,8,10,80.0,167,4,3,3,100.0,4,6,66.7,1,1,100.0,0.0,0.0,1,0,0,0,0,1,1,0,1,4.29,1,0,0,0,0,0,0,0,0,0,0,0,0,0,1,0,0,0,1,0,0,0.0,0,0,0,0,1,0,0,12,0,0,7,5,1,12,0,0,0.0,0,0.0,6,25,12,0,0,0,1,9,0,1,0,0,0,0,0,1,1,1,50.0
Jordan Ayew,GHA,"FW,MF",Leicester City,Premier League,33,1991,13,6,597,6.6,3,0,3,2,1,1,3,0,2.1,1.3,0.1,1.4,10,13,31,0.45,0.0,0.45,0.3,0.3,0.31,0.01,0.32,0.19,0.2,14,4,28.6,2.11,0.6,0.14,0.5,17,1,0.09,0.9,0.7,133,168,79.2,1847,338,78,89,87.6,47,60,78.3,3,9,33.3,0.3,-0.1,3,7,4,2,2,1,12,4,8,1.21,7,0,0,1,0,0,1,0,1,0,0,0,0,0,11,5,3,6,2,2,6,33.3,4,5,0,7,18,3,0,274,7,33,140,108,25,273,24,7,29.2,15,62.5,182,1127,447,9,2,25,12,199,0,11,23,2,0,0,0,36,14,21,40.0
Neil El Aynaoui,FRA,MF,Lens,Ligue 1,23,2001,6,1,188,2.1,0,0,0,0,0,0,0,0,0.2,0.2,0.0,0.3,3,9,7,0.0,0.0,0.0,0.0,0.0,0.11,0.02,0.13,0.11,0.13,3,0,0.0,1.44,0.0,0.0,0.0,11,0,0.08,-0.2,-0.2,85,102,83.3,1185,280,50,56,89.3,28,33,84.8,3,4,75.0,0.1,0.0,1,7,1,1,0,0,3,3,4,1.91,3,0,0,0,0,1,0,0,0,0,0,0,0,0,6,5,5,1,0,3,10,30.0,7,5,3,2,8,2,0,131,6,33,72,29,4,131,2,1,50.0,1,50.0,66,312,135,3,1,2,5,88,0,6,3,0,0,0,0,11,3,2,60.0
Ayman Azhil,MAR,MF,Dortmund,Bundesliga,23,2001,1,0,24,0.3,0,0,0,0,0,0,1,0,0.0,0.0,0.0,0.0,0,1,1,0.0,0.0,0.0,0.0,0.0,0.0,0.0,0.0,0.0,0.0,0,0,0.0,0.0,0.0,0.0,0.0,0,0,0.0,0.0,0.0,3,4,75.0,32,17,3,3,100.0,0,0,0.0,0,0,0.0,0.0,0.0,0,1,0,0,0,0,0,1,0,0.0,0,0,0,0,0,0,0,0,0,0,0,0,0,0,1,1,1,0,0,0,0,0.0,0,0,0,0,1,0,0,9,0,2,4,3,0,9,1,0,0.0,1,100.0,4,12,0,0,0,1,1,5,0,2,0,1,0,0,0,2,0,0,0.0
Adam Aznou,MAR,DF,Bayern Munich,Bundesliga,18,2006,1,0,11,0.1,0,0,0,0,0,0,0,0,0.0,0.0,0.0,0.0,0,0,2,0.0,0.0,0.0,0.0,0.0,0.0,0.0,0.0,0.0,0.0,0,0,0.0,0.0,0.0,0.0,0.0,0,0,0.0,0.0,0.0,11,13,84.6,141,24,8,8,100.0,3,4,75.0,0,0,0.0,0.0,0.0,0,1,0,0,0,0,1,0,0,0.0,0,0,0,0,0,0,0,0,0,0,0,0,0,0,0,0,0,0,0,0,0,0.0,0,0,0,0,0,0,0,13,0,0,4,9,0,13,0,0,0.0,0,0.0,10,27,14,2,0,0,0,12,0,0,0,0,0,0,0,0,0,1,0.0
César Azpilicueta,ESP,DF,Atlético Madrid,La Liga,35,1989,6,6,480,5.3,0,0,0,0,0,0,0,0,0.2,0.2,0.0,0.2,7,39,6,0.0,0.0,0.0,0.0,0.0,0.04,0.0,0.04,0.04,0.04,3,1,33.3,0.56,0.19,0.0,0.0,11,0,0.07,-0.2,-0.2,339,388,87.4,5504,2286,156,165,94.5,155,171,90.6,19,41,46.3,0.3,0.0,0,28,3,1,1,3,3,1,3,0.56,2,1,0,0,0,0,0,0,0,0,0,0,0,0,12,5,6,4,2,10,14,71.4,4,2,1,2,14,14,0,428,21,135,235,59,6,428,0,0,0.0,0,0.0,230,1114,808,9,0,3,0,310,0,4,5,1,0,0,0,10,9,8,52.9
Paulo Azzi,BRA,DF,Cagliari,Serie A,30,1994,6,5,426,4.7,0,0,0,0,0,0,2,0,0.5,0.5,0.9,1.4,15,13,26,0.0,0.0,0.0,0.0,0.0,0.11,0.19,0.3,0.11,0.3,8,3,37.5,1.69,0.63,0.0,0.0,16,0,0.07,-0.5,-0.5,126,180,70.0,2228,889,58,74,78.4,53,69,76.8,12,29,41.4,0.7,-0.9,5,7,6,4,1,0,22,4,15,3.17,9,2,1,2,0,1,0,0,0,0,0,0,0,0,11,9,3,6,2,5,9,55.6,4,5,2,5,16,11,0,242,19,66,97,84,8,242,13,8,61.5,4,30.8,119,804,450,10,3,3,4,135,0,5,3,0,0,0,0,24,6,5,54.5
Papa Ba,ESP,MF,Girona,La Liga,20,2004,1,0,48,0.5,0,0,0,0,0,0,0,0,0.0,0.0,0.0,0.0,1,0,2,0.0,0.0,0.0,0.0,0.0,0.06,0.0,0.06,0.06,0.06,1,0,0.0,1.87,0.0,0.0,0.0,9,0,0.03,0.0,0.0,5,13,38.5,79,7,3,8,37.5,1,2,50.0,1,2,50.0,0.0,0.0,0,1,0,0,0,0,1,3,2,3.75,1,0,1,0,0,0,0,0,0,0,0,0,0,0,1,1,1,0,0,0,0,0.0,0,1,0,0,1,1,0,20,1,5,10,5,1,20,2,1,50.0,1,50.0,9,69,24,0,1,1,1,14,0,1,4,0,0,0,0,1,0,0,0.0
Shavy Babicka,GAB,"MF,FW",Toulouse,Ligue 1,24,2000,12,3,429,4.8,3,0,3,3,0,0,1,0,2.3,2.3,0.8,3.1,10,7,48,0.63,0.0,0.63,0.63,0.63,0.47,0.17,0.64,0.47,0.64,8,4,50.0,1.68,0.84,0.38,0.75,15,0,0.28,0.7,0.7,81,117,69.2,998,207,53,70,75.7,23,32,71.9,0,2,0.0,0.8,-0.8,6,2,3,1,1,1,14,4,15,3.15,10,0,2,0,1,2,1,0,0,0,1,0,0,0,10,8,3,4,3,6,10,60.0,4,8,0,1,11,3,2,173,4,20,64,96,21,173,17,7,41.2,7,41.2,114,603,328,7,3,12,8,117,0,10,9,2,0,0,0,23,1,3,25.0
Aliou Badara Baldé,GUI,"MF,FW",Bochum,Bundesliga,22,2002,5,0,91,1.0,0,0,0,0,0,0,1,0,0.2,0.2,0.2,0.4,2,1,5,0.0,0.0,0.0,0.0,0.0,0.18,0.17,0.35,0.18,0.35,4,1,25.0,3.96,0.99,0.0,0.0,26,0,0.05,-0.2,-0.2,11,20,55.0,187,62,6,9,66.7,5,8,62.5,0,0,0.0,0.2,-0.2,2,1,2,1,1,0,4,1,3,2.93,2,0,1,0,0,0,0,0,0,0,0,0,0,0,1,1,1,0,0,0,0,0.0,0,2,0,0,1,0,0,43,0,2,18,25,2,43,9,2,22.2,6,66.7,30,207,129,4,0,5,3,29,0,1,0,2,0,0,0,3,0,2,0.0
Loïc Bade,FRA,DF,Sevilla,La Liga,24,2000,11,10,921,10.2,0,1,1,0,0,0,3,0,0.2,0.2,0.6,0.8,1,12,1,0.0,0.1,0.1,0.0,0.1,0.02,0.06,0.08,0.02,0.08,5,2,40.0,0.49,0.2,0.0,0.0,9,0,0.05,-0.2,-0.2,554,655,84.6,10678,4319,213,228,93.4,283,311,91.0,53,102,52.0,0.1,0.4,2,28,2,0,1,4,2,2,7,0.68,6,0,0,1,0,0,1,0,1,0,0,0,0,0,20,12,16,4,0,9,12,75.0,3,10,7,10,30,54,1,772,107,495,261,19,8,772,11,8,72.7,2,18.2,441,2097,905,3,0,8,4,513,0,11,0,0,0,0,0,44,27,13,67.5
Milan Badelj,CRO,MF,Genoa,Serie A,35,1989,12,11,831,9.2,0,0,0,0,0,0,0,0,0.6,0.6,0.9,1.5,5,48,9,0.0,0.0,0.0,0.0,0.0,0.07,0.1,0.17,0.07,0.17,6,0,0.0,0.65,0.0,0.0,0.0,19,0,0.1,-0.6,-0.6,378,469,80.6,6492,2181,177,209,84.7,157,171,91.8,34,68,50.0,0.7,-0.9,9,46,5,0,2,6,5,3,17,1.84,14,0,0,2,1,0,1,0,0,0,0,1,0,0,17,8,9,4,4,8,20,40.0,12,9,3,11,28,20,0,556,29,133,353,75,6,556,10,5,50.0,3,30.0,277,994,406,7,1,11,5,368,0,8,11,0,0,0,0,38,7,3,70.0
Benoît Badiashile,FRA,DF,Chelsea,Premier League,23,2001,3,1,159,1.8,0,0,0,0,0,0,0,0,0.0,0.0,0.0,0.0,3,12,2,0.0,0.0,0.0,0.0,0.0,0.0,0.0,0.0,0.0,0.0,0,0,0.0,0.0,0.0,0.0,0.0,0,0,0.0,0.0,0.0,151,163,92.6,2817,815,59,65,90.8,75,78,96.2,16,19,84.2,0.1,0.0,0,15,1,0,0,1,0,0,0,0.0,0,0,0,0,0,0,0,0,0,0,0,0,0,0,2,2,1,1,0,0,0,0.0,0,2,2,5,7,4,0,178,13,67,103,9,0,178,1,0,0.0,1,100.0,100,404,264,4,0,0,0,127,0,4,2,0,0,0,0,10,4,0,100.0
Alex Baena,ESP,"MF,FW",Villarreal,La Liga,23,2001,13,12,1011,11.2,3,5,8,3,0,1,4,0,3.2,2.4,4.1,6.5,27,71,60,0.27,0.45,0.71,0.27,0.71,0.28,0.37,0.65,0.21,0.58,23,6,26.1,2.05,0.53,0.13,0.5,19,4,0.1,-0.2,0.6,336,500,67.2,6814,2586,122,157,77.7,149,201,74.1,58,109,53.2,5.3,0.9,43,40,28,4,11,8,78,15,72,6.41,47,19,0,4,2,0,7,0,6,1,0,0,0,0,7,4,2,4,1,1,10,10.0,9,12,1,12,19,8,1,607,7,79,242,298,31,606,20,7,35.0,9,45.0,368,2022,1160,33,3,16,13,410,0,17,19,4,0,0,0,53,7,11,38.9
Leon Bailey,JAM,"FW,MF",Aston Villa,Premier League,27,1997,12,8,609,6.8,0,2,2,0,0,0,2,0,0.5,0.5,1.3,1.7,28,19,55,0.0,0.3,0.3,0.0,0.3,0.07,0.19,0.26,0.07,0.26,10,1,10.0,1.48,0.15,0.0,0.0,17,1,0.05,-0.5,-0.5,141,202,69.8,2150,561,80,100,80.0,50,60,83.3,7,20,35.0,1.9,0.7,10,7,13,2,3,0,18,14,16,2.37,11,1,2,0,2,0,2,0,2,0,0,0,0,0,2,0,0,1,1,0,3,0.0,3,6,0,1,3,6,0,281,10,44,73,170,31,281,23,7,30.4,11,47.8,181,1223,573,9,17,20,17,201,0,7,10,2,1,0,0,31,2,4,33.3
Eric Bailly,CIV,DF,Villarreal,La Liga,30,1994,8,6,534,5.9,0,0,0,0,0,0,2,0,0.3,0.3,0.0,0.3,1,13,0,0.0,0.0,0.0,0.0,0.0,0.05,0.0,0.05,0.05,0.05,3,0,0.0,0.51,0.0,0.0,0.0,8,0,0.09,-0.3,-0.3,236,265,89.1,4208,1650,92,96,95.8,121,131,92.4,21,35,60.0,0.0,0.0,0,16,0,0,0,0,0,0,2,0.34,1,0,0,1,0,0,0,0,0,0,0,0,0,0,9,2,5,4,0,2,3,66.7,1,11,6,6,15,24,0,327,47,165,154,9,4,327,3,3,100.0,0,0.0,164,907,446,4,0,5,0,205,0,6,1,0,0,1,0,16,8,7,53.3
Theo Bair,CAN,FW,Auxerre,Ligue 1,25,1999,12,4,379,4.2,1,0,1,1,0,0,1,0,1.2,1.2,0.3,1.6,3,10,16,0.24,0.0,0.24,0.24,0.24,0.29,0.08,0.37,0.29,0.37,10,5,50.0,2.37,1.19,0.1,0.2,10,0,0.12,-0.2,-0.2,62,98,63.3,790,164,38,55,69.1,13,24,54.2,3,4,75.0,0.4,-0.3,5,5,0,0,0,1,4,4,8,1.89,8,0,0,0,0,0,0,0,0,0,0,0,0,0,2,1,0,1,1,0,0,0.0,0,5,2,0,2,3,0,131,5,8,52,71,21,131,2,0,0.0,2,100.0,57,231,84,1,1,4,1,85,0,10,2,6,0,0,0,3,19,15,55.9
Cédric Bakambu,COD,FW,Betis,La Liga,33,1991,9,2,272,3.0,0,1,1,0,0,0,1,0,1.2,1.2,0.2,1.4,1,4,19,0.0,0.33,0.33,0.0,0.33,0.4,0.07,0.48,0.4,0.48,8,3,37.5,2.65,0.99,0.0,0.0,12,0,0.15,-1.2,-1.2,29,51,56.9,353,54,21,31,67.7,7,17,41.2,0,0,0.0,0.3,0.8,3,6,1,0,1,0,2,1,4,1.32,3,0,0,1,0,0,0,0,0,0,0,0,0,0,1,0,0,1,0,0,1,0.0,1,4,0,0,1,1,0,83,1,1,35,47,13,83,4,1,25.0,2,50.0,42,143,44,1,2,7,6,62,0,4,1,4,0,0,0,6,4,15,21.1
Mitchel Bakker,NED,MF,Atalanta,Serie A,24,2000,1,0,22,0.2,0,0,0,0,0,0,0,0,0.0,0.0,0.0,0.0,0,1,1,0.0,0.0,0.0,0.0,0.0,0.0,0.0,0.0,0.0,0.0,0,0,0.0,0.0,0.0,0.0,0.0,0,0,0.0,0.0,0.0,7,9,77.8,109,22,2,3,66.7,5,5,100.0,0,1,0.0,0.0,0.0,0,1,0,0,0,0,1,0,0,0.0,0,0,0,0,0,0,0,0,0,0,0,0,0,0,1,0,1,0,0,1,1,100.0,0,0,0,0,1,0,0,10,0,2,5,3,0,10,0,0,0.0,0,0.0,6,23,15,0,0,0,0,7,0,1,0,0,0,0,0,2,1,1,50.0
Mitchel Bakker,NED,"DF,FW",Lille,Ligue 1,24,2000,9,4,346,3.8,2,0,2,2,0,0,0,1,1.8,1.8,0.6,2.4,17,17,33,0.52,0.0,0.52,0.52,0.52,0.45,0.14,0.59,0.45,0.59,9,5,55.6,2.34,1.3,0.22,0.4,15,0,0.2,0.2,0.2,184,224,82.1,2893,977,98,107,91.6,70,85,82.4,12,21,57.1,0.4,-0.6,4,16,2,1,0,0,15,4,9,2.26,7,0,1,1,0,0,0,0,0,0,0,0,0,0,14,11,5,6,3,6,10,60.0,4,3,0,7,21,9,0,275,8,57,128,91,12,275,7,4,57.1,3,42.9,147,663,375,6,3,4,3,179,0,5,1,1,0,0,0,16,2,3,40.0
Ridle Baku,GER,"FW,MF",Wolfsburg,Bundesliga,26,1998,12,11,900,10.0,2,0,2,2,0,0,1,0,1.3,1.3,0.5,1.8,10,32,67,0.2,0.0,0.2,0.2,0.2,0.13,0.05,0.18,0.13,0.18,14,5,35.7,1.4,0.5,0.14,0.4,20,0,0.1,0.7,0.7,294,395,74.4,5002,1377,132,158,83.5,126,168,75.0,25,37,67.6,1.1,-0.5,6,25,9,3,2,2,29,16,19,1.9,14,1,0,2,1,1,3,0,2,0,0,0,1,0,17,11,7,6,4,4,14,28.6,10,18,1,12,29,11,0,497,12,81,236,185,26,497,11,3,27.3,7,63.6,256,1233,455,7,4,11,9,299,0,11,8,1,0,0,0,49,4,13,23.5
Dilane Bakwa,FRA,"FW,MF",Strasbourg,Ligue 1,22,2002,13,13,1133,12.6,2,3,5,2,0,0,0,0,2.4,2.4,3.5,5.9,50,49,97,0.16,0.24,0.4,0.16,0.4,0.19,0.28,0.47,0.19,0.47,27,12,44.4,2.14,0.95,0.07,0.17,22,3,0.09,-0.4,-0.4,345,468,73.7,5940,1770,168,196,85.7,129,166,77.7,40,80,50.0,3.0,-0.5,27,28,17,6,2,9,61,12,50,3.97,28,13,5,1,2,1,4,0,4,0,0,0,0,0,11,7,6,2,3,5,9,55.6,4,11,0,5,16,15,0,604,12,79,255,276,34,604,47,16,34.0,28,59.6,397,2710,1326,34,19,22,19,449,0,7,41,2,0,0,0,36,7,4,63.6
Tommaso Baldanzi,ITA,"MF,FW",Roma,Serie A,21,2003,13,1,390,4.3,1,1,2,1,0,0,1,0,1.0,1.0,0.2,1.2,20,9,23,0.23,0.23,0.46,0.23,0.46,0.24,0.04,0.28,0.24,0.28,13,1,7.7,3.0,0.23,0.08,1.0,19,0,0.08,0.0,0.0,145,175,82.9,1823,352,100,110,90.9,41,49,83.7,0,5,0.0,0.4,0.8,4,10,2,0,1,1,4,7,16,3.68,10,0,2,2,1,1,3,0,2,0,0,0,0,1,6,1,3,1,2,1,4,25.0,3,2,0,4,10,2,0,228,1,18,87,127,23,228,19,7,36.8,11,57.9,150,1055,523,17,6,7,4,166,0,4,8,0,0,0,0,23,1,1,50.0
Alejandro Balde,ESP,DF,Barcelona,La Liga,21,2003,14,12,1021,11.3,0,2,2,0,0,0,0,0,0.3,0.3,1.3,1.5,42,32,91,0.0,0.18,0.18,0.0,0.18,0.02,0.11,0.14,0.02,0.14,6,1,16.7,0.53,0.09,0.0,0.0,19,0,0.04,-0.3,-0.3,504,586,86.0,7682,1737,266,297,89.6,211,232,90.9,18,29,62.1,0.8,0.7,10,19,16,5,1,2,28,14,35,3.09,23,3,1,1,7,0,6,0,4,0,0,0,2,0,8,4,4,3,1,4,6,66.7,2,7,3,5,13,11,0,689,21,146,348,205,15,689,52,20,38.5,20,38.5,425,2846,1333,23,3,15,13,484,0,7,27,0,0,0,0,46,7,6,53.8
Carlos Baleba,CMR,MF,Brighton,Premier League,20,2004,10,8,675,7.5,1,1,2,1,0,0,3,1,0.9,0.9,0.5,1.4,11,42,5,0.13,0.13,0.27,0.13,0.27,0.12,0.07,0.19,0.12,0.19,16,5,31.3,2.13,0.67,0.06,0.2,24,0,0.06,0.1,0.1,307,342,89.8,4962,1321,157,169,92.9,116,127,91.3,28,34,82.4,0.2,0.5,7,34,7,0,2,2,1,2,19,2.54,16,0,1,1,0,1,1,0,0,0,0,0,0,1,23,12,4,12,7,14,23,60.9,9,12,3,16,39,4,0,444,18,87,264,105,5,444,17,10,58.8,6,35.3,238,1398,687,15,1,7,11,266,1,15,12,0,0,1,0,54,10,6,62.5
Leonardo Balerdi,ARG,DF,Marseille,Ligue 1,25,1999,10,10,814,9.0,0,0,0,0,0,0,4,1,0.0,0.0,0.7,0.7,7,46,1,0.0,0.0,0.0,0.0,0.0,0.0,0.08,0.08,0.0,0.08,1,0,0.0,0.11,0.0,0.0,0.0,34,0,0.02,0.0,0.0,768,823,93.3,13195,4910,305,316,96.5,405,419,96.7,45,66,68.2,0.5,-0.7,5,71,3,0,1,2,0,5,16,1.77,14,0,2,0,0,0,2,0,2,0,0,0,0,0,16,12,12,3,1,10,19,52.6,9,13,9,13,29,24,2,907,61,356,537,20,3,907,8,7,87.5,1,12.5,584,2980,2026,7,2,7,8,700,1,7,6,0,0,0,1,45,11,6,64.7
Iván Balliu,ALB,DF,Rayo Vallecano,La Liga,32,1992,10,6,593,6.6,0,0,0,0,0,0,2,0,0.0,0.0,0.2,0.2,5,22,9,0.0,0.0,0.0,0.0,0.0,0.0,0.02,0.02,0.0,0.02,0,0,0.0,0.0,0.0,0.0,0.0,0,0,0.0,0.0,0.0,208,280,74.3,3597,1518,89,102,87.3,105,130,80.8,13,37,35.1,0.1,-0.2,3,20,2,0,0,0,8,6,8,1.21,6,1,0,0,1,0,1,0,1,0,0,0,0,0,10,8,2,5,3,3,10,30.0,7,4,1,6,16,18,0,331,23,114,156,66,3,331,4,2,50.0,1,25.0,135,469,196,3,2,6,1,156,0,9,4,0,0,0,0,21,7,13,35.0
Botond Balogh,HUN,DF,Parma,Serie A,22,2002,14,13,1145,12.7,0,1,1,0,0,0,3,0,0.2,0.2,0.1,0.3,4,24,0,0.0,0.08,0.08,0.0,0.08,0.02,0.01,0.02,0.02,0.02,2,0,0.0,0.16,0.0,0.0,0.0,6,0,0.11,-0.2,-0.2,496,548,90.5,9873,2932,121,133,91.0,327,345,94.8,43,59,72.9,0.2,0.9,2,16,0,0,0,1,0,2,7,0.55,6,0,0,0,0,1,1,0,1,0,0,0,0,0,20,8,13,7,0,11,14,78.6,3,26,20,16,36,78,1,708,154,429,269,12,4,708,0,0,0.0,0,0.0,351,1597,913,2,0,7,1,414,0,7,5,0,0,0,0,39,17,14,54.8
Folarin Balogun,USA,FW,Monaco,Ligue 1,23,2001,7,6,469,5.2,3,0,3,3,0,0,0,0,3.8,3.8,0.9,4.7,13,9,57,0.58,0.0,0.58,0.58,0.58,0.73,0.17,0.9,0.73,0.9,23,6,26.1,4.41,1.15,0.13,0.5,12,0,0.17,-0.8,-0.8,64,94,68.1,752,120,36,46,78.3,15,24,62.5,2,5,40.0,1.1,-0.9,6,5,1,0,0,0,3,4,16,3.07,11,0,1,3,1,0,2,0,0,0,1,1,0,0,0,0,0,0,0,0,2,0.0,2,0,0,0,0,0,0,157,0,3,60,95,42,157,9,3,33.3,5,55.6,107,561,275,6,6,26,7,134,0,4,6,4,0,0,0,7,1,11,8.3
Mario Balotelli,ITA,"FW,MF",Genoa,Serie A,34,1990,4,0,41,0.5,0,0,0,0,0,0,2,0,0.0,0.0,0.0,0.0,0,1,2,0.0,0.0,0.0,0.0,0.0,0.1,0.0,0.1,0.1,0.1,2,0,0.0,4.39,0.0,0.0,0.0,30,1,0.02,0.0,0.0,2,8,25.0,74,18,0,2,0.0,1,3,33.3,1,1,100.0,0.0,0.0,0,0,0,0,0,1,1,1,0,0.0,0,0,0,0,0,0,0,0,0,0,0,0,0,0,0,0,0,0,0,0,0,0.0,0,0,0,0,0,1,0,12,1,2,5,5,0,12,0,0,0.0,0,0.0,6,35,16,1,0,1,0,9,0,2,2,0,0,0,0,1,1,1,50.0
Abdoulaye Bamba,CIV,DF,Angers,Ligue 1,34,1990,6,5,430,4.8,0,0,0,0,0,0,1,0,0.0,0.0,0.1,0.1,0,8,0,0.0,0.0,0.0,0.0,0.0,0.0,0.02,0.02,0.0,0.02,0,0,0.0,0.0,0.0,0.0,0.0,0,0,0.0,0.0,0.0,157,177,88.7,3275,1076,34,38,89.5,111,115,96.5,12,21,57.1,0.2,-0.1,3,5,2,1,1,0,1,2,4,0.84,3,0,0,0,0,1,0,0,0,0,0,0,0,0,7,2,6,1,0,4,5,80.0,1,5,3,6,13,22,0,226,25,121,100,5,1,226,1,1,100.0,0,0.0,136,557,238,0,0,2,1,143,0,3,3,0,0,0,0,10,4,2,66.7
Jonathan Bamba,CIV,"FW,MF",Celta Vigo,La Liga,28,1996,10,9,718,8.0,0,0,0,0,0,0,1,0,0.8,0.8,1.3,2.1,28,29,58,0.0,0.0,0.0,0.0,0.0,0.09,0.16,0.26,0.09,0.26,11,4,36.4,1.38,0.5,0.0,0.0,18,0,0.07,-0.8,-0.8,272,337,80.7,3812,973,161,185,87.0,80,96,83.3,14,22,63.6,1.4,-1.3,11,19,12,5,3,1,23,9,24,3.01,21,0,2,1,0,0,3,0,3,0,0,0,0,0,10,5,3,5,2,4,10,40.0,6,6,0,5,15,5,0,431,7,68,217,155,19,431,33,13,39.4,17,51.5,281,1744,861,15,6,17,13,319,0,7,13,3,0,0,0,48,4,8,33.3
Mohamed Bamba,CIV,MF,Reims,Ligue 1,20,2004,1,0,1,0.0,0,0,0,0,0,0,0,0,0.0,0.0,0.0,0.0,0,1,0,0.0,0.0,0.0,0.0,0.0,0.0,0.0,0.0,0.0,0.0,0,0,0.0,0.0,0.0,0.0,0.0,0,0,0.0,0.0,0.0,1,2,50.0,37,10,0,0,0.0,0,1,0.0,1,1,100.0,0.0,0.0,0,0,0,0,0,0,0,0,0,0.0,0,0,0,0,0,0,0,0,0,0,0,0,0,0,0,0,0,0,0,0,0,0.0,0,1,0,0,0,0,0,3,0,1,1,1,0,3,0,0,0.0,0,0.0,2,4,4,1,0,0,0,2,0,0,0,0,0,0,0,0,0,2,0.0
Samuel Bamba,GER,"FW,MF",Bochum,Bundesliga,20,2004,2,0,9,0.1,0,0,0,0,0,0,0,0,0.0,0.0,0.0,0.0,0,0,4,0.0,0.0,0.0,0.0,0.0,0.0,0.3,0.3,0.0,0.3,0,0,0.0,0.0,0.0,0.0,0.0,0,0,0.0,0.0,0.0,6,9,66.7,100,17,3,3,100.0,3,3,100.0,0,2,0.0,0.0,0.0,1,1,0,0,0,0,3,1,1,10.0,1,0,0,0,0,0,0,0,0,0,0,0,0,0,0,0,0,0,0,0,0,0.0,0,0,0,0,0,0,0,14,0,0,5,9,0,14,2,0,0.0,2,100.0,11,48,5,0,0,3,0,11,0,0,0,1,0,0,0,1,1,1,50.0
Lameck Banda,ZAM,"FW,MF",Lecce,Serie A,23,2001,10,6,500,5.6,0,1,1,0,0,0,1,0,0.7,0.7,0.9,1.6,20,5,36,0.0,0.18,0.18,0.0,0.18,0.12,0.17,0.29,0.12,0.29,11,2,18.2,1.98,0.36,0.0,0.0,19,0,0.06,-0.7,-0.7,98,125,78.4,1423,266,63,69,91.3,26,36,72.2,6,15,40.0,0.7,0.1,9,1,5,3,1,1,21,2,18,3.24,11,1,2,1,3,0,1,0,1,0,0,0,0,0,5,4,4,1,0,3,10,30.0,7,6,0,1,6,6,0,196,4,34,75,93,16,196,24,8,33.3,12,50.0,133,1304,680,8,14,13,7,132,0,8,18,2,0,0,0,21,2,11,15.4
Daniel Bandeira,POR,MF,Hellas Verona,Serie A,24,2000,9,3,342,3.8,0,0,0,0,0,0,0,0,0.0,0.0,0.1,0.2,1,20,3,0.0,0.0,0.0,0.0,0.0,0.01,0.04,0.05,0.01,0.05,2,1,50.0,0.53,0.26,0.0,0.0,31,0,0.02,0.0,0.0,167,199,83.9,2535,798,97,109,89.0,51,57,89.5,11,22,50.0,0.1,-0.1,3,15,1,0,0,1,8,1,6,1.58,5,1,0,0,0,0,0,0,0,0,0,0,0,0,4,0,1,3,0,3,5,60.0,2,2,1,6,10,8,0,228,11,67,141,24,0,228,1,1,100.0,0,0.0,127,653,309,2,0,2,6,140,0,3,3,0,0,0,0,32,6,3,66.7
Mattia Bani,ITA,DF,Genoa,Serie A,31,1993,7,7,528,5.9,0,0,0,0,0,0,2,0,0.1,0.1,0.1,0.1,3,5,2,0.0,0.0,0.0,0.0,0.0,0.01,0.01,0.03,0.01,0.03,3,1,33.3,0.51,0.17,0.0,0.0,11,0,0.03,-0.1,-0.1,247,277,89.2,4932,1917,74,78,94.9,143,155,92.3,29,40,72.5,0.0,-0.1,1,6,0,0,0,0,1,2,5,0.85,4,0,0,1,0,0,2,0,1,0,0,1,0,0,5,2,4,1,0,2,2,100.0,0,5,3,10,15,22,1,332,53,210,117,7,4,332,2,1,50.0,0,0.0,186,834,406,1,0,1,0,231,0,2,4,1,0,0,0,18,8,15,34.8
Scott Banks,SCO,"FW,MF",St. Pauli,Bundesliga,23,2001,5,0,56,0.6,0,0,0,0,0,0,1,0,0.1,0.1,0.0,0.1,2,0,4,0.0,0.0,0.0,0.0,0.0,0.1,0.0,0.1,0.1,0.1,2,0,0.0,3.21,0.0,0.0,0.0,14,0,0.03,-0.1,-0.1,8,13,61.5,102,2,3,4,75.0,3,5,60.0,0,0,0.0,0.0,0.0,0,0,0,0,0,0,1,0,2,3.27,0,0,1,1,0,0,1,1,0,0,0,1,0,0,0,0,0,0,0,0,2,0.0,2,0,0,1,1,2,0,21,2,5,6,11,5,21,4,2,50.0,1,25.0,11,91,40,1,3,0,1,11,0,2,2,0,0,0,0,2,1,3,25.0
Antonín Barák,CZE,MF,Fiorentina,Serie A,30,1994,1,1,54,0.6,0,0,0,0,0,0,0,0,0.1,0.1,0.3,0.4,2,2,5,0.0,0.0,0.0,0.0,0.0,0.13,0.47,0.6,0.13,0.6,2,2,100.0,3.33,3.33,0.0,0.0,25,0,0.04,-0.1,-0.1,17,20,85.0,228,77,8,10,80.0,8,9,88.9,0,0,0.0,0.1,-0.3,3,1,1,0,0,0,1,0,3,5.0,3,0,0,0,0,0,0,0,0,0,0,0,0,0,2,0,0,2,0,0,2,0.0,2,1,1,0,2,0,0,25,1,2,11,12,3,25,1,0,0.0,1,100.0,20,117,35,1,0,1,0,20,0,0,0,0,0,0,0,2,0,1,0.0
Federico Barba,ITA,DF,Como,Serie A,31,1993,5,4,324,3.6,0,0,0,0,0,0,0,0,0.2,0.2,0.0,0.2,4,16,2,0.0,0.0,0.0,0.0,0.0,0.06,0.0,0.06,0.06,0.06,2,1,50.0,0.56,0.28,0.0,0.0,8,0,0.1,-0.2,-0.2,214,234,91.5,3485,1170,108,115,93.9,89,95,93.7,12,19,63.2,0.0,0.0,0,10,2,0,0,1,1,0,3,0.83,3,0,0,0,0,0,0,0,0,0,0,0,0,0,1,1,0,1,0,0,2,0.0,2,2,2,4,5,10,0,255,30,136,110,9,3,255,0,0,0.0,0,0.0,169,881,512,1,0,1,1,182,0,2,1,0,0,0,0,13,5,6,45.5
Valentín Barco,ARG,"DF,FW",Sevilla,La Liga,20,2004,7,3,288,3.2,0,0,0,0,0,0,0,0,0.3,0.3,0.6,0.9,4,13,13,0.0,0.0,0.0,0.0,0.0,0.09,0.2,0.28,0.09,0.28,7,0,0.0,2.19,0.0,0.0,0.0,27,2,0.04,-0.3,-0.3,139,191,72.8,2140,895,77,88,87.5,38,53,71.7,13,30,43.3,0.3,-0.6,6,12,3,0,2,2,24,5,10,3.12,5,4,0,1,0,0,0,0,0,0,0,0,0,0,15,9,8,3,4,12,15,80.0,3,0,0,2,17,5,0,236,4,45,92,100,3,236,13,3,23.1,9,69.2,123,545,254,4,0,6,4,142,0,7,5,0,0,0,0,16,0,2,0.0
Bradley Barcola,FRA,FW,Paris S-G,Ligue 1,22,2002,13,12,898,10.0,10,2,12,10,0,0,0,0,7.6,7.6,4.0,11.6,65,32,138,1.0,0.2,1.2,1.0,1.2,0.76,0.4,1.16,0.76,1.16,39,19,48.7,3.91,1.9,0.26,0.53,12,0,0.19,2.4,2.4,295,357,82.6,3980,863,203,222,91.4,75,92,81.5,10,16,62.5,2.2,-2.0,18,13,15,2,1,1,10,12,43,4.31,34,0,5,2,2,0,9,0,7,0,1,1,0,0,12,6,5,5,2,1,11,9.1,10,10,0,5,17,2,0,522,1,32,159,336,94,522,73,22,30.1,45,61.6,353,2613,1523,27,47,31,8,414,0,10,11,2,0,0,0,26,8,5,61.5
Melvin Bard,FRA,"DF,MF",Nice,Ligue 1,24,2000,7,7,557,6.2,1,0,1,1,0,0,2,0,0.7,0.7,0.4,1.1,13,25,12,0.16,0.0,0.16,0.16,0.16,0.12,0.06,0.18,0.12,0.18,6,3,50.0,0.97,0.48,0.17,0.33,15,0,0.12,0.3,0.3,214,293,73.0,3669,1189,102,118,86.4,93,118,78.8,16,41,39.0,0.5,-0.4,2,17,5,1,3,0,14,8,6,0.97,4,0,2,0,0,0,0,0,0,0,0,0,0,0,19,9,14,5,0,8,13,61.5,5,11,6,6,25,13,1,361,20,124,182,63,9,361,16,9,56.3,7,43.8,176,1081,563,8,4,6,2,203,0,6,6,0,0,0,0,35,5,9,35.7
Nicolò Barella,ITA,MF,Inter,Serie A,27,1997,10,10,786,8.7,1,2,3,1,0,0,1,0,0.8,0.8,1.3,2.0,12,67,36,0.11,0.23,0.34,0.11,0.34,0.09,0.14,0.23,0.09,0.23,16,3,18.8,1.83,0.34,0.06,0.33,23,0,0.05,0.2,0.2,471,575,81.9,8179,2274,226,254,89.0,195,226,86.3,41,68,60.3,1.9,0.7,14,46,18,4,8,9,27,8,33,3.78,22,3,3,3,2,0,8,0,7,0,1,0,0,0,16,9,5,8,3,5,16,31.3,11,11,0,3,19,2,0,659,8,96,344,224,13,659,17,9,52.9,6,35.3,446,1989,835,17,2,13,12,513,0,8,15,0,0,0,0,48,7,6,53.8
Gabriel Bares,SUI,"MF,DF",Montpellier,Ligue 1,24,2000,5,0,49,0.5,0,0,0,0,0,0,0,0,0.0,0.0,0.0,0.0,1,3,0,0.0,0.0,0.0,0.0,0.0,0.0,0.0,0.0,0.0,0.0,0,0,0.0,0.0,0.0,0.0,0.0,0,0,0.0,0.0,0.0,31,37,83.8,544,190,16,18,88.9,11,12,91.7,4,7,57.1,0.0,0.0,0,5,0,0,0,0,1,0,0,0.0,0,0,0,0,0,0,0,0,0,0,0,0,0,0,2,2,2,0,0,1,2,50.0,1,0,0,1,3,3,0,45,3,10,29,7,1,45,2,1,50.0,1,50.0,24,121,28,0,0,0,1,30,0,0,1,0,0,0,0,1,0,1,0.0
Ross Barkley,ENG,MF,Aston Villa,Premier League,31,1993,10,2,396,4.4,2,1,3,2,0,0,3,0,1.0,1.0,0.2,1.3,10,22,8,0.45,0.23,0.68,0.45,0.68,0.24,0.06,0.29,0.24,0.29,10,3,30.0,2.27,0.68,0.2,0.67,12,0,0.1,1.0,1.0,215,254,84.6,3321,772,115,132,87.1,89,98,90.8,7,9,77.8,0.3,0.8,5,23,5,0,0,2,0,7,9,2.05,9,0,0,0,0,0,3,0,3,0,0,0,0,0,7,2,3,4,0,5,8,62.5,3,6,2,4,11,3,0,295,11,49,170,79,11,295,6,5,83.3,1,16.7,177,888,427,8,1,4,4,207,0,6,1,0,0,0,0,24,4,1,80.0
Aymen Barkok,MAR,MF,Mainz 05,Bundesliga,26,1998,4,0,73,0.8,0,0,0,0,0,0,0,0,0.0,0.0,0.1,0.1,2,5,6,0.0,0.0,0.0,0.0,0.0,0.0,0.17,0.17,0.0,0.17,0,0,0.0,0.0,0.0,0.0,0.0,0,0,0.0,0.0,0.0,26,37,70.3,506,182,14,17,82.4,6,9,66.7,4,5,80.0,0.3,-0.1,1,7,3,1,0,0,5,2,2,2.47,1,1,0,0,0,0,0,0,0,0,0,0,0,0,2,1,1,1,0,1,1,100.0,0,1,1,2,4,0,0,47,2,9,22,17,1,47,3,0,0.0,2,66.7,22,139,75,0,0,0,0,29,0,2,1,0,0,0,0,4,2,5,28.6
Harvey Barnes,ENG,FW,Newcastle Utd,Premier League,27,1997,13,5,609,6.8,4,1,5,4,0,0,0,0,2.3,2.3,2.0,4.3,31,32,63,0.59,0.15,0.74,0.59,0.74,0.34,0.29,0.63,0.34,0.63,18,6,33.3,2.66,0.89,0.22,0.67,14,0,0.13,1.7,1.7,161,206,78.2,2316,759,107,124,86.3,45,64,70.3,7,11,63.6,1.6,-1.0,9,5,19,4,1,1,18,5,22,3.25,15,1,2,1,3,0,3,0,2,0,1,0,0,0,8,5,3,3,2,3,4,75.0,1,3,0,4,12,5,0,274,6,41,86,147,39,274,19,8,42.1,7,36.8,201,1472,786,16,16,15,8,223,0,8,9,2,0,0,0,22,2,5,28.6
Enzo Barrenechea,ARG,MF,Valencia,La Liga,23,2001,9,6,499,5.5,1,0,1,1,0,0,3,0,0.7,0.7,0.1,0.8,3,20,3,0.18,0.0,0.18,0.18,0.18,0.13,0.02,0.15,0.13,0.15,4,1,25.0,0.72,0.18,0.25,1.0,12,0,0.18,0.3,0.3,201,254,79.1,3618,1011,82,98,83.7,99,114,86.8,17,29,58.6,0.1,-0.1,2,32,0,0,0,6,1,2,9,1.62,4,1,0,1,2,1,3,0,0,1,0,0,1,1,11,4,6,4,1,3,6,50.0,3,9,2,5,16,10,0,307,12,73,213,24,6,307,5,1,20.0,3,60.0,135,510,214,1,0,4,5,188,0,7,10,0,1,0,0,24,9,4,69.2
Ander Barrenetxea,ESP,"MF,FW",Real Sociedad,La Liga,23,2001,11,6,550,6.1,0,1,1,0,0,0,2,0,1.0,1.0,0.9,1.9,24,23,71,0.0,0.16,0.16,0.0,0.16,0.16,0.15,0.31,0.16,0.31,11,2,18.2,1.8,0.33,0.0,0.0,13,0,0.09,-1.0,-1.0,156,219,71.2,2838,645,81,99,81.8,48,68,70.6,25,31,80.6,1.1,0.1,9,10,12,2,1,5,16,12,17,2.78,16,0,0,1,0,0,2,0,2,0,0,0,0,0,11,10,3,6,2,2,9,22.2,7,9,0,6,17,12,0,322,8,54,113,159,30,322,29,9,31.0,19,65.5,208,1379,630,14,11,23,12,230,0,15,8,1,0,1,0,41,4,3,57.1
Pablo Barrios,ESP,MF,Atlético Madrid,La Liga,21,2003,10,9,798,8.9,0,1,1,0,0,0,1,0,0.4,0.4,1.0,1.4,10,53,26,0.0,0.11,0.11,0.0,0.11,0.04,0.11,0.16,0.04,0.16,11,2,18.2,1.24,0.23,0.0,0.0,25,0,0.03,-0.4,-0.4,427,502,85.1,6812,1857,230,248,92.7,158,180,87.8,29,48,60.4,0.8,0.0,12,45,9,2,2,5,13,9,25,2.82,24,0,0,0,0,1,4,0,4,0,0,0,0,0,16,10,7,8,1,6,15,40.0,9,5,1,12,28,8,3,595,19,133,303,161,10,595,12,7,58.3,4,33.3,360,1757,835,11,2,19,9,440,0,11,8,0,0,0,0,50,12,5,70.6
Thierno Barry,FRA,FW,Villarreal,La Liga,22,2002,13,9,874,9.7,4,2,6,4,0,0,1,0,5.3,5.3,1.0,6.4,16,10,55,0.41,0.21,0.62,0.41,0.62,0.55,0.11,0.66,0.55,0.66,32,10,31.3,3.3,1.03,0.13,0.4,12,0,0.17,-1.3,-1.3,72,132,54.5,1019,131,34,59,57.6,26,48,54.2,4,9,44.4,0.5,1.0,9,4,4,0,1,1,1,5,21,2.16,13,0,1,3,3,1,2,0,2,0,0,0,0,0,4,3,1,2,1,1,4,25.0,3,5,0,0,4,6,0,256,8,15,97,148,48,256,17,3,17.6,10,58.8,140,941,394,14,10,36,15,194,0,19,22,13,1,0,0,14,36,21,63.2
Davide Bartesaghi,ITA,DF,Milan,Serie A,19,2005,1,0,5,0.1,0,0,0,0,0,0,0,1,0.0,0.0,0.0,0.0,0,0,0,0.0,0.0,0.0,0.0,0.0,0.0,0.0,0.0,0.0,0.0,0,0,0.0,0.0,0.0,0.0,0.0,0,0,0.0,0.0,0.0,3,3,100.0,53,15,1,1,100.0,2,2,100.0,0,0,0.0,0.0,0.0,0,0,0,0,0,0,0,0,0,0.0,0,0,0,0,0,0,0,0,0,0,0,0,0,0,0,0,0,0,0,0,0,0.0,0,0,0,0,0,0,0,3,0,0,3,0,0,3,0,0,0.0,0,0.0,3,4,3,0,0,0,0,3,0,1,0,0,0,0,0,0,0,0,0.0
Marc Bartra,ESP,DF,Betis,La Liga,33,1991,8,7,656,7.3,2,0,2,2,0,0,1,0,0.7,0.7,0.0,0.7,2,23,1,0.27,0.0,0.27,0.27,0.27,0.1,0.0,0.1,0.1,0.1,7,4,57.1,0.96,0.55,0.29,0.5,13,0,0.1,1.3,1.3,336,426,78.9,6996,2498,104,109,95.4,179,203,88.2,50,104,48.1,0.1,0.0,0,20,3,0,2,6,0,2,4,0.55,3,0,0,1,0,0,1,0,0,0,0,1,0,0,8,6,8,0,0,4,5,80.0,1,9,5,11,19,34,0,512,53,303,195,19,9,512,6,3,50.0,3,50.0,306,1476,1002,3,0,4,2,344,0,0,4,0,0,0,0,30,17,13,56.7
Federico Baschirotto,ITA,DF,Lecce,Serie A,28,1996,14,14,1260,14.0,0,0,0,0,0,0,2,0,0.3,0.3,0.0,0.3,5,22,1,0.0,0.0,0.0,0.0,0.0,0.02,0.0,0.02,0.02,0.02,6,3,50.0,0.43,0.21,0.0,0.0,11,0,0.06,-0.3,-0.3,535,603,88.7,10699,3689,170,185,91.9,287,313,91.7,74,95,77.9,0.1,0.0,1,17,0,0,0,7,0,2,4,0.29,2,1,0,1,0,0,0,0,0,0,0,0,0,0,17,13,12,4,1,9,12,75.0,3,22,18,13,30,60,0,734,149,472,242,20,11,734,1,1,100.0,0,0.0,339,1605,860,4,0,4,0,425,0,10,1,0,0,0,0,26,29,19,60.4
Daniele Baselli,ITA,MF,Como,Serie A,32,1992,2,1,22,0.2,0,0,0,0,0,0,0,0,0.0,0.0,0.0,0.0,2,4,0,0.0,0.0,0.0,0.0,0.0,0.0,0.0,0.0,0.0,0.0,0,0,0.0,0.0,0.0,0.0,0.0,0,0,0.0,0.0,0.0,24,27,88.9,437,123,7,8,87.5,16,17,94.1,1,2,50.0,0.0,0.0,0,2,0,0,0,0,0,0,0,0.0,0,0,0,0,0,0,0,0,0,0,0,0,0,0,0,0,0,0,0,0,0,0.0,0,0,0,1,1,1,0,31,1,6,23,2,0,31,0,0,0.0,0,0.0,22,134,45,0,0,1,0,24,0,0,1,0,0,0,0,0,0,1,0.0
Calvin Bassey,NGA,DF,Fulham,Premier League,25,1999,13,13,1170,13.0,0,0,0,0,0,0,4,0,0.3,0.3,0.0,0.3,7,38,6,0.0,0.0,0.0,0.0,0.0,0.02,0.0,0.02,0.02,0.02,7,2,28.6,0.54,0.15,0.0,0.0,20,0,0.04,-0.3,-0.3,729,818,89.1,13548,4611,275,289,95.2,370,396,93.4,71,108,65.7,0.1,0.0,1,48,0,0,0,4,1,5,6,0.46,5,1,0,0,0,0,1,0,1,0,0,0,0,0,13,9,9,4,0,4,6,66.7,2,21,11,6,19,42,3,927,135,468,426,38,5,927,9,3,33.3,3,33.3,631,2723,1403,8,0,12,5,656,0,10,13,1,0,0,0,61,12,18,40.0
Aboubacar Bassinga,CIV,MF,Las Palmas,La Liga,19,2005,1,0,4,0.0,0,0,0,0,0,0,0,0,0.0,0.0,0.0,0.0,0,0,0,0.0,0.0,0.0,0.0,0.0,0.0,0.0,0.0,0.0,0.0,0,0,0.0,0.0,0.0,0.0,0.0,0,0,0.0,0.0,0.0,2,4,50.0,53,0,1,1,100.0,0,0,0.0,1,3,33.3,0.0,0.0,0,0,0,0,1,0,0,0,0,0.0,0,0,0,0,0,0,0,0,0,0,0,0,0,0,0,0,0,0,0,0,0,0.0,0,0,0,0,0,0,0,4,0,0,4,0,0,4,0,0,0.0,0,0.0,3,11,4,0,0,0,1,3,0,1,0,0,0,0,0,0,0,0,0.0
Alessandro Bastoni,ITA,DF,Inter,Serie A,25,1999,12,12,918,10.2,0,3,3,0,0,0,1,0,0.1,0.1,1.5,1.6,24,68,36,0.0,0.29,0.29,0.0,0.29,0.01,0.15,0.16,0.01,0.16,4,1,25.0,0.39,0.1,0.0,0.0,17,0,0.03,-0.1,-0.1,768,859,89.4,14069,3916,331,348,95.1,345,368,93.8,82,120,68.3,1.1,1.5,14,54,19,10,2,11,25,5,27,2.65,25,2,0,0,0,0,7,0,6,1,0,0,0,0,17,11,7,8,2,9,13,69.2,4,9,3,9,26,15,1,940,58,253,492,197,7,940,2,1,50.0,0,0.0,624,3224,2059,31,0,9,2,693,0,17,11,0,0,0,0,36,16,11,59.3
Dylan Batubinsika,COD,DF,Saint-Étienne,Ligue 1,28,1996,13,11,1044,11.6,0,0,0,0,0,0,1,0,0.5,0.5,0.0,0.6,7,23,1,0.0,0.0,0.0,0.0,0.0,0.05,0.0,0.05,0.05,0.05,5,1,20.0,0.43,0.09,0.0,0.0,11,0,0.11,-0.5,-0.5,459,519,88.4,8826,2690,132,140,94.3,292,314,93.0,30,53,56.6,0.1,0.0,1,23,1,0,0,0,0,4,5,0.43,4,0,1,0,0,0,0,0,0,0,0,0,0,0,14,7,11,3,0,6,10,60.0,4,13,5,26,40,66,2,656,83,361,287,12,5,656,8,5,62.5,2,25.0,344,2069,1249,1,0,3,0,410,0,14,8,0,0,1,1,35,25,8,75.8
Maximilian Bauer,GER,DF,Augsburg,Bundesliga,24,2000,8,6,529,5.9,0,0,0,0,0,0,1,0,0.0,0.0,0.1,0.1,3,20,6,0.0,0.0,0.0,0.0,0.0,0.0,0.02,0.02,0.0,0.02,0,0,0.0,0.0,0.0,0.0,0.0,0,0,0.0,0.0,0.0,196,246,79.7,3735,1314,72,84,85.7,99,112,88.4,24,45,53.3,0.1,-0.1,2,20,2,2,0,2,3,1,4,0.68,2,0,0,0,1,1,0,0,0,0,0,0,0,0,12,7,4,7,1,8,12,66.7,4,9,3,6,18,30,1,314,30,125,173,17,0,314,0,0,0.0,0,0.0,158,673,347,4,0,5,1,196,0,6,12,0,0,0,0,15,14,10,58.3
Christoph Baumgartner,AUT,MF,Rb Leipzig,Bundesliga,25,1999,12,6,537,6.0,0,0,0,0,0,0,2,0,0.9,0.9,0.5,1.4,11,17,38,0.0,0.0,0.0,0.0,0.0,0.15,0.09,0.24,0.15,0.24,11,6,54.5,1.84,1.01,0.0,0.0,13,0,0.08,-0.9,-0.9,134,197,68.0,1947,558,74,96,77.1,42,56,75.0,9,15,60.0,0.5,-0.5,9,5,7,1,2,0,5,11,16,2.69,11,0,2,1,1,1,3,0,2,0,1,0,0,0,13,8,3,6,4,4,15,26.7,11,15,4,5,18,6,0,297,10,47,149,112,24,297,18,8,44.4,8,44.4,153,974,509,13,3,14,14,197,0,14,9,1,0,0,0,26,13,10,56.5
Rafael Bauza,ESP,MF,Espanyol,La Liga,19,2005,3,2,154,1.7,0,0,0,0,0,0,1,0,0.1,0.1,0.0,0.1,1,7,3,0.0,0.0,0.0,0.0,0.0,0.05,0.0,0.05,0.05,0.05,3,0,0.0,1.75,0.0,0.0,0.0,23,0,0.03,-0.1,-0.1,40,47,85.1,710,189,20,21,95.2,15,18,83.3,4,6,66.7,0.0,0.0,0,3,1,0,1,1,0,1,1,0.58,0,0,1,0,0,0,0,0,0,0,0,0,0,0,4,2,2,1,1,3,5,60.0,2,3,1,0,4,4,0,64,5,18,33,14,1,64,2,1,50.0,1,50.0,34,179,101,2,0,1,0,36,0,6,0,0,0,0,0,4,3,2,60.0
Adrian Beck,GER,"FW,MF",Heidenheim,Bundesliga,27,1997,11,5,407,4.5,1,1,2,1,0,0,0,0,0.8,0.8,0.5,1.3,5,14,13,0.22,0.22,0.44,0.22,0.44,0.17,0.11,0.28,0.17,0.28,9,2,22.2,1.99,0.44,0.11,0.5,20,0,0.08,0.2,0.2,133,173,76.9,2444,547,60,80,75.0,53,66,80.3,18,21,85.7,0.4,0.5,5,15,4,2,0,2,6,3,11,2.44,7,2,1,1,0,0,1,0,0,1,0,0,0,0,15,6,11,4,0,5,15,33.3,10,16,1,4,19,10,0,246,15,73,124,56,10,246,12,7,58.3,5,41.7,118,633,243,4,0,11,7,129,0,4,2,0,0,0,0,35,9,4,69.2
Sheraldo Becker,SUR,"MF,FW",Real Sociedad,La Liga,29,1995,13,7,630,7.0,1,0,1,1,0,0,0,0,1.4,1.4,0.9,2.2,27,14,61,0.14,0.0,0.14,0.14,0.14,0.2,0.12,0.32,0.2,0.32,15,8,53.3,2.14,1.14,0.07,0.13,19,0,0.09,-0.4,-0.4,114,187,61.0,1941,472,62,85,72.9,42,65,64.6,9,22,40.9,0.8,-0.9,6,3,11,4,0,1,38,9,11,1.57,9,0,1,0,1,0,0,0,0,0,0,0,0,0,2,2,0,2,0,0,2,0.0,2,4,0,1,3,8,0,233,7,31,67,138,24,233,6,3,50.0,1,16.7,148,1130,618,7,11,11,2,176,0,6,10,8,0,0,0,14,7,11,38.9
Timo Becker,GER,DF,Holstein Kiel,Bundesliga,27,1997,12,12,1035,11.5,0,0,0,0,0,0,1,0,1.0,1.0,0.2,1.2,12,17,22,0.0,0.0,0.0,0.0,0.0,0.09,0.02,0.11,0.09,0.11,10,3,30.0,0.87,0.26,0.0,0.0,18,1,0.11,-1.0,-1.0,324,423,76.6,6118,2405,137,152,90.1,145,182,79.7,37,65,56.9,0.3,-0.2,2,16,2,2,0,9,11,12,8,0.7,6,0,0,2,0,0,1,0,1,0,0,0,0,0,19,12,14,5,0,13,19,68.4,6,9,6,7,26,32,0,543,47,278,203,65,13,543,10,5,50.0,5,50.0,229,1318,667,10,1,17,6,270,0,5,4,0,0,0,0,42,14,11,56.0
Jan Bednarek,POL,DF,Southampton,Premier League,28,1996,11,11,980,10.9,0,0,0,0,0,0,3,0,0.0,0.0,0.4,0.5,4,31,1,0.0,0.0,0.0,0.0,0.0,0.0,0.04,0.04,0.0,0.04,1,0,0.0,0.09,0.0,0.0,0.0,42,0,0.01,0.0,0.0,888,948,93.7,14931,5494,389,407,95.6,439,462,95.0,53,66,80.3,0.7,-0.4,3,47,0,0,0,4,0,2,9,0.83,9,0,0,0,0,0,0,0,0,0,0,0,0,0,8,4,6,2,0,3,9,33.3,6,16,14,15,23,57,1,1052,205,554,485,18,4,1052,2,2,100.0,0,0.0,604,2290,1186,4,1,1,0,770,0,9,5,0,0,0,0,48,11,11,50.0
Donny Van De Beek,NED,MF,Girona,La Liga,27,1997,11,7,652,7.2,1,2,3,1,0,0,3,0,0.5,0.5,2.7,3.2,8,18,45,0.14,0.28,0.41,0.14,0.41,0.06,0.37,0.44,0.06,0.44,7,2,28.6,0.97,0.28,0.14,0.5,14,0,0.07,0.5,0.5,185,225,82.2,2725,558,106,119,89.1,62,72,86.1,9,14,64.3,2.5,-0.7,8,13,2,0,2,1,5,6,10,1.38,10,0,0,0,0,0,2,0,2,0,0,0,0,0,14,7,8,2,4,5,10,50.0,5,8,2,3,17,7,0,287,6,55,129,106,29,287,9,4,44.4,5,55.6,141,668,240,7,1,6,9,203,0,13,2,1,0,0,0,22,4,4,50.0
Kevin Behrens,GER,FW,Wolfsburg,Bundesliga,33,1991,7,0,98,1.1,1,0,1,1,0,0,1,0,1.3,1.3,0.0,1.3,1,1,12,0.92,0.0,0.92,0.92,0.92,1.15,0.0,1.15,1.15,1.15,6,2,33.3,5.51,1.84,0.17,0.5,11,0,0.21,-0.3,-0.3,20,38,52.6,324,70,12,20,60.0,4,8,50.0,2,3,66.7,0.0,0.0,0,1,0,0,0,1,0,2,3,2.76,1,1,0,1,0,0,0,0,0,0,0,0,0,0,1,1,0,1,0,0,1,0.0,1,0,0,0,1,1,0,52,1,4,19,29,11,52,1,0,0.0,1,100.0,16,64,27,0,1,3,1,40,0,0,0,0,0,0,0,3,8,8,50.0
Maximilian Beier,GER,"FW,MF",Dortmund,Bundesliga,22,2002,11,6,598,6.6,2,1,3,2,0,0,2,0,1.6,1.6,0.6,2.3,8,13,32,0.3,0.15,0.45,0.3,0.45,0.25,0.09,0.34,0.25,0.34,9,3,33.3,1.35,0.45,0.22,0.67,12,0,0.18,0.4,0.4,90,132,68.2,1066,291,53,72,73.6,22,33,66.7,2,2,100.0,0.7,0.4,8,4,6,2,1,0,4,8,18,2.71,10,0,2,1,1,4,3,0,2,0,0,1,0,0,13,8,4,5,4,5,13,38.5,8,7,0,4,17,4,0,211,3,31,79,104,21,211,23,8,34.8,14,60.9,107,522,266,7,2,13,12,137,0,7,7,3,0,0,0,21,10,7,58.8
Reda Belahyane,MAR,MF,Hellas Verona,Serie A,20,2004,13,11,1069,11.9,0,2,2,0,0,0,6,1,0.1,0.1,0.8,0.9,12,58,9,0.0,0.17,0.17,0.0,0.17,0.01,0.07,0.08,0.01,0.08,3,0,0.0,0.25,0.0,0.0,0.0,26,0,0.05,-0.1,-0.1,417,483,86.3,6518,2148,220,242,90.9,159,173,91.9,24,46,52.2,0.5,1.2,9,47,8,0,1,3,1,3,25,2.1,21,0,2,0,0,2,3,0,2,0,0,0,0,1,25,18,9,10,6,9,10,90.0,1,11,4,6,31,11,0,586,27,158,365,78,5,586,34,23,67.6,9,26.5,373,2207,1030,11,3,17,15,413,1,19,8,0,0,0,0,68,4,9,30.8
Haris Belkebla,ALG,MF,Angers,Ligue 1,30,1994,9,8,723,8.0,0,0,0,0,0,0,0,0,0.1,0.1,0.1,0.1,1,22,8,0.0,0.0,0.0,0.0,0.0,0.01,0.01,0.01,0.01,0.01,2,0,0.0,0.25,0.0,0.0,0.0,24,0,0.03,-0.1,-0.1,282,324,87.0,4435,1063,155,168,92.3,104,118,88.1,14,21,66.7,0.1,-0.1,3,22,0,0,0,1,1,5,6,0.75,6,0,0,0,0,0,1,0,1,0,0,0,0,0,14,10,10,4,0,6,15,40.0,9,12,2,9,23,16,1,407,20,136,234,40,4,407,8,0,0.0,6,75.0,214,1044,404,5,1,12,4,272,0,6,12,1,0,0,0,29,4,9,30.8
Yassin Belkhdim,FRA,MF,Angers,Ligue 1,22,2002,13,5,497,5.5,0,0,0,0,0,0,2,0,0.2,0.2,0.0,0.2,8,12,14,0.0,0.0,0.0,0.0,0.0,0.04,0.0,0.04,0.04,0.04,4,2,50.0,0.72,0.36,0.0,0.0,15,0,0.06,-0.2,-0.2,140,166,84.3,2033,521,76,80,95.0,52,61,85.2,7,10,70.0,0.0,0.0,1,6,1,0,0,0,3,6,4,0.72,3,0,0,1,0,0,0,0,0,0,0,0,0,0,28,13,13,10,5,11,26,42.3,15,9,2,8,36,12,0,253,19,93,128,38,6,253,7,1,14.3,5,71.4,120,645,271,2,1,14,4,129,0,11,6,0,0,0,0,36,1,4,20.0
Stefan Bell,GER,DF,Mainz 05,Bundesliga,33,1991,7,5,524,5.8,0,0,0,0,0,0,1,0,0.5,0.5,0.0,0.5,4,15,2,0.0,0.0,0.0,0.0,0.0,0.08,0.0,0.08,0.08,0.08,5,1,20.0,0.86,0.17,0.0,0.0,10,0,0.09,-0.5,-0.5,243,303,80.2,4883,2228,84,102,82.4,121,133,91.0,33,60,55.0,0.1,0.0,1,12,0,0,0,2,0,0,3,0.52,2,0,0,1,0,0,1,0,0,0,0,1,0,0,9,4,7,2,0,3,6,50.0,3,4,4,13,22,35,0,386,50,218,159,13,12,386,1,0,0.0,1,100.0,181,804,369,0,0,4,1,209,0,9,2,0,0,0,0,23,36,14,72.0
Raoul Bellanova,ITA,DF,Torino,Serie A,24,2000,1,1,87,1.0,0,0,0,0,0,0,0,0,0.0,0.0,0.1,0.1,4,0,5,0.0,0.0,0.0,0.0,0.0,0.03,0.07,0.11,0.03,0.11,1,0,0.0,1.03,0.0,0.0,0.0,8,0,0.03,0.0,0.0,31,43,72.1,541,130,15,17,88.2,13,18,72.2,3,6,50.0,0.0,-0.1,1,1,0,0,0,0,5,0,1,1.03,1,0,0,0,0,0,0,0,0,0,0,0,0,0,0,0,0,0,0,0,1,0.0,1,0,0,0,0,4,0,51,5,19,19,13,1,51,1,0,0.0,1,100.0,34,228,127,3,0,1,0,33,0,1,1,0,0,0,0,4,1,0,100.0
Raoul Bellanova,ITA,DF,Atalanta,Serie A,24,2000,12,9,770,8.6,0,3,3,0,0,0,1,0,0.5,0.5,1.7,2.2,28,30,65,0.0,0.35,0.35,0.0,0.35,0.06,0.19,0.25,0.06,0.25,8,1,12.5,0.94,0.12,0.0,0.0,17,0,0.06,-0.5,-0.5,300,387,77.5,4888,1497,150,167,89.8,126,159,79.2,21,40,52.5,1.1,1.3,11,15,7,6,0,0,47,11,20,2.34,19,1,0,0,0,0,5,0,5,0,0,0,0,0,7,5,2,4,1,3,5,60.0,2,4,1,8,15,6,0,451,11,95,170,192,12,451,17,8,47.1,7,41.2,238,1466,783,15,1,13,2,286,0,0,13,0,0,0,0,32,7,7,50.0
Jean-Ricner Bellegarde,FRA,"MF,FW",Wolves,Premier League,26,1998,12,8,625,6.9,1,2,3,1,0,0,2,0,0.3,0.3,0.5,0.8,16,12,30,0.14,0.29,0.43,0.14,0.43,0.05,0.07,0.11,0.05,0.11,6,2,33.3,0.86,0.29,0.17,0.5,27,1,0.05,0.7,0.7,137,173,79.2,2169,340,78,86,90.7,48,58,82.8,10,16,62.5,0.6,1.5,7,10,6,3,1,2,13,9,18,2.59,11,0,1,1,3,2,4,0,3,0,0,0,0,1,7,4,2,3,2,3,5,60.0,2,8,1,5,12,7,0,252,8,47,102,107,16,252,29,3,10.3,16,55.2,163,1042,492,11,6,10,9,172,0,11,15,1,0,0,0,21,1,11,8.3
Héctor Bellerín,ESP,DF,Betis,La Liga,29,1995,7,6,524,5.8,0,1,1,0,0,0,1,0,0.2,0.2,2.0,2.2,3,24,20,0.0,0.17,0.17,0.0,0.17,0.03,0.34,0.38,0.03,0.38,1,1,100.0,0.17,0.17,0.0,0.0,14,0,0.2,-0.2,-0.2,248,304,81.6,3882,1457,125,138,90.6,110,136,80.9,10,21,47.6,2.1,-1.0,7,14,4,2,2,0,10,5,11,1.89,10,0,1,0,0,0,1,0,1,0,0,0,0,0,12,7,6,4,2,9,16,56.3,7,4,3,6,18,18,0,354,22,110,176,69,10,354,8,6,75.0,2,25.0,196,695,326,4,0,5,1,225,0,6,0,0,0,0,0,11,6,7,46.2
Jude Bellingham,ENG,MF,Real Madrid,La Liga,21,2003,10,10,825,9.2,3,3,6,2,1,1,1,0,2.6,1.8,1.1,2.8,28,62,39,0.33,0.33,0.65,0.22,0.55,0.28,0.12,0.4,0.19,0.31,14,5,35.7,1.53,0.55,0.14,0.4,18,0,0.13,0.4,0.2,477,537,88.8,7123,1718,289,313,92.3,148,161,91.9,28,38,73.7,0.8,1.9,11,50,9,0,5,3,5,4,27,2.95,23,1,2,0,0,1,3,0,3,0,0,0,0,0,22,10,10,7,5,11,15,73.3,4,15,1,11,33,6,0,641,7,95,344,207,32,640,22,13,59.1,8,36.4,417,2038,946,17,5,19,11,519,0,11,13,2,0,0,0,35,4,9,30.8
Jeanuël Belocian,FRA,DF,Leverkusen,Bundesliga,19,2005,2,1,46,0.5,0,0,0,0,0,0,1,0,0.0,0.0,0.0,0.0,0,1,1,0.0,0.0,0.0,0.0,0.0,0.0,0.0,0.0,0.0,0.0,0,0,0.0,0.0,0.0,0.0,0.0,0,0,0.0,0.0,0.0,28,33,84.8,313,105,22,23,95.7,5,7,71.4,0,1,0.0,0.0,0.0,0,2,0,0,0,0,0,1,1,1.96,0,0,0,0,1,0,0,0,0,0,0,0,0,0,1,1,1,0,0,1,1,100.0,0,0,0,0,1,2,0,36,2,9,16,11,0,36,1,1,100.0,0,0.0,13,64,32,2,0,1,0,27,0,1,4,0,0,0,0,1,1,1,50.0
Andrea Belotti,ITA,FW,Como,Serie A,31,1993,11,4,333,3.7,1,0,1,1,0,0,0,0,1.6,1.6,0.2,1.8,4,5,19,0.27,0.0,0.27,0.27,0.27,0.43,0.06,0.49,0.43,0.49,12,2,16.7,3.24,0.54,0.08,0.5,12,0,0.13,-0.6,-0.6,52,69,75.4,593,90,34,43,79.1,12,15,80.0,1,1,100.0,0.1,-0.2,4,2,1,0,0,0,2,4,8,2.16,6,0,0,1,1,0,0,0,0,0,0,0,0,0,5,4,1,3,1,0,2,0.0,2,3,0,1,6,4,0,102,4,14,45,45,18,102,4,2,50.0,1,25.0,42,202,88,3,2,2,5,67,0,4,9,2,0,0,0,9,15,15,50.0
Fran Beltrán,ESP,MF,Celta Vigo,La Liga,25,1999,11,10,826,9.2,1,0,1,1,0,0,1,0,0.3,0.3,0.8,1.1,11,46,13,0.11,0.0,0.11,0.11,0.11,0.03,0.09,0.12,0.03,0.12,7,1,14.3,0.76,0.11,0.14,1.0,22,0,0.04,0.7,0.7,440,494,89.1,7591,2322,187,204,91.7,210,228,92.1,37,47,78.7,0.6,-0.8,3,40,3,1,2,5,2,6,11,1.2,10,0,0,1,0,0,1,0,1,0,0,0,0,0,19,11,10,7,2,9,21,42.9,12,12,4,7,26,10,2,565,18,127,369,70,6,565,3,2,66.7,1,33.3,331,1640,770,11,1,8,11,417,0,8,2,0,0,0,0,39,5,10,33.3
Lucas Beltrán,ARG,"MF,FW",Fiorentina,Serie A,23,2001,9,6,534,5.9,2,3,5,1,1,1,1,0,2.1,1.3,0.8,2.2,9,22,33,0.34,0.51,0.84,0.17,0.67,0.36,0.14,0.5,0.22,0.36,9,3,33.3,1.52,0.51,0.11,0.33,18,0,0.15,-0.1,-0.3,169,199,84.9,2595,656,87,95,91.6,61,70,87.1,11,17,64.7,0.7,2.2,9,18,3,2,3,2,3,1,19,3.2,18,0,0,0,0,1,4,0,4,0,0,0,0,0,8,4,2,4,2,2,3,66.7,1,6,1,1,9,3,0,242,2,18,142,87,17,241,5,3,60.0,2,40.0,156,809,339,6,2,8,7,195,0,7,9,2,0,0,0,22,5,10,33.3
Eliesse Ben Seghir,MAR,"MF,FW",Monaco,Ligue 1,19,2005,13,10,838,9.3,4,3,7,3,1,1,0,0,2.7,2.0,3.4,5.4,44,54,91,0.43,0.32,0.75,0.32,0.64,0.29,0.37,0.66,0.22,0.58,28,11,39.3,3.01,1.18,0.11,0.27,21,2,0.07,1.3,1.0,337,436,77.3,4579,1406,208,243,85.6,102,133,76.7,10,25,40.0,2.1,-0.4,16,26,20,2,5,1,18,9,43,4.62,33,2,1,4,3,0,6,0,4,1,0,1,0,0,17,13,5,8,4,10,17,58.8,7,10,0,4,21,1,0,586,1,48,248,297,30,585,44,15,34.1,27,61.4,396,2617,1451,46,14,36,18,464,0,17,35,1,0,0,0,42,4,12,25.0
Carlos Benavídez,URU,MF,Alavés,La Liga,26,1998,6,4,230,2.6,1,1,2,1,0,0,1,0,0.1,0.1,0.6,0.7,2,10,2,0.39,0.39,0.78,0.39,0.78,0.04,0.24,0.27,0.04,0.27,2,1,50.0,0.78,0.39,0.5,1.0,26,0,0.04,0.9,0.9,75,101,74.3,1398,511,35,40,87.5,29,34,85.3,10,21,47.6,0.3,0.4,2,12,1,0,1,0,1,0,7,2.75,5,0,1,0,0,1,2,0,2,0,0,0,0,0,5,3,2,2,1,0,3,0.0,3,1,1,5,10,3,1,118,7,29,76,16,1,118,3,2,66.7,1,33.3,77,393,187,1,1,0,0,69,0,8,2,0,0,0,0,17,5,3,62.5
Adrian Benedyczak,POL,FW,Parma,Serie A,24,2000,4,2,107,1.2,0,0,0,0,0,0,0,0,0.3,0.3,0.0,0.3,3,2,7,0.0,0.0,0.0,0.0,0.0,0.21,0.0,0.21,0.21,0.21,3,0,0.0,2.52,0.0,0.0,0.0,18,0,0.08,-0.3,-0.3,22,32,68.8,328,66,13,18,72.2,9,12,75.0,0,2,0.0,0.0,0.0,0,1,0,0,0,0,1,0,2,1.67,2,0,0,0,0,0,0,0,0,0,0,0,0,0,0,0,0,0,0,0,0,0.0,0,1,1,0,0,2,0,44,2,8,22,14,3,44,1,0,0.0,1,100.0,24,100,65,2,0,3,2,36,0,3,1,1,0,0,0,3,2,7,22.2
László Bénes,SVK,"MF,FW",Union Berlin,Bundesliga,27,1997,8,1,170,1.9,1,1,2,1,0,0,2,0,0.4,0.4,0.2,0.6,2,5,10,0.53,0.53,1.06,0.53,1.06,0.19,0.11,0.31,0.19,0.31,8,5,62.5,4.24,2.65,0.13,0.2,23,1,0.05,0.6,0.6,59,88,67.0,1146,471,29,34,85.3,12,21,57.1,15,28,53.6,0.3,0.8,6,8,1,1,0,0,14,0,9,4.76,3,5,0,1,0,0,1,0,0,1,0,0,0,0,1,1,0,1,0,0,1,0.0,1,2,1,0,1,1,0,113,0,21,53,41,3,113,2,1,50.0,1,50.0,60,239,104,1,1,5,2,60,0,5,1,1,0,0,0,13,1,5,16.7
Iker Benito,ESP,"FW,MF",Osasuna,La Liga,22,2002,2,0,37,0.4,0,0,0,0,0,0,0,0,0.0,0.0,0.0,0.0,2,0,4,0.0,0.0,0.0,0.0,0.0,0.0,0.09,0.09,0.0,0.09,0,0,0.0,0.0,0.0,0.0,0.0,0,0,0.0,0.0,0.0,9,13,69.2,128,7,4,6,66.7,3,4,75.0,1,2,50.0,0.0,0.0,1,0,0,0,0,0,2,0,1,2.43,1,0,0,0,0,0,0,0,0,0,0,0,0,0,0,0,0,0,0,0,1,0.0,1,0,0,1,1,2,0,18,1,4,11,4,0,18,1,0,0.0,1,100.0,8,60,25,1,0,1,0,13,0,1,1,0,0,0,0,3,0,1,0.0
Ismaël Bennacer,ALG,MF,Milan,Serie A,27,1997,1,1,58,0.6,0,0,0,0,0,0,0,0,0.0,0.0,0.1,0.1,0,4,0,0.0,0.0,0.0,0.0,0.0,0.0,0.14,0.14,0.0,0.14,0,0,0.0,0.0,0.0,0.0,0.0,0,0,0.0,0.0,0.0,43,47,91.5,752,174,23,23,100.0,15,15,100.0,5,9,55.6,0.1,-0.1,1,4,0,0,0,2,4,0,2,3.1,1,1,0,0,0,0,0,0,0,0,0,0,0,0,1,1,0,1,0,0,0,0.0,0,0,0,0,1,0,0,49,0,5,29,15,0,49,3,3,100.0,0,0.0,30,129,44,1,0,0,1,42,0,1,0,0,0,0,0,1,0,0,0.0
Saïd Benrahma,ALG,"FW,MF",Lyon,Ligue 1,29,1995,9,7,566,6.3,1,3,4,1,0,0,0,0,1.7,1.7,1.8,3.5,32,23,80,0.16,0.48,0.64,0.16,0.64,0.28,0.28,0.56,0.28,0.56,12,4,33.3,1.91,0.64,0.08,0.25,19,1,0.14,-0.7,-0.7,192,268,71.6,2820,984,110,126,87.3,57,85,67.1,14,25,56.0,2.4,1.2,11,17,14,3,1,2,32,9,22,3.5,14,5,3,0,0,0,6,0,5,0,1,0,0,0,6,3,3,2,1,2,7,28.6,5,5,0,2,8,1,0,336,0,34,127,177,24,336,23,7,30.4,15,65.2,210,1432,722,16,9,13,7,258,0,6,6,4,0,0,0,21,0,0,0.0
Ramy Bensebaini,ALG,DF,Dortmund,Bundesliga,29,1995,11,6,615,6.8,1,3,4,1,0,0,5,0,0.4,0.4,1.5,1.9,11,33,29,0.15,0.44,0.59,0.15,0.59,0.05,0.22,0.27,0.05,0.27,8,2,25.0,1.17,0.29,0.13,0.5,16,0,0.04,0.6,0.6,359,416,86.3,6028,1917,168,187,89.8,167,182,91.8,21,34,61.8,0.7,1.5,8,31,8,2,1,2,6,7,13,1.9,13,0,0,0,0,0,3,0,3,0,0,0,0,0,17,8,10,6,1,8,15,53.3,7,18,2,9,26,11,1,502,18,133,265,106,14,502,4,1,25.0,2,50.0,246,1065,539,12,1,4,3,311,0,13,6,0,0,0,0,33,9,6,60.0
Rodrigo Bentancur,URU,MF,Tottenham,Premier League,27,1997,10,7,535,5.9,1,0,1,1,0,0,4,0,0.7,0.7,0.1,0.8,5,40,3,0.17,0.0,0.17,0.17,0.17,0.11,0.01,0.13,0.11,0.13,11,2,18.2,1.85,0.34,0.09,0.5,20,0,0.06,0.3,0.3,356,391,91.0,5743,1424,168,181,92.8,162,170,95.3,16,22,72.7,0.2,-0.1,2,41,3,0,0,0,0,6,15,2.52,10,0,1,3,0,1,0,0,0,0,0,0,0,0,19,9,9,9,1,11,16,68.8,5,5,0,16,35,5,0,460,18,106,266,92,7,460,6,2,33.3,3,50.0,284,1206,499,9,2,3,4,324,0,13,3,0,0,0,0,42,8,6,57.1
Lucas Beraldo,BRA,DF,Paris S-G,Ligue 1,21,2003,9,8,753,8.4,1,0,1,1,0,0,4,0,0.3,0.3,0.2,0.5,4,52,0,0.12,0.0,0.12,0.12,0.12,0.03,0.02,0.05,0.03,0.05,3,2,66.7,0.36,0.24,0.33,0.5,16,0,0.09,0.7,0.7,721,783,92.1,12099,4570,317,333,95.2,346,367,94.3,43,59,72.9,0.5,-0.2,3,71,10,1,1,2,2,4,5,0.6,5,0,0,0,0,0,1,0,1,0,0,0,0,0,16,14,12,4,0,10,20,50.0,10,6,2,8,24,14,1,838,65,297,506,38,4,838,0,0,0.0,0,0.0,538,2269,1311,8,0,4,2,672,0,13,5,1,0,1,0,39,7,7,50.0
Yuri Berchiche,ESP,DF,Athletic Club,La Liga,34,1990,12,10,905,10.1,0,0,0,0,0,0,2,0,0.3,0.3,0.5,0.8,20,68,27,0.0,0.0,0.0,0.0,0.0,0.03,0.05,0.08,0.03,0.08,8,3,37.5,0.8,0.3,0.0,0.0,24,1,0.04,-0.3,-0.3,496,596,83.2,8933,3055,225,256,87.9,220,254,86.6,49,71,69.0,0.9,-0.5,6,51,5,2,0,12,14,9,12,1.19,9,1,0,1,0,1,0,0,0,0,0,0,0,0,14,8,10,3,1,8,16,50.0,8,11,2,9,23,26,1,689,40,193,377,124,6,689,8,4,50.0,3,37.5,320,1624,941,15,1,6,1,380,0,7,10,2,0,0,0,47,12,7,63.2
Álex Berenguer,ESP,"FW,MF",Athletic Club,La Liga,29,1995,14,9,810,9.0,2,4,6,2,0,1,2,0,2.7,1.9,2.5,4.4,25,25,73,0.22,0.44,0.67,0.22,0.67,0.3,0.28,0.58,0.21,0.49,18,6,33.3,2.0,0.67,0.11,0.33,19,0,0.11,-0.7,0.1,222,331,67.1,3602,744,121,138,87.7,74,105,70.5,22,59,37.3,1.7,1.5,14,14,11,3,3,2,54,14,32,3.56,21,7,2,0,2,0,8,0,4,2,1,0,1,0,11,4,2,6,3,8,11,72.7,3,5,2,5,16,6,0,431,8,31,163,245,29,430,27,12,44.4,13,48.1,224,1430,792,14,11,19,10,290,0,9,11,2,2,0,0,29,13,17,43.3
Sander Berge,NOR,MF,Fulham,Premier League,26,1998,10,6,614,6.8,0,0,0,0,0,0,0,0,0.1,0.1,0.3,0.4,5,33,0,0.0,0.0,0.0,0.0,0.0,0.01,0.04,0.05,0.01,0.05,1,0,0.0,0.15,0.0,0.0,0.0,6,0,0.08,-0.1,-0.1,322,355,90.7,5698,1452,131,151,86.8,155,163,95.1,30,32,93.8,0.3,-0.3,9,38,0,0,1,1,0,3,12,1.76,10,0,0,0,0,2,1,0,1,0,0,0,0,0,16,9,6,8,2,6,9,66.7,3,10,4,13,29,7,0,406,24,116,237,54,4,406,3,1,33.3,2,66.7,237,1171,442,6,2,2,4,245,0,6,1,0,0,0,0,39,12,5,70.6
Lucas Bergvall,SWE,"MF,FW",Tottenham,Premier League,18,2006,7,0,58,0.6,0,0,0,0,0,0,0,0,0.1,0.1,0.2,0.3,2,4,4,0.0,0.0,0.0,0.0,0.0,0.12,0.29,0.42,0.12,0.42,2,0,0.0,3.1,0.0,0.0,0.0,24,0,0.04,-0.1,-0.1,61,70,87.1,923,239,36,39,92.3,17,20,85.0,6,7,85.7,0.3,-0.2,1,5,0,0,0,0,5,0,2,3.05,0,2,0,0,0,0,0,0,0,0,0,0,0,0,6,3,1,3,2,6,8,75.0,2,0,0,1,7,0,0,84,1,8,40,37,2,84,5,3,60.0,2,40.0,48,213,78,2,0,3,3,59,0,3,2,0,0,0,0,6,1,0,100.0
Medon Berisha,ALB,"MF,FW",Lecce,Serie A,21,2003,3,1,83,0.9,0,0,0,0,0,0,0,0,0.1,0.1,0.1,0.3,2,5,6,0.0,0.0,0.0,0.0,0.0,0.13,0.15,0.27,0.13,0.27,5,3,60.0,5.42,3.25,0.0,0.0,29,0,0.02,-0.1,-0.1,42,53,79.2,760,240,20,22,90.9,13,16,81.3,8,13,61.5,0.2,-0.1,3,4,1,0,0,0,7,1,6,6.51,4,2,0,0,0,0,0,0,0,0,0,0,0,0,2,1,1,1,0,1,1,100.0,0,0,0,0,2,0,0,61,0,3,26,32,3,61,1,0,0.0,0,0.0,37,187,94,1,1,0,0,40,0,2,2,0,0,0,0,3,1,2,33.3
Mergim Berisha,GER,FW,Hoffenheim,Bundesliga,26,1998,9,3,310,3.4,1,1,2,1,0,0,1,0,1.0,1.0,0.5,1.5,2,6,15,0.29,0.29,0.58,0.29,0.58,0.28,0.14,0.42,0.28,0.42,11,3,27.3,3.19,0.87,0.09,0.33,16,1,0.09,0.0,0.0,32,46,69.6,456,100,17,21,81.0,12,18,66.7,1,2,50.0,0.3,0.5,1,5,2,0,2,1,2,0,4,1.16,3,0,0,1,0,0,1,0,1,0,0,0,0,0,2,2,1,1,0,0,3,0.0,3,2,1,0,2,3,0,79,5,10,28,41,10,79,6,2,33.3,4,66.7,50,149,73,3,1,4,2,58,0,4,5,3,0,0,0,6,3,12,20.0
Adrian Bernabe,ESP,MF,Parma,Serie A,23,2001,11,11,896,10.0,0,0,0,0,0,0,1,0,0.6,0.6,0.9,1.5,20,67,7,0.0,0.0,0.0,0.0,0.0,0.06,0.09,0.15,0.06,0.15,19,1,5.3,1.91,0.1,0.0,0.0,27,5,0.03,-0.6,-0.6,508,608,83.6,9886,3485,198,219,90.4,225,263,85.6,72,104,69.2,0.8,-0.9,19,68,9,3,2,10,15,8,39,3.92,31,6,0,1,1,0,3,0,3,0,0,0,0,0,21,13,14,6,1,12,26,46.2,14,18,9,6,27,16,0,711,31,185,388,149,3,711,20,9,45.0,6,30.0,433,2031,1231,20,1,10,7,494,0,7,22,0,0,0,0,48,4,2,66.7
Marc Bernal,ESP,MF,Barcelona,La Liga,17,2007,3,3,242,2.7,0,0,0,0,0,0,2,0,0.1,0.1,0.0,0.1,0,8,2,0.0,0.0,0.0,0.0,0.0,0.03,0.01,0.03,0.03,0.03,2,1,50.0,0.74,0.37,0.0,0.0,26,0,0.03,-0.1,-0.1,148,160,92.5,2634,623,66,71,93.0,72,77,93.5,10,11,90.9,0.1,0.0,1,12,0,0,0,1,0,2,1,0.37,0,1,0,0,0,0,0,0,0,0,0,0,0,0,8,6,2,5,1,7,8,87.5,1,5,1,1,9,4,0,184,4,47,116,21,1,184,3,2,66.7,1,33.3,97,461,150,2,0,2,2,137,0,4,3,0,0,0,0,9,1,6,14.3
Bernardo,BRA,DF,Bochum,Bundesliga,29,1995,2,0,72,0.8,0,0,0,0,0,0,1,0,0.0,0.0,0.0,0.0,2,9,1,0.0,0.0,0.0,0.0,0.0,0.0,0.0,0.0,0.0,0.0,0,0,0.0,0.0,0.0,0.0,0.0,0,0,0.0,0.0,0.0,52,66,78.8,1110,580,14,16,87.5,29,33,87.9,8,14,57.1,0.1,0.0,0,11,3,0,0,0,0,2,1,1.25,1,0,0,0,0,0,0,0,0,0,0,0,0,0,4,1,4,0,0,3,3,100.0,0,4,2,2,6,3,0,81,5,32,47,2,0,81,0,0,0.0,0,0.0,50,263,108,2,0,1,0,52,0,5,1,0,0,0,0,4,4,2,66.7
Juan Bernat,ESP,"DF,MF",Villarreal,La Liga,31,1993,7,0,49,0.5,0,1,1,0,0,0,0,0,0.0,0.0,0.3,0.3,2,2,6,0.0,1.84,1.84,0.0,1.84,0.0,0.56,0.56,0.0,0.56,0,0,0.0,0.0,0.0,0.0,0.0,0,0,0.0,0.0,0.0,25,31,80.6,359,81,15,15,100.0,10,14,71.4,0,0,0.0,0.1,0.7,2,0,0,0,0,0,1,0,2,3.67,2,0,0,0,0,0,1,1,1,0,0,0,0,0,3,2,2,0,1,1,2,50.0,1,2,0,0,3,0,0,42,2,10,13,19,3,42,3,0,0.0,3,100.0,25,102,55,2,0,1,2,28,0,0,0,0,0,0,0,6,1,0,100.0
Alexander Bernhardsson,SWE,"DF,FW",Holstein Kiel,Bundesliga,26,1998,3,3,185,2.1,1,0,1,1,0,0,1,0,0.2,0.2,0.2,0.4,2,3,7,0.49,0.0,0.49,0.49,0.49,0.1,0.08,0.18,0.1,0.18,4,2,50.0,1.95,0.97,0.25,0.5,19,0,0.05,0.8,0.8,28,45,62.2,429,146,14,19,73.7,12,18,66.7,1,6,16.7,0.1,-0.2,1,2,1,0,1,1,4,1,3,1.46,3,0,0,0,0,0,0,0,0,0,0,0,0,0,1,1,0,0,1,1,2,50.0,1,2,0,0,1,2,0,69,1,16,33,23,3,69,7,3,42.9,4,57.1,29,200,107,3,0,5,3,44,0,3,0,0,0,0,0,6,2,2,50.0
Victor Bernth Kristiansen,DEN,DF,Leicester City,Premier League,22,2002,12,12,1037,11.5,0,1,1,0,0,0,1,0,0.0,0.0,0.9,0.9,16,30,28,0.0,0.09,0.09,0.0,0.09,0.0,0.08,0.08,0.0,0.08,0,0,0.0,0.0,0.0,0.0,0.0,0,0,0.0,0.0,0.0,446,576,77.4,7485,2911,211,240,87.9,180,224,80.4,42,85,49.4,0.6,0.1,12,33,11,8,0,1,32,5,21,1.82,15,4,0,0,2,0,3,0,3,0,0,0,0,0,41,28,30,10,1,22,39,56.4,17,21,10,13,54,32,0,709,61,287,318,111,2,709,9,3,33.3,6,66.7,352,1601,781,5,0,3,7,377,0,9,8,0,0,0,1,41,8,22,26.7
Matúš Bero,SVK,MF,Bochum,Bundesliga,29,1995,10,9,832,9.2,2,0,2,2,0,0,3,0,0.5,0.5,0.8,1.3,7,38,25,0.22,0.0,0.22,0.22,0.22,0.05,0.09,0.14,0.05,0.14,6,3,50.0,0.65,0.32,0.33,0.67,18,0,0.08,1.5,1.5,266,359,74.1,4560,1523,117,143,81.8,123,153,80.4,17,40,42.5,0.9,-0.8,10,29,11,2,1,2,9,8,31,3.35,23,5,0,1,2,0,1,0,1,0,0,0,0,0,16,7,7,5,4,7,22,31.8,15,16,3,6,22,6,1,442,18,77,231,140,11,442,13,4,30.8,9,69.2,225,921,420,9,2,14,8,246,0,8,14,0,0,0,0,42,8,10,44.4
Juan Berrocal,ESP,DF,Getafe,La Liga,25,1999,7,6,552,6.1,0,0,0,0,0,0,3,1,0.2,0.2,0.0,0.2,1,8,1,0.0,0.0,0.0,0.0,0.0,0.03,0.0,0.03,0.03,0.03,1,0,0.0,0.16,0.0,0.0,0.0,8,0,0.2,-0.2,-0.2,136,183,74.3,2826,1173,38,44,86.4,80,99,80.8,15,34,44.1,0.0,0.0,0,5,0,0,0,2,0,1,2,0.33,1,0,0,0,0,1,0,0,0,0,0,0,0,0,10,3,8,2,0,7,10,70.0,3,1,1,7,17,29,0,238,30,132,100,6,4,238,0,0,0.0,0,0.0,91,423,195,0,0,1,0,88,1,7,1,0,0,0,0,23,19,10,65.5
Beto,GNB,FW,Everton,Premier League,26,1998,9,1,187,2.1,1,0,1,1,0,0,0,0,1.6,1.6,0.0,1.6,3,1,12,0.48,0.0,0.48,0.48,0.48,0.78,0.0,0.78,0.78,0.78,10,3,30.0,4.81,1.44,0.1,0.33,11,0,0.16,-0.6,-0.6,10,21,47.6,173,0,6,9,66.7,2,9,22.2,2,2,100.0,0.0,0.0,0,0,0,0,0,1,0,0,4,1.93,0,0,2,0,2,0,0,0,0,0,0,0,0,0,2,0,0,1,1,0,1,0.0,1,1,0,0,2,2,0,60,3,3,26,32,15,60,7,4,57.1,3,42.9,32,192,82,3,1,7,3,48,0,6,6,4,0,0,0,3,11,14,44.0
Sam Beukema,NED,DF,Bologna,Serie A,26,1998,13,12,1125,12.5,0,1,1,0,0,0,0,0,0.3,0.3,0.6,0.9,11,60,3,0.0,0.08,0.08,0.0,0.08,0.02,0.05,0.07,0.02,0.07,6,1,16.7,0.48,0.08,0.0,0.0,12,0,0.04,-0.3,-0.3,703,802,87.7,14177,4525,201,220,91.4,435,464,93.8,61,97,62.9,0.3,0.4,5,71,4,1,1,12,1,5,14,1.12,11,0,0,3,0,0,3,0,1,0,0,2,0,0,13,5,5,7,1,3,9,33.3,6,13,10,9,22,36,0,901,75,360,497,48,11,901,0,0,0.0,0,0.0,573,3503,1990,15,0,4,3,632,0,13,16,1,0,0,0,51,29,19,60.4
Alessandro Bianco,ITA,MF,Monza,Serie A,22,2002,11,8,753,8.4,1,0,1,1,0,0,2,0,0.7,0.7,0.3,1.0,14,35,6,0.12,0.0,0.12,0.12,0.12,0.08,0.04,0.12,0.08,0.12,8,2,25.0,0.96,0.24,0.13,0.5,18,0,0.08,0.3,0.3,366,426,85.9,6945,1766,129,146,88.4,186,199,93.5,42,59,71.2,0.5,-0.3,8,37,4,3,2,2,8,9,13,1.56,13,0,0,0,0,0,0,0,0,0,0,0,0,0,18,12,6,9,3,12,16,75.0,4,10,1,6,24,10,3,513,17,136,310,73,8,513,12,5,41.7,5,41.7,339,1918,858,11,3,15,9,369,0,11,15,1,0,0,0,46,2,8,20.0
Alessandro Bianco,ITA,MF,Fiorentina,Serie A,22,2002,1,0,18,0.2,0,0,0,0,0,0,0,0,0.0,0.0,0.0,0.0,0,0,1,0.0,0.0,0.0,0.0,0.0,0.0,0.0,0.0,0.0,0.0,0,0,0.0,0.0,0.0,0.0,0.0,0,0,0.0,0.0,0.0,9,12,75.0,191,17,3,5,60.0,5,5,100.0,1,1,100.0,0.0,0.0,0,1,0,0,0,1,0,0,0,0.0,0,0,0,0,0,0,0,0,0,0,0,0,0,0,0,0,0,0,0,0,1,0.0,1,0,0,0,0,0,0,14,0,2,11,1,0,14,0,0,0.0,0,0.0,8,48,30,0,0,1,0,8,0,0,0,0,0,0,0,3,0,0,0.0
Jaka Bijol,SVN,DF,Udinese,Serie A,25,1999,13,13,1170,13.0,0,0,0,0,0,0,5,0,0.3,0.3,0.3,0.6,9,37,2,0.0,0.0,0.0,0.0,0.0,0.02,0.03,0.05,0.02,0.05,9,2,22.2,0.69,0.15,0.0,0.0,16,0,0.03,-0.3,-0.3,524,628,83.4,10828,3660,141,166,84.9,319,348,91.7,61,101,60.4,0.4,-0.3,7,44,4,1,1,3,2,2,13,1.0,10,1,0,2,0,0,0,0,0,0,0,0,0,0,20,12,14,6,0,12,21,57.1,9,15,7,15,35,57,1,763,95,372,366,30,16,763,0,0,0.0,0,0.0,426,2633,1508,6,0,8,1,479,0,18,1,1,0,1,0,37,36,23,61.0
El Bilal Touré,MLI,"FW,MF",Stuttgart,Bundesliga,23,2001,9,3,314,3.5,2,1,3,2,0,0,0,0,1.6,1.6,1.1,2.7,4,5,21,0.57,0.29,0.86,0.57,0.86,0.47,0.31,0.78,0.47,0.78,14,4,28.6,4.01,1.15,0.14,0.5,15,0,0.12,0.4,0.4,58,77,75.3,733,139,39,50,78.0,12,14,85.7,3,3,100.0,0.7,-0.1,6,4,3,0,1,0,0,3,10,2.87,7,0,1,2,0,0,1,0,1,0,0,0,0,0,3,1,1,1,1,3,3,100.0,0,1,0,0,3,1,0,112,1,4,39,71,20,112,4,3,75.0,1,25.0,59,279,115,4,4,10,1,92,0,8,3,1,0,0,0,6,15,10,60.0
Philip Billing,DEN,MF,Bournemouth,Premier League,28,1996,3,0,37,0.4,0,0,0,0,0,0,0,0,0.0,0.0,0.0,0.0,0,1,4,0.0,0.0,0.0,0.0,0.0,0.0,0.0,0.0,0.0,0.0,0,0,0.0,0.0,0.0,0.0,0.0,0,0,0.0,0.0,0.0,11,19,57.9,133,44,8,11,72.7,2,5,40.0,0,1,0.0,0.1,0.0,0,1,2,1,0,0,3,0,1,2.43,1,0,0,0,0,0,0,0,0,0,0,0,0,0,4,0,2,2,0,0,0,0.0,0,0,0,1,5,0,0,28,0,2,15,11,2,28,1,0,0.0,0,0.0,15,66,28,0,0,0,3,18,0,0,1,0,0,0,0,3,1,1,50.0
Cristiano Biraghi,ITA,DF,Fiorentina,Serie A,32,1992,8,5,433,4.8,1,0,1,1,0,0,1,0,0.2,0.2,0.3,0.5,3,15,17,0.21,0.0,0.21,0.21,0.21,0.03,0.06,0.1,0.03,0.1,5,2,40.0,1.04,0.42,0.2,0.5,26,3,0.03,0.8,0.8,259,309,83.8,4734,1698,107,115,93.0,122,132,92.4,26,51,51.0,0.5,-0.3,6,16,3,2,0,3,30,5,8,1.66,3,5,0,0,0,0,0,0,0,0,0,0,0,0,4,4,1,3,0,2,7,28.6,5,2,0,4,8,11,0,335,28,120,150,65,1,335,0,0,0.0,0,0.0,178,695,296,2,1,3,0,229,0,4,7,0,0,0,0,10,2,3,40.0
Samuele Birindelli,ITA,DF,Monza,Serie A,25,1999,4,2,199,2.2,0,0,0,0,0,0,0,0,0.0,0.0,0.0,0.1,0,5,10,0.0,0.0,0.0,0.0,0.0,0.01,0.02,0.03,0.01,0.03,1,1,100.0,0.45,0.45,0.0,0.0,17,0,0.03,0.0,0.0,75,97,77.3,1263,340,38,44,86.4,29,36,80.6,7,11,63.6,0.1,0.0,1,4,2,2,0,0,13,4,3,1.36,2,0,0,1,0,0,0,0,0,0,0,0,0,0,7,5,2,3,2,2,2,100.0,0,2,1,0,7,4,0,115,5,32,48,37,3,115,0,0,0.0,0,0.0,64,241,88,1,0,3,2,68,0,3,1,0,0,0,0,8,2,4,33.3
Tom Bischof,GER,MF,Hoffenheim,Bundesliga,19,2005,10,9,773,8.6,1,1,2,1,0,0,2,0,0.6,0.6,1.2,1.7,18,45,30,0.12,0.12,0.23,0.12,0.23,0.07,0.14,0.2,0.07,0.2,15,4,26.7,1.75,0.47,0.07,0.25,23,1,0.04,0.4,0.4,371,472,78.6,6584,1973,155,178,87.1,155,177,87.6,43,72,59.7,1.4,-0.2,17,39,6,0,2,1,42,20,36,4.2,21,10,2,0,1,2,3,0,3,0,0,0,0,0,46,23,15,26,5,17,29,58.6,12,22,5,10,56,17,0,603,27,131,309,167,13,603,12,7,58.3,5,41.7,284,1430,715,6,5,8,6,326,0,16,7,0,0,0,0,58,5,6,45.5
Yves Bissouma,MLI,MF,Tottenham,Premier League,28,1996,10,6,581,6.5,2,0,2,2,0,0,3,0,0.3,0.3,0.2,0.5,9,38,0,0.31,0.0,0.31,0.31,0.31,0.04,0.03,0.07,0.04,0.07,3,2,66.7,0.46,0.31,0.67,1.0,21,0,0.1,1.7,1.7,351,384,91.4,5587,1545,188,201,93.5,128,131,97.7,24,35,68.6,0.4,-0.2,3,30,5,0,2,1,0,2,9,1.4,9,0,0,0,0,0,0,0,0,0,0,0,0,0,16,10,8,7,1,10,16,62.5,6,5,2,9,25,17,1,464,36,134,254,81,2,464,14,5,35.7,9,64.3,285,1730,713,9,0,13,4,334,0,9,11,0,0,0,0,24,2,4,33.3
Leonardo Bittencourt,GER,MF,Werder Bremen,Bundesliga,31,1993,8,5,462,5.1,0,0,0,0,0,0,0,0,0.6,0.6,0.1,0.6,9,27,14,0.0,0.0,0.0,0.0,0.0,0.11,0.01,0.12,0.11,0.12,13,3,23.1,2.53,0.58,0.0,0.0,23,1,0.04,-0.6,-0.6,277,323,85.8,4095,816,155,166,93.4,96,109,88.1,16,25,64.0,0.5,-0.1,1,21,5,1,0,3,6,5,11,2.14,8,0,0,1,2,0,1,0,1,0,0,0,0,0,7,2,3,3,1,3,8,37.5,5,6,0,7,14,6,0,375,4,80,218,80,7,375,3,1,33.3,1,33.3,260,1287,523,4,1,3,0,287,0,3,7,0,0,0,0,23,2,6,25.0
Emmanuel Biumla,FRA,DF,Angers,Ligue 1,19,2005,9,8,733,8.1,1,0,1,1,0,0,0,0,0.7,0.7,0.0,0.7,0,7,0,0.12,0.0,0.12,0.12,0.12,0.09,0.0,0.09,0.09,0.09,3,2,66.7,0.37,0.25,0.33,0.5,6,0,0.24,0.3,0.3,235,271,86.7,4635,1489,58,70,82.9,158,166,95.2,16,28,57.1,0.0,0.0,0,5,1,0,0,0,0,1,1,0.12,1,0,0,0,0,0,0,0,0,0,0,0,0,0,14,7,10,4,0,9,14,64.3,5,11,5,6,20,37,0,353,64,233,116,7,6,353,9,6,66.7,3,33.3,200,1083,607,0,0,5,2,223,0,5,4,0,0,0,0,18,10,6,62.5
Bjarki Bjarkason,ISL,DF,Venezia,Serie A,24,2000,1,0,2,0.0,0,0,0,0,0,0,0,0,0.0,0.0,0.0,0.0,0,0,1,0.0,0.0,0.0,0.0,0.0,0.0,0.0,0.0,0.0,0.0,0,0,0.0,0.0,0.0,0.0,0.0,0,0,0.0,0.0,0.0,4,4,100.0,72,28,1,1,100.0,3,3,100.0,0,0,0.0,0.0,0.0,0,0,0,0,0,0,0,0,0,0.0,0,0,0,0,0,0,0,0,0,0,0,0,0,0,0,0,0,0,0,0,0,0.0,0,0,0,0,0,0,0,4,0,2,1,1,0,4,0,0,0.0,0,0.0,4,16,8,1,0,0,0,4,0,0,1,0,0,0,0,2,0,0,0.0
Antonio Blanco,ESP,MF,Alavés,La Liga,24,2000,14,11,925,10.3,0,1,1,0,0,0,2,0,0.5,0.5,0.5,1.1,2,48,5,0.0,0.1,0.1,0.0,0.1,0.05,0.05,0.1,0.05,0.1,11,1,9.1,1.07,0.1,0.0,0.0,24,0,0.05,-0.5,-0.5,295,381,77.4,5562,2156,122,148,82.4,131,149,87.9,36,61,59.0,0.4,0.5,6,43,8,3,3,11,8,10,15,1.46,14,0,0,1,0,0,1,0,1,0,0,0,0,0,25,15,8,17,0,12,26,46.2,14,14,5,17,42,15,0,478,25,113,292,80,3,478,8,6,75.0,2,25.0,243,1112,458,11,0,12,12,267,0,21,12,0,0,0,0,48,8,12,40.0
Ludovic Blas,FRA,"MF,FW",Rennes,Ligue 1,27,1997,13,12,1056,11.7,4,4,8,4,0,0,2,0,3.0,3.0,2.0,5.0,39,54,98,0.34,0.34,0.68,0.34,0.68,0.26,0.17,0.43,0.26,0.43,31,13,41.9,2.64,1.11,0.13,0.31,16,0,0.1,1.0,1.0,351,469,74.8,6073,1773,179,201,89.1,124,164,75.6,39,80,48.8,2.4,2.0,24,39,15,3,4,11,61,11,55,4.69,22,16,4,5,3,5,8,0,2,3,0,0,2,1,16,12,3,4,9,11,19,57.9,8,9,2,3,19,3,0,630,6,49,261,327,60,630,57,17,29.8,38,66.7,401,2335,1121,22,16,38,18,461,0,13,30,0,1,0,0,44,7,19,26.9
Daley Blind,NED,DF,Girona,La Liga,34,1990,13,11,996,11.1,0,1,1,0,0,0,2,0,0.1,0.1,0.6,0.7,20,102,15,0.0,0.09,0.09,0.0,0.09,0.01,0.06,0.06,0.01,0.06,2,1,50.0,0.18,0.09,0.0,0.0,14,0,0.03,-0.1,-0.1,891,996,89.5,16170,5719,381,400,95.3,412,446,92.4,92,129,71.3,1.2,0.4,5,110,9,3,1,14,10,8,15,1.36,15,0,0,0,0,0,3,0,3,0,0,0,0,0,17,8,8,8,1,11,15,73.3,4,15,6,13,30,34,1,1085,62,370,604,119,6,1085,10,7,70.0,3,30.0,700,3914,2171,26,0,6,4,842,0,6,7,0,0,0,0,42,7,7,50.0
Myron Boadu,NED,FW,Bochum,Bundesliga,23,2001,6,4,347,3.9,2,1,3,2,0,0,0,0,2.0,2.0,0.3,2.4,3,4,20,0.52,0.26,0.78,0.52,0.78,0.53,0.08,0.61,0.53,0.61,9,4,44.4,2.33,1.04,0.22,0.5,11,0,0.23,0.0,0.0,36,49,73.5,566,77,15,19,78.9,20,24,83.3,0,0,0.0,0.1,0.7,4,1,1,0,0,0,1,5,8,2.08,7,0,0,0,1,0,1,0,1,0,0,0,0,0,0,0,0,0,0,0,1,0.0,1,1,0,0,0,3,0,72,5,6,25,42,11,72,1,1,100.0,0,0.0,53,275,119,5,1,7,3,54,0,2,3,5,0,0,0,1,1,5,16.7
Augustine Boakye,GHA,"MF,FW",Saint-Étienne,Ligue 1,24,2000,8,4,336,3.7,0,0,0,0,0,0,3,0,0.3,0.3,0.6,0.9,11,15,21,0.0,0.0,0.0,0.0,0.0,0.07,0.17,0.24,0.07,0.24,8,4,50.0,2.14,1.07,0.0,0.0,23,1,0.03,-0.3,-0.3,88,107,82.2,1234,386,54,63,85.7,17,22,77.3,9,12,75.0,0.4,-0.6,7,8,4,0,0,1,3,1,17,4.55,11,0,4,1,1,0,0,0,0,0,0,0,0,0,4,2,1,3,0,2,8,25.0,6,1,0,4,8,2,0,146,2,14,61,73,9,146,15,10,66.7,5,33.3,73,477,258,11,2,5,11,101,0,8,3,0,0,0,0,9,2,6,25.0
Sacha Boey,FRA,DF,Bayern Munich,Bundesliga,24,2000,4,2,157,1.7,0,1,1,0,0,0,1,0,0.0,0.0,0.9,1.0,4,4,15,0.0,0.57,0.57,0.0,0.57,0.03,0.53,0.56,0.03,0.56,1,0,0.0,0.57,0.0,0.0,0.0,14,0,0.04,0.0,0.0,102,117,87.2,1405,367,68,72,94.4,28,35,80.0,3,6,50.0,0.7,0.1,1,7,0,0,0,0,4,1,3,1.72,1,0,2,0,0,0,2,1,1,0,1,0,0,0,7,2,3,2,2,3,4,75.0,1,2,0,0,7,4,0,143,2,25,64,55,5,143,7,3,42.9,4,57.1,79,331,136,3,2,4,0,95,0,2,2,0,0,1,0,9,2,1,66.7
Jeremie Boga,CIV,"MF,FW",Nice,Ligue 1,27,1997,9,8,609,6.8,0,1,1,0,0,0,0,0,1.3,1.3,1.5,2.7,34,16,44,0.0,0.15,0.15,0.0,0.15,0.19,0.22,0.41,0.19,0.41,17,9,52.9,2.51,1.33,0.0,0.0,16,2,0.08,-1.3,-1.3,156,195,80.0,2134,587,103,119,86.6,44,51,86.3,7,12,58.3,1.9,-0.5,14,8,8,3,0,1,16,7,32,4.74,17,5,4,5,1,0,2,0,1,0,0,1,0,0,6,4,1,5,0,2,3,66.7,1,8,0,2,8,1,0,264,2,33,110,127,36,264,36,16,44.4,19,52.8,164,1404,943,15,15,7,11,191,0,0,7,4,0,0,0,28,1,2,33.3
Lamare Bogarde,NED,DF,Aston Villa,Premier League,20,2004,3,3,213,2.4,0,0,0,0,0,0,1,0,0.0,0.0,0.1,0.1,7,8,7,0.0,0.0,0.0,0.0,0.0,0.0,0.03,0.03,0.0,0.03,0,0,0.0,0.0,0.0,0.0,0.0,0,0,0.0,0.0,0.0,120,138,87.0,1781,639,73,79,92.4,44,48,91.7,2,7,28.6,0.1,-0.1,1,16,1,0,0,0,0,1,7,2.96,5,1,0,0,0,1,0,0,0,0,0,0,0,0,8,4,2,5,1,5,9,55.6,4,2,0,1,9,4,0,158,6,38,99,22,1,158,3,2,66.7,0,0.0,95,496,288,4,1,2,6,108,0,5,4,0,0,0,0,8,1,1,50.0
Emil Bohinen,NOR,MF,Genoa,Serie A,25,1999,3,1,166,1.8,0,0,0,0,0,0,0,0,0.1,0.1,0.1,0.2,6,5,2,0.0,0.0,0.0,0.0,0.0,0.06,0.04,0.09,0.06,0.09,2,0,0.0,1.08,0.0,0.0,0.0,28,1,0.05,-0.1,-0.1,69,86,80.2,1180,161,30,38,78.9,33,35,94.3,4,5,80.0,0.0,-0.1,3,1,0,0,0,1,0,3,5,2.69,4,0,0,0,1,0,0,0,0,0,0,0,0,0,4,4,3,0,1,2,5,40.0,3,2,0,1,5,6,0,109,12,30,52,28,3,109,0,0,0.0,0,0.0,51,463,224,3,0,4,2,72,0,3,3,0,0,0,0,9,2,1,66.7
Adama Boiro,ESP,DF,Athletic Club,La Liga,22,2002,5,4,337,3.7,0,0,0,0,0,0,0,0,0.0,0.0,0.0,0.0,5,12,7,0.0,0.0,0.0,0.0,0.0,0.01,0.0,0.01,0.01,0.01,1,0,0.0,0.27,0.0,0.0,0.0,17,0,0.05,0.0,0.0,115,144,79.9,1766,453,65,69,94.2,48,65,73.8,1,5,20.0,0.1,0.0,0,10,2,1,0,0,8,5,1,0.27,0,0,0,1,0,0,0,0,0,0,0,0,0,0,8,4,3,4,1,3,5,60.0,2,5,3,4,12,11,0,187,13,47,95,45,2,187,7,3,42.9,3,42.9,82,377,172,6,1,8,4,95,0,3,3,0,0,0,0,10,6,3,66.7
Willy Boly,CIV,DF,Nott'Ham Forest,Premier League,33,1991,2,1,91,1.0,0,0,0,0,0,0,0,0,0.1,0.1,0.0,0.1,0,2,0,0.0,0.0,0.0,0.0,0.0,0.07,0.0,0.07,0.07,0.07,1,1,100.0,0.99,0.99,0.0,0.0,10,0,0.07,-0.1,-0.1,43,54,79.6,833,371,13,14,92.9,25,27,92.6,4,12,33.3,0.0,0.0,0,2,0,0,0,0,0,0,0,0.0,0,0,0,0,0,0,0,0,0,0,0,0,0,0,4,0,3,1,0,3,3,100.0,0,3,1,1,5,8,0,71,16,44,25,2,1,71,0,0,0.0,0,0.0,32,111,33,0,0,1,0,39,0,1,0,0,0,0,0,1,4,0,100.0
Moïse Bombito,CAN,DF,Nice,Ligue 1,24,2000,11,11,964,10.7,0,0,0,0,0,0,2,1,0.5,0.5,0.0,0.5,9,39,2,0.0,0.0,0.0,0.0,0.0,0.05,0.0,0.05,0.05,0.05,3,1,33.3,0.28,0.09,0.0,0.0,9,0,0.18,-0.5,-0.5,561,616,91.1,10273,4179,211,223,94.6,299,317,94.3,42,62,67.7,0.1,0.0,1,29,0,0,1,3,0,2,8,0.75,8,0,0,0,0,0,1,0,1,0,0,0,0,0,13,11,7,6,0,10,15,66.7,5,14,8,8,21,51,1,726,102,382,335,14,4,726,9,7,77.8,1,11.1,417,2181,1215,3,0,7,1,496,1,8,4,0,0,1,1,48,15,22,40.5
Warren Bondo,FRA,MF,Monza,Serie A,21,2003,13,12,1073,11.9,0,0,0,0,0,0,3,1,0.1,0.1,0.1,0.2,13,21,14,0.0,0.0,0.0,0.0,0.0,0.01,0.01,0.02,0.01,0.02,5,1,20.0,0.42,0.08,0.0,0.0,27,0,0.02,-0.1,-0.1,349,392,89.0,5730,985,168,183,91.8,157,166,94.6,17,29,58.6,0.2,-0.1,2,23,4,1,0,4,4,7,15,1.26,12,0,0,0,3,0,0,0,0,0,0,0,0,0,23,15,14,7,2,9,14,64.3,5,14,5,4,27,5,3,472,19,117,294,70,4,472,22,9,40.9,8,36.4,314,1862,786,10,0,10,20,331,1,21,25,0,0,0,0,58,4,5,44.4
Victor Boniface,NGA,FW,Leverkusen,Bundesliga,24,2000,10,8,658,7.3,6,1,7,6,0,1,1,0,6.5,5.7,1.0,6.7,15,13,37,0.82,0.14,0.96,0.82,0.96,0.89,0.14,1.03,0.78,0.92,40,14,35.0,5.47,1.91,0.15,0.43,14,0,0.14,-0.5,0.3,92,127,72.4,1275,286,46,63,73.0,30,35,85.7,5,7,71.4,0.9,0.0,8,4,6,1,0,1,2,4,27,3.7,17,0,4,6,0,0,3,0,1,0,2,0,0,0,4,3,0,3,1,2,2,100.0,0,1,0,0,4,4,0,236,4,11,87,139,62,235,24,9,37.5,14,58.3,120,678,269,8,11,23,20,194,0,5,7,5,0,0,0,15,23,10,69.7
Ange-Yoan Bonny,FRA,FW,Parma,Serie A,21,2003,14,13,955,10.6,4,1,5,3,1,2,1,0,5.1,3.5,1.4,4.9,17,29,76,0.38,0.09,0.47,0.28,0.38,0.48,0.13,0.61,0.33,0.46,29,10,34.5,2.73,0.94,0.1,0.3,16,0,0.12,-1.1,-0.5,168,229,73.4,2566,599,84,106,79.2,65,77,84.4,11,17,64.7,0.9,-0.4,16,14,10,1,3,1,5,9,29,2.73,22,0,3,1,3,0,3,0,1,0,1,0,1,0,12,7,2,7,3,2,6,33.3,4,5,0,0,12,5,0,344,4,23,144,183,60,342,18,9,50.0,7,38.9,205,1025,383,11,6,29,32,256,0,13,20,5,1,0,0,28,7,26,21.2
Sebastiaan Bornauw,BEL,DF,Wolfsburg,Bundesliga,25,1999,7,7,630,7.0,2,0,2,2,0,0,1,0,0.8,0.8,0.0,0.8,0,11,1,0.29,0.0,0.29,0.29,0.29,0.11,0.0,0.11,0.11,0.11,6,2,33.3,0.86,0.29,0.33,1.0,8,0,0.13,1.2,1.2,173,220,78.6,3169,915,61,69,88.4,95,113,84.1,13,28,46.4,0.1,0.0,0,9,2,0,0,2,0,2,3,0.43,3,0,0,0,0,0,0,0,0,0,0,0,0,0,7,4,2,4,1,2,6,33.3,4,13,12,9,16,26,0,298,41,120,168,12,8,298,1,0,0.0,1,100.0,118,595,171,1,0,2,1,138,0,9,2,0,0,1,0,19,24,14,63.2
Saïmon Bouabré,FRA,MF,Monaco,Ligue 1,18,2006,1,0,11,0.1,0,0,0,0,0,0,0,0,0.0,0.0,0.0,0.0,0,1,0,0.0,0.0,0.0,0.0,0.0,0.0,0.0,0.0,0.0,0.0,0,0,0.0,0.0,0.0,0.0,0.0,0,0,0.0,0.0,0.0,4,7,57.1,76,40,2,3,66.7,2,4,50.0,0,0,0.0,0.0,0.0,0,1,0,0,0,0,0,0,0,0.0,0,0,0,0,0,0,0,0,0,0,0,0,0,0,0,0,0,0,0,0,2,0.0,2,1,0,0,0,0,0,8,2,3,4,1,0,8,0,0,0.0,0,0.0,4,15,4,0,0,0,0,5,0,1,0,0,0,0,0,1,0,0,0.0
Ayyoub Bouaddi,FRA,MF,Lille,Ligue 1,17,2007,11,5,489,5.4,0,1,1,0,0,0,1,0,0.0,0.0,0.9,0.9,5,15,7,0.0,0.18,0.18,0.0,0.18,0.0,0.16,0.16,0.0,0.16,0,0,0.0,0.0,0.0,0.0,0.0,0,0,0.0,0.0,0.0,205,231,88.7,3348,679,104,114,91.2,86,92,93.5,11,13,84.6,0.7,0.1,4,13,1,0,1,1,0,6,8,1.47,7,0,1,0,0,0,2,0,1,0,1,0,0,0,22,14,12,5,5,6,12,50.0,6,4,0,5,27,3,0,286,9,60,162,66,3,286,13,6,46.2,7,53.8,154,777,273,1,1,9,3,194,0,8,4,0,0,0,0,26,2,6,25.0
Badredine Bouanani,ALG,"FW,MF",Nice,Ligue 1,20,2004,11,2,330,3.7,0,0,0,0,0,0,1,0,0.8,0.8,0.4,1.2,13,15,33,0.0,0.0,0.0,0.0,0.0,0.22,0.11,0.33,0.22,0.33,13,6,46.2,3.55,1.64,0.0,0.0,21,1,0.06,-0.8,-0.8,102,139,73.4,1493,353,67,78,85.9,24,37,64.9,9,16,56.3,0.5,-0.4,6,4,3,0,2,0,13,3,12,3.26,9,1,1,1,0,0,1,0,0,0,0,1,0,0,3,1,1,1,1,0,2,0.0,2,5,0,3,6,1,0,181,1,13,69,102,15,181,11,6,54.5,4,36.4,118,788,404,9,6,6,4,143,0,4,8,0,0,0,0,11,1,4,20.0
Benjamin Bouchouari,MAR,MF,Saint-Étienne,Ligue 1,23,2001,9,5,464,5.2,1,0,1,1,0,0,1,0,0.1,0.1,0.2,0.4,5,27,12,0.19,0.0,0.19,0.19,0.19,0.02,0.05,0.07,0.02,0.07,3,1,33.3,0.58,0.19,0.33,1.0,22,0,0.04,0.9,0.9,184,210,87.6,2896,902,101,111,91.0,61,69,88.4,16,20,80.0,0.3,-0.2,4,20,5,0,1,1,1,3,16,3.1,14,0,0,0,1,1,1,0,1,0,0,0,0,0,13,10,4,6,3,8,16,50.0,8,5,0,7,20,6,1,256,5,55,139,66,1,256,10,5,50.0,5,50.0,136,500,260,3,0,7,4,171,0,4,6,0,0,0,0,36,1,7,12.5
Hicham Boudaoui,ALG,MF,Nice,Ligue 1,25,1999,9,9,801,8.9,1,1,2,1,0,0,3,0,0.7,0.7,0.5,1.2,21,53,25,0.11,0.11,0.22,0.11,0.22,0.07,0.06,0.13,0.07,0.13,12,7,58.3,1.35,0.79,0.08,0.14,22,0,0.05,0.3,0.3,308,375,82.1,4835,1540,158,179,88.3,121,142,85.2,21,29,72.4,0.9,0.5,6,31,12,1,3,1,5,11,19,2.13,17,0,0,0,1,1,1,0,1,0,0,0,0,0,29,16,14,10,5,13,23,56.5,10,13,3,8,37,13,0,495,22,108,282,114,14,495,28,9,32.1,16,57.1,251,1511,752,18,5,14,13,308,0,15,15,0,0,0,0,58,7,9,43.8
Carlo Boukhalfa,MAR,MF,St. Pauli,Bundesliga,25,1999,10,8,673,7.5,1,0,1,1,0,0,0,0,0.4,0.4,0.4,0.8,5,18,21,0.13,0.0,0.13,0.13,0.13,0.05,0.06,0.1,0.05,0.1,6,1,16.7,0.8,0.13,0.17,1.0,12,0,0.06,0.6,0.6,143,212,67.5,1903,518,87,112,77.7,43,63,68.3,4,13,30.8,0.2,-0.4,4,7,4,1,0,1,5,8,16,2.14,13,0,0,3,0,0,0,0,0,0,0,0,0,0,10,4,2,7,1,3,6,50.0,3,9,1,6,16,9,1,290,8,46,143,104,12,290,13,7,53.8,6,46.2,132,601,202,5,0,19,8,175,0,7,9,0,0,0,0,26,13,24,35.1
Benjamin Bourigeaud,FRA,MF,Rennes,Ligue 1,30,1994,1,1,80,0.9,1,0,1,1,0,0,0,0,0.2,0.2,0.0,0.2,0,4,4,1.13,0.0,1.13,1.13,1.13,0.17,0.0,0.17,0.17,0.17,2,1,50.0,2.25,1.13,0.5,1.0,16,1,0.08,0.8,0.8,36,48,75.0,646,141,15,16,93.8,17,21,81.0,4,10,40.0,0.0,0.0,0,3,0,0,0,1,6,1,2,2.25,1,1,0,0,0,0,0,0,0,0,0,0,0,0,1,0,0,1,0,0,2,0.0,2,2,1,2,3,1,0,57,3,9,24,25,2,57,1,1,100.0,0,0.0,20,79,44,2,0,1,1,35,0,0,0,0,0,0,0,4,2,2,50.0
Edoardo Bove,ITA,"MF,FW",Fiorentina,Serie A,22,2002,11,10,836,9.3,1,2,3,1,0,0,3,0,0.6,0.6,1.5,2.1,12,37,23,0.11,0.22,0.32,0.11,0.32,0.06,0.16,0.22,0.06,0.22,7,2,28.6,0.75,0.22,0.14,0.5,14,0,0.08,0.4,0.4,280,340,82.4,4657,1046,137,156,87.8,112,125,89.6,24,31,77.4,0.8,0.5,10,18,4,0,1,3,2,13,29,3.12,22,1,1,1,3,1,7,0,5,0,1,0,1,0,24,17,7,14,3,14,28,50.0,14,12,0,6,30,8,0,430,12,80,241,113,20,430,14,6,42.9,6,42.9,244,1250,522,18,2,12,10,281,0,15,21,0,1,0,0,44,11,15,42.3
Jarrod Bowen,ENG,"FW,MF",West Ham,Premier League,28,1996,14,14,1236,13.7,3,3,6,2,1,1,0,0,2.7,2.0,3.7,5.7,51,52,83,0.22,0.22,0.44,0.15,0.36,0.2,0.27,0.47,0.14,0.42,33,14,42.4,2.4,1.02,0.06,0.14,20,0,0.06,0.3,0.0,253,361,70.1,4117,1370,142,170,83.5,82,108,75.9,25,53,47.2,3.7,-0.7,32,27,26,3,3,2,60,16,61,4.44,37,10,3,6,3,2,5,0,4,1,0,0,0,0,20,11,8,5,7,8,21,38.1,13,9,1,8,28,16,0,545,15,75,184,301,61,544,65,28,43.1,33,50.8,307,2444,1174,23,23,21,29,326,0,12,14,2,0,0,0,68,3,18,14.3
Enzo Boyomo,CMR,DF,Osasuna,La Liga,23,2001,12,12,1080,12.0,1,0,1,1,0,0,3,0,0.4,0.4,0.0,0.4,1,31,0,0.08,0.0,0.08,0.08,0.08,0.03,0.0,0.03,0.03,0.03,4,2,50.0,0.33,0.17,0.25,0.5,14,0,0.09,0.6,0.6,342,405,84.4,6455,2682,128,140,91.4,178,197,90.4,31,56,55.4,0.0,0.0,0,13,1,0,0,3,0,2,3,0.25,2,0,0,1,0,0,0,0,0,0,0,0,0,0,25,17,19,5,1,12,15,80.0,3,17,12,14,39,58,2,535,97,323,208,9,5,535,3,3,100.0,0,0.0,249,1360,730,0,0,8,5,267,0,20,5,0,0,0,0,47,11,15,42.3
Enzo Boyomo,CMR,DF,Valladolid,La Liga,23,2001,3,3,270,3.0,0,0,0,0,0,0,0,0,0.1,0.1,0.0,0.1,1,7,0,0.0,0.0,0.0,0.0,0.0,0.02,0.0,0.02,0.02,0.02,2,0,0.0,0.67,0.0,0.0,0.0,11,0,0.03,-0.1,-0.1,174,190,91.6,3007,1118,75,77,97.4,87,93,93.5,11,19,57.9,0.0,0.0,0,2,0,0,0,1,0,0,1,0.33,1,0,0,0,0,0,0,0,0,0,0,0,0,0,6,2,4,2,0,3,3,100.0,0,4,3,1,7,7,0,215,23,131,79,6,4,215,1,1,100.0,0,0.0,128,563,282,0,0,0,0,159,0,3,0,0,0,0,0,11,3,5,37.5
Domagoj Bradarić,CRO,DF,Hellas Verona,Serie A,25,1999,9,7,546,6.1,0,0,0,0,0,0,2,0,0.1,0.1,1.1,1.2,14,13,17,0.0,0.0,0.0,0.0,0.0,0.01,0.18,0.2,0.01,0.2,3,2,66.7,0.49,0.33,0.0,0.0,26,0,0.03,-0.1,-0.1,202,261,77.4,3324,951,106,117,90.6,76,96,79.2,16,34,47.1,1.0,-1.1,10,8,5,4,0,2,21,8,17,2.8,9,6,1,0,1,0,0,0,0,0,0,0,0,0,12,9,10,1,1,7,12,58.3,5,4,2,2,14,17,0,315,16,94,144,84,4,315,9,4,44.4,4,44.4,137,873,485,11,1,6,4,150,0,10,2,1,0,0,0,23,5,4,55.6
Conor Bradley,NIR,DF,Liverpool,Premier League,21,2003,7,1,236,2.6,0,0,0,0,0,0,1,0,0.4,0.4,0.0,0.4,10,10,15,0.0,0.0,0.0,0.0,0.0,0.15,0.0,0.15,0.15,0.15,5,2,40.0,1.91,0.76,0.0,0.0,14,0,0.08,-0.4,-0.4,166,192,86.5,2434,560,95,102,93.1,64,72,88.9,3,12,25.0,0.2,0.0,0,7,0,0,0,1,1,2,6,2.3,4,0,1,0,1,0,1,0,1,0,0,0,0,0,3,2,1,1,1,3,9,33.3,6,0,0,2,5,11,0,225,12,66,94,67,15,225,3,2,66.7,1,33.3,122,697,364,5,3,2,1,139,0,4,3,0,0,0,0,17,2,1,66.7
Bilal Brahimi,ALG,MF,Nice,Ligue 1,24,2000,2,1,76,0.8,0,0,0,0,0,0,0,0,0.0,0.0,0.0,0.1,3,4,10,0.0,0.0,0.0,0.0,0.0,0.05,0.01,0.07,0.05,0.07,1,1,100.0,1.18,1.18,0.0,0.0,23,1,0.04,0.0,0.0,35,40,87.5,614,163,15,16,93.8,18,19,94.7,2,4,50.0,0.2,0.0,1,1,1,1,0,0,5,1,1,1.18,0,1,0,0,0,0,0,0,0,0,0,0,0,0,0,0,0,0,0,0,0,0.0,0,1,0,0,0,2,0,49,2,7,23,19,0,49,2,0,0.0,2,100.0,29,202,112,3,0,0,3,35,0,3,0,0,0,0,0,1,0,0,0.0
Julian Brandt,GER,MF,Dortmund,Bundesliga,28,1996,11,11,891,9.9,1,3,4,1,0,0,1,0,1.9,1.9,2.3,4.2,29,63,74,0.1,0.3,0.4,0.1,0.4,0.19,0.24,0.43,0.19,0.43,19,7,36.8,1.92,0.71,0.05,0.14,18,2,0.1,-0.9,-0.9,398,493,80.7,6239,1583,218,241,90.5,146,180,81.1,25,49,51.0,2.5,0.7,25,36,21,2,7,1,30,8,43,4.34,34,4,1,4,0,0,3,0,3,0,0,0,0,0,8,3,4,3,1,5,14,35.7,9,6,0,3,11,6,0,577,4,63,259,261,22,577,17,8,47.1,7,41.2,321,1854,939,27,4,17,12,445,0,2,7,2,0,0,0,36,4,5,44.4
Jarrad Branthwaite,ENG,DF,Everton,Premier League,22,2002,6,4,368,4.1,0,0,0,0,0,0,0,0,0.0,0.0,0.0,0.0,2,7,1,0.0,0.0,0.0,0.0,0.0,0.01,0.0,0.01,0.01,0.01,1,0,0.0,0.24,0.0,0.0,0.0,14,0,0.03,0.0,0.0,161,188,85.6,3016,1155,66,75,88.0,74,81,91.4,18,24,75.0,0.0,0.0,0,15,0,0,0,0,1,2,5,1.22,5,0,0,0,0,0,0,0,0,0,0,0,0,0,8,4,5,3,0,3,4,75.0,1,3,1,5,13,16,1,225,21,109,106,13,2,225,4,2,50.0,1,25.0,115,596,417,4,0,1,1,143,0,0,2,0,0,0,0,15,6,10,37.5
Darko Brašanac,SRB,MF,Leganés,La Liga,32,1992,13,8,790,8.8,1,2,3,1,0,0,0,0,1.0,1.0,0.2,1.2,3,27,24,0.11,0.23,0.34,0.11,0.34,0.11,0.02,0.14,0.11,0.14,6,2,33.3,0.68,0.23,0.17,0.5,14,0,0.16,0.0,0.0,216,277,78.0,3054,699,126,142,88.7,70,95,73.7,9,20,45.0,0.2,1.8,6,13,2,0,0,1,3,6,17,1.94,16,0,0,1,0,0,2,0,2,0,0,0,0,0,13,5,2,6,5,4,9,44.4,5,10,6,6,19,22,0,354,31,90,172,92,16,354,3,0,0.0,3,100.0,120,447,181,4,0,3,2,188,0,18,5,2,0,0,0,32,13,17,43.3
Lilian Brassier,FRA,DF,Marseille,Ligue 1,25,1999,9,7,628,7.0,0,0,0,0,0,0,2,0,0.2,0.2,0.0,0.2,8,29,6,0.0,0.0,0.0,0.0,0.0,0.04,0.0,0.04,0.04,0.04,5,1,20.0,0.72,0.14,0.0,0.0,11,0,0.05,-0.2,-0.2,445,519,85.7,6901,2220,220,229,96.1,202,234,86.3,15,35,42.9,0.1,0.0,0,35,2,0,0,1,4,5,1,0.14,1,0,0,0,0,0,0,0,0,0,0,0,0,0,6,5,6,0,0,3,4,75.0,1,7,2,4,10,24,1,578,49,244,301,34,9,578,8,1,12.5,6,75.0,361,1844,893,4,0,4,2,417,0,5,2,0,0,0,0,29,16,6,72.7
Matthias Braunöder,AUT,MF,Como,Serie A,22,2002,7,3,267,3.0,0,0,0,0,0,0,3,1,0.1,0.1,0.0,0.1,1,17,0,0.0,0.0,0.0,0.0,0.0,0.03,0.0,0.03,0.03,0.03,2,0,0.0,0.67,0.0,0.0,0.0,24,0,0.05,-0.1,-0.1,126,144,87.5,2115,601,59,63,93.7,55,61,90.2,9,15,60.0,0.0,0.0,0,13,0,0,0,0,0,1,4,1.35,2,0,0,1,1,0,0,0,0,0,0,0,0,0,10,4,6,3,1,7,11,63.6,4,3,0,2,12,4,1,173,4,43,106,24,3,173,4,1,25.0,2,50.0,87,339,164,3,1,3,2,111,1,10,5,0,0,0,0,7,1,4,20.0
Iker Bravo,ESP,"FW,MF",Udinese,Serie A,19,2005,9,2,215,2.4,1,1,2,1,0,0,1,0,0.5,0.5,0.4,0.9,1,7,13,0.42,0.42,0.84,0.42,0.84,0.23,0.15,0.38,0.23,0.38,4,1,25.0,1.67,0.42,0.25,1.0,14,0,0.14,0.5,0.5,55,73,75.3,788,193,29,34,85.3,19,23,82.6,3,8,37.5,0.2,0.6,5,3,3,0,0,0,6,3,9,3.75,7,2,0,0,0,0,0,0,0,0,0,0,0,0,5,3,1,4,0,2,3,66.7,1,0,0,0,5,1,0,98,2,12,39,49,8,98,9,6,66.7,3,33.3,55,310,124,0,2,8,4,70,0,3,4,1,0,0,0,16,4,5,44.4
James Bree,ENG,DF,Southampton,Premier League,27,1997,1,0,14,0.2,0,0,0,0,0,0,0,0,0.0,0.0,0.0,0.0,0,1,1,0.0,0.0,0.0,0.0,0.0,0.0,0.07,0.07,0.0,0.07,0,0,0.0,0.0,0.0,0.0,0.0,0,0,0.0,0.0,0.0,8,10,80.0,153,57,4,4,100.0,3,4,75.0,1,2,50.0,0.0,0.0,1,0,0,0,0,0,0,0,2,12.86,1,1,0,0,0,0,0,0,0,0,0,0,0,0,0,0,0,0,0,0,0,0.0,0,0,0,0,0,0,0,10,0,0,8,2,0,10,1,1,100.0,0,0.0,9,48,32,0,0,0,1,10,0,0,0,0,0,0,0,0,0,0,0.0
Tim Breithaupt,GER,MF,Augsburg,Bundesliga,22,2002,2,2,120,1.3,0,1,1,0,0,0,0,0,0.1,0.1,0.4,0.4,1,10,1,0.0,0.75,0.75,0.0,0.75,0.04,0.29,0.33,0.04,0.33,1,0,0.0,0.75,0.0,0.0,0.0,7,0,0.05,-0.1,-0.1,58,67,86.6,1042,369,20,24,83.3,34,36,94.4,3,4,75.0,0.3,0.6,1,10,1,1,0,0,1,2,3,2.25,3,0,0,0,0,0,2,1,2,0,0,0,0,0,1,1,0,1,0,0,4,0.0,4,1,0,2,3,0,0,75,2,18,49,8,1,75,2,2,100.0,0,0.0,44,174,67,0,0,3,2,47,0,2,3,0,0,0,0,9,4,5,44.4
Gleison Bremer,BRA,DF,Juventus,Serie A,27,1997,6,6,540,6.0,0,0,0,0,0,0,2,0,0.1,0.1,0.0,0.1,2,21,0,0.0,0.0,0.0,0.0,0.0,0.02,0.0,0.02,0.02,0.02,3,0,0.0,0.5,0.0,0.0,0.0,18,0,0.04,-0.1,-0.1,468,504,92.9,9245,3225,142,149,95.3,279,295,94.6,46,57,80.7,0.1,0.0,0,26,0,0,0,1,0,0,3,0.5,2,0,1,0,0,0,0,0,0,0,0,0,0,0,15,7,9,5,1,4,5,80.0,1,15,11,6,21,16,0,569,63,286,268,15,3,569,4,3,75.0,1,25.0,352,1760,985,1,0,4,2,445,0,9,5,0,0,0,0,23,11,7,61.1
Brenner,BRA,"MF,FW",Udinese,Serie A,24,2000,9,5,386,4.3,1,2,3,1,0,0,0,0,0.6,0.6,0.5,1.1,5,7,16,0.23,0.47,0.7,0.23,0.7,0.15,0.11,0.26,0.15,0.26,7,4,57.1,1.63,0.93,0.14,0.25,19,0,0.09,0.4,0.4,87,114,76.3,1480,357,43,47,91.5,31,38,81.6,12,21,57.1,0.1,1.5,5,5,1,1,1,1,11,3,11,2.56,8,3,0,0,0,0,1,0,1,0,0,0,0,0,6,4,2,3,1,3,8,37.5,5,4,0,1,7,6,0,151,5,28,74,53,6,151,5,3,60.0,2,40.0,94,502,210,4,1,5,9,107,0,0,5,0,0,0,0,16,2,3,40.0
Ben Brereton,CHI,FW,Southampton,Premier League,25,1999,8,4,408,4.5,0,0,0,0,0,0,1,0,0.9,0.9,0.1,1.0,11,8,39,0.0,0.0,0.0,0.0,0.0,0.2,0.02,0.22,0.2,0.22,11,1,9.1,2.43,0.22,0.0,0.0,17,0,0.08,-0.9,-0.9,121,156,77.6,1740,355,78,89,87.6,34,51,66.7,7,11,63.6,0.1,-0.1,3,9,1,1,1,0,5,3,9,1.98,7,0,0,0,2,0,0,0,0,0,0,0,0,0,3,2,0,2,1,1,8,12.5,7,2,1,0,3,3,0,195,3,16,72,108,20,195,4,1,25.0,2,50.0,130,747,371,13,4,9,4,163,0,4,6,1,0,0,0,14,8,6,57.1
Marco Brescianini,ITA,MF,Atalanta,Serie A,24,2000,10,4,461,5.1,2,0,2,2,0,0,0,0,0.8,0.8,0.8,1.5,19,15,25,0.39,0.0,0.39,0.39,0.39,0.15,0.15,0.3,0.15,0.3,9,3,33.3,1.76,0.59,0.22,0.67,14,0,0.09,1.2,1.2,129,161,80.1,1965,371,71,79,89.9,52,63,82.5,3,8,37.5,0.3,-0.8,4,6,5,1,1,2,7,7,11,2.15,9,0,1,1,0,0,1,0,0,0,0,1,0,0,5,2,1,3,1,2,3,66.7,1,9,1,0,5,3,0,212,2,25,105,85,17,212,11,5,45.5,5,45.5,133,1022,546,10,7,10,9,159,0,10,4,1,0,0,0,24,5,6,45.5
Maximilian Breunig,GER,"FW,MF",Heidenheim,Bundesliga,24,2000,10,2,300,3.3,2,0,2,1,1,1,0,0,3.4,2.6,0.2,2.8,4,6,12,0.6,0.0,0.6,0.3,0.3,1.01,0.06,1.08,0.78,0.84,9,2,22.2,2.7,0.6,0.11,0.5,15,0,0.29,-1.4,-1.6,40,73,54.8,663,132,16,33,48.5,17,22,77.3,4,5,80.0,0.1,-0.2,4,4,0,0,0,1,1,6,8,2.4,5,1,1,1,0,0,0,0,0,0,0,0,0,0,4,3,1,2,1,3,5,60.0,2,8,2,1,5,3,0,122,5,15,62,49,16,121,4,1,25.0,2,50.0,68,246,114,4,2,13,5,84,0,6,4,1,0,0,0,12,9,27,25.0
Nathan Broadhead,WAL,"FW,MF",Ipswich Town,Premier League,26,1998,2,0,37,0.4,0,0,0,0,0,0,0,0,0.0,0.0,0.0,0.0,1,0,2,0.0,0.0,0.0,0.0,0.0,0.0,0.0,0.0,0.0,0.0,0,0,0.0,0.0,0.0,0.0,0.0,0,0,0.0,0.0,0.0,11,14,78.6,157,16,8,9,88.9,3,3,100.0,0,2,0.0,0.0,0.0,0,0,0,0,0,0,1,0,0,0.0,0,0,0,0,0,0,0,0,0,0,0,0,0,0,2,2,1,1,0,1,1,100.0,0,0,0,0,2,0,0,20,0,3,11,7,1,20,3,2,66.7,1,33.3,10,105,33,2,0,2,0,15,0,0,0,0,0,0,0,3,0,1,0.0
David Brooks,WAL,"FW,MF",Bournemouth,Premier League,27,1997,6,1,128,1.4,1,0,1,1,0,0,0,0,0.2,0.2,0.6,0.8,5,7,25,0.7,0.0,0.7,0.7,0.7,0.14,0.45,0.59,0.14,0.59,3,1,33.3,2.11,0.7,0.33,1.0,17,0,0.07,0.8,0.8,39,56,69.6,678,196,19,22,86.4,16,20,80.0,3,9,33.3,0.7,-0.6,4,1,7,3,0,0,11,3,8,5.67,8,0,0,0,0,0,0,0,0,0,0,0,0,0,3,1,0,3,0,1,2,50.0,1,3,1,2,5,1,0,77,1,9,28,42,4,77,5,1,20.0,3,60.0,54,371,136,3,1,4,1,55,0,2,1,0,0,0,0,7,0,2,0.0
Moritz Broschinski,GER,"FW,MF",Bochum,Bundesliga,24,2000,12,9,686,7.6,0,1,1,0,0,0,0,0,2.0,2.0,0.4,2.4,12,7,59,0.0,0.13,0.13,0.0,0.13,0.26,0.05,0.31,0.26,0.31,21,6,28.6,2.76,0.79,0.0,0.0,19,0,0.09,-2.0,-2.0,81,125,64.8,1206,220,44,64,68.8,27,34,79.4,4,9,44.4,0.5,0.6,2,3,1,1,0,0,7,8,11,1.45,6,0,2,3,0,0,1,0,1,0,0,0,0,0,10,6,4,4,2,1,9,11.1,8,11,0,0,10,7,0,241,9,25,104,117,24,241,16,3,18.8,13,81.3,134,723,310,7,4,31,14,168,0,11,7,3,0,0,0,26,19,20,48.7
Nathaniel Brown,GER,"DF,MF",Eint Frankfurt,Bundesliga,21,2003,5,4,346,3.8,2,2,4,2,0,0,0,0,1.8,1.8,0.4,2.2,12,17,20,0.52,0.52,1.04,0.52,1.04,0.46,0.11,0.57,0.46,0.57,4,3,75.0,1.04,0.78,0.5,0.67,12,0,0.44,0.2,0.2,118,152,77.6,1825,564,65,72,90.3,44,50,88.0,8,20,40.0,0.5,1.6,3,11,5,1,2,0,6,4,6,1.56,5,0,0,0,1,0,4,1,4,0,0,0,0,0,14,11,5,5,4,8,11,72.7,3,6,0,2,16,13,0,213,11,58,101,56,10,213,9,2,22.2,7,77.8,121,763,457,3,2,6,2,124,0,2,7,0,0,0,0,21,1,5,16.7
Jacob Bruun Larsen,DEN,"FW,DF",Hoffenheim,Bundesliga,26,1998,9,1,206,2.3,1,2,3,1,0,0,0,0,0.6,0.6,0.4,1.0,9,8,23,0.44,0.87,1.31,0.44,1.31,0.27,0.16,0.43,0.27,0.43,9,3,33.3,3.93,1.31,0.11,0.33,17,0,0.07,0.4,0.4,58,78,74.4,869,226,29,35,82.9,16,23,69.6,6,10,60.0,0.4,1.6,4,4,1,0,2,1,8,1,10,4.39,4,1,2,3,0,0,4,1,2,0,1,1,0,0,2,1,1,0,1,1,4,25.0,3,5,1,1,3,1,0,117,2,11,41,70,13,117,15,5,33.3,10,66.7,78,571,315,8,3,4,8,76,0,0,1,1,0,0,0,13,3,0,100.0
Tajon Buchanan,CAN,DF,Inter,Serie A,25,1999,1,0,17,0.2,0,0,0,0,0,0,0,0,0.0,0.0,0.0,0.0,3,1,2,0.0,0.0,0.0,0.0,0.0,0.0,0.0,0.0,0.0,0.0,0,0,0.0,0.0,0.0,0.0,0.0,0,0,0.0,0.0,0.0,13,15,86.7,167,47,7,7,100.0,6,7,85.7,0,1,0.0,0.0,0.0,0,1,0,0,0,0,2,0,2,10.59,0,0,2,0,0,0,0,0,0,0,0,0,0,0,0,0,0,0,0,0,1,0.0,1,0,0,0,0,1,0,17,2,6,8,4,0,17,4,2,50.0,1,25.0,12,139,106,1,0,0,0,14,0,0,2,0,0,0,0,1,0,0,0.0
Ante Budimir,CRO,FW,Osasuna,La Liga,33,1991,15,13,1103,12.3,9,1,10,5,4,4,1,0,6.5,3.5,0.8,4.2,12,13,54,0.73,0.08,0.82,0.41,0.49,0.53,0.06,0.59,0.28,0.35,35,10,28.6,2.86,0.82,0.14,0.5,13,0,0.1,2.5,1.5,99,177,55.9,1333,246,61,98,62.2,33,55,60.0,0,4,0.0,0.6,0.2,7,4,4,0,1,0,3,1,22,1.8,12,0,2,4,4,0,6,0,1,0,1,0,4,0,8,3,1,6,1,2,4,50.0,2,10,2,1,9,10,0,326,11,19,143,166,71,322,15,6,40.0,8,53.3,158,728,278,8,5,36,17,217,0,16,10,6,4,0,0,21,60,55,52.2
Emi Buendía,ARG,"MF,FW",Aston Villa,Premier League,28,1996,6,0,39,0.4,0,0,0,0,0,0,1,0,0.1,0.1,0.0,0.1,2,4,5,0.0,0.0,0.0,0.0,0.0,0.2,0.04,0.24,0.2,0.24,1,0,0.0,2.31,0.0,0.0,0.0,20,1,0.09,-0.1,-0.1,27,32,84.4,331,99,19,22,86.4,5,6,83.3,1,2,50.0,0.0,0.0,1,4,0,0,1,0,0,0,2,4.62,2,0,0,0,0,0,0,0,0,0,0,0,0,0,3,3,2,1,0,0,2,0.0,2,4,0,0,3,1,0,41,0,7,22,13,0,41,0,0,0.0,0,0.0,27,86,60,3,0,2,1,31,0,2,2,0,0,0,0,5,0,0,0.0
Santiago Bueno,URU,DF,Wolves,Premier League,26,1998,6,5,445,4.9,0,0,0,0,0,0,0,0,0.2,0.2,0.0,0.2,0,7,1,0.0,0.0,0.0,0.0,0.0,0.04,0.0,0.04,0.04,0.04,1,1,100.0,0.2,0.2,0.0,0.0,9,0,0.21,-0.2,-0.2,177,208,85.1,3384,1109,65,73,89.0,83,90,92.2,24,33,72.7,0.0,0.0,0,5,1,0,0,2,0,6,3,0.61,3,0,0,0,0,0,1,0,1,0,0,0,0,0,9,5,5,4,0,6,8,75.0,2,12,8,4,13,19,0,256,43,142,108,6,1,256,2,0,0.0,2,100.0,136,530,241,1,0,0,1,162,0,8,2,0,0,0,0,12,9,7,56.3
Marius Bülter,GER,FW,Hoffenheim,Bundesliga,31,1993,11,11,799,8.9,4,1,5,4,0,0,2,0,2.4,2.4,2.1,4.5,27,17,78,0.45,0.11,0.56,0.45,0.56,0.27,0.24,0.5,0.27,0.5,15,7,46.7,1.69,0.79,0.27,0.57,13,0,0.16,1.6,1.6,137,200,68.5,2144,613,77,94,81.9,46,66,69.7,9,18,50.0,2.5,-1.1,11,14,15,6,2,2,30,15,28,3.15,20,0,3,2,2,1,5,0,2,0,2,0,1,0,6,6,1,4,1,6,8,75.0,2,3,1,1,7,4,0,281,7,20,105,160,38,281,21,11,52.4,10,47.6,192,1198,582,7,16,27,12,220,0,6,14,4,1,0,0,23,8,14,36.4
Facundo Buonanotte,ARG,"MF,FW",Leicester City,Premier League,20,2004,12,10,883,9.8,4,2,6,4,0,0,5,0,3.2,3.2,2.6,5.8,27,33,41,0.41,0.2,0.61,0.41,0.61,0.32,0.27,0.59,0.32,0.59,22,9,40.9,2.24,0.92,0.18,0.44,17,0,0.14,0.8,0.8,253,334,75.7,4131,1088,133,160,83.1,87,106,82.1,24,45,53.3,1.5,-0.6,19,26,10,1,6,3,28,5,37,3.77,19,9,8,1,0,0,4,0,1,2,1,0,0,0,26,13,8,10,8,11,40,27.5,29,22,5,7,33,7,0,500,16,78,243,188,24,500,48,18,37.5,28,58.3,278,1742,880,17,7,28,22,298,0,17,18,2,0,0,0,52,8,18,30.8
Alessandro Buongiorno,ITA,DF,Napoli,Serie A,25,1999,13,13,1170,13.0,1,0,1,1,0,0,1,0,0.8,0.8,0.6,1.4,11,45,2,0.08,0.0,0.08,0.08,0.08,0.06,0.04,0.1,0.06,0.1,7,3,42.9,0.54,0.23,0.14,0.33,10,0,0.11,0.2,0.2,662,738,89.7,11617,3891,257,280,91.8,361,377,95.8,36,64,56.3,0.5,-0.6,4,33,2,0,0,1,0,6,12,0.92,11,0,0,1,0,0,0,0,0,0,0,0,0,0,24,16,16,8,0,17,18,94.4,1,21,13,22,46,39,0,861,82,385,449,32,12,861,2,0,0.0,2,100.0,488,2273,1520,3,0,5,6,596,0,5,13,1,0,0,0,56,24,13,64.9
Cameron Burgess,AUS,DF,Ipswich Town,Premier League,29,1995,6,6,540,6.0,0,0,0,0,0,0,0,0,0.6,0.6,0.0,0.6,2,17,3,0.0,0.0,0.0,0.0,0.0,0.09,0.01,0.1,0.09,0.1,7,1,14.3,1.17,0.17,0.0,0.0,9,0,0.08,-0.6,-0.6,240,307,78.2,4020,1829,106,118,89.8,112,133,84.2,17,47,36.2,0.1,0.0,1,17,2,0,1,0,0,2,3,0.5,3,0,0,0,0,0,1,0,1,0,0,0,0,0,4,3,3,1,0,1,1,100.0,0,5,4,5,9,38,1,371,77,199,146,26,13,371,0,0,0.0,0,0.0,183,864,540,2,0,2,0,228,0,2,1,0,0,0,0,16,21,10,67.7
Jonathan Burkardt,GER,FW,Mainz 05,Bundesliga,24,2000,12,12,947,10.5,9,0,9,8,1,1,0,0,5.9,5.1,0.8,5.9,11,20,60,0.86,0.0,0.86,0.76,0.76,0.56,0.07,0.63,0.49,0.56,24,10,41.7,2.28,0.95,0.33,0.8,12,0,0.21,3.1,2.9,162,218,74.3,2690,327,83,109,76.1,58,72,80.6,14,22,63.6,1.0,-0.8,9,9,8,1,1,4,12,5,23,2.19,18,0,0,2,3,0,3,0,2,0,0,0,1,0,5,3,1,2,2,1,4,25.0,3,4,1,0,5,9,0,324,12,26,150,149,41,323,13,6,46.2,7,53.8,168,744,265,10,3,32,19,227,0,11,11,6,1,0,0,30,7,35,16.7
Oliver Burke,SCO,"MF,FW",Werder Bremen,Bundesliga,27,1997,6,0,46,0.5,1,0,1,1,0,0,0,0,0.3,0.3,0.2,0.5,1,2,7,1.96,0.0,1.96,1.96,1.96,0.49,0.42,0.91,0.49,0.91,3,1,33.3,5.87,1.96,0.33,1.0,9,0,0.08,0.7,0.7,14,20,70.0,180,49,7,10,70.0,4,5,80.0,0,0,0.0,0.1,-0.2,2,1,1,0,0,0,1,1,4,7.83,4,0,0,0,0,0,0,0,0,0,0,0,0,0,1,1,1,0,0,0,0,0.0,0,0,0,0,1,0,0,28,0,4,12,12,7,28,2,1,50.0,1,50.0,16,193,45,0,1,2,1,20,0,1,0,0,0,0,0,2,4,1,80.0
Dan Burn,ENG,DF,Newcastle Utd,Premier League,32,1992,12,12,1080,12.0,0,0,0,0,0,0,5,0,0.5,0.5,0.2,0.7,0,14,3,0.0,0.0,0.0,0.0,0.0,0.05,0.02,0.06,0.05,0.06,8,3,37.5,0.67,0.25,0.0,0.0,12,0,0.07,-0.5,-0.5,583,648,90.0,10299,3707,204,227,89.9,346,360,96.1,28,46,60.9,0.2,-0.2,2,5,4,0,0,2,1,2,6,0.5,3,1,0,1,1,0,1,0,0,1,0,0,0,0,12,7,8,4,0,6,12,50.0,6,9,7,9,21,55,1,761,139,457,268,38,19,761,0,0,0.0,0,0.0,458,2076,751,1,0,6,0,524,0,11,5,2,0,0,1,32,44,24,64.7
Wes Burns,WAL,FW,Ipswich Town,Premier League,30,1994,11,7,571,6.3,0,1,1,0,0,0,1,0,0.3,0.3,1.2,1.5,23,2,49,0.0,0.16,0.16,0.0,0.16,0.05,0.2,0.24,0.05,0.24,4,0,0.0,0.63,0.0,0.0,0.0,20,0,0.07,-0.3,-0.3,104,166,62.7,1653,358,58,70,82.9,28,47,59.6,12,23,52.2,0.7,-0.2,8,5,6,5,0,1,32,16,11,1.73,8,0,0,1,2,0,1,0,1,0,0,0,0,0,7,7,1,5,1,3,7,42.9,4,5,1,4,11,5,2,226,11,38,80,112,11,226,14,5,35.7,9,64.3,151,945,440,9,5,12,10,155,0,2,9,0,0,0,0,31,3,12,20.0
Marnon Busch,GER,"DF,MF",Heidenheim,Bundesliga,30,1994,6,5,410,4.6,0,0,0,0,0,0,0,0,0.1,0.1,0.5,0.6,8,13,12,0.0,0.0,0.0,0.0,0.0,0.02,0.11,0.13,0.02,0.13,4,0,0.0,0.88,0.0,0.0,0.0,31,1,0.02,-0.1,-0.1,194,262,74.0,4154,1598,62,73,84.9,94,114,82.5,37,67,55.2,0.4,-0.5,6,15,7,6,1,2,16,5,15,3.29,12,2,0,1,0,0,0,0,0,0,0,0,0,0,8,5,5,3,0,8,11,72.7,3,6,4,5,13,20,1,320,23,134,139,48,2,320,3,2,66.7,1,33.3,168,663,372,7,1,6,0,172,0,5,4,0,0,1,0,18,2,2,50.0
Gianluca Busio,USA,MF,Venezia,Serie A,22,2002,11,9,867,9.6,1,0,1,1,0,0,3,0,1.2,1.2,0.8,1.9,27,36,63,0.1,0.0,0.1,0.1,0.1,0.12,0.08,0.2,0.12,0.2,16,5,31.3,1.66,0.52,0.06,0.2,19,0,0.07,-0.2,-0.2,265,355,74.6,4175,1033,134,162,82.7,110,135,81.5,15,27,55.6,0.7,-0.8,13,16,14,3,3,2,19,19,27,2.81,23,0,0,2,2,0,1,0,0,0,0,1,0,0,13,9,8,2,3,7,15,46.7,8,8,2,4,17,17,0,459,20,68,205,191,21,459,17,5,29.4,9,52.9,296,1899,1004,28,2,13,12,339,0,11,16,1,1,0,0,44,7,6,53.8
Aurélio Buta,POR,DF,Reims,Ligue 1,27,1997,10,9,715,7.9,0,1,1,0,0,0,3,0,0.1,0.1,0.3,0.4,8,27,14,0.0,0.13,0.13,0.0,0.13,0.01,0.04,0.05,0.01,0.05,4,1,25.0,0.5,0.13,0.0,0.0,20,0,0.03,-0.1,-0.1,316,382,82.7,4900,1754,179,204,87.7,114,137,83.2,20,31,64.5,0.6,0.7,5,19,7,3,0,0,7,5,13,1.64,7,4,0,2,0,0,3,0,2,1,0,0,0,0,20,12,13,6,1,12,21,57.1,9,1,0,10,30,18,0,456,23,133,233,92,4,456,9,5,55.6,3,33.3,208,886,406,8,0,9,3,256,0,12,10,1,0,1,0,25,3,4,42.9
Pau Cabanes,ESP,"MF,FW",Villarreal,La Liga,19,2005,3,0,38,0.4,0,0,0,0,0,0,0,0,0.0,0.0,0.0,0.0,2,2,3,0.0,0.0,0.0,0.0,0.0,0.0,0.0,0.0,0.0,0.0,0,0,0.0,0.0,0.0,0.0,0.0,0,0,0.0,0.0,0.0,16,20,80.0,173,32,15,17,88.2,1,2,50.0,0,0,0.0,0.0,0.0,0,0,0,0,0,0,0,0,2,4.74,2,0,0,0,0,0,1,2,1,0,0,0,0,0,2,2,0,1,1,1,1,100.0,0,2,0,0,2,1,1,28,1,5,11,12,0,28,2,0,0.0,2,100.0,16,58,30,4,0,1,1,19,0,2,1,0,0,0,0,1,0,0,0.0
Rémy Cabella,FRA,"MF,FW",Lille,Ligue 1,34,1990,11,5,447,5.0,0,1,1,0,0,0,1,0,1.0,1.0,1.0,2.0,15,31,54,0.0,0.2,0.2,0.0,0.2,0.2,0.21,0.4,0.2,0.4,10,2,20.0,2.01,0.4,0.0,0.0,16,0,0.1,-1.0,-1.0,254,301,84.4,3596,844,158,175,90.3,79,89,88.8,11,18,61.1,1.1,0.0,10,18,7,1,0,0,13,3,24,4.83,15,3,0,3,2,1,3,0,2,0,0,0,1,0,17,11,3,8,6,10,16,62.5,6,4,0,6,23,1,0,364,1,29,162,180,23,364,14,5,35.7,9,64.3,202,1018,496,9,4,11,6,269,0,8,6,0,1,0,0,31,1,4,20.0
Leandro Cabrera,URU,DF,Espanyol,La Liga,33,1991,10,9,810,9.0,1,1,2,1,0,0,1,0,0.3,0.3,0.3,0.6,1,20,0,0.11,0.11,0.22,0.11,0.22,0.03,0.04,0.07,0.03,0.07,6,2,33.3,0.67,0.22,0.17,0.5,10,0,0.05,0.7,0.7,283,402,70.4,6113,3138,91,104,87.5,144,177,81.4,45,109,41.3,0.3,0.7,5,24,1,0,1,5,6,6,10,1.11,9,0,0,1,0,0,2,0,1,0,0,1,0,0,19,11,14,4,1,7,12,58.3,5,10,6,12,31,46,1,504,86,286,197,23,14,504,0,0,0.0,0,0.0,221,905,512,2,0,3,0,262,0,3,1,0,0,0,0,29,19,12,61.3
Liberato Cacace,NZL,"DF,MF",Empoli,Serie A,24,2000,10,3,415,4.6,0,2,2,0,0,0,4,0,0.2,0.2,0.6,0.8,14,8,26,0.0,0.43,0.43,0.0,0.43,0.05,0.12,0.17,0.05,0.17,6,3,50.0,1.3,0.65,0.0,0.0,15,0,0.04,-0.2,-0.2,94,141,66.7,1441,571,49,57,86.0,34,49,69.4,7,23,30.4,0.4,1.4,9,10,3,1,1,0,20,6,15,3.25,10,2,2,1,0,0,2,0,2,0,0,0,0,0,6,3,4,2,0,5,7,71.4,2,7,3,0,6,17,0,195,14,62,64,72,9,195,14,4,28.6,10,71.4,76,577,326,8,3,4,3,90,0,9,3,1,0,0,0,17,5,9,35.7
Anthony Caci,FRA,DF,Mainz 05,Bundesliga,27,1997,12,12,974,10.8,0,3,3,0,0,0,2,0,0.5,0.5,1.9,2.4,16,53,51,0.0,0.28,0.28,0.0,0.28,0.05,0.17,0.22,0.05,0.22,12,5,41.7,1.11,0.46,0.0,0.0,20,1,0.04,-0.5,-0.5,410,569,72.1,7066,2991,204,245,83.3,158,210,75.2,39,80,48.8,3.1,1.1,21,26,17,6,2,4,46,19,41,3.79,33,7,0,0,0,1,4,0,4,0,0,0,0,0,21,13,5,10,6,10,16,62.5,6,10,2,9,30,20,1,688,25,149,312,233,19,688,24,10,41.7,12,50.0,320,1292,512,9,6,15,9,405,0,17,5,3,0,0,0,42,17,14,54.8
Mathieu Cafaro,FRA,"MF,FW",Saint-Étienne,Ligue 1,27,1997,12,7,608,6.8,1,0,1,1,0,0,3,1,1.1,1.1,1.2,2.2,14,12,40,0.15,0.0,0.15,0.15,0.15,0.16,0.17,0.33,0.16,0.33,20,9,45.0,2.96,1.33,0.05,0.11,21,2,0.05,-0.1,-0.1,131,180,72.8,2106,554,72,90,80.0,47,63,74.6,11,24,45.8,1.1,-1.2,10,10,6,3,1,1,19,2,19,2.81,13,4,0,1,1,0,1,0,1,0,0,0,0,0,7,5,3,3,1,2,11,18.2,9,6,1,6,13,3,0,250,5,49,90,112,20,250,11,2,18.2,8,72.7,139,934,420,6,6,13,8,176,0,9,12,3,0,1,0,25,2,1,66.7
Moisés Caicedo,ECU,MF,Chelsea,Premier League,23,2001,13,13,1145,12.7,1,2,3,1,0,0,3,0,0.4,0.4,1.8,2.1,12,66,16,0.08,0.16,0.24,0.08,0.24,0.03,0.14,0.17,0.03,0.17,7,1,14.3,0.55,0.08,0.14,1.0,22,0,0.05,0.6,0.6,644,730,88.2,10805,2991,296,323,91.6,283,309,91.6,47,65,72.3,1.3,0.2,12,78,13,2,5,5,5,11,34,2.67,32,0,0,0,0,2,4,0,4,0,0,0,0,0,43,27,19,19,5,24,37,64.9,13,17,5,21,64,17,0,860,26,188,508,173,7,860,18,9,50.0,6,33.3,472,1922,1012,7,0,11,8,603,0,25,17,0,0,0,0,70,13,6,68.4
Tom Cairney,SCO,MF,Fulham,Premier League,33,1991,10,0,178,2.0,1,0,1,1,0,0,2,1,0.0,0.0,0.5,0.5,4,27,11,0.51,0.0,0.51,0.51,0.51,0.02,0.25,0.26,0.02,0.26,1,1,100.0,0.51,0.51,1.0,1.0,17,0,0.03,1.0,1.0,173,188,92.0,2698,662,97,101,96.0,64,65,98.5,11,15,73.3,0.7,-0.5,5,23,5,2,0,0,6,5,12,6.07,11,1,0,0,0,0,2,1,2,0,0,0,0,0,5,1,1,1,3,1,2,50.0,1,3,1,3,8,1,1,203,4,27,107,70,5,203,5,3,60.0,1,20.0,138,607,278,6,1,0,1,159,0,3,3,0,0,0,0,16,3,3,50.0
Jens Cajuste,SWE,MF,Ipswich Town,Premier League,25,1999,8,6,470,5.2,0,0,0,0,0,0,2,0,0.1,0.1,0.1,0.2,9,12,3,0.0,0.0,0.0,0.0,0.0,0.02,0.03,0.04,0.02,0.04,2,0,0.0,0.38,0.0,0.0,0.0,23,0,0.04,-0.1,-0.1,155,196,79.1,2630,454,65,77,84.4,78,94,83.0,8,17,47.1,0.2,-0.1,3,12,2,0,1,1,4,2,7,1.34,6,0,1,0,0,0,0,0,0,0,0,0,0,0,9,4,4,4,1,5,14,35.7,9,9,1,3,12,5,0,249,10,59,130,63,3,249,6,5,83.3,0,0.0,113,640,408,6,1,6,2,140,0,8,4,0,0,0,0,22,1,7,12.5
Davide Calabria,ITA,DF,Milan,Serie A,28,1996,4,2,157,1.7,0,0,0,0,0,0,0,0,0.0,0.0,0.2,0.2,5,16,11,0.0,0.0,0.0,0.0,0.0,0.0,0.11,0.11,0.0,0.11,0,0,0.0,0.0,0.0,0.0,0.0,0,0,0.0,0.0,0.0,108,118,91.5,1883,409,46,48,95.8,56,60,93.3,4,8,50.0,0.1,-0.2,1,14,1,1,0,1,7,0,4,2.29,3,1,0,0,0,0,0,0,0,0,0,0,0,0,5,3,5,0,0,4,6,66.7,2,0,0,3,8,4,0,132,5,28,76,30,0,132,1,1,100.0,0,0.0,82,412,212,1,0,0,0,97,0,3,2,0,0,0,0,7,1,0,100.0
Riccardo Calafiori,ITA,DF,Arsenal,Premier League,22,2002,8,6,507,5.6,1,0,1,1,0,0,1,0,0.5,0.5,0.1,0.6,5,22,12,0.18,0.0,0.18,0.18,0.18,0.1,0.02,0.11,0.1,0.11,5,4,80.0,0.89,0.71,0.2,0.25,12,0,0.11,0.5,0.5,227,271,83.8,3552,850,122,134,91.0,89,106,84.0,13,15,86.7,0.4,-0.1,2,16,3,1,0,1,6,7,5,0.89,4,0,0,1,0,0,0,0,0,0,0,0,0,0,15,11,10,4,1,11,17,64.7,6,9,4,5,20,17,0,330,22,104,126,103,14,330,8,6,75.0,1,12.5,146,761,375,6,2,7,1,184,0,9,4,0,0,0,0,17,13,7,65.0
Luca Caldirola,ITA,DF,Monza,Serie A,33,1991,5,4,362,4.0,0,0,0,0,0,0,2,0,0.2,0.2,0.0,0.2,3,11,3,0.0,0.0,0.0,0.0,0.0,0.06,0.0,0.06,0.06,0.06,2,1,50.0,0.5,0.25,0.0,0.0,9,0,0.12,-0.2,-0.2,226,258,87.6,4159,1490,92,98,93.9,113,125,90.4,20,31,64.5,0.2,0.0,0,9,1,0,0,0,1,2,1,0.25,1,0,0,0,0,0,0,0,0,0,0,0,0,0,5,3,4,1,0,2,4,50.0,2,4,4,2,7,16,0,295,28,146,133,16,3,295,0,0,0.0,0,0.0,190,826,442,2,0,1,1,221,0,9,5,1,0,0,0,5,8,3,72.7
Fernando Calero,ESP,DF,Espanyol,La Liga,29,1995,3,2,187,2.1,0,0,0,0,0,0,0,0,0.0,0.0,0.0,0.0,0,1,0,0.0,0.0,0.0,0.0,0.0,0.0,0.0,0.0,0.0,0.0,0,0,0.0,0.0,0.0,0.0,0.0,0,0,0.0,0.0,0.0,85,101,84.2,1884,784,20,20,100.0,47,54,87.0,17,24,70.8,0.0,0.0,0,1,0,0,0,0,0,0,1,0.48,1,0,0,0,0,0,0,0,0,0,0,0,0,0,4,2,4,0,0,1,2,50.0,1,3,3,5,9,20,0,133,25,96,37,0,0,133,0,0,0.0,0,0.0,62,275,161,0,0,0,0,81,0,2,3,0,0,0,0,4,3,2,60.0
Duje Ćaleta-Car,CRO,DF,Lyon,Ligue 1,28,1996,11,11,969,10.8,1,0,1,1,0,0,5,0,1.6,1.6,0.1,1.7,2,24,0,0.09,0.0,0.09,0.09,0.09,0.15,0.01,0.16,0.15,0.16,6,1,16.7,0.56,0.09,0.17,1.0,11,0,0.27,-0.6,-0.6,504,566,89.0,9802,3280,151,168,89.9,309,327,94.5,40,62,64.5,0.2,-0.1,1,28,0,0,0,2,1,1,1,0.09,1,0,0,0,0,0,0,0,0,0,0,0,0,0,13,8,7,6,0,6,11,54.5,5,22,17,12,25,54,0,678,135,362,296,20,10,678,0,0,0.0,0,0.0,348,1514,680,1,0,4,1,442,0,16,5,2,0,0,0,33,19,7,73.1
Hakan Çalhanoğlu,TUR,MF,Inter,Serie A,30,1994,9,8,570,6.3,2,0,2,1,1,2,1,0,1.9,0.3,0.9,1.2,12,53,19,0.32,0.0,0.32,0.16,0.16,0.3,0.14,0.44,0.05,0.19,12,4,33.3,1.89,0.63,0.08,0.25,30,1,0.02,0.1,0.7,503,562,89.5,9866,2795,186,202,92.1,239,254,94.1,70,92,76.1,1.2,-0.9,10,59,9,4,1,8,32,4,33,5.21,26,4,0,1,0,2,2,0,2,0,0,0,0,0,14,7,1,6,7,6,10,60.0,4,2,2,3,17,7,0,617,10,105,340,174,8,615,1,1,100.0,0,0.0,394,2084,1062,19,2,6,2,464,0,7,4,0,0,1,0,33,5,4,55.6
Dominic Calvert-Lewin,ENG,FW,Everton,Premier League,27,1997,13,12,1012,11.2,2,1,3,2,0,0,1,0,4.1,4.1,0.4,4.4,16,11,73,0.18,0.09,0.27,0.18,0.27,0.36,0.03,0.39,0.36,0.39,32,13,40.6,2.85,1.16,0.06,0.15,12,0,0.13,-2.1,-2.1,101,168,60.1,1227,327,75,110,68.2,19,35,54.3,3,6,50.0,0.5,0.6,5,11,4,1,0,1,3,10,15,1.33,9,0,2,2,1,1,1,0,1,0,0,0,0,0,7,5,1,3,3,0,1,0.0,1,3,1,5,12,12,0,307,14,22,124,166,62,307,20,6,30.0,12,60.0,170,930,335,6,13,40,19,248,0,14,13,18,0,0,0,21,51,51,50.0
Drissa Camara,CIV,"FW,MF",Parma,Serie A,22,2002,7,0,89,1.0,0,0,0,0,0,0,0,0,0.0,0.0,0.0,0.0,4,4,5,0.0,0.0,0.0,0.0,0.0,0.04,0.0,0.04,0.04,0.04,2,0,0.0,2.02,0.0,0.0,0.0,19,0,0.02,0.0,0.0,19,30,63.3,304,100,13,17,76.5,5,8,62.5,1,3,33.3,0.0,0.0,0,3,0,0,0,0,0,0,2,2.02,1,1,0,0,0,0,0,0,0,0,0,0,0,0,2,2,1,1,0,0,2,0.0,2,1,0,0,2,1,0,42,1,8,18,17,6,42,3,2,66.7,1,33.3,27,233,180,1,3,3,0,27,0,3,6,0,0,0,0,5,0,2,0.0
Issiaga Camara,GUI,MF,Nice,Ligue 1,19,2005,2,0,12,0.1,0,0,0,0,0,0,0,0,0.0,0.0,0.0,0.0,1,2,1,0.0,0.0,0.0,0.0,0.0,0.0,0.0,0.0,0.0,0.0,0,0,0.0,0.0,0.0,0.0,0.0,0,0,0.0,0.0,0.0,12,13,92.3,157,44,7,7,100.0,4,4,100.0,0,1,0.0,0.0,0.0,0,2,0,0,0,0,0,0,2,15.0,2,0,0,0,0,0,0,0,0,0,0,0,0,0,0,0,0,0,0,0,0,0.0,0,0,0,3,3,0,0,17,0,1,14,2,0,17,1,0,0.0,1,100.0,10,53,28,0,0,0,0,11,0,0,0,0,0,0,0,1,0,1,0.0
Lamine Camara,SEN,MF,Monaco,Ligue 1,20,2004,10,9,753,8.4,2,1,3,2,0,0,6,1,1.0,1.0,1.4,2.4,9,49,16,0.24,0.12,0.36,0.24,0.36,0.12,0.17,0.29,0.12,0.29,12,5,41.7,1.43,0.6,0.17,0.4,22,1,0.08,1.0,1.0,411,486,84.6,7433,2081,171,196,87.2,183,198,92.4,47,73,64.4,1.4,-0.4,16,43,9,3,1,7,31,7,33,3.95,21,8,0,1,1,2,2,0,1,1,0,0,0,0,31,21,12,14,5,14,24,58.3,10,17,4,17,48,5,1,600,10,102,363,139,9,600,12,5,41.7,4,33.3,337,1596,649,8,0,16,10,388,1,20,15,0,0,0,0,55,6,10,37.5
Mahdi Camara,FRA,MF,Brest,Ligue 1,26,1998,13,10,882,9.8,2,0,2,2,0,0,1,0,0.9,0.9,0.6,1.5,16,31,29,0.2,0.0,0.2,0.2,0.2,0.09,0.06,0.15,0.09,0.15,14,6,42.9,1.43,0.61,0.14,0.33,18,0,0.06,1.1,1.1,319,370,86.2,5002,1046,160,174,92.0,137,152,90.1,13,23,56.5,0.9,-0.6,11,24,6,3,0,0,13,9,25,2.55,21,0,1,0,1,2,1,0,1,0,0,0,0,0,32,14,5,18,9,9,17,52.9,8,15,1,11,43,13,0,494,12,82,271,148,22,494,28,12,42.9,13,46.4,239,1376,735,14,3,12,9,300,0,10,15,2,0,0,0,38,3,9,25.0
Francesco Camarda,ITA,FW,Milan,Serie A,16,2008,3,1,76,0.8,0,0,0,0,0,0,0,0,0.2,0.2,0.3,0.5,0,0,6,0.0,0.0,0.0,0.0,0.0,0.25,0.31,0.56,0.25,0.56,2,1,50.0,2.37,1.18,0.0,0.0,12,0,0.11,-0.2,-0.2,20,24,83.3,240,10,16,18,88.9,4,6,66.7,0,0,0.0,0.2,-0.3,1,1,0,0,0,0,0,0,1,1.18,1,0,0,0,0,0,0,0,0,0,0,0,0,0,2,0,0,0,2,1,2,50.0,1,0,0,0,2,2,0,40,1,5,17,18,8,40,3,1,33.3,2,66.7,16,50,17,0,0,5,1,23,0,1,0,1,0,0,0,1,2,3,40.0
Eduardo Camavinga,FRA,MF,Real Madrid,La Liga,22,2002,5,5,388,4.3,0,1,1,0,0,0,0,0,0.1,0.1,0.1,0.3,8,24,10,0.0,0.23,0.23,0.0,0.23,0.03,0.03,0.06,0.03,0.06,3,0,0.0,0.7,0.0,0.0,0.0,20,0,0.04,-0.1,-0.1,229,262,87.4,3744,937,101,110,91.8,110,118,93.2,12,22,54.5,0.2,0.9,4,21,3,0,0,2,0,1,8,1.86,8,0,0,0,0,0,0,0,0,0,0,0,0,0,9,7,2,6,1,5,10,50.0,5,9,3,5,14,6,0,310,8,80,161,72,7,310,6,3,50.0,2,33.3,190,964,511,8,3,2,4,219,0,6,12,0,0,0,0,33,5,2,71.4
Nicolò Cambiaghi,ITA,FW,Bologna,Serie A,24,2000,1,0,15,0.2,0,0,0,0,0,0,0,0,0.1,0.1,0.0,0.1,1,2,4,0.0,0.0,0.0,0.0,0.0,0.37,0.0,0.37,0.37,0.37,1,0,0.0,6.0,0.0,0.0,0.0,13,0,0.06,-0.1,-0.1,12,17,70.6,144,23,9,11,81.8,2,3,66.7,0,0,0.0,0.1,0.0,0,1,1,0,0,0,2,1,1,6.0,0,0,0,1,0,0,0,0,0,0,0,0,0,0,1,0,0,1,0,0,0,0.0,0,1,0,0,1,0,0,20,0,0,5,15,1,20,0,0,0.0,0,0.0,15,77,46,0,0,0,0,16,0,0,0,0,0,0,0,2,0,0,0.0
Andrea Cambiaso,ITA,"DF,FW",Juventus,Serie A,24,2000,14,13,1171,13.0,2,0,2,2,0,0,3,0,0.4,0.4,1.7,2.1,52,61,62,0.15,0.0,0.15,0.15,0.15,0.03,0.13,0.16,0.03,0.16,10,3,30.0,0.77,0.23,0.2,0.67,23,0,0.04,1.6,1.6,818,915,89.4,13920,2584,394,418,94.3,341,372,91.7,66,81,81.5,1.1,-1.7,19,44,19,6,1,8,29,24,49,3.77,36,5,3,2,1,2,5,0,4,0,0,1,0,0,22,15,14,5,3,16,24,66.7,8,11,1,8,30,16,2,1035,26,256,524,268,21,1035,28,16,57.1,9,32.1,656,4401,2307,41,6,24,8,764,0,14,14,2,0,0,0,59,2,7,22.2
Axel Camblan,FRA,"MF,FW",Brest,Ligue 1,21,2003,2,0,26,0.3,0,0,0,0,0,0,0,0,0.0,0.0,0.0,0.0,2,2,1,0.0,0.0,0.0,0.0,0.0,0.17,0.0,0.17,0.17,0.17,1,0,0.0,3.46,0.0,0.0,0.0,16,0,0.05,0.0,0.0,3,7,42.9,44,23,2,5,40.0,1,2,50.0,0,0,0.0,0.0,0.0,0,1,0,0,0,0,1,1,0,0.0,0,0,0,0,0,0,0,0,0,0,0,0,0,0,1,1,0,0,1,1,2,50.0,1,1,0,0,1,0,0,10,0,0,3,7,3,10,0,0,0.0,0,0.0,5,68,50,0,2,0,0,8,0,0,0,0,0,0,0,0,0,1,0.0
Sergio Camello,ESP,FW,Rayo Vallecano,La Liga,23,2001,14,9,728,8.1,2,0,2,2,0,0,1,0,3.1,3.1,0.9,4.0,12,17,47,0.25,0.0,0.25,0.25,0.25,0.38,0.11,0.49,0.38,0.49,21,6,28.6,2.6,0.74,0.1,0.33,15,0,0.15,-1.1,-1.1,140,176,79.5,1959,295,81,96,84.4,45,54,83.3,4,6,66.7,0.7,-0.9,12,8,4,0,5,2,5,9,25,3.09,18,0,4,1,1,1,2,0,0,0,1,0,0,1,7,2,1,5,1,2,2,100.0,0,7,1,4,11,11,0,262,12,26,112,132,29,262,14,7,50.0,6,42.9,151,755,366,11,5,20,18,204,0,7,7,2,0,0,0,18,8,13,38.1
José Campaña,ESP,MF,Las Palmas,La Liga,31,1993,10,8,537,6.0,0,1,1,0,0,0,3,0,0.1,0.1,0.5,0.5,3,37,5,0.0,0.17,0.17,0.0,0.17,0.01,0.08,0.09,0.01,0.09,2,1,50.0,0.34,0.17,0.0,0.0,51,1,0.03,-0.1,-0.1,362,407,88.9,6078,2231,176,187,94.1,139,156,89.1,34,48,70.8,0.5,0.5,6,31,5,1,1,4,12,2,19,3.18,16,3,0,0,0,0,1,0,1,0,0,0,0,0,10,8,2,6,2,5,8,62.5,3,2,0,14,24,11,1,462,24,121,284,61,3,462,10,4,40.0,4,40.0,246,1087,470,7,1,6,3,309,0,3,13,0,0,1,0,38,8,1,88.9
Cole Campbell,ISL,"MF,FW",Dortmund,Bundesliga,18,2006,3,0,20,0.2,0,0,0,0,0,0,0,0,0.0,0.0,0.0,0.0,1,0,1,0.0,0.0,0.0,0.0,0.0,0.0,0.0,0.0,0.0,0.0,0,0,0.0,0.0,0.0,0.0,0.0,0,0,0.0,0.0,0.0,8,10,80.0,120,32,4,5,80.0,2,3,66.7,1,1,100.0,0.0,0.0,0,0,1,1,0,0,1,0,0,0.0,0,0,0,0,0,0,0,0,0,0,0,0,0,0,0,0,0,0,0,0,0,0.0,0,0,0,0,0,1,0,14,2,4,5,5,0,14,1,0,0.0,1,100.0,6,41,29,0,0,2,0,8,0,1,1,0,0,0,0,3,0,1,0.0
Emre Can,GER,"MF,DF",Dortmund,Bundesliga,30,1994,10,7,595,6.6,2,0,2,0,2,2,1,1,1.7,0.2,0.1,0.3,7,27,7,0.3,0.0,0.3,0.0,0.0,0.26,0.02,0.29,0.03,0.05,4,0,0.0,0.61,0.0,0.0,0.0,29,0,0.04,0.3,-0.2,405,456,88.8,7017,1825,190,201,94.5,184,201,91.5,28,41,68.3,0.3,-0.1,1,27,1,0,1,1,5,5,7,1.06,6,0,0,1,0,0,1,0,1,0,0,0,0,0,18,9,11,6,1,6,12,50.0,6,7,4,4,22,20,3,531,25,143,310,81,6,529,7,3,42.9,4,57.1,308,1514,725,9,1,7,7,405,0,7,5,0,0,0,0,14,14,10,58.3
Peio Canales,ESP,MF,Athletic Club,La Liga,19,2005,1,0,20,0.2,0,0,0,0,0,0,0,0,0.0,0.0,0.0,0.0,0,0,2,0.0,0.0,0.0,0.0,0.0,0.1,0.0,0.1,0.1,0.1,1,0,0.0,4.5,0.0,0.0,0.0,27,0,0.02,0.0,0.0,9,11,81.8,153,1,6,7,85.7,2,3,66.7,1,1,100.0,0.0,0.0,0,1,0,0,0,1,1,0,0,0.0,0,0,0,0,0,0,0,0,0,0,0,0,0,0,1,1,0,0,1,0,0,0.0,0,0,0,1,2,1,0,17,1,4,5,8,0,17,1,0,0.0,1,100.0,10,32,4,0,0,0,0,11,0,0,1,0,0,0,0,3,0,0,0.0
Matteo Cancellieri,ITA,"FW,MF",Parma,Serie A,22,2002,12,7,578,6.4,2,0,2,2,0,0,1,1,1.3,1.3,0.4,1.8,19,14,35,0.31,0.0,0.31,0.31,0.31,0.21,0.07,0.28,0.21,0.28,9,2,22.2,1.4,0.31,0.22,1.0,17,0,0.15,0.7,0.7,89,138,64.5,1232,334,50,68,73.5,31,40,77.5,3,13,23.1,0.2,-0.4,5,10,2,1,2,0,9,6,12,1.87,8,0,2,0,2,0,2,0,0,0,2,0,0,0,15,9,10,4,1,3,9,33.3,6,6,0,8,23,13,0,239,13,48,105,93,14,239,34,14,41.2,16,47.1,126,888,487,10,8,13,11,141,0,11,16,1,0,0,0,29,9,12,42.9
Antonio Candela,ITA,DF,Venezia,Serie A,24,2000,10,10,837,9.3,0,1,1,0,0,0,1,0,0.3,0.3,0.8,1.2,11,24,19,0.0,0.11,0.11,0.0,0.11,0.03,0.09,0.12,0.03,0.12,4,0,0.0,0.43,0.0,0.0,0.0,18,0,0.08,-0.3,-0.3,254,333,76.3,4125,1772,126,144,87.5,110,144,76.4,14,29,48.3,0.5,0.2,9,25,6,6,0,1,17,3,16,1.72,13,1,1,0,0,1,1,0,1,0,0,0,0,0,21,16,11,6,4,13,19,68.4,6,6,5,8,29,13,1,409,31,161,163,88,11,409,9,5,55.6,4,44.4,214,1187,553,3,2,14,9,241,0,6,2,0,0,0,0,30,11,13,45.8
Sergi Canós,ESP,MF,Valencia,La Liga,27,1997,7,2,184,2.0,0,0,0,0,0,0,1,0,0.4,0.4,0.1,0.5,7,4,26,0.0,0.0,0.0,0.0,0.0,0.17,0.06,0.24,0.17,0.24,8,3,37.5,3.91,1.47,0.0,0.0,19,0,0.04,-0.4,-0.4,47,85,55.3,726,213,27,34,79.4,16,27,59.3,2,14,14.3,0.1,-0.1,3,2,1,1,0,1,10,5,14,6.77,9,1,0,3,1,0,0,0,0,0,0,0,0,0,6,4,0,3,3,3,6,50.0,3,2,0,2,8,1,0,122,3,16,40,66,13,122,8,1,12.5,7,87.5,63,321,190,1,4,8,2,89,0,5,3,0,0,0,0,17,2,2,50.0
Jaydee Canvot,FRA,DF,Toulouse,Ligue 1,18,2006,2,0,7,0.1,0,0,0,0,0,0,0,0,0.0,0.0,0.0,0.0,0,0,0,0.0,0.0,0.0,0.0,0.0,0.0,0.0,0.0,0.0,0.0,0,0,0.0,0.0,0.0,0.0,0.0,0,0,0.0,0.0,0.0,6,7,85.7,149,50,0,0,0.0,5,5,100.0,1,1,100.0,0.0,0.0,0,0,0,0,0,1,0,0,0,0.0,0,0,0,0,0,0,0,0,0,0,0,0,0,0,1,1,1,0,0,1,2,50.0,1,0,0,0,1,0,0,8,0,5,2,1,1,8,0,0,0.0,0,0.0,6,35,7,0,0,0,0,7,0,1,0,0,0,0,0,0,1,0,100.0
Pierrick Capelle,FRA,MF,Angers,Ligue 1,37,1987,7,2,262,2.9,0,0,0,0,0,0,2,0,0.0,0.0,0.0,0.0,4,10,9,0.0,0.0,0.0,0.0,0.0,0.01,0.0,0.01,0.01,0.01,1,0,0.0,0.34,0.0,0.0,0.0,15,0,0.04,0.0,0.0,89,116,76.7,1452,374,45,53,84.9,39,51,76.5,3,8,37.5,0.3,0.0,0,10,0,0,1,1,7,1,4,1.37,4,0,0,0,0,0,1,0,1,0,0,0,0,0,11,7,4,5,2,3,7,42.9,4,1,1,4,15,0,1,141,1,15,97,35,2,141,7,4,57.1,3,42.9,66,359,158,2,0,7,3,80,0,3,1,1,0,0,0,15,3,3,50.0
Gianluca Caprari,ITA,MF,Monza,Serie A,31,1993,14,5,466,5.2,1,1,2,0,1,1,1,0,0.9,0.1,0.8,0.9,12,22,30,0.19,0.19,0.39,0.0,0.19,0.17,0.15,0.33,0.02,0.17,2,0,0.0,0.39,0.0,0.0,0.0,48,1,0.06,0.1,-0.1,153,190,80.5,2776,675,68,74,91.9,56,68,82.4,22,33,66.7,0.8,0.2,12,4,8,1,1,2,27,6,21,4.05,12,6,1,0,1,1,3,0,3,0,0,0,0,0,8,5,3,4,1,1,4,25.0,3,5,0,2,10,1,1,244,1,26,119,99,3,243,12,3,25.0,6,50.0,158,869,357,6,2,13,12,182,0,5,13,2,0,0,0,21,2,4,33.3
Francesco Caputo,ITA,FW,Empoli,Serie A,37,1987,1,0,6,0.1,0,0,0,0,0,0,0,0,0.0,0.0,0.0,0.0,0,0,1,0.0,0.0,0.0,0.0,0.0,0.0,0.0,0.0,0.0,0.0,0,0,0.0,0.0,0.0,0.0,0.0,0,0,0.0,0.0,0.0,2,2,100.0,26,0,1,1,100.0,1,1,100.0,0,0,0.0,0.0,0.0,0,0,0,0,0,0,0,0,0,0.0,0,0,0,0,0,0,0,0,0,0,0,0,0,0,0,0,0,0,0,0,0,0.0,0,0,0,0,0,0,0,2,0,0,1,1,0,2,0,0,0.0,0,0.0,1,1,0,0,0,0,0,1,0,0,0,0,0,0,0,1,0,0,0.0
Maxence Caqueret,FRA,MF,Lyon,Ligue 1,24,2000,9,6,573,6.4,0,0,0,0,0,0,1,0,0.7,0.7,0.4,1.1,14,50,15,0.0,0.0,0.0,0.0,0.0,0.1,0.07,0.17,0.1,0.17,7,1,14.3,1.1,0.16,0.0,0.0,21,0,0.09,-0.7,-0.7,274,343,79.9,4339,1547,138,164,84.1,109,124,87.9,17,28,60.7,0.6,-0.4,10,39,10,0,0,1,6,14,14,2.2,12,0,1,1,0,0,1,0,1,0,0,0,0,0,21,11,5,11,5,4,22,18.2,18,12,2,7,28,2,0,419,5,66,241,116,11,419,18,7,38.9,9,50.0,213,1202,537,10,2,15,10,304,0,4,6,1,0,0,0,24,1,3,25.0
Andrea Carboni,ITA,DF,Monza,Serie A,23,2001,11,11,929,10.3,0,0,0,0,0,0,3,0,0.1,0.1,0.0,0.1,3,15,5,0.0,0.0,0.0,0.0,0.0,0.01,0.0,0.01,0.01,0.01,2,0,0.0,0.19,0.0,0.0,0.0,20,0,0.04,-0.1,-0.1,391,453,86.3,6840,1938,184,193,95.3,172,194,88.7,35,49,71.4,0.1,0.0,2,19,2,2,0,4,6,10,5,0.48,5,0,0,0,0,0,1,0,1,0,0,0,0,0,23,11,15,8,0,13,23,56.5,10,16,6,14,37,44,1,560,52,264,269,29,3,560,3,2,66.7,1,33.3,327,1226,537,6,0,3,3,374,0,16,9,0,0,0,0,25,14,13,51.9
Franco Carboni,ITA,DF,Venezia,Serie A,21,2003,2,0,9,0.1,0,0,0,0,0,0,0,0,0.0,0.0,0.1,0.1,0,0,4,0.0,0.0,0.0,0.0,0.0,0.0,0.8,0.8,0.0,0.8,0,0,0.0,0.0,0.0,0.0,0.0,0,0,0.0,0.0,0.0,8,11,72.7,117,42,5,5,100.0,3,5,60.0,0,1,0.0,0.1,-0.1,1,0,1,1,0,0,4,0,2,22.5,2,0,0,0,0,0,0,0,0,0,0,0,0,0,0,0,0,0,0,0,0,0.0,0,0,0,0,0,1,0,14,0,5,2,7,0,14,1,1,100.0,0,0.0,10,37,26,1,0,0,1,9,0,0,1,0,0,0,0,1,0,0,0.0
Valentin Carboni,ARG,"MF,FW",Marseille,Ligue 1,19,2005,4,1,103,1.1,0,0,0,0,0,0,1,0,0.0,0.0,0.1,0.2,4,4,8,0.0,0.0,0.0,0.0,0.0,0.04,0.1,0.14,0.04,0.14,2,1,50.0,1.75,0.87,0.0,0.0,21,0,0.02,0.0,0.0,57,64,89.1,816,162,32,34,94.1,19,20,95.0,3,4,75.0,0.1,-0.1,3,4,4,2,1,0,2,3,5,4.37,4,0,0,1,0,0,0,0,0,0,0,0,0,0,2,2,0,1,1,0,1,0.0,1,1,0,1,3,1,0,81,1,6,35,40,2,81,3,0,0.0,3,100.0,51,304,100,4,0,2,0,69,0,5,1,0,0,0,0,2,2,1,66.7
Irvin Cardona,FRA,"FW,MF",Espanyol,La Liga,27,1997,12,3,413,4.6,1,1,2,1,0,0,1,0,1.1,1.1,0.5,1.6,11,10,28,0.22,0.22,0.44,0.22,0.44,0.23,0.11,0.34,0.23,0.34,9,3,33.3,1.96,0.65,0.11,0.33,17,1,0.12,-0.1,-0.1,66,106,62.3,951,299,38,48,79.2,19,32,59.4,4,15,26.7,0.9,0.5,7,6,6,2,1,2,10,3,17,3.7,14,1,0,2,0,0,3,0,2,0,0,1,0,0,7,5,2,4,1,5,13,38.5,8,4,1,3,10,8,0,162,5,23,59,82,18,162,7,2,28.6,5,71.4,75,621,385,11,5,15,0,108,0,6,3,3,0,0,0,17,6,6,50.0
Marc Cardona,ESP,FW,Las Palmas,La Liga,29,1995,5,0,68,0.8,0,0,0,0,0,0,1,0,0.2,0.2,0.0,0.2,1,0,4,0.0,0.0,0.0,0.0,0.0,0.22,0.0,0.22,0.22,0.22,2,0,0.0,2.65,0.0,0.0,0.0,15,0,0.08,-0.2,-0.2,21,24,87.5,289,47,12,12,100.0,7,8,87.5,1,1,100.0,0.1,0.0,0,1,0,0,0,0,0,1,1,1.32,1,0,0,0,0,0,0,0,0,0,0,0,0,0,1,0,0,1,0,0,0,0.0,0,0,0,0,1,0,0,34,0,9,15,10,4,34,2,0,0.0,2,100.0,17,58,23,0,0,0,2,24,0,1,2,0,0,0,0,3,0,3,0.0
Sergi Cardona,ESP,DF,Villarreal,La Liga,25,1999,14,14,1232,13.7,1,1,2,1,0,0,5,0,1.9,1.9,1.8,3.7,26,31,80,0.07,0.07,0.15,0.07,0.15,0.14,0.13,0.27,0.14,0.27,14,3,21.4,1.02,0.22,0.07,0.33,13,0,0.14,-0.9,-0.9,448,584,76.7,7602,2793,215,244,88.1,196,237,82.7,33,68,48.5,1.5,-0.8,16,25,20,11,0,1,47,21,31,2.26,25,1,1,4,0,0,4,0,4,0,0,0,0,0,28,20,16,10,2,19,32,59.4,13,25,5,18,46,45,0,746,52,290,246,213,27,746,12,5,41.7,7,58.3,335,1573,848,16,4,9,4,392,0,16,8,1,0,0,0,51,19,12,61.3
Johnny Cardoso,USA,MF,Betis,La Liga,23,2001,9,6,565,6.3,0,1,1,0,0,0,1,0,0.7,0.7,0.8,1.5,3,22,12,0.0,0.16,0.16,0.0,0.16,0.11,0.12,0.24,0.11,0.24,5,0,0.0,0.8,0.0,0.0,0.0,18,0,0.14,-0.7,-0.7,230,275,83.6,3598,928,122,137,89.1,87,98,88.8,14,23,60.9,0.4,0.2,4,13,1,0,1,3,1,6,10,1.6,9,0,1,0,0,0,1,0,1,0,0,0,0,0,18,11,4,10,4,7,18,38.9,11,9,3,14,32,23,0,371,32,113,214,48,5,371,8,5,62.5,3,37.5,173,711,281,4,0,12,9,204,0,11,10,0,0,0,0,39,5,4,55.6
Diego Carlos,BRA,DF,Aston Villa,Premier League,31,1993,7,5,560,6.2,0,0,0,0,0,0,1,0,0.5,0.5,0.0,0.5,3,27,0,0.0,0.0,0.0,0.0,0.0,0.08,0.0,0.08,0.08,0.08,3,1,33.3,0.48,0.16,0.0,0.0,7,0,0.17,-0.5,-0.5,359,405,88.6,7338,2716,93,102,91.2,228,241,94.6,37,57,64.9,0.1,0.0,0,15,1,0,0,5,0,0,2,0.32,1,0,0,1,0,0,0,0,0,0,0,0,0,0,4,1,3,1,0,0,1,0.0,1,4,2,5,9,23,2,449,56,208,234,9,3,449,2,2,100.0,0,0.0,310,1590,844,2,0,0,2,326,0,9,1,0,0,0,0,29,5,5,50.0
Carmona,ESP,DF,Sevilla,La Liga,22,2002,15,15,1322,14.7,0,0,0,0,0,0,3,0,0.3,0.3,0.9,1.2,15,53,16,0.0,0.0,0.0,0.0,0.0,0.02,0.06,0.08,0.02,0.08,11,3,27.3,0.75,0.2,0.0,0.0,28,0,0.03,-0.3,-0.3,686,848,80.9,10803,4189,347,398,87.2,291,345,84.3,27,54,50.0,0.4,-0.9,8,45,9,2,1,3,13,14,24,1.63,16,1,2,1,3,1,0,0,0,0,0,0,0,0,41,31,26,12,3,19,31,61.3,12,15,4,34,75,33,0,1001,45,326,539,150,9,1001,18,6,33.3,9,50.0,459,2329,1214,13,3,19,8,529,0,15,22,1,0,0,0,74,11,13,45.8
Sergio Carreira,ESP,"MF,DF",Celta Vigo,La Liga,24,2000,4,3,237,2.6,0,0,0,0,0,0,0,0,0.0,0.0,0.8,0.8,6,8,23,0.0,0.0,0.0,0.0,0.0,0.01,0.31,0.32,0.01,0.32,1,0,0.0,0.38,0.0,0.0,0.0,16,0,0.02,0.0,0.0,97,113,85.8,1623,489,44,47,93.6,46,52,88.5,6,9,66.7,0.9,-0.8,3,1,6,2,0,0,5,2,10,3.8,8,0,2,0,0,0,0,0,0,0,0,0,0,0,6,4,3,2,1,2,4,50.0,2,2,0,1,7,9,0,143,3,40,53,51,10,143,5,2,40.0,3,60.0,84,375,229,2,3,3,3,90,0,2,1,0,0,0,0,9,0,3,0.0
Dani Carvajal,ESP,DF,Real Madrid,La Liga,32,1992,8,7,609,6.8,1,0,1,1,0,0,1,0,1.3,1.3,0.2,1.5,13,27,48,0.15,0.0,0.15,0.15,0.15,0.19,0.03,0.22,0.19,0.22,3,1,33.3,0.44,0.15,0.33,1.0,3,0,0.44,-0.3,-0.3,399,463,86.2,6523,1419,197,212,92.9,170,195,87.2,26,35,74.3,0.3,-0.2,5,20,5,0,0,0,14,9,12,1.77,10,2,0,0,0,0,2,0,1,1,0,0,0,0,12,8,7,3,2,9,12,75.0,3,8,3,10,22,19,1,532,26,126,232,176,12,532,5,2,40.0,3,60.0,278,1288,513,5,0,8,6,376,0,3,6,0,0,0,0,21,7,5,58.3
Fabio Carvalho,POR,"FW,MF",Brentford,Premier League,22,2002,12,2,311,3.5,1,1,2,1,0,0,1,0,1.5,1.5,0.5,2.1,6,9,16,0.29,0.29,0.58,0.29,0.58,0.44,0.15,0.6,0.44,0.6,7,3,42.9,2.03,0.87,0.14,0.33,16,0,0.22,-0.5,-0.5,87,125,69.6,1212,250,56,71,78.9,23,31,74.2,4,11,36.4,0.5,0.5,3,7,4,1,1,0,7,6,7,2.03,5,0,1,1,0,0,1,0,1,0,0,0,0,0,11,7,3,3,5,4,8,50.0,4,5,1,3,14,1,0,179,4,34,58,88,17,179,12,2,16.7,8,66.7,94,498,231,2,0,9,5,99,0,2,7,1,0,0,0,20,2,6,25.0
William Carvalho,POR,MF,Betis,La Liga,32,1992,4,4,247,2.7,0,0,0,0,0,0,0,0,0.1,0.1,0.0,0.2,1,20,2,0.0,0.0,0.0,0.0,0.0,0.05,0.01,0.06,0.05,0.06,3,1,33.3,1.09,0.36,0.0,0.0,19,0,0.05,-0.1,-0.1,151,183,82.5,2361,796,87,96,90.6,42,51,82.4,14,24,58.3,0.1,0.0,1,18,1,0,0,3,1,2,7,2.55,7,0,0,0,0,0,0,0,0,0,0,0,0,0,3,2,0,3,0,2,4,50.0,2,4,1,3,6,4,0,205,7,60,121,28,1,205,4,3,75.0,1,25.0,137,608,282,4,0,1,6,155,0,4,0,0,0,0,0,16,4,1,80.0
Marc Casado,ESP,MF,Barcelona,La Liga,21,2003,13,11,934,10.4,0,3,3,0,0,0,4,1,0.9,0.9,1.3,2.2,5,68,18,0.0,0.29,0.29,0.0,0.29,0.08,0.12,0.21,0.08,0.21,10,0,0.0,0.96,0.0,0.0,0.0,22,0,0.09,-0.9,-0.9,671,752,89.2,10710,2532,331,360,91.9,285,298,95.6,36,60,60.0,1.3,1.7,7,72,4,0,4,5,5,6,29,2.79,25,0,0,1,1,2,6,0,6,0,0,0,0,0,26,15,5,15,6,9,18,50.0,9,12,5,11,37,14,0,859,18,131,595,135,5,859,7,2,28.6,4,57.1,473,1868,826,13,0,11,4,659,1,15,21,0,0,0,0,49,3,12,20.0
Nicolò Casale,ITA,DF,Bologna,Serie A,26,1998,5,3,258,2.9,0,0,0,0,0,0,0,0,0.0,0.0,0.0,0.0,0,7,0,0.0,0.0,0.0,0.0,0.0,0.0,0.0,0.0,0.0,0.0,0,0,0.0,0.0,0.0,0.0,0.0,0,0,0.0,0.0,0.0,125,145,86.2,2582,785,33,39,84.6,80,87,92.0,11,12,91.7,0.0,0.0,0,6,0,0,0,2,0,3,0,0.0,0,0,0,0,0,0,0,0,0,0,0,0,0,0,3,1,1,2,0,1,2,50.0,1,8,6,2,5,7,2,170,23,91,78,2,0,170,0,0,0.0,0,0.0,94,406,188,0,0,4,0,111,0,4,2,0,0,0,1,11,9,12,42.9
Nicolò Casale,ITA,DF,Lazio,Serie A,26,1998,2,2,135,1.5,0,0,0,0,0,0,0,0,0.0,0.0,0.0,0.0,0,6,0,0.0,0.0,0.0,0.0,0.0,0.03,0.0,0.03,0.03,0.03,1,1,100.0,0.67,0.67,0.0,0.0,11,0,0.04,0.0,0.0,100,110,90.9,2040,595,27,30,90.0,59,62,95.2,13,17,76.5,0.0,0.0,0,12,0,0,0,0,0,0,0,0.0,0,0,0,0,0,0,0,0,0,0,0,0,0,0,5,3,4,1,0,0,0,0.0,0,4,3,1,6,2,0,124,9,39,83,2,2,124,0,0,0.0,0,0.0,83,375,211,1,1,1,0,99,0,2,0,0,0,0,0,1,6,0,100.0
Casemiro,BRA,MF,Manchester Utd,Premier League,32,1992,12,9,745,8.3,1,0,1,1,0,0,1,0,1.0,1.0,2.0,2.9,3,40,15,0.12,0.0,0.12,0.12,0.12,0.11,0.24,0.35,0.11,0.35,15,4,26.7,1.81,0.48,0.07,0.25,19,0,0.06,0.0,0.0,393,491,80.0,6645,2097,182,209,87.1,167,194,86.1,32,49,65.3,1.4,-2.0,14,42,10,3,5,4,13,12,36,4.35,33,1,0,2,0,0,3,0,3,0,0,0,0,0,35,22,20,9,6,17,35,48.6,18,20,5,7,42,27,3,617,44,182,320,119,18,617,5,3,60.0,2,40.0,331,1129,539,7,0,5,8,412,0,9,11,3,0,0,0,50,16,9,64.0
Matty Cash,POL,DF,Aston Villa,Premier League,27,1997,8,7,560,6.2,0,0,0,0,0,0,2,0,0.0,0.0,0.2,0.2,9,16,15,0.0,0.0,0.0,0.0,0.0,0.0,0.03,0.03,0.0,0.03,1,0,0.0,0.16,0.0,0.0,0.0,21,0,0.03,0.0,0.0,244,297,82.2,4012,1225,118,124,95.2,111,134,82.8,11,29,37.9,0.2,-0.2,2,18,1,1,0,0,6,3,5,0.8,5,0,0,0,0,0,0,0,0,0,0,0,0,0,14,5,10,3,1,5,10,50.0,5,5,2,9,23,22,0,354,27,129,163,65,7,354,7,5,71.4,2,28.6,178,1009,494,15,0,4,2,202,0,8,5,0,0,2,0,21,5,3,62.5
Josué Casimir,FRA,"FW,DF",Le Havre,Ligue 1,23,2001,10,8,672,7.5,1,1,2,1,0,0,3,0,1.0,1.0,0.7,1.7,19,18,36,0.13,0.13,0.27,0.13,0.27,0.13,0.09,0.22,0.13,0.22,8,2,25.0,1.07,0.27,0.13,0.5,14,0,0.12,0.0,0.0,145,201,72.1,2377,630,75,91,82.4,54,72,75.0,13,22,59.1,0.3,0.3,7,9,5,1,1,1,17,5,18,2.41,9,1,3,0,4,1,2,0,0,0,0,0,2,0,15,9,5,8,2,4,9,44.4,5,7,0,1,16,16,1,277,10,68,108,106,17,277,12,6,50.0,4,33.3,132,793,389,9,5,18,12,163,0,12,17,4,2,0,0,25,3,13,18.8
Federico Cassa,ITA,"MF,FW",Atalanta,Serie A,18,2006,2,0,14,0.2,0,0,0,0,0,0,0,0,0.0,0.0,0.0,0.0,1,1,2,0.0,0.0,0.0,0.0,0.0,0.0,0.0,0.0,0.0,0.0,0,0,0.0,0.0,0.0,0.0,0.0,0,0,0.0,0.0,0.0,5,6,83.3,54,9,5,5,100.0,0,1,0.0,0,0,0.0,0.0,0.0,0,0,0,0,0,0,0,0,1,6.43,0,0,0,0,1,0,0,0,0,0,0,0,0,0,0,0,0,0,0,0,0,0.0,0,1,0,0,0,0,0,9,0,1,2,6,0,9,1,0,0.0,1,100.0,9,61,41,2,1,0,0,8,0,2,1,0,1,0,0,1,0,0,0.0
Cristian Cásseres Jr.,VEN,MF,Toulouse,Ligue 1,24,2000,12,11,928,10.3,0,1,1,0,0,0,5,0,0.4,0.4,0.6,0.9,6,41,10,0.0,0.1,0.1,0.0,0.1,0.03,0.05,0.09,0.03,0.09,6,1,16.7,0.58,0.1,0.0,0.0,20,1,0.06,-0.4,-0.4,345,442,78.1,5912,1637,149,178,83.7,163,196,83.2,24,44,54.5,0.5,0.4,10,29,3,0,2,2,19,7,18,1.75,6,6,0,0,2,4,1,0,0,0,0,0,0,1,40,27,22,15,3,14,31,45.2,17,14,3,14,54,14,1,557,28,160,316,90,6,557,15,5,33.3,7,46.7,293,1148,486,4,1,13,5,325,0,27,16,0,0,0,0,53,8,8,50.0
Timothy Castagne,BEL,DF,Fulham,Premier League,29,1995,4,0,57,0.6,0,0,0,0,0,0,0,0,0.1,0.1,0.0,0.1,0,3,4,0.0,0.0,0.0,0.0,0.0,0.08,0.0,0.08,0.08,0.08,2,1,50.0,3.16,1.58,0.0,0.0,20,0,0.03,-0.1,-0.1,39,47,83.0,604,184,23,27,85.2,14,16,87.5,2,4,50.0,0.0,0.0,0,3,0,0,0,0,1,0,1,1.58,0,0,0,1,0,0,0,0,0,0,0,0,0,0,4,2,2,2,0,3,4,75.0,1,0,0,0,4,4,0,57,4,24,17,16,3,57,1,1,100.0,0,0.0,27,81,27,0,0,0,0,32,0,0,0,1,0,0,0,3,3,2,60.0
Valentín Castellanos,ARG,FW,Lazio,Serie A,26,1998,13,12,1070,11.9,6,1,7,5,1,2,4,0,8.6,7.0,1.0,8.0,17,29,66,0.5,0.08,0.59,0.42,0.5,0.73,0.09,0.81,0.59,0.68,52,18,34.6,4.37,1.51,0.1,0.28,15,1,0.13,-2.6,-2.0,129,217,59.4,1852,512,64,101,63.4,49,72,68.1,5,10,50.0,0.9,0.0,13,19,6,1,4,0,14,12,35,2.94,16,0,4,11,3,1,6,0,2,0,1,1,1,1,4,2,0,1,3,1,7,14.3,6,10,1,2,6,5,0,346,3,12,139,200,83,344,17,9,52.9,7,41.2,188,956,473,12,12,23,17,265,0,20,18,10,1,0,0,23,37,32,53.6
Jean-Charles Castelletto,CMR,DF,Nantes,Ligue 1,29,1995,11,11,972,10.8,0,0,0,0,0,0,2,0,0.2,0.2,0.0,0.2,4,42,0,0.0,0.0,0.0,0.0,0.0,0.02,0.0,0.02,0.02,0.02,4,2,50.0,0.37,0.19,0.0,0.0,18,0,0.04,-0.2,-0.2,529,582,90.9,9475,3817,206,215,95.8,277,294,94.2,38,58,65.5,0.2,0.0,0,39,3,0,0,1,2,3,6,0.56,6,0,0,0,0,0,0,0,0,0,0,0,0,0,13,5,5,7,1,9,13,69.2,4,8,5,8,21,58,0,691,71,312,363,18,3,691,0,0,0.0,0,0.0,411,1640,862,5,0,8,2,483,0,13,3,0,0,2,0,30,21,7,75.0
Santiago Castro,ARG,FW,Bologna,Serie A,20,2004,13,12,976,10.8,4,2,6,4,0,0,1,0,2.4,2.4,0.8,3.2,8,14,68,0.37,0.18,0.55,0.37,0.55,0.22,0.07,0.29,0.22,0.29,25,12,48.0,2.31,1.11,0.16,0.33,16,0,0.1,1.6,1.6,138,176,78.4,2557,317,59,69,85.5,60,72,83.3,15,20,75.0,0.6,1.2,10,8,1,0,2,3,4,3,26,2.4,19,0,4,1,1,1,5,0,3,0,2,0,0,0,8,3,3,4,1,1,6,16.7,5,8,1,2,10,11,0,295,10,29,129,145,41,295,25,10,40.0,15,60.0,176,753,218,8,3,30,30,212,0,24,21,5,0,0,0,27,19,24,44.2
Gaetano Castrovilli,ITA,"MF,FW",Lazio,Serie A,27,1997,6,1,124,1.4,0,0,0,0,0,0,0,0,0.1,0.1,0.7,0.8,5,10,5,0.0,0.0,0.0,0.0,0.0,0.05,0.52,0.58,0.05,0.58,2,0,0.0,1.45,0.0,0.0,0.0,19,0,0.04,-0.1,-0.1,56,64,87.5,931,235,30,36,83.3,22,23,95.7,4,4,100.0,0.0,-0.7,2,7,0,0,1,2,0,1,3,2.18,3,0,0,0,0,0,0,0,0,0,0,0,0,0,5,2,3,1,1,2,4,50.0,2,2,0,3,8,1,0,83,2,17,46,20,5,83,2,1,50.0,1,50.0,51,276,166,1,1,1,3,57,0,4,1,0,0,0,0,7,0,0,0.0
Danilo Cataldi,ITA,MF,Fiorentina,Serie A,30,1994,8,8,559,6.2,2,0,2,2,0,0,0,0,0.6,0.6,0.1,0.7,8,29,3,0.32,0.0,0.32,0.32,0.32,0.09,0.02,0.11,0.09,0.11,8,3,37.5,1.29,0.48,0.25,0.67,23,1,0.07,1.4,1.4,290,331,87.6,5261,1552,122,129,94.6,132,144,91.7,30,47,63.8,0.2,-0.1,4,40,4,2,1,1,6,2,11,1.77,9,1,0,0,0,1,1,0,0,1,0,0,0,0,14,11,6,6,2,6,10,60.0,4,5,3,4,18,11,0,383,18,88,241,56,4,383,4,1,25.0,3,75.0,232,1173,425,11,1,4,2,270,0,5,6,0,0,0,0,28,0,2,0.0
Catena,ESP,DF,Osasuna,La Liga,30,1994,14,14,1260,14.0,0,0,0,0,0,0,4,0,0.5,0.5,0.0,0.5,6,32,0,0.0,0.0,0.0,0.0,0.0,0.03,0.0,0.03,0.03,0.03,5,1,20.0,0.36,0.07,0.0,0.0,10,0,0.09,-0.5,-0.5,377,500,75.4,8305,3653,99,115,86.1,213,239,89.1,63,135,46.7,0.1,0.0,1,23,1,0,0,12,1,3,7,0.5,7,0,0,0,0,0,1,0,1,0,0,0,0,0,24,14,18,6,0,14,23,60.9,9,16,9,16,40,94,0,665,116,383,271,15,9,665,3,2,66.7,1,33.3,286,1484,884,1,0,3,1,318,0,17,4,0,0,0,0,39,28,12,70.0
Maximiliano Caufriez,BEL,DF,Valencia,La Liga,27,1997,1,1,90,1.0,0,0,0,0,0,0,0,0,0.0,0.0,0.0,0.0,0,1,0,0.0,0.0,0.0,0.0,0.0,0.0,0.0,0.0,0.0,0.0,0,0,0.0,0.0,0.0,0.0,0.0,0,0,0.0,0.0,0.0,11,14,78.6,219,77,3,3,100.0,6,7,85.7,2,4,50.0,0.0,0.0,0,0,0,0,0,0,0,0,0,0.0,0,0,0,0,0,0,0,0,0,0,0,0,0,0,1,1,1,0,0,1,1,100.0,0,2,1,1,2,4,0,23,6,17,6,0,0,23,0,0,0.0,0,0.0,8,68,3,0,0,0,0,10,0,3,0,0,0,1,0,1,2,5,28.6
Dani Ceballos,ESP,MF,Real Madrid,La Liga,28,1996,5,3,259,2.9,0,0,0,0,0,0,1,0,0.0,0.0,0.1,0.1,5,27,1,0.0,0.0,0.0,0.0,0.0,0.0,0.03,0.03,0.0,0.03,0,0,0.0,0.0,0.0,0.0,0.0,0,0,0.0,0.0,0.0,240,261,92.0,4011,1293,113,119,95.0,103,105,98.1,17,24,70.8,0.2,-0.1,1,27,1,0,0,4,3,4,10,3.47,9,1,0,0,0,0,2,0,1,1,0,0,0,0,12,5,6,5,1,6,9,66.7,3,2,0,3,15,1,0,287,6,65,179,44,2,287,5,3,60.0,2,40.0,181,911,437,3,0,3,1,226,0,5,10,0,0,0,0,20,1,1,50.0
Zeki Çelik,TUR,DF,Roma,Serie A,27,1997,14,13,1087,12.1,0,1,1,0,0,0,0,0,0.3,0.3,1.1,1.4,11,34,51,0.0,0.08,0.08,0.0,0.08,0.02,0.09,0.11,0.02,0.11,6,1,16.7,0.5,0.08,0.0,0.0,13,0,0.05,-0.3,-0.3,465,576,80.7,7213,2341,237,268,88.4,181,224,80.8,30,51,58.8,0.5,-0.1,10,31,8,4,0,2,24,11,13,1.08,10,1,1,1,0,0,0,0,0,0,0,0,0,0,26,17,9,10,7,12,22,54.5,10,11,3,5,31,32,1,678,32,173,309,202,23,678,5,4,80.0,1,20.0,341,1513,673,9,0,7,4,409,0,10,4,0,0,1,0,39,13,13,50.0
Fabien Centonze,FRA,DF,Nantes,Ligue 1,28,1996,2,1,78,0.9,0,0,0,0,0,0,0,0,0.0,0.0,0.2,0.2,3,8,13,0.0,0.0,0.0,0.0,0.0,0.0,0.17,0.17,0.0,0.17,0,0,0.0,0.0,0.0,0.0,0.0,0,0,0.0,0.0,0.0,40,52,76.9,606,273,24,26,92.3,12,16,75.0,3,5,60.0,0.2,-0.2,3,1,4,3,0,0,5,3,4,4.62,4,0,0,0,0,0,0,0,0,0,0,0,0,0,3,1,1,1,1,1,3,33.3,2,1,0,1,4,7,0,69,8,17,19,33,1,69,1,0,0.0,1,100.0,30,178,94,3,0,1,0,34,0,1,0,0,0,0,1,2,1,2,33.3
Alberto Cerri,ITA,FW,Como,Serie A,28,1996,4,0,84,0.9,0,0,0,0,0,0,0,0,1.0,1.0,0.0,1.0,0,0,11,0.0,0.0,0.0,0.0,0.0,1.09,0.0,1.09,1.09,1.09,4,1,25.0,4.29,1.07,0.0,0.0,11,0,0.25,-1.0,-1.0,13,21,61.9,160,1,8,14,57.1,2,4,50.0,1,1,100.0,0.1,0.0,0,0,0,0,0,0,0,0,1,1.07,1,0,0,0,0,0,0,0,0,0,0,0,0,0,0,0,0,0,0,0,0,0.0,0,2,0,0,0,1,0,34,1,4,10,21,9,34,0,0,0.0,0,0.0,20,54,10,0,1,2,3,28,0,3,1,1,0,0,0,3,3,4,42.9
Franco Cervi,ARG,DF,Celta Vigo,La Liga,30,1994,1,0,12,0.1,0,0,0,0,0,0,0,0,0.0,0.0,0.0,0.0,0,1,0,0.0,0.0,0.0,0.0,0.0,0.0,0.0,0.0,0.0,0.0,0,0,0.0,0.0,0.0,0.0,0.0,0,0,0.0,0.0,0.0,4,5,80.0,64,28,2,2,100.0,2,3,66.7,0,0,0.0,0.0,0.0,0,1,0,0,0,0,0,0,0,0.0,0,0,0,0,0,0,0,0,0,0,0,0,0,0,0,0,0,0,0,0,2,0.0,2,0,0,1,1,0,0,6,0,1,4,1,0,6,0,0,0.0,0,0.0,3,12,0,0,0,0,0,3,0,0,0,0,0,0,0,0,0,1,0.0
Julian Chabot,GER,DF,Stuttgart,Bundesliga,26,1998,11,11,915,10.2,0,1,1,0,0,0,5,1,0.4,0.4,0.1,0.6,4,47,2,0.0,0.1,0.1,0.0,0.1,0.04,0.01,0.06,0.04,0.06,7,0,0.0,0.69,0.0,0.0,0.0,16,0,0.06,-0.4,-0.4,691,776,89.0,12478,5211,301,318,94.7,332,359,92.5,55,90,61.1,0.4,0.9,4,61,2,0,0,3,0,1,10,0.98,10,0,0,0,0,0,1,0,1,0,0,0,0,0,17,10,11,5,1,9,20,45.0,11,8,4,20,37,49,0,887,106,438,421,31,10,887,1,1,100.0,0,0.0,502,2122,1041,5,1,1,1,609,1,15,7,2,0,0,0,38,32,11,74.4
El Chadaille Bitshiabu,FRA,DF,Rb Leipzig,Bundesliga,19,2005,6,2,222,2.5,0,0,0,0,0,0,0,0,0.0,0.0,0.1,0.2,2,15,2,0.0,0.0,0.0,0.0,0.0,0.02,0.06,0.08,0.02,0.08,1,1,100.0,0.41,0.41,0.0,0.0,14,0,0.05,0.0,0.0,134,161,83.2,2648,1260,38,47,80.9,82,94,87.2,13,16,81.3,0.0,-0.1,2,15,0,0,0,0,2,2,2,0.81,1,0,1,0,0,0,0,0,0,0,0,0,0,0,8,4,3,5,0,3,5,60.0,2,4,2,5,13,11,1,199,23,80,110,11,3,199,1,1,100.0,0,0.0,92,360,170,0,1,2,0,123,0,3,0,0,0,0,0,12,2,2,50.0
Fares Chaïbi,ALG,"MF,FW",Eint Frankfurt,Bundesliga,22,2002,11,4,475,5.3,1,0,1,1,0,0,2,0,1.9,1.9,0.7,2.6,11,25,26,0.19,0.0,0.19,0.19,0.19,0.36,0.13,0.49,0.36,0.49,11,2,18.2,2.08,0.38,0.09,0.5,14,1,0.17,-0.9,-0.9,117,182,64.3,2042,791,63,75,84.0,34,49,69.4,15,45,33.3,1.0,-0.7,11,13,7,1,2,2,36,3,22,4.14,15,4,0,2,0,1,2,0,1,1,0,0,0,0,8,5,3,3,2,4,8,50.0,4,8,0,6,14,20,1,247,19,53,95,101,15,247,7,5,71.4,2,28.6,110,570,273,5,3,10,2,131,0,2,1,1,0,0,0,12,6,10,37.5
Trevoh Chalobah,ENG,DF,Crystal Palace,Premier League,25,1999,8,8,700,7.8,1,0,1,1,0,0,1,0,0.5,0.5,0.4,0.9,6,20,4,0.13,0.0,0.13,0.13,0.13,0.06,0.05,0.11,0.06,0.11,7,2,28.6,0.9,0.26,0.14,0.5,17,0,0.07,0.5,0.5,222,287,77.4,4482,1474,78,87,89.7,114,139,82.0,29,55,52.7,0.3,-0.4,4,22,2,1,1,1,5,5,5,0.64,5,0,0,0,0,0,0,0,0,0,0,0,0,0,13,9,6,6,1,7,14,50.0,7,13,7,14,27,36,3,388,48,174,186,33,9,388,7,4,57.1,2,28.6,168,777,436,6,0,3,2,199,0,7,9,1,0,0,0,39,16,14,53.3
Timothy Chandler,USA,DF,Eint Frankfurt,Bundesliga,34,1990,1,0,18,0.2,0,0,0,0,0,0,0,0,0.0,0.0,0.0,0.0,1,1,2,0.0,0.0,0.0,0.0,0.0,0.0,0.0,0.0,0.0,0.0,0,0,0.0,0.0,0.0,0.0,0.0,0,0,0.0,0.0,0.0,13,19,68.4,238,93,5,6,83.3,6,8,75.0,2,4,50.0,0.0,0.0,0,0,0,0,0,0,1,1,1,5.0,1,0,0,0,0,0,0,0,0,0,0,0,0,0,0,0,0,0,0,0,0,0.0,0,0,0,3,3,0,0,23,0,4,11,8,1,23,1,0,0.0,1,100.0,13,59,37,2,0,0,0,16,0,0,1,0,0,0,0,0,4,1,80.0
Conor Chaplin,ENG,"MF,FW",Ipswich Town,Premier League,27,1997,12,4,389,4.3,0,1,1,0,0,0,1,0,0.5,0.5,0.4,0.9,7,20,13,0.0,0.23,0.23,0.0,0.23,0.12,0.09,0.21,0.12,0.21,5,2,40.0,1.16,0.46,0.0,0.0,18,0,0.1,-0.5,-0.5,112,150,74.7,1729,461,57,68,83.8,47,58,81.0,4,11,36.4,0.3,0.6,4,12,7,2,5,0,7,2,12,2.79,11,1,0,0,0,0,1,0,1,0,0,0,0,0,7,4,3,4,0,4,7,57.1,3,6,0,2,9,1,0,180,3,32,87,66,7,180,4,2,50.0,2,50.0,94,489,275,6,0,4,1,131,0,4,5,0,0,0,0,13,0,5,0.0
Brendan Chardonnet,FRA,DF,Brest,Ligue 1,30,1994,11,11,990,11.0,0,0,0,0,0,0,2,0,0.4,0.4,0.0,0.4,5,24,2,0.0,0.0,0.0,0.0,0.0,0.03,0.0,0.04,0.03,0.04,6,0,0.0,0.55,0.0,0.0,0.0,12,0,0.06,-0.4,-0.4,442,545,81.1,9229,3379,128,141,90.8,247,268,92.2,64,125,51.2,0.1,0.0,1,23,0,0,0,7,2,4,8,0.73,7,0,0,1,0,0,2,0,1,0,0,1,0,0,15,10,7,6,2,10,18,55.6,8,9,7,11,26,54,1,645,78,354,274,18,8,645,0,0,0.0,0,0.0,367,1814,939,5,1,1,0,419,0,14,6,0,0,0,0,29,28,15,65.1
Gabriel Charpentier,CGO,FW,Parma,Serie A,25,1999,10,0,271,3.0,1,2,3,1,0,0,1,0,1.3,1.3,0.9,2.3,6,7,16,0.33,0.66,1.0,0.33,1.0,0.44,0.31,0.75,0.44,0.75,9,4,44.4,2.99,1.33,0.11,0.25,17,0,0.15,-0.3,-0.3,33,55,60.0,508,188,18,26,69.2,11,18,61.1,3,3,100.0,0.3,1.1,7,3,2,0,1,0,2,4,11,3.64,8,0,0,0,2,1,3,0,2,0,0,0,1,0,4,3,2,1,1,3,4,75.0,1,3,0,0,4,9,0,111,7,22,35,58,12,111,6,2,33.3,3,50.0,55,337,138,4,2,16,4,64,0,13,10,0,1,0,0,12,9,14,39.1
Raúl Chasco,ESP,DF,Valladolid,La Liga,21,2003,2,1,130,1.4,0,0,0,0,0,0,0,0,0.0,0.0,0.0,0.0,1,3,2,0.0,0.0,0.0,0.0,0.0,0.0,0.02,0.02,0.0,0.02,0,0,0.0,0.0,0.0,0.0,0.0,0,0,0.0,0.0,0.0,35,58,60.3,730,329,15,19,78.9,13,20,65.0,7,16,43.8,0.1,0.0,1,5,1,0,1,1,3,2,2,1.38,2,0,0,0,0,0,1,0,1,0,0,0,0,0,4,1,3,1,0,2,4,50.0,2,1,0,2,6,2,0,74,2,36,32,7,0,74,2,0,0.0,2,100.0,28,103,54,0,0,3,1,28,0,3,0,0,0,0,0,2,0,0,0.0
Anrie Chase,JPN,DF,Stuttgart,Bundesliga,20,2004,10,6,598,6.6,0,0,0,0,0,0,1,0,0.1,0.1,0.0,0.1,2,19,1,0.0,0.0,0.0,0.0,0.0,0.02,0.0,0.02,0.02,0.02,5,0,0.0,0.75,0.0,0.0,0.0,17,0,0.03,-0.1,-0.1,381,418,91.1,6911,1992,148,155,95.5,205,219,93.6,26,39,66.7,0.4,0.0,0,24,2,1,0,5,2,1,7,1.05,6,0,0,1,0,0,0,0,0,0,0,0,0,0,9,4,6,3,0,5,7,71.4,2,9,6,8,17,28,0,487,57,217,238,37,4,487,5,2,40.0,3,60.0,246,818,347,6,0,3,1,350,0,9,1,0,0,0,0,18,11,9,55.0
Pep Chavarría,ESP,DF,Rayo Vallecano,La Liga,26,1998,10,7,653,7.3,0,1,1,0,0,0,1,0,0.4,0.4,0.2,0.6,12,35,32,0.0,0.14,0.14,0.0,0.14,0.06,0.03,0.08,0.06,0.08,3,1,33.3,0.41,0.14,0.0,0.0,17,0,0.15,-0.4,-0.4,325,415,78.3,5332,1904,157,174,90.2,137,167,82.0,24,45,53.3,0.2,0.8,2,25,4,2,0,1,23,13,11,1.52,10,0,0,1,0,0,1,0,1,0,0,0,0,0,12,8,9,3,0,6,14,42.9,8,8,2,10,22,22,0,493,25,153,222,122,6,493,7,1,14.3,4,57.1,235,1056,479,11,3,12,2,270,0,4,8,0,0,0,0,37,5,5,50.0
Arthur Chaves,BRA,DF,Hoffenheim,Bundesliga,23,2001,6,4,426,4.7,0,0,0,0,0,0,1,0,0.1,0.1,0.0,0.1,1,22,2,0.0,0.0,0.0,0.0,0.0,0.02,0.0,0.02,0.02,0.02,2,0,0.0,0.42,0.0,0.0,0.0,11,0,0.04,-0.1,-0.1,208,249,83.5,3776,1235,71,79,89.9,123,132,93.2,13,27,48.1,0.1,0.0,0,19,1,0,0,1,1,6,3,0.63,1,0,0,1,1,0,1,0,0,0,0,1,0,0,8,5,3,5,0,4,9,44.4,5,8,2,5,13,22,0,305,31,124,167,14,2,305,2,0,0.0,2,100.0,156,614,268,1,0,4,2,207,0,4,4,0,0,0,0,11,16,17,48.5
Jhoanner Chávez,ECU,"DF,MF",Lens,Ligue 1,22,2002,8,7,574,6.4,1,0,1,1,0,0,1,0,0.3,0.3,0.7,1.0,14,9,35,0.16,0.0,0.16,0.16,0.16,0.05,0.11,0.16,0.05,0.16,5,3,60.0,0.78,0.47,0.2,0.33,16,0,0.06,0.7,0.7,222,297,74.7,3489,1400,125,145,86.2,70,93,75.3,20,40,50.0,1.3,-0.7,9,10,8,5,0,0,29,3,15,2.36,8,5,0,2,0,0,0,0,0,0,0,0,0,0,8,4,4,3,1,2,7,28.6,5,10,1,6,14,12,0,359,19,102,139,122,14,359,6,3,50.0,3,50.0,173,830,400,6,3,10,6,203,0,10,7,2,0,1,0,23,7,5,58.3
Walid Cheddira,MAR,FW,Napoli,Serie A,26,1998,1,0,12,0.1,0,0,0,0,0,0,0,0,0.0,0.0,0.0,0.0,0,1,1,0.0,0.0,0.0,0.0,0.0,0.0,0.2,0.2,0.0,0.2,0,0,0.0,0.0,0.0,0.0,0.0,0,0,0.0,0.0,0.0,2,3,66.7,28,14,1,2,50.0,1,1,100.0,0,0,0.0,0.0,0.0,1,1,0,0,0,0,0,0,1,7.5,1,0,0,0,0,0,0,0,0,0,0,0,0,0,0,0,0,0,0,0,0,0.0,0,0,0,0,0,0,0,3,0,0,1,2,0,3,0,0,0.0,0,0.0,1,3,0,0,0,0,0,2,0,0,0,0,0,0,0,0,0,1,0.0
Walid Cheddira,MAR,FW,Espanyol,La Liga,26,1998,11,3,383,4.3,1,1,2,1,0,0,2,0,0.6,0.6,0.7,1.3,5,6,23,0.23,0.23,0.47,0.23,0.47,0.14,0.15,0.3,0.14,0.3,7,2,28.6,1.64,0.47,0.14,0.5,12,0,0.09,0.4,0.4,36,55,65.5,481,130,22,28,78.6,10,14,71.4,1,4,25.0,0.2,0.3,3,2,1,0,0,0,0,1,10,2.35,4,0,1,1,4,0,4,0,1,0,1,0,2,0,3,0,0,0,3,0,0,0.0,0,2,0,1,4,5,0,122,4,17,55,51,21,122,14,3,21.4,10,71.4,67,298,133,4,6,18,7,81,0,19,16,3,1,0,0,9,9,18,33.3
Théo Chennahi,FRA,"MF,DF",Montpellier,Ligue 1,19,2005,2,0,8,0.1,0,0,0,0,0,0,1,0,0.0,0.0,0.0,0.0,0,0,0,0.0,0.0,0.0,0.0,0.0,0.0,0.0,0.0,0.0,0.0,0,0,0.0,0.0,0.0,0.0,0.0,0,0,0.0,0.0,0.0,2,3,66.7,33,26,1,1,100.0,1,1,100.0,0,1,0.0,0.0,0.0,0,1,0,0,0,0,1,0,0,0.0,0,0,0,0,0,0,0,0,0,0,0,0,0,0,0,0,0,0,0,0,0,0.0,0,1,0,0,0,0,0,5,0,2,2,1,0,5,0,0,0.0,0,0.0,2,7,5,0,0,0,0,2,0,2,1,0,0,0,0,0,0,0,0.0
Sidiki Cherif,FRA,FW,Angers,Ligue 1,18,2006,5,3,282,3.1,0,0,0,0,0,0,0,0,0.4,0.4,0.2,0.6,8,2,14,0.0,0.0,0.0,0.0,0.0,0.14,0.06,0.19,0.14,0.19,4,2,50.0,1.28,0.64,0.0,0.0,21,0,0.11,-0.4,-0.4,27,51,52.9,390,67,18,29,62.1,9,15,60.0,0,0,0.0,0.2,-0.2,2,3,1,1,3,0,3,4,4,1.28,3,0,1,0,0,0,0,0,0,0,0,0,0,0,4,4,0,3,1,3,4,75.0,1,2,0,0,4,0,1,89,0,4,45,41,9,89,11,2,18.2,8,72.7,60,357,169,5,3,9,8,66,0,4,8,5,0,0,0,8,3,15,16.7
Rayan Cherki,FRA,"FW,MF",Lyon,Ligue 1,21,2003,9,5,497,5.5,2,1,3,2,0,0,2,0,1.3,1.3,2.5,3.8,22,47,47,0.36,0.18,0.54,0.36,0.54,0.24,0.45,0.69,0.24,0.69,15,6,40.0,2.72,1.09,0.13,0.33,16,2,0.09,0.7,0.7,220,293,75.1,3475,1108,129,141,91.5,70,92,76.1,18,48,37.5,3.3,-1.5,16,17,21,1,1,2,37,6,44,7.97,27,6,6,5,0,0,4,0,3,0,0,1,0,0,4,4,1,2,1,2,7,28.6,5,3,0,1,5,2,0,352,2,20,118,222,35,352,37,21,56.8,16,43.2,207,1460,783,19,10,10,13,256,0,6,10,1,0,0,0,22,1,2,33.3
Fabio Chiarodia,ITA,DF,Gladbach,Bundesliga,19,2005,6,0,43,0.5,0,0,0,0,0,0,0,0,0.0,0.0,0.0,0.0,0,2,0,0.0,0.0,0.0,0.0,0.0,0.0,0.0,0.0,0.0,0.0,0,0,0.0,0.0,0.0,0.0,0.0,0,0,0.0,0.0,0.0,16,19,84.2,322,86,3,3,100.0,11,13,84.6,2,2,100.0,0.0,0.0,0,1,0,0,0,0,0,0,0,0.0,0,0,0,0,0,0,0,0,0,0,0,0,0,0,2,1,1,1,0,1,1,100.0,0,0,0,0,2,9,0,32,6,18,14,0,0,32,0,0,0.0,0,0.0,13,59,11,0,0,0,0,14,0,2,0,0,0,0,0,4,1,0,100.0
Julián Chicco,ARG,MF,Leganés,La Liga,26,1998,7,1,181,2.0,0,0,0,0,0,0,0,0,0.0,0.0,0.1,0.1,5,14,2,0.0,0.0,0.0,0.0,0.0,0.02,0.04,0.06,0.02,0.06,1,0,0.0,0.5,0.0,0.0,0.0,25,0,0.03,0.0,0.0,59,74,79.7,1030,341,27,32,84.4,25,28,89.3,6,9,66.7,0.1,-0.1,1,7,2,0,0,1,1,1,2,0.99,1,0,1,0,0,0,0,0,0,0,0,0,0,0,6,4,0,6,0,3,5,60.0,2,2,0,2,8,2,0,102,2,19,65,19,1,102,3,2,66.7,0,0.0,56,283,145,5,0,10,3,65,0,1,3,0,0,0,0,6,0,4,0.0
Federico Chiesa,ITA,FW,Liverpool,Premier League,27,1997,1,0,19,0.2,0,0,0,0,0,0,0,0,0.2,0.2,0.0,0.2,1,0,2,0.0,0.0,0.0,0.0,0.0,0.76,0.0,0.76,0.76,0.76,2,1,50.0,9.47,4.74,0.0,0.0,21,0,0.08,-0.2,-0.2,7,8,87.5,67,12,5,6,83.3,1,1,100.0,0,0,0.0,0.1,0.0,0,1,0,0,0,0,0,0,2,9.47,2,0,0,0,0,0,0,0,0,0,0,0,0,0,0,0,0,0,0,0,0,0.0,0,0,0,0,0,0,0,12,0,2,5,5,3,12,1,0,0.0,1,100.0,11,35,13,0,1,1,2,9,0,1,1,0,0,0,0,3,0,0,0.0
Chiquinho,POR,MF,Wolves,Premier League,24,2000,1,0,7,0.1,0,0,0,0,0,0,0,0,0.0,0.0,0.0,0.0,0,0,0,0.0,0.0,0.0,0.0,0.0,0.0,0.42,0.42,0.0,0.42,0,0,0.0,0.0,0.0,0.0,0.0,0,0,0.0,0.0,0.0,3,3,100.0,71,22,1,1,100.0,1,1,100.0,1,1,100.0,0.0,0.0,1,0,1,1,0,0,1,0,2,25.71,2,0,0,0,0,0,0,0,0,0,0,0,0,0,0,0,0,0,0,0,0,0.0,0,0,0,0,0,0,0,3,0,0,1,2,1,3,0,0,0.0,0,0.0,1,13,5,0,0,0,0,2,0,1,0,0,0,0,0,1,0,0,0.0
Chiquinho,POR,"MF,FW",Mallorca,La Liga,24,2000,6,1,143,1.6,0,0,0,0,0,0,2,0,0.3,0.3,0.0,0.3,3,1,9,0.0,0.0,0.0,0.0,0.0,0.19,0.01,0.19,0.19,0.19,3,2,66.7,1.89,1.26,0.0,0.0,11,0,0.1,-0.3,-0.3,21,32,65.6,292,87,12,14,85.7,5,9,55.6,2,6,33.3,0.1,0.0,1,0,0,0,1,0,8,1,7,4.37,0,2,3,1,1,0,1,0,0,1,0,0,0,0,1,0,0,1,0,0,7,0.0,7,3,0,2,3,0,0,71,0,6,22,43,9,71,12,4,33.3,7,58.3,39,271,88,1,1,16,8,45,0,4,8,0,0,0,0,9,0,4,0.0
Pedro Chirivella,ESP,MF,Nantes,Ligue 1,27,1997,13,12,1039,11.5,0,1,1,0,0,0,1,0,0.2,0.2,0.5,0.7,5,70,10,0.0,0.09,0.09,0.0,0.09,0.01,0.04,0.06,0.01,0.06,3,0,0.0,0.26,0.0,0.0,0.0,23,0,0.06,-0.2,-0.2,557,668,83.4,9977,3177,244,271,90.0,237,267,88.8,65,107,60.7,0.6,0.5,8,73,9,2,2,3,5,4,22,1.91,22,0,0,0,0,0,3,0,3,0,0,0,0,0,17,16,8,8,1,8,16,50.0,8,5,0,4,21,25,0,732,24,131,510,95,2,732,3,1,33.3,2,66.7,377,1562,645,8,1,7,5,537,0,9,8,0,0,0,0,38,6,5,54.5
Joris Chotard,FRA,MF,Montpellier,Ligue 1,23,2001,7,7,502,5.6,0,0,0,0,0,0,3,0,0.1,0.1,0.0,0.1,2,28,6,0.0,0.0,0.0,0.0,0.0,0.01,0.0,0.02,0.01,0.02,1,0,0.0,0.18,0.0,0.0,0.0,27,1,0.08,-0.1,-0.1,206,240,85.8,3734,1132,94,100,94.0,87,94,92.6,23,36,63.9,0.4,0.0,1,25,3,0,2,3,4,1,5,0.9,5,0,0,0,0,0,0,0,0,0,0,0,0,0,12,6,4,8,0,5,9,55.6,4,5,0,7,19,9,0,287,23,90,169,30,0,287,8,4,50.0,4,50.0,135,629,282,4,0,3,3,174,0,4,4,1,0,1,0,27,6,6,50.0
Hamza Choudhury,ENG,MF,Leicester City,Premier League,27,1997,1,0,15,0.2,0,0,0,0,0,0,0,0,0.0,0.0,0.0,0.0,0,0,0,0.0,0.0,0.0,0.0,0.0,0.0,0.0,0.0,0.0,0.0,0,0,0.0,0.0,0.0,0.0,0.0,0,0,0.0,0.0,0.0,0,3,0.0,0,0,0,1,0.0,0,1,0.0,0,0,0.0,0.0,0.0,0,0,0,0,0,0,1,1,0,0.0,0,0,0,0,0,0,0,0,0,0,0,0,0,0,0,0,0,0,0,0,0,0.0,0,0,0,1,1,1,0,5,1,1,2,2,0,5,0,0,0.0,0,0.0,0,0,0,0,0,0,0,1,0,0,0,0,0,0,0,0,0,0,0.0
Andreas Christensen,DEN,DF,Barcelona,La Liga,28,1996,1,0,27,0.3,0,0,0,0,0,0,1,0,0.0,0.0,0.0,0.0,0,0,0,0.0,0.0,0.0,0.0,0.0,0.0,0.0,0.0,0.0,0.0,0,0,0.0,0.0,0.0,0.0,0.0,0,0,0.0,0.0,0.0,14,16,87.5,254,77,4,5,80.0,10,11,90.9,0,0,0.0,0.0,0.0,0,0,0,0,0,0,0,0,0,0.0,0,0,0,0,0,0,0,0,0,0,0,0,0,0,0,0,0,0,0,0,0,0.0,0,0,0,0,0,2,0,18,0,10,8,0,0,18,0,0,0.0,0,0.0,9,24,7,0,0,0,0,10,0,1,0,0,0,0,0,1,1,0,100.0
Ryan Christie,SCO,MF,Bournemouth,Premier League,29,1995,12,10,793,8.8,1,0,1,1,0,0,5,0,0.5,0.5,1.1,1.5,10,52,20,0.11,0.0,0.11,0.11,0.11,0.06,0.12,0.18,0.06,0.18,8,3,37.5,0.91,0.34,0.13,0.33,19,0,0.06,0.5,0.5,310,370,83.8,5267,1376,148,169,87.6,132,144,91.7,26,43,60.5,0.8,-1.1,11,35,10,1,2,1,9,7,26,2.95,21,1,0,2,2,0,1,0,1,0,0,0,0,0,13,8,6,6,1,5,16,31.3,11,17,5,6,19,20,1,486,25,93,271,132,17,486,19,10,52.6,7,36.8,255,1258,537,10,3,21,7,279,0,18,11,1,0,0,0,70,6,10,37.5
Samuel Chukwueze,NGA,"FW,MF",Milan,Serie A,25,1999,13,6,530,5.9,1,0,1,1,0,0,0,0,1.2,1.2,2.0,3.1,25,16,68,0.17,0.0,0.17,0.17,0.17,0.2,0.33,0.53,0.2,0.53,15,4,26.7,2.55,0.68,0.07,0.25,19,0,0.08,-0.2,-0.2,158,211,74.9,2819,598,76,87,87.4,65,87,74.7,16,31,51.6,1.6,-2.0,13,14,7,3,1,4,26,4,26,4.42,21,0,4,0,1,0,0,0,0,0,0,0,0,0,6,2,3,2,1,3,11,27.3,8,2,0,0,6,4,0,279,4,33,106,144,33,279,24,12,50.0,12,50.0,192,1425,738,14,12,13,4,214,0,1,7,3,0,0,0,18,2,6,25.0
Aaron Ciammaglichella,ITA,MF,Torino,Serie A,19,2005,1,0,1,0.0,0,0,0,0,0,0,0,0,0.0,0.0,0.0,0.0,0,0,0,0.0,0.0,0.0,0.0,0.0,0.0,0.0,0.0,0.0,0.0,0,0,0.0,0.0,0.0,0.0,0.0,0,0,0.0,0.0,0.0,0,0,0.0,0,0,0,0,0.0,0,0,0.0,0,0,0.0,0.0,0.0,0,0,0,0,0,0,0,0,0,0.0,0,0,0,0,0,0,0,0,0,0,0,0,0,0,0,0,0,0,0,0,0,0.0,0,0,0,0,0,0,0,0,0,0,0,0,0,0,0,0,0.0,0,0.0,0,0,0,0,0,0,0,0,0,0,0,0,0,0,0,0,0,0,0.0
Alessandro Circati,AUS,DF,Parma,Serie A,21,2003,4,4,360,4.0,0,0,0,0,0,0,1,0,0.0,0.0,0.0,0.0,1,5,0,0.0,0.0,0.0,0.0,0.0,0.0,0.0,0.0,0.0,0.0,0,0,0.0,0.0,0.0,0.0,0.0,0,0,0.0,0.0,0.0,149,170,87.6,2853,696,48,56,85.7,84,90,93.3,13,20,65.0,0.0,0.0,0,3,0,0,0,0,0,0,1,0.25,1,0,0,0,0,0,0,0,0,0,0,0,0,0,4,2,3,1,0,1,1,100.0,0,5,4,2,6,29,1,219,57,135,83,1,0,219,0,0,0.0,0,0.0,98,406,210,0,0,3,2,125,0,3,2,0,0,0,0,5,5,3,62.5
Pathé Ciss,SEN,MF,Rayo Vallecano,La Liga,30,1994,11,4,461,5.1,0,1,1,0,0,0,3,0,0.3,0.3,0.7,1.0,3,34,6,0.0,0.2,0.2,0.0,0.2,0.06,0.13,0.2,0.06,0.2,5,0,0.0,0.98,0.0,0.0,0.0,18,0,0.07,-0.3,-0.3,195,240,81.3,3182,1126,94,103,91.3,86,99,86.9,9,18,50.0,0.2,0.3,8,23,3,0,1,0,2,7,19,3.71,16,0,1,1,0,1,1,0,1,0,0,0,0,0,9,6,4,5,0,1,9,11.1,8,7,4,9,18,25,0,315,32,86,187,44,2,315,9,5,55.6,4,44.4,136,545,228,4,0,4,3,178,0,10,10,0,0,0,0,32,11,9,55.0
Alphadjo Cissè,ITA,MF,Hellas Verona,Serie A,18,2006,1,0,2,0.0,0,0,0,0,0,0,0,0,0.0,0.0,0.0,0.0,0,1,0,0.0,0.0,0.0,0.0,0.0,0.93,0.0,0.93,0.93,0.93,1,1,100.0,45.0,45.0,0.0,0.0,25,0,0.02,0.0,0.0,5,6,83.3,80,10,3,4,75.0,2,2,100.0,0,0,0.0,0.0,0.0,0,1,0,0,0,0,0,0,1,45.0,1,0,0,0,0,0,0,0,0,0,0,0,0,0,0,0,0,0,0,0,0,0.0,0,0,0,0,0,0,0,8,0,1,6,1,0,8,0,0,0.0,0,0.0,4,12,0,0,0,0,0,7,0,0,0,0,0,0,0,0,0,0,0.0
Seydouba Cissé,GUI,MF,Leganés,La Liga,23,2001,13,11,908,10.1,0,0,0,0,0,0,2,0,0.3,0.3,0.2,0.4,12,47,18,0.0,0.0,0.0,0.0,0.0,0.03,0.02,0.04,0.03,0.04,7,0,0.0,0.69,0.0,0.0,0.0,25,0,0.04,-0.3,-0.3,395,463,85.3,6898,1491,171,191,89.5,171,193,88.6,43,62,69.4,0.2,-0.2,5,38,6,0,0,5,5,3,18,1.79,13,1,0,1,3,0,2,0,0,0,0,0,2,0,21,13,7,11,3,7,16,43.8,9,11,0,6,27,15,1,565,11,105,376,94,8,565,22,13,59.1,6,27.3,311,1638,836,17,1,13,8,369,0,15,13,0,1,0,0,71,9,16,36.0
Harry Clarke,ENG,DF,Ipswich Town,Premier League,23,2001,4,2,198,2.2,0,0,0,0,0,0,2,1,0.1,0.1,0.0,0.1,3,10,2,0.0,0.0,0.0,0.0,0.0,0.04,0.0,0.04,0.04,0.04,1,1,100.0,0.45,0.45,0.0,0.0,4,0,0.08,-0.1,-0.1,118,144,81.9,2161,696,53,58,91.4,46,55,83.6,16,24,66.7,0.1,0.0,0,15,1,0,0,0,4,3,0,0.0,0,0,0,0,0,0,0,0,0,0,0,0,0,0,4,3,2,2,0,2,3,66.7,1,3,3,1,5,8,2,165,11,53,77,36,2,165,1,0,0.0,1,100.0,66,318,135,3,0,4,0,101,1,3,1,0,0,1,0,9,8,1,88.9
Jack Clarke,ENG,FW,Ipswich Town,Premier League,24,2000,12,4,477,5.3,0,1,1,0,0,0,1,0,0.7,0.7,1.0,1.7,10,13,23,0.0,0.19,0.19,0.0,0.19,0.13,0.19,0.32,0.13,0.32,8,1,12.5,1.51,0.19,0.0,0.0,18,0,0.09,-0.7,-0.7,109,150,72.7,1711,452,59,67,88.1,43,48,89.6,5,16,31.3,0.6,0.0,8,7,3,0,0,1,8,9,16,3.03,15,0,1,0,0,0,1,0,1,0,0,0,0,0,14,8,5,7,2,7,14,50.0,7,4,0,3,17,6,0,209,3,42,93,81,15,209,21,13,61.9,6,28.6,118,807,402,6,3,10,7,127,0,10,13,2,0,0,0,28,3,4,42.9
Alexis Claude-Maurice,FRA,"FW,MF",Augsburg,Bundesliga,26,1998,7,5,455,5.1,3,1,4,3,0,0,2,0,0.7,0.7,0.2,0.9,12,13,22,0.59,0.2,0.79,0.59,0.79,0.13,0.04,0.17,0.13,0.17,13,5,38.5,2.57,0.99,0.23,0.6,21,0,0.05,2.3,2.3,89,109,81.7,1298,233,50,59,84.7,34,38,89.5,4,4,100.0,0.3,0.8,5,8,4,1,1,0,2,4,13,2.57,9,0,1,0,3,0,2,0,1,0,0,0,1,0,11,7,4,4,3,4,6,66.7,2,2,0,5,16,1,0,186,1,28,83,81,16,186,17,8,47.1,8,47.1,106,639,314,11,3,24,10,133,0,6,10,1,1,0,0,19,5,5,50.0
Jonathan Clauss,FRA,"DF,MF",Nice,Ligue 1,32,1992,10,9,793,8.8,1,3,4,1,0,0,2,0,0.7,0.7,2.7,3.4,25,36,52,0.11,0.34,0.45,0.11,0.45,0.08,0.31,0.39,0.08,0.39,9,2,22.2,1.02,0.23,0.11,0.5,19,2,0.08,0.3,0.3,312,425,73.4,5230,2011,159,189,84.1,111,147,75.5,33,63,52.4,2.0,0.3,14,24,12,6,1,1,48,9,29,3.29,17,11,0,1,0,0,5,0,4,1,0,0,0,0,24,16,12,11,1,13,23,56.5,10,10,2,17,41,24,0,531,26,127,227,184,25,531,8,4,50.0,4,50.0,228,1190,694,12,7,13,2,277,0,9,1,0,0,0,0,39,6,4,60.0
Silvi Clúa,ESP,MF,Girona,La Liga,19,2005,4,2,163,1.8,0,0,0,0,0,0,0,0,0.0,0.0,0.0,0.1,4,3,3,0.0,0.0,0.0,0.0,0.0,0.02,0.02,0.04,0.02,0.04,2,1,50.0,1.1,0.55,0.0,0.0,33,0,0.02,0.0,0.0,75,95,78.9,1302,271,31,37,83.8,36,42,85.7,5,8,62.5,0.0,0.0,1,3,0,0,0,0,0,2,2,1.1,1,0,0,0,0,1,0,0,0,0,0,0,0,0,8,7,4,3,1,4,6,66.7,2,1,0,2,10,6,0,116,8,32,72,16,3,116,4,2,50.0,2,50.0,61,495,217,3,1,1,0,77,0,5,0,0,0,0,0,4,6,3,66.7
Nathaniel Clyne,ENG,"DF,MF",Crystal Palace,Premier League,33,1991,6,3,296,3.3,0,0,0,0,0,0,0,0,0.0,0.0,0.0,0.0,3,6,5,0.0,0.0,0.0,0.0,0.0,0.0,0.0,0.0,0.0,0.0,1,0,0.0,0.3,0.0,0.0,0.0,32,0,0.01,0.0,0.0,91,126,72.2,1739,714,36,47,76.6,44,49,89.8,10,21,47.6,0.0,0.0,0,9,0,0,1,1,3,7,0,0.0,0,0,0,0,0,0,0,0,0,0,0,0,0,0,10,6,7,2,1,5,6,83.3,1,2,1,3,13,10,1,162,13,64,76,22,1,162,0,0,0.0,0,0.0,88,367,187,0,1,4,2,100,0,0,2,0,0,0,0,4,1,6,14.3
Conor Coady,ENG,DF,Leicester City,Premier League,31,1993,3,2,188,2.1,0,0,0,0,0,0,1,0,0.0,0.0,0.0,0.0,0,2,0,0.0,0.0,0.0,0.0,0.0,0.0,0.0,0.0,0.0,0.0,0,0,0.0,0.0,0.0,0.0,0.0,0,0,0.0,0.0,0.0,69,81,85.2,1202,446,30,32,93.8,32,37,86.5,7,12,58.3,0.0,0.0,0,6,0,0,0,0,0,0,0,0.0,0,0,0,0,0,0,0,0,0,0,0,0,0,0,3,3,2,1,0,1,1,100.0,0,7,6,2,5,11,0,106,29,67,37,2,0,106,0,0,0.0,0,0.0,65,194,63,1,1,2,0,63,0,2,0,0,0,1,0,3,2,5,28.6
Marcus Coco,FRA,DF,Nantes,Ligue 1,28,1996,7,5,434,4.8,0,1,1,0,0,0,2,1,0.0,0.0,0.4,0.4,6,19,18,0.0,0.21,0.21,0.0,0.21,0.01,0.09,0.09,0.01,0.09,1,0,0.0,0.21,0.0,0.0,0.0,27,0,0.03,0.0,0.0,211,258,81.8,3596,1336,98,103,95.1,94,112,83.9,16,35,45.7,0.2,0.6,4,16,4,2,0,0,11,2,8,1.66,6,2,0,0,0,0,1,0,1,0,0,0,0,0,14,14,6,6,2,7,16,43.8,9,6,2,3,17,12,0,302,16,86,159,58,1,302,5,1,20.0,4,80.0,148,653,257,7,0,7,1,177,0,15,7,0,0,0,0,22,4,5,44.4
Saúl Coco,EQG,DF,Torino,Serie A,25,1999,13,13,1170,13.0,2,0,2,2,0,0,4,0,0.7,0.7,0.0,0.7,6,32,2,0.15,0.0,0.15,0.15,0.15,0.05,0.0,0.05,0.05,0.05,10,4,40.0,0.77,0.31,0.2,0.5,19,2,0.07,1.3,1.3,613,690,88.8,10978,3524,226,242,93.4,339,364,93.1,38,68,55.9,0.1,0.0,0,40,1,0,0,3,0,3,5,0.38,4,0,0,1,0,0,0,0,0,0,0,0,0,0,12,7,9,3,0,2,8,25.0,6,18,12,20,32,58,3,825,85,340,458,31,8,825,6,5,83.3,1,16.7,496,2480,1339,5,0,7,2,566,0,19,5,0,0,0,1,33,25,23,52.1
Séamus Coleman,IRL,DF,Everton,Premier League,36,1988,1,1,90,1.0,0,0,0,0,0,0,0,0,0.6,0.6,0.0,0.6,0,6,2,0.0,0.0,0.0,0.0,0.0,0.57,0.0,0.57,0.57,0.57,1,1,100.0,1.0,1.0,0.0,0.0,10,0,0.57,-0.6,-0.6,32,43,74.4,535,247,17,19,89.5,13,18,72.2,2,6,33.3,0.0,0.0,0,3,0,0,0,0,1,0,1,1.0,0,0,1,0,0,0,0,0,0,0,0,0,0,0,1,0,0,1,0,1,2,50.0,1,2,1,0,1,2,0,52,3,12,30,10,2,52,2,2,100.0,0,0.0,22,100,35,0,0,1,0,25,0,0,0,0,0,0,0,4,1,1,50.0
Nathan Collins,IRL,DF,Brentford,Premier League,23,2001,13,13,1170,13.0,1,1,2,1,0,0,1,0,1.8,1.8,1.0,2.8,10,51,7,0.08,0.08,0.15,0.08,0.15,0.14,0.08,0.22,0.14,0.22,9,4,44.4,0.69,0.31,0.11,0.25,8,0,0.2,-0.8,-0.8,661,777,85.1,12333,4381,238,278,85.6,384,415,92.5,37,73,50.7,0.8,0.0,4,35,2,1,1,4,3,3,16,1.23,10,2,1,2,1,0,5,0,2,1,0,1,1,0,17,9,10,5,2,11,15,73.3,4,35,26,13,30,72,0,934,151,505,370,63,28,934,5,4,80.0,1,20.0,498,2565,1448,4,0,4,4,580,0,9,9,3,1,0,0,56,52,18,74.3
Nnamdi Collins,GER,DF,Eint Frankfurt,Bundesliga,20,2004,5,3,281,3.1,0,1,1,0,0,0,0,0,0.0,0.0,0.9,0.9,8,14,6,0.0,0.32,0.32,0.0,0.32,0.0,0.3,0.3,0.0,0.3,0,0,0.0,0.0,0.0,0.0,0.0,0,0,0.0,0.0,0.0,147,179,82.1,2595,705,59,67,88.1,73,84,86.9,13,24,54.2,0.7,0.1,1,9,1,0,0,1,5,1,3,0.96,2,0,1,0,0,0,2,0,1,0,1,0,0,0,6,6,5,0,1,3,3,100.0,0,9,4,3,9,14,1,227,16,88,100,39,6,227,7,1,14.3,6,85.7,95,498,253,6,1,3,1,112,0,5,3,0,0,0,0,17,3,3,50.0
Toby Collyer,ENG,MF,Manchester Utd,Premier League,20,2004,1,0,45,0.5,0,0,0,0,0,0,0,0,0.0,0.0,0.1,0.1,0,2,2,0.0,0.0,0.0,0.0,0.0,0.0,0.15,0.15,0.0,0.15,0,0,0.0,0.0,0.0,0.0,0.0,0,0,0.0,0.0,0.0,15,19,78.9,235,37,8,8,100.0,4,5,80.0,2,3,66.7,0.0,-0.1,1,1,0,0,0,0,0,2,2,4.0,2,0,0,0,0,0,0,0,0,0,0,0,0,0,4,3,1,3,0,2,2,100.0,0,0,0,0,4,1,0,31,1,8,16,7,1,31,1,1,100.0,0,0.0,20,108,27,0,0,5,0,23,0,0,2,0,0,0,0,3,0,0,0.0
Lorenzo Colombo,ITA,"FW,MF",Empoli,Serie A,22,2002,14,12,875,9.7,2,1,3,1,1,1,2,0,3.1,2.3,0.7,3.0,16,14,47,0.21,0.1,0.31,0.1,0.21,0.32,0.07,0.39,0.24,0.31,20,3,15.0,2.06,0.31,0.05,0.33,17,0,0.12,-1.1,-1.3,116,176,65.9,1666,356,71,93,76.3,31,46,67.4,8,17,47.1,0.2,0.3,7,6,3,1,1,3,6,6,22,2.26,13,0,3,3,3,0,1,0,0,0,0,1,0,0,11,6,4,3,4,4,11,36.4,7,9,1,1,12,4,0,309,6,37,150,128,32,308,20,10,50.0,10,50.0,156,1029,453,12,7,40,22,198,0,15,13,3,0,0,0,28,20,43,31.7
Andrea Colpani,ITA,"FW,MF",Fiorentina,Serie A,25,1999,13,12,925,10.3,2,1,3,2,0,0,1,0,2.0,2.0,0.8,2.8,28,39,78,0.19,0.1,0.29,0.19,0.29,0.2,0.08,0.28,0.2,0.28,26,10,38.5,2.53,0.97,0.08,0.2,19,1,0.08,0.0,0.0,249,301,82.7,3893,742,144,154,93.5,83,104,79.8,15,31,48.4,0.9,0.2,11,13,11,0,1,4,18,1,28,2.72,22,2,0,3,1,0,4,0,3,0,0,1,0,0,8,3,3,4,1,0,5,0.0,5,3,0,2,10,8,0,385,6,30,161,197,29,385,17,7,41.2,9,52.9,258,1615,737,29,8,16,13,292,0,13,14,1,0,0,0,26,7,7,50.0
Levi Colwill,ENG,DF,Chelsea,Premier League,21,2003,13,13,1169,13.0,0,0,0,0,0,0,3,0,0.2,0.2,0.6,0.8,3,49,0,0.0,0.0,0.0,0.0,0.0,0.01,0.05,0.06,0.01,0.06,3,1,33.3,0.23,0.08,0.0,0.0,8,0,0.06,-0.2,-0.2,873,974,89.6,15962,6520,304,323,94.1,510,537,95.0,53,85,62.4,0.8,-0.6,3,48,1,0,3,5,1,13,14,1.08,11,2,0,0,0,1,1,0,0,0,0,0,0,1,12,8,9,3,0,4,8,50.0,4,19,13,15,27,43,1,1084,137,535,524,27,12,1084,5,3,60.0,2,40.0,606,2658,1563,3,0,6,4,790,0,18,9,1,0,1,0,43,19,16,54.3
Kingsley Coman,FRA,FW,Bayern Munich,Bundesliga,28,1996,12,6,603,6.7,3,2,5,3,0,0,0,0,1.2,1.2,1.9,3.1,33,28,108,0.45,0.3,0.75,0.45,0.75,0.18,0.28,0.46,0.18,0.46,19,10,52.6,2.84,1.49,0.16,0.3,16,0,0.06,1.8,1.8,314,371,84.6,4946,848,171,185,92.4,119,137,86.9,19,34,55.9,2.3,0.1,17,17,15,2,0,1,23,6,40,5.95,33,0,4,3,0,0,2,0,2,0,0,0,0,0,10,6,3,2,5,3,5,60.0,2,6,0,5,15,12,0,466,11,48,161,262,42,466,34,19,55.9,15,44.1,304,1982,916,17,9,12,5,370,0,4,3,3,0,0,0,26,4,4,50.0
Eray Cömert,SUI,"DF,MF",Valladolid,La Liga,26,1998,13,11,889,9.9,0,0,0,0,0,0,4,0,0.5,0.5,0.0,0.5,5,21,3,0.0,0.0,0.0,0.0,0.0,0.05,0.0,0.05,0.05,0.05,7,0,0.0,0.71,0.0,0.0,0.0,22,0,0.07,-0.5,-0.5,359,423,84.9,7334,2449,105,122,86.1,207,226,91.6,42,65,64.6,0.1,0.0,0,21,0,0,0,8,0,5,6,0.61,6,0,0,0,0,0,0,0,0,0,0,0,0,0,13,8,6,7,0,6,11,54.5,5,16,9,12,25,32,1,528,54,277,229,23,5,528,2,2,100.0,0,0.0,275,1365,620,3,0,7,1,333,0,11,8,0,0,0,0,21,12,12,50.0
Santi Comesaña,ESP,MF,Villarreal,La Liga,28,1996,14,12,1011,11.2,2,2,4,2,0,0,3,0,0.9,0.9,1.0,1.9,18,65,22,0.18,0.18,0.36,0.18,0.36,0.08,0.09,0.17,0.08,0.17,9,2,22.2,0.8,0.18,0.22,1.0,13,0,0.1,1.1,1.1,477,544,87.7,8251,2545,221,242,91.3,215,235,91.5,35,46,76.1,1.2,1.0,13,56,11,0,3,8,4,8,35,3.12,31,1,0,1,0,2,3,0,2,0,0,0,0,1,31,20,16,13,2,13,24,54.2,11,19,8,9,40,16,0,669,42,158,397,118,19,669,13,5,38.5,7,53.8,374,1996,1139,12,1,14,19,457,0,20,13,1,0,0,0,66,9,17,34.6
Pietro Comuzzo,ITA,DF,Fiorentina,Serie A,19,2005,11,11,947,10.5,0,0,0,0,0,0,1,0,0.0,0.0,0.1,0.1,4,34,2,0.0,0.0,0.0,0.0,0.0,0.0,0.01,0.01,0.0,0.01,1,1,100.0,0.1,0.1,0.0,0.0,14,0,0.01,0.0,0.0,505,569,88.8,10270,2966,138,150,92.0,294,310,94.8,68,95,71.6,0.1,-0.1,1,28,1,0,0,2,1,4,6,0.57,6,0,0,0,0,0,1,0,1,0,0,0,0,0,20,10,11,7,2,10,13,76.9,3,14,10,10,30,32,0,658,64,304,337,19,3,658,0,0,0.0,0,0.0,415,1779,785,5,0,4,1,456,0,12,5,0,0,0,0,38,29,21,58.0
Francisco Conceição,POR,"FW,MF",Juventus,Serie A,22,2002,9,5,542,6.0,1,3,4,1,0,0,3,1,0.7,0.7,3.3,4.0,40,16,74,0.17,0.5,0.66,0.17,0.66,0.12,0.54,0.66,0.12,0.66,16,4,25.0,2.66,0.66,0.06,0.25,18,0,0.05,0.3,0.3,178,227,78.4,3003,466,92,109,84.4,71,83,85.5,13,24,54.2,3.3,-0.3,12,6,10,4,0,3,28,9,26,4.32,18,2,4,2,0,0,5,0,3,1,1,0,0,0,9,5,3,3,3,4,9,44.4,5,2,0,4,13,1,0,300,3,32,100,174,35,300,31,15,48.4,14,45.2,236,1893,1002,12,24,12,7,241,1,8,13,2,0,0,0,15,0,2,0.0
Tomás Conechny,ARG,"FW,MF",Alavés,La Liga,26,1998,9,6,471,5.2,1,0,1,1,0,0,3,0,1.3,1.3,0.2,1.5,8,5,39,0.19,0.0,0.19,0.19,0.19,0.25,0.05,0.3,0.25,0.3,14,7,50.0,2.68,1.34,0.07,0.14,17,1,0.09,-0.3,-0.3,87,159,54.7,1377,491,50,76,65.8,29,49,59.2,6,20,30.0,0.7,-0.2,6,2,8,6,1,0,26,7,9,1.72,9,0,0,0,0,0,0,0,0,0,0,0,0,0,4,2,2,2,0,2,10,20.0,8,8,1,4,8,4,0,225,5,27,70,129,24,225,3,0,0.0,3,100.0,136,544,230,8,2,19,4,151,0,13,6,4,0,0,0,26,9,11,45.0
Sirlord Conteh,GER,"FW,MF",Heidenheim,Bundesliga,28,1996,11,0,287,3.2,0,1,1,0,0,0,0,0,0.5,0.5,1.1,1.6,10,7,25,0.0,0.31,0.31,0.0,0.31,0.14,0.36,0.5,0.14,0.5,4,1,25.0,1.25,0.31,0.0,0.0,11,0,0.11,-0.5,-0.5,46,71,64.8,764,274,23,32,71.9,15,20,75.0,5,10,50.0,0.8,-0.1,5,6,2,1,0,0,10,6,11,3.44,9,0,0,0,2,0,3,0,3,0,0,0,0,0,6,3,3,3,0,2,2,100.0,0,0,0,0,6,1,0,97,2,11,35,55,12,97,2,0,0.0,1,50.0,59,360,193,2,3,8,5,63,0,1,4,0,0,0,0,8,4,3,57.1
Lewis Cook,ENG,MF,Bournemouth,Premier League,27,1997,12,12,1073,11.9,1,3,4,1,0,0,4,0,0.5,0.5,2.1,2.6,10,64,17,0.08,0.25,0.34,0.08,0.34,0.04,0.18,0.22,0.04,0.22,8,2,25.0,0.67,0.17,0.13,0.5,24,1,0.06,0.5,0.5,424,562,75.4,7391,2282,189,218,86.7,198,233,85.0,34,94,36.2,1.8,0.9,20,58,10,2,3,2,57,11,36,3.02,26,9,0,1,0,0,4,0,2,1,0,1,0,0,32,19,16,15,1,12,26,46.2,14,15,4,20,52,17,0,690,30,135,388,175,10,690,6,2,33.3,4,66.7,319,1636,865,11,2,13,10,366,0,28,2,1,0,0,0,63,9,13,40.9
Copete,ESP,DF,Mallorca,La Liga,25,1999,10,4,419,4.7,0,0,0,0,0,0,2,0,0.4,0.4,0.0,0.4,3,10,1,0.0,0.0,0.0,0.0,0.0,0.08,0.0,0.08,0.08,0.08,4,2,50.0,0.86,0.43,0.0,0.0,9,0,0.1,-0.4,-0.4,166,199,83.4,3228,1222,58,63,92.1,87,101,86.1,20,32,62.5,0.0,0.0,0,5,1,0,0,0,3,1,1,0.21,1,0,0,0,0,0,0,0,0,0,0,0,0,0,8,6,7,1,0,3,3,100.0,0,6,4,4,12,37,0,261,49,149,101,11,5,261,0,0,0.0,0,0.0,126,570,361,0,0,0,0,145,0,10,2,0,0,0,0,8,10,6,62.5
Diego Coppola,ITA,DF,Hellas Verona,Serie A,21,2003,12,11,947,10.5,0,0,0,0,0,0,5,0,0.1,0.1,0.0,0.1,3,21,0,0.0,0.0,0.0,0.0,0.0,0.0,0.0,0.01,0.0,0.01,1,0,0.0,0.1,0.0,0.0,0.0,9,0,0.05,-0.1,-0.1,354,430,82.3,6547,2305,119,138,86.2,207,231,89.6,26,54,48.1,0.1,0.0,2,7,0,0,0,3,0,1,3,0.29,3,0,0,0,0,0,1,0,1,0,0,0,0,0,21,13,17,3,1,11,16,68.8,5,19,9,25,46,44,1,556,54,289,261,10,4,556,2,0,0.0,2,100.0,288,1582,663,2,0,1,2,304,0,15,0,0,0,0,0,29,30,31,49.2
Derek Cornelius,CAN,DF,Marseille,Ligue 1,27,1997,7,6,515,5.7,0,0,0,0,0,0,4,1,0.1,0.1,0.1,0.2,2,23,4,0.0,0.0,0.0,0.0,0.0,0.01,0.02,0.03,0.01,0.03,1,0,0.0,0.17,0.0,0.0,0.0,11,0,0.06,-0.1,-0.1,457,487,93.8,7204,2932,222,229,96.9,217,226,96.0,12,22,54.5,0.2,-0.1,3,22,0,0,0,0,2,4,4,0.7,4,0,0,0,0,0,0,0,0,0,0,0,0,0,9,5,6,3,0,7,9,77.8,2,7,3,3,12,23,0,536,56,254,263,19,3,536,2,0,0.0,2,100.0,390,1717,917,3,0,2,1,417,1,9,6,0,0,1,0,21,12,4,75.0
Maxwel Cornet,CIV,FW,Southampton,Premier League,28,1996,2,1,72,0.8,0,0,0,0,0,0,1,0,0.2,0.2,0.0,0.2,1,0,5,0.0,0.0,0.0,0.0,0.0,0.2,0.0,0.2,0.2,0.2,1,0,0.0,1.25,0.0,0.0,0.0,18,0,0.16,-0.2,-0.2,17,22,77.3,262,37,9,10,90.0,6,8,75.0,1,2,50.0,0.0,0.0,0,0,0,0,0,0,3,0,0,0.0,0,0,0,0,0,0,0,0,0,0,0,0,0,0,5,5,1,4,0,0,4,0.0,4,0,0,0,5,2,0,34,1,8,14,13,2,34,1,0,0.0,1,100.0,16,73,26,0,1,3,0,23,0,0,1,1,0,0,0,2,3,0,100.0
Pierre Cornud,FRA,DF,Saint-Étienne,Ligue 1,28,1996,5,3,222,2.5,0,0,0,0,0,0,2,0,0.0,0.0,0.2,0.2,2,8,9,0.0,0.0,0.0,0.0,0.0,0.0,0.09,0.09,0.0,0.09,0,0,0.0,0.0,0.0,0.0,0.0,0,0,0.0,0.0,0.0,99,117,84.6,1930,805,48,51,94.1,32,38,84.2,19,26,73.1,0.1,-0.2,1,9,1,0,1,4,6,2,1,0.41,1,0,0,0,0,0,0,0,0,0,0,0,0,0,3,3,2,0,1,3,4,75.0,1,4,1,3,6,11,1,143,15,62,56,28,0,143,3,0,0.0,3,100.0,53,249,108,4,0,2,2,58,0,3,1,0,0,1,0,15,0,1,0.0
Ángel Correa,ARG,"FW,MF",Atlético Madrid,La Liga,29,1995,14,2,407,4.5,2,1,3,2,0,0,2,0,3.2,3.2,1.1,4.3,11,11,43,0.44,0.22,0.66,0.44,0.66,0.71,0.25,0.95,0.71,0.95,18,5,27.8,3.98,1.11,0.11,0.4,13,0,0.18,-1.2,-1.2,101,145,69.7,1362,364,64,80,80.0,24,33,72.7,5,11,45.5,1.3,-0.1,6,8,6,1,0,1,11,11,14,3.1,9,0,3,1,1,0,3,0,2,0,1,0,0,0,3,0,2,0,1,1,5,20.0,4,4,0,2,5,2,0,208,2,25,63,124,41,208,18,10,55.6,8,44.4,142,693,316,10,7,14,7,156,0,8,7,2,0,0,0,18,1,4,20.0
Joaquín Correa,ARG,"FW,MF",Inter,Serie A,30,1994,4,1,131,1.5,1,2,3,1,0,0,1,0,0.8,0.8,1.4,2.1,3,7,5,0.69,1.37,2.06,0.69,2.06,0.54,0.92,1.46,0.54,1.46,4,2,50.0,2.75,1.37,0.25,0.5,12,0,0.2,0.2,0.2,40,48,83.3,655,168,18,22,81.8,19,22,86.4,3,3,100.0,0.2,0.6,3,5,1,0,2,0,0,1,4,2.73,4,0,0,0,0,0,2,1,2,0,0,0,0,0,1,0,0,1,0,0,0,0.0,0,0,0,0,1,0,0,60,0,1,32,28,5,60,0,0,0.0,0,0.0,34,142,99,2,0,1,1,54,0,1,4,0,0,0,0,6,2,5,28.6
Thierry Correia,POR,DF,Valencia,La Liga,25,1999,11,9,768,8.5,0,0,0,0,0,0,1,0,0.3,0.3,0.3,0.6,16,44,48,0.0,0.0,0.0,0.0,0.0,0.04,0.04,0.08,0.04,0.08,7,3,42.9,0.82,0.35,0.0,0.0,19,0,0.05,-0.3,-0.3,330,441,74.8,5750,2179,160,183,87.4,137,172,79.7,31,67,46.3,0.8,-0.3,5,23,12,3,0,1,18,16,16,1.87,12,1,2,0,1,0,0,0,0,0,0,0,0,0,27,18,19,5,3,13,23,56.5,10,10,1,4,31,18,0,555,29,177,215,170,12,555,23,8,34.8,12,52.2,240,1328,785,9,6,17,0,293,0,15,14,0,0,0,0,38,4,8,33.3
Coba Da Costa,ESP,FW,Getafe,La Liga,22,2002,1,0,45,0.5,0,0,0,0,0,0,0,0,0.0,0.0,0.0,0.0,3,0,2,0.0,0.0,0.0,0.0,0.0,0.06,0.0,0.06,0.06,0.06,1,1,100.0,2.0,2.0,0.0,0.0,20,0,0.03,0.0,0.0,4,8,50.0,51,0,3,4,75.0,1,2,50.0,0,0,0.0,0.0,0.0,0,0,0,0,0,0,0,0,1,2.0,0,0,1,0,0,0,0,0,0,0,0,0,0,0,2,2,1,1,0,0,0,0.0,0,1,0,1,3,0,0,16,0,2,7,7,3,16,2,1,50.0,1,50.0,11,130,84,0,2,1,1,8,0,0,0,0,0,0,0,2,0,0,0.0
Danny Da Costa,GER,DF,Mainz 05,Bundesliga,31,1993,4,4,350,3.9,0,1,1,0,0,0,0,0,0.0,0.0,0.3,0.3,2,19,5,0.0,0.26,0.26,0.0,0.26,0.0,0.08,0.08,0.0,0.08,1,0,0.0,0.26,0.0,0.0,0.0,30,0,0.02,0.0,0.0,158,200,79.0,3180,1483,60,65,92.3,75,84,89.3,23,50,46.0,0.4,0.7,2,21,3,2,0,1,5,1,4,1.03,4,0,0,0,0,0,1,0,1,0,0,0,0,0,10,4,7,2,1,3,3,100.0,0,5,1,3,13,8,0,237,15,93,130,17,0,237,2,0,0.0,2,100.0,130,545,194,1,0,4,3,148,0,4,0,0,0,0,0,19,1,5,16.7
David Costa,POR,MF,Lens,Ligue 1,23,2001,7,3,276,3.1,0,0,0,0,0,0,0,0,0.9,0.9,0.4,1.3,13,20,17,0.0,0.0,0.0,0.0,0.0,0.3,0.13,0.43,0.3,0.43,6,2,33.3,1.96,0.65,0.0,0.0,17,0,0.16,-0.9,-0.9,98,110,89.1,1574,532,48,52,92.3,42,46,91.3,6,8,75.0,0.9,-0.4,6,10,7,4,0,1,8,2,7,2.28,4,1,0,1,1,0,1,0,0,0,0,0,1,0,2,0,1,1,0,1,4,25.0,3,5,1,1,3,0,0,144,1,12,66,69,11,144,7,1,14.3,6,85.7,93,656,423,10,4,8,4,117,0,1,4,0,1,0,0,8,0,2,0.0
Logan Costa,CPV,DF,Villarreal,La Liga,23,2001,11,10,916,10.2,1,0,1,1,0,0,1,0,0.3,0.3,0.0,0.3,11,47,7,0.1,0.0,0.1,0.1,0.1,0.03,0.0,0.03,0.03,0.03,6,3,50.0,0.59,0.29,0.17,0.33,13,0,0.06,0.7,0.7,472,537,87.9,8907,3401,178,190,93.7,232,251,92.4,55,89,61.8,0.2,0.0,0,41,3,0,1,7,1,0,9,0.87,8,0,0,0,1,0,1,0,0,0,0,0,1,0,13,8,8,4,1,9,10,90.0,1,6,4,5,18,35,1,617,99,320,275,26,5,617,1,0,0.0,1,100.0,362,2013,1182,7,0,3,0,425,0,5,2,2,1,1,0,34,19,9,67.9
Logan Costa,CPV,DF,Toulouse,Ligue 1,23,2001,1,1,90,1.0,0,0,0,0,0,0,0,0,0.0,0.0,0.5,0.5,1,4,1,0.0,0.0,0.0,0.0,0.0,0.0,0.5,0.5,0.0,0.5,0,0,0.0,0.0,0.0,0.0,0.0,0,0,0.0,0.0,0.0,47,56,83.9,845,482,20,20,100.0,23,26,88.5,4,9,44.4,0.0,-0.5,1,4,1,1,0,0,1,0,1,1.0,1,0,0,0,0,0,0,0,0,0,0,0,0,0,2,1,0,2,0,1,1,100.0,0,2,2,2,4,4,0,69,12,34,33,3,0,69,0,0,0.0,0,0.0,37,179,115,0,0,0,1,42,0,0,0,0,0,0,0,4,4,2,66.7
Samu Costa,POR,MF,Mallorca,La Liga,24,2000,15,15,1279,14.2,0,2,2,0,0,0,6,1,1.0,1.0,1.0,2.0,10,63,35,0.0,0.14,0.14,0.0,0.14,0.07,0.07,0.14,0.07,0.14,18,6,33.3,1.27,0.42,0.0,0.0,20,1,0.06,-1.0,-1.0,577,709,81.4,10627,3171,249,289,86.2,247,286,86.4,73,102,71.6,1.0,1.0,10,66,6,3,1,13,7,13,28,1.97,22,1,1,3,1,0,4,0,2,1,0,1,0,0,40,19,23,16,1,16,33,48.5,17,21,6,18,58,42,0,890,54,214,530,151,16,890,11,4,36.4,6,54.5,496,1978,748,9,0,19,16,608,1,25,33,2,0,0,0,66,33,14,70.2
Vladimír Coufal,CZE,DF,West Ham,Premier League,32,1992,8,3,327,3.6,0,0,0,0,0,0,2,0,0.0,0.0,0.2,0.2,5,15,15,0.0,0.0,0.0,0.0,0.0,0.01,0.06,0.06,0.01,0.06,1,0,0.0,0.28,0.0,0.0,0.0,22,0,0.02,0.0,0.0,140,185,75.7,2300,903,67,78,85.9,58,74,78.4,11,25,44.0,0.4,-0.2,2,13,3,1,0,0,9,5,6,1.65,4,2,0,0,0,0,1,0,0,1,0,0,0,0,4,2,2,2,0,2,6,33.3,4,2,2,2,6,7,1,222,12,64,103,55,4,222,5,0,0.0,2,40.0,83,417,143,4,0,4,5,116,0,11,5,0,0,0,0,10,6,6,50.0
Lassana Coulibaly,MLI,MF,Lecce,Serie A,28,1996,14,7,797,8.9,0,0,0,0,0,0,1,0,0.1,0.1,0.4,0.5,6,28,11,0.0,0.0,0.0,0.0,0.0,0.02,0.04,0.06,0.02,0.06,2,1,50.0,0.23,0.11,0.0,0.0,14,0,0.07,-0.1,-0.1,228,258,88.4,4142,1078,93,102,91.2,101,110,91.8,29,34,85.3,0.1,-0.4,5,23,2,0,1,1,4,5,14,1.58,13,0,0,0,0,1,0,0,0,0,0,0,0,0,11,7,4,7,0,5,15,33.3,10,14,4,7,18,9,0,333,16,85,207,45,6,333,9,5,55.6,2,22.2,178,1072,371,7,0,6,7,212,0,10,10,0,0,1,0,43,7,11,38.9
Lasso Coulibaly,GHA,"FW,MF",Auxerre,Ligue 1,22,2002,2,0,38,0.4,1,0,1,1,0,0,0,0,0.2,0.2,0.0,0.2,0,0,3,2.37,0.0,2.37,2.37,2.37,0.52,0.0,0.52,0.52,0.52,2,1,50.0,4.74,2.37,0.5,1.0,11,0,0.11,0.8,0.8,9,10,90.0,111,0,6,6,100.0,3,4,75.0,0,0,0.0,0.0,0.0,0,0,0,0,0,0,1,0,0,0.0,0,0,0,0,0,0,0,0,0,0,0,0,0,0,0,0,0,0,0,0,0,0.0,0,0,0,0,0,0,0,15,0,3,5,8,2,15,2,1,50.0,1,50.0,9,47,22,0,0,1,0,12,0,0,1,0,0,0,0,1,0,2,0.0
Soumaïla Coulibaly,FRA,DF,Brest,Ligue 1,21,2003,5,3,321,3.6,0,0,0,0,0,0,0,0,0.1,0.1,0.0,0.1,1,8,0,0.0,0.0,0.0,0.0,0.0,0.02,0.0,0.02,0.02,0.02,2,0,0.0,0.56,0.0,0.0,0.0,12,0,0.03,-0.1,-0.1,189,215,87.9,3984,1100,50,54,92.6,115,124,92.7,22,34,64.7,0.0,0.0,0,6,1,0,0,8,0,1,5,1.4,3,0,0,1,1,0,2,0,0,0,0,1,1,0,2,2,0,2,0,0,0,0.0,0,4,1,5,7,13,0,247,36,143,97,7,2,247,2,0,0.0,2,100.0,139,621,288,2,0,2,0,159,0,9,1,0,1,0,0,11,6,3,66.7
Tanguy Coulibaly,FRA,"FW,MF",Montpellier,Ligue 1,23,2001,10,4,437,4.9,1,0,1,1,0,0,2,2,0.6,0.6,0.4,1.1,22,6,32,0.21,0.0,0.21,0.21,0.21,0.13,0.09,0.22,0.13,0.22,9,3,33.3,1.85,0.62,0.11,0.33,14,0,0.07,0.4,0.4,95,128,74.2,1290,207,61,71,85.9,27,40,67.5,3,9,33.3,0.2,-0.4,8,4,0,0,2,0,10,3,15,3.09,8,0,1,3,1,2,1,0,0,0,0,1,0,0,9,6,2,6,1,2,8,25.0,6,3,0,4,13,0,0,189,3,22,75,97,23,189,17,13,76.5,4,23.5,119,1020,448,10,8,15,11,128,1,14,2,1,0,1,0,19,9,7,56.3
Woyo Coulibaly,FRA,DF,Parma,Serie A,25,1999,12,10,904,10.0,0,1,1,0,0,0,1,1,0.1,0.1,0.9,1.0,32,38,22,0.0,0.1,0.1,0.0,0.1,0.01,0.09,0.1,0.01,0.1,3,0,0.0,0.3,0.0,0.0,0.0,23,0,0.05,-0.1,-0.1,447,508,88.0,6831,2513,244,261,93.5,173,200,86.5,20,31,64.5,0.8,0.1,7,35,4,0,2,2,4,3,17,1.69,16,0,1,0,0,0,2,0,1,0,1,0,0,0,12,9,8,2,2,5,11,45.5,6,17,2,8,20,20,0,605,26,178,333,99,11,605,16,7,43.8,8,50.0,345,2134,1218,14,8,17,11,375,0,9,8,1,0,0,1,50,8,7,53.3
Yan Couto,BRA,DF,Dortmund,Bundesliga,22,2002,7,2,298,3.3,0,0,0,0,0,0,3,0,0.1,0.1,0.3,0.4,13,17,27,0.0,0.0,0.0,0.0,0.0,0.02,0.1,0.12,0.02,0.12,2,1,50.0,0.6,0.3,0.0,0.0,26,0,0.03,-0.1,-0.1,184,233,79.0,2967,822,93,107,86.9,78,96,81.3,12,24,50.0,1.0,-0.3,3,23,7,4,0,2,16,5,8,2.42,8,0,0,0,0,0,1,0,1,0,0,0,0,0,5,3,4,1,0,4,7,57.1,3,6,0,3,8,8,1,267,9,74,134,61,5,267,5,2,40.0,3,60.0,140,834,505,10,2,8,1,171,0,4,4,0,0,0,0,22,0,1,0.0
Nicolas Cozza,FRA,"DF,MF",Nantes,Ligue 1,25,1999,10,8,751,8.3,1,0,1,1,0,0,1,0,0.5,0.5,0.4,0.8,10,24,15,0.12,0.0,0.12,0.12,0.12,0.06,0.04,0.1,0.06,0.1,6,3,50.0,0.72,0.36,0.17,0.33,17,0,0.08,0.5,0.5,237,302,78.5,3706,1468,124,142,87.3,104,123,84.6,6,21,28.6,0.6,-0.4,3,18,3,0,1,0,7,7,9,1.08,7,0,0,1,1,0,2,0,1,0,0,0,1,0,23,16,14,7,2,9,18,50.0,9,8,3,7,30,25,0,404,27,130,180,97,17,404,12,3,25.0,8,66.7,148,688,285,3,0,10,2,174,0,7,5,1,1,0,0,29,7,6,53.8
Aaron Cresswell,ENG,DF,West Ham,Premier League,35,1989,4,0,29,0.3,0,0,0,0,0,0,1,0,0.0,0.0,0.0,0.1,1,3,1,0.0,0.0,0.0,0.0,0.0,0.11,0.11,0.22,0.11,0.22,1,0,0.0,3.1,0.0,0.0,0.0,31,1,0.03,0.0,0.0,24,34,70.6,439,142,11,15,73.3,12,15,80.0,1,3,33.3,0.0,0.0,1,2,0,0,0,1,3,1,1,3.1,1,0,0,0,0,0,0,0,0,0,0,0,0,0,1,0,0,1,0,1,1,100.0,0,1,0,0,1,3,0,40,2,11,19,10,0,40,0,0,0.0,0,0.0,15,49,20,2,0,0,0,22,0,1,0,0,0,0,0,3,1,0,100.0
Charlie Cresswell,ENG,DF,Toulouse,Ligue 1,22,2002,12,10,883,9.8,0,0,0,0,0,0,0,0,1.4,1.4,0.5,1.8,5,25,4,0.0,0.0,0.0,0.0,0.0,0.14,0.05,0.19,0.14,0.19,11,3,27.3,1.12,0.31,0.0,0.0,9,0,0.13,-1.4,-1.4,467,566,82.5,8567,2806,158,177,89.3,278,310,89.7,29,73,39.7,0.3,-0.5,1,19,1,0,0,4,2,4,9,0.92,7,0,0,2,0,0,0,0,0,0,0,0,0,0,13,5,6,7,0,12,20,60.0,8,11,9,10,23,50,1,675,104,347,303,29,14,675,4,0,0.0,3,75.0,374,1687,836,4,1,9,0,431,0,11,5,0,0,0,1,29,35,13,72.9
Bryan Cristante,ITA,MF,Roma,Serie A,29,1995,14,12,999,11.1,1,0,1,1,0,0,4,0,0.8,0.8,0.3,1.1,15,71,14,0.09,0.0,0.09,0.09,0.09,0.07,0.03,0.1,0.07,0.1,13,2,15.4,1.17,0.18,0.08,0.5,15,0,0.06,0.2,0.2,572,681,84.0,10122,2583,229,261,87.7,292,323,90.4,44,67,65.7,0.5,-0.3,6,63,6,0,2,5,2,10,22,1.98,19,0,0,2,1,0,1,0,1,0,0,0,0,0,23,17,7,13,3,9,16,56.3,7,12,7,11,34,20,0,782,29,120,548,115,19,782,3,2,66.7,1,33.3,437,2522,1333,16,2,12,5,560,0,17,7,0,0,0,0,53,25,23,52.1
Domen Črnigoj,SVN,MF,Venezia,Serie A,29,1995,5,1,98,1.1,0,0,0,0,0,0,0,0,0.0,0.0,0.0,0.0,4,3,5,0.0,0.0,0.0,0.0,0.0,0.0,0.0,0.0,0.0,0.0,0,0,0.0,0.0,0.0,0.0,0.0,0,0,0.0,0.0,0.0,19,38,50.0,291,65,9,15,60.0,8,10,80.0,1,6,16.7,0.0,0.0,0,0,1,0,0,0,2,3,2,1.84,1,0,0,0,1,0,0,0,0,0,0,0,0,0,4,2,0,1,3,1,2,50.0,1,4,2,2,6,3,0,56,3,11,30,15,1,56,1,0,0.0,1,100.0,28,164,112,2,0,4,1,37,0,2,3,0,0,0,0,3,2,4,33.3
Juan Cruz Armada,ESP,DF,Osasuna,La Liga,32,1992,8,6,550,6.1,0,0,0,0,0,0,1,0,0.1,0.1,0.0,0.1,6,19,7,0.0,0.0,0.0,0.0,0.0,0.02,0.0,0.02,0.02,0.02,3,0,0.0,0.49,0.0,0.0,0.0,13,0,0.03,-0.1,-0.1,169,229,73.8,2591,1329,92,105,87.6,67,92,72.8,6,22,27.3,0.1,0.0,1,18,0,0,0,1,6,4,6,0.98,5,1,0,0,0,0,1,0,1,0,0,0,0,0,8,4,3,5,0,4,8,50.0,4,4,0,2,10,17,0,278,17,87,137,57,4,278,4,1,25.0,2,50.0,104,408,294,3,2,6,1,121,0,6,1,0,0,0,0,16,3,1,75.0
Juan Cruz,ESP,"FW,MF",Leganés,La Liga,24,2000,15,11,922,10.2,4,1,5,4,0,0,1,0,1.3,1.3,1.5,2.8,27,34,59,0.39,0.1,0.49,0.39,0.49,0.13,0.14,0.27,0.13,0.27,19,8,42.1,1.85,0.78,0.21,0.5,21,1,0.07,2.7,2.7,217,335,64.8,3558,1602,114,142,80.3,80,114,70.2,18,55,32.7,1.8,-0.5,11,18,17,8,5,2,52,13,23,2.25,13,4,2,2,1,1,2,0,2,0,0,0,0,0,8,6,2,6,0,5,11,45.5,6,6,1,6,14,10,0,429,10,66,163,207,21,429,33,19,57.6,13,39.4,251,1672,762,20,15,17,13,264,0,5,8,2,0,0,0,46,3,5,37.5
Juan Cuadrado,COL,"DF,MF",Atalanta,Serie A,36,1988,7,0,205,2.3,0,2,2,0,0,0,0,0,0.3,0.3,0.7,0.9,15,14,29,0.0,0.88,0.88,0.0,0.88,0.12,0.29,0.41,0.12,0.41,6,1,16.7,2.63,0.44,0.0,0.0,16,0,0.05,-0.3,-0.3,109,132,82.6,1865,371,54,62,87.1,42,50,84.0,12,16,75.0,0.4,1.3,6,4,8,1,0,2,11,2,11,4.83,10,1,0,0,0,0,2,0,1,1,0,0,0,0,1,0,0,0,1,1,6,16.7,5,2,1,1,2,3,0,157,3,18,61,79,9,157,10,5,50.0,4,40.0,97,505,339,13,4,2,2,125,0,0,7,0,0,0,0,4,4,2,66.7
Pau Cubarsí,ESP,DF,Barcelona,La Liga,17,2007,16,15,1291,14.3,0,1,1,0,0,0,3,0,0.7,0.7,0.9,1.7,8,82,2,0.0,0.07,0.07,0.0,0.07,0.05,0.07,0.12,0.05,0.12,7,0,0.0,0.49,0.0,0.0,0.0,8,0,0.1,-0.7,-0.7,1145,1225,93.5,22321,7699,347,366,94.8,689,716,96.2,100,127,78.7,0.4,0.1,6,85,1,1,2,4,1,3,21,1.46,20,0,0,1,0,0,4,0,3,0,0,1,0,0,12,8,9,2,1,8,15,53.3,7,5,4,9,21,34,0,1315,98,520,769,27,13,1315,4,4,100.0,0,0.0,813,3819,2203,7,0,3,1,1032,0,13,7,0,0,1,0,41,30,16,65.2
Marc Cucurella,ESP,DF,Chelsea,Premier League,26,1998,12,10,918,10.2,0,0,0,0,0,0,6,0,0.0,0.0,0.4,0.4,12,36,32,0.0,0.0,0.0,0.0,0.0,0.0,0.04,0.04,0.0,0.04,1,0,0.0,0.1,0.0,0.0,0.0,27,0,0.04,0.0,0.0,556,623,89.2,8613,2394,287,305,94.1,241,268,89.9,17,30,56.7,1.0,-0.4,3,43,3,1,1,0,12,3,14,1.37,13,0,0,1,0,0,1,0,1,0,0,0,0,0,21,14,13,8,0,11,21,52.4,10,18,5,11,32,30,0,721,46,229,377,117,14,721,3,1,33.3,2,66.7,294,1229,723,5,0,7,4,474,0,12,15,2,0,0,0,46,11,21,34.4
Jorge Cuenca,ESP,DF,Fulham,Premier League,25,1999,1,0,1,0.0,0,0,0,0,0,0,0,0,0.0,0.0,0.0,0.0,0,1,0,0.0,0.0,0.0,0.0,0.0,0.0,0.0,0.0,0.0,0.0,0,0,0.0,0.0,0.0,0.0,0.0,0,0,0.0,0.0,0.0,1,2,50.0,21,17,0,1,0.0,1,1,100.0,0,0,0.0,0.0,0.0,0,0,0,0,0,0,0,0,0,0.0,0,0,0,0,0,0,0,0,0,0,0,0,0,0,1,1,1,0,0,1,1,100.0,0,0,0,0,1,1,0,4,0,2,1,1,0,4,0,0,0.0,0,0.0,1,0,0,0,0,0,0,1,0,0,0,0,0,0,0,0,1,0,100.0
Matheus Cunha,BRA,"MF,FW",Wolves,Premier League,25,1999,13,12,1065,11.8,7,3,10,7,0,0,1,0,3.2,3.2,3.9,7.2,42,45,68,0.59,0.25,0.85,0.59,0.85,0.27,0.33,0.6,0.27,0.6,37,13,35.1,3.13,1.1,0.19,0.54,18,2,0.09,3.8,3.8,263,375,70.1,4334,1523,150,178,84.3,73,97,75.3,33,68,48.5,2.3,-0.9,22,34,21,4,7,4,55,16,46,3.89,25,8,7,2,2,2,7,0,6,0,1,0,0,0,15,10,6,7,2,4,15,26.7,11,11,0,8,23,15,0,540,13,60,246,252,61,540,51,24,47.1,19,37.3,292,2570,1183,33,20,29,21,343,0,16,23,7,0,0,0,46,3,11,21.4
Patrick Cutrone,ITA,FW,Como,Serie A,26,1998,14,13,1095,12.2,4,0,4,4,0,1,0,0,3.9,3.1,1.2,4.2,31,13,88,0.33,0.0,0.33,0.33,0.33,0.32,0.1,0.41,0.25,0.35,37,15,40.5,3.04,1.23,0.11,0.27,17,0,0.08,0.1,0.9,175,244,71.7,2265,289,109,133,82.0,48,66,72.7,4,12,33.3,1.1,-1.2,11,6,5,1,0,2,19,7,29,2.38,18,0,1,7,1,2,1,0,1,0,0,0,0,0,9,7,0,5,4,5,8,62.5,3,5,0,2,11,6,0,358,3,11,145,204,65,357,14,7,50.0,5,35.7,226,1138,509,5,17,33,16,257,0,12,11,11,0,0,0,29,14,41,25.5
Tomáš Čvančara,CZE,"FW,MF",Gladbach,Bundesliga,24,2000,11,1,212,2.4,1,0,1,1,0,0,0,0,1.4,1.4,0.3,1.7,6,8,14,0.42,0.0,0.42,0.42,0.42,0.61,0.11,0.72,0.61,0.72,10,4,40.0,4.25,1.7,0.1,0.25,13,0,0.14,-0.4,-0.4,50,66,75.8,697,180,34,40,85.0,12,15,80.0,2,3,66.7,0.2,-0.3,2,4,3,1,0,1,4,1,6,2.54,6,0,0,0,0,0,1,0,1,0,0,0,0,0,1,1,0,1,0,1,2,50.0,1,3,2,0,1,5,0,97,7,12,43,42,12,97,5,3,60.0,2,40.0,59,298,136,3,2,8,1,68,0,2,0,0,0,0,0,6,2,6,25.0
Wylan Cyprien,FRA,MF,Parma,Serie A,29,1995,2,0,28,0.3,0,0,0,0,0,0,0,0,0.2,0.2,0.0,0.2,1,2,0,0.0,0.0,0.0,0.0,0.0,0.63,0.0,0.63,0.63,0.63,1,0,0.0,3.21,0.0,0.0,0.0,15,0,0.2,-0.2,-0.2,14,21,66.7,248,161,9,9,100.0,2,5,40.0,3,5,60.0,0.2,0.0,0,2,0,0,1,0,0,1,0,0.0,0,0,0,0,0,0,0,0,0,0,0,0,0,0,0,0,0,0,0,0,1,0.0,1,1,0,1,1,0,0,28,2,8,11,9,1,28,0,0,0.0,0,0.0,11,46,33,1,1,0,0,15,0,0,0,0,0,0,0,6,0,0,0.0
Danilo D'Ambrosio,ITA,DF,Monza,Serie A,36,1988,9,1,214,2.4,0,0,0,0,0,0,1,0,0.0,0.0,0.1,0.1,1,3,6,0.0,0.0,0.0,0.0,0.0,0.01,0.04,0.05,0.01,0.05,2,1,50.0,0.84,0.42,0.0,0.0,21,0,0.02,0.0,0.0,95,112,84.8,1509,462,46,47,97.9,46,55,83.6,2,8,25.0,0.1,-0.1,1,0,2,2,0,0,3,1,1,0.42,1,0,0,0,0,0,0,0,0,0,0,0,0,0,9,3,8,0,1,3,7,42.9,4,4,2,2,11,4,0,135,14,68,38,29,5,135,2,0,0.0,2,100.0,59,198,108,1,0,3,0,75,0,6,1,0,0,0,0,16,2,4,33.3
Lucas Da Cunha,FRA,"MF,FW",Como,Serie A,23,2001,12,7,617,6.9,1,0,1,1,0,0,0,0,0.3,0.3,1.1,1.4,18,24,38,0.15,0.0,0.15,0.15,0.15,0.04,0.16,0.2,0.04,0.2,7,2,28.6,1.02,0.29,0.14,0.5,20,0,0.04,0.7,0.7,296,381,77.7,4886,1166,149,165,90.3,107,127,84.3,30,63,47.6,1.2,-1.1,12,22,4,3,1,2,37,11,25,3.65,16,6,1,1,1,0,1,0,1,0,0,0,0,0,16,6,5,7,4,5,8,62.5,3,5,0,4,20,5,0,431,11,74,220,138,14,431,8,4,50.0,4,50.0,283,1567,779,17,6,5,3,300,0,6,6,0,0,0,0,40,5,8,38.5
Samuel Dahl,SWE,"DF,MF",Roma,Serie A,24,2000,2,0,43,0.5,0,0,0,0,0,0,0,0,0.0,0.0,0.0,0.0,1,2,4,0.0,0.0,0.0,0.0,0.0,0.0,0.0,0.0,0.0,0.0,0,0,0.0,0.0,0.0,0.0,0.0,0,0,0.0,0.0,0.0,24,28,85.7,268,95,22,23,95.7,2,4,50.0,0,1,0.0,0.0,0.0,0,2,1,0,0,0,1,0,1,2.09,1,0,0,0,0,0,0,0,0,0,0,0,0,0,2,2,0,2,0,1,2,50.0,1,2,0,0,2,0,0,37,0,3,16,18,0,37,1,0,0.0,1,100.0,22,121,35,2,0,1,0,25,0,2,0,0,0,0,0,1,0,1,0.0
Mahmoud Dahoud,GER,MF,Eint Frankfurt,Bundesliga,28,1996,5,1,198,2.2,1,1,2,1,0,0,0,0,0.4,0.4,0.5,0.9,0,8,3,0.45,0.45,0.91,0.45,0.91,0.18,0.24,0.42,0.18,0.42,4,2,50.0,1.82,0.91,0.25,0.5,18,0,0.1,0.6,0.6,108,130,83.1,1599,495,56,59,94.9,43,51,84.3,3,10,30.0,0.3,0.5,4,5,3,0,1,0,4,3,9,4.09,6,0,0,2,0,1,2,0,1,0,0,0,0,1,5,2,4,1,0,2,3,66.7,1,4,1,1,6,2,0,153,5,39,86,29,2,153,2,1,50.0,1,50.0,85,267,110,4,0,2,0,109,0,3,0,0,0,0,0,14,1,0,100.0
Patson Daka,ZAM,FW,Leicester City,Premier League,26,1998,3,0,70,0.8,1,0,1,1,0,0,0,0,0.2,0.2,0.0,0.2,3,0,5,1.29,0.0,1.29,1.29,1.29,0.27,0.0,0.27,0.27,0.27,3,1,33.3,3.86,1.29,0.33,1.0,17,0,0.07,0.8,0.8,6,14,42.9,76,4,5,8,62.5,1,3,33.3,0,0,0.0,0.0,0.0,0,0,0,0,1,0,0,3,1,1.29,0,0,1,0,0,0,1,1,0,0,1,0,0,0,3,1,0,2,1,3,6,50.0,3,0,0,0,3,0,0,24,0,1,13,12,7,24,3,1,33.3,0,0.0,19,105,79,3,1,1,1,16,0,0,4,0,0,0,0,2,0,4,0.0
Ameen Al-Dakhil,BEL,DF,Stuttgart,Bundesliga,22,2002,1,0,11,0.1,0,0,0,0,0,0,0,0,0.0,0.0,0.0,0.0,0,1,0,0.0,0.0,0.0,0.0,0.0,0.0,0.0,0.0,0.0,0.0,0,0,0.0,0.0,0.0,0.0,0.0,0,0,0.0,0.0,0.0,1,1,100.0,25,9,0,0,0.0,1,1,100.0,0,0,0.0,0.0,0.0,0,0,0,0,0,0,0,0,0,0.0,0,0,0,0,0,0,0,0,0,0,0,0,0,0,0,0,0,0,0,0,0,0.0,0,0,0,0,0,2,0,3,0,2,0,1,0,3,0,0,0.0,0,0.0,0,0,0,0,0,0,0,1,0,0,0,0,0,0,0,0,0,0,0.0
Thijs Dallinga,NED,"FW,MF",Bologna,Serie A,24,2000,10,1,238,2.6,0,0,0,0,0,0,0,0,0.9,0.9,0.1,1.0,5,4,19,0.0,0.0,0.0,0.0,0.0,0.34,0.05,0.39,0.34,0.39,7,1,14.3,2.65,0.38,0.0,0.0,8,0,0.13,-0.9,-0.9,52,68,76.5,749,135,31,37,83.8,16,22,72.7,2,4,50.0,0.1,-0.1,3,5,1,0,0,0,0,2,6,2.27,3,0,0,1,1,1,2,0,0,0,0,0,1,1,5,3,0,1,4,1,1,100.0,0,2,1,0,5,4,0,110,3,9,53,48,17,110,4,1,25.0,3,75.0,65,293,90,1,3,13,8,79,0,5,7,1,1,0,0,18,9,6,60.0
Diogo Dalot,POR,DF,Manchester Utd,Premier League,25,1999,13,13,1136,12.6,0,1,1,0,0,0,3,0,0.7,0.7,1.1,1.8,12,46,45,0.0,0.08,0.08,0.0,0.08,0.05,0.09,0.14,0.05,0.14,4,2,50.0,0.32,0.16,0.0,0.0,15,0,0.17,-0.7,-0.7,595,713,83.5,10409,3405,268,299,89.6,262,295,88.8,55,90,61.1,1.2,-0.1,9,30,9,1,3,5,13,14,25,1.98,21,1,2,0,0,1,1,0,1,0,0,0,0,0,31,23,18,10,3,14,23,60.9,9,12,6,20,51,28,0,825,56,310,359,161,15,825,16,8,50.0,6,37.5,460,1871,966,13,3,11,2,480,0,16,5,0,0,1,0,76,15,10,60.0
Mikkel Damsgaard,DEN,"MF,FW",Brentford,Premier League,24,2000,13,11,930,10.3,1,4,5,1,0,0,0,0,1.1,1.1,3.6,4.6,25,67,34,0.1,0.39,0.48,0.1,0.48,0.1,0.34,0.45,0.1,0.45,13,4,30.8,1.26,0.39,0.08,0.25,15,2,0.08,-0.1,-0.1,322,446,72.2,5411,1830,169,199,84.9,119,161,73.9,30,62,48.4,2.4,0.4,20,37,14,3,10,2,34,10,39,3.78,28,5,2,1,1,2,10,0,7,2,0,0,1,0,31,20,14,9,8,10,23,43.5,13,17,1,12,43,21,1,590,21,123,270,204,22,590,28,14,50.0,10,35.7,338,1936,960,17,2,20,22,382,0,3,9,0,0,0,0,47,8,9,47.1
Flavius Daniliuc,AUT,DF,Hellas Verona,Serie A,23,2001,9,5,564,6.3,0,0,0,0,0,0,0,0,0.1,0.1,0.1,0.2,6,17,5,0.0,0.0,0.0,0.0,0.0,0.02,0.02,0.04,0.02,0.04,2,1,50.0,0.32,0.16,0.0,0.0,10,0,0.05,-0.1,-0.1,193,231,83.5,3131,1388,93,99,93.9,84,95,88.4,12,24,50.0,0.1,-0.1,2,12,1,1,0,0,4,5,7,1.12,6,0,0,0,1,0,0,0,0,0,0,0,0,0,16,11,11,5,0,9,16,56.3,7,4,1,5,21,14,0,280,25,126,130,27,5,280,4,3,75.0,1,25.0,141,672,362,2,0,3,3,160,0,8,2,0,0,0,0,22,10,11,47.6
Danilo,BRA,MF,Nott'Ham Forest,Premier League,23,2001,1,1,14,0.2,0,0,0,0,0,0,0,0,0.0,0.0,0.0,0.0,0,0,0,0.0,0.0,0.0,0.0,0.0,0.0,0.0,0.0,0.0,0.0,0,0,0.0,0.0,0.0,0.0,0.0,0,0,0.0,0.0,0.0,3,3,100.0,85,6,0,0,0.0,2,2,100.0,1,1,100.0,0.0,0.0,0,0,0,0,0,0,0,0,0,0.0,0,0,0,0,0,0,0,0,0,0,0,0,0,0,0,0,0,0,0,0,0,0.0,0,0,0,0,0,0,0,6,0,2,4,0,0,6,3,1,33.3,2,66.7,4,26,3,0,0,1,0,3,0,1,0,0,0,0,0,1,0,0,0.0
Danilo,BRA,DF,Juventus,Serie A,33,1991,10,4,406,4.5,0,0,0,0,0,0,2,0,0.1,0.1,0.1,0.2,12,27,5,0.0,0.0,0.0,0.0,0.0,0.02,0.03,0.05,0.02,0.05,1,0,0.0,0.22,0.0,0.0,0.0,8,0,0.1,-0.1,-0.1,356,383,93.0,6975,2101,106,111,95.5,208,219,95.0,40,49,81.6,0.4,-0.1,2,41,2,0,0,3,2,1,9,1.99,9,0,0,0,0,0,0,0,0,0,0,0,0,0,7,4,4,2,1,3,7,42.9,4,4,3,8,15,18,0,426,36,153,231,45,2,426,0,0,0.0,0,0.0,270,1579,889,7,1,2,1,325,0,9,0,0,0,1,0,17,12,6,66.7
Arnaut Danjuma,NED,FW,Villarreal,La Liga,27,1997,3,3,200,2.2,2,0,2,2,0,0,1,0,0.8,0.8,0.0,0.8,4,1,17,0.9,0.0,0.9,0.9,0.9,0.37,0.01,0.38,0.37,0.38,6,3,50.0,2.7,1.35,0.33,0.67,13,0,0.14,1.2,1.2,23,30,76.7,359,40,11,15,73.3,10,12,83.3,1,2,50.0,0.0,0.0,1,1,0,0,0,1,0,1,2,0.9,2,0,0,0,0,0,0,0,0,0,0,0,0,0,2,1,0,1,1,0,1,0.0,1,1,0,0,2,0,0,48,0,1,13,34,8,48,4,0,0.0,4,100.0,25,207,98,3,2,3,0,36,0,1,1,3,0,0,0,2,2,0,100.0
Arnaut Danjuma,NED,"FW,MF",Girona,La Liga,27,1997,10,7,574,6.4,0,0,0,0,0,0,1,0,1.0,1.0,0.4,1.4,42,20,77,0.0,0.0,0.0,0.0,0.0,0.16,0.07,0.22,0.16,0.22,11,5,45.5,1.72,0.78,0.0,0.0,17,0,0.09,-1.0,-1.0,150,202,74.3,2577,597,77,87,88.5,54,72,75.0,16,25,64.0,0.7,-0.4,7,12,8,2,0,2,29,11,14,2.2,9,3,2,0,0,0,0,0,0,0,0,0,0,0,5,3,2,2,1,1,4,25.0,3,4,1,1,6,0,0,269,3,30,77,165,31,269,30,9,30.0,19,63.3,175,1575,881,15,15,14,2,201,0,6,5,6,0,1,0,17,0,1,0.0
Kévin Danois,FRA,MF,Auxerre,Ligue 1,20,2004,12,8,706,7.8,0,0,0,0,0,0,0,0,0.5,0.5,0.6,1.1,10,55,26,0.0,0.0,0.0,0.0,0.0,0.07,0.07,0.14,0.07,0.14,9,0,0.0,1.15,0.0,0.0,0.0,18,0,0.06,-0.5,-0.5,298,373,79.9,4894,1366,147,169,87.0,117,139,84.2,22,37,59.5,0.5,-0.6,11,29,4,1,0,7,8,9,26,3.32,22,0,2,1,0,1,2,0,1,0,0,1,0,0,26,17,11,12,3,10,25,40.0,15,4,0,14,40,8,0,468,17,95,251,130,16,468,15,6,40.0,9,60.0,288,1425,665,13,1,9,13,313,0,13,6,1,0,0,0,46,6,10,37.5
Kevin Danso,AUT,DF,Lens,Ligue 1,26,1998,8,8,720,8.0,0,0,0,0,0,0,2,0,0.2,0.2,0.8,1.1,6,24,0,0.0,0.0,0.0,0.0,0.0,0.03,0.1,0.13,0.03,0.13,5,2,40.0,0.62,0.25,0.0,0.0,16,0,0.04,-0.2,-0.2,411,481,85.4,7271,2510,173,188,92.0,211,230,91.7,26,53,49.1,0.2,-0.8,3,24,1,0,1,1,0,3,3,0.37,3,0,0,0,0,0,0,0,0,0,0,0,0,0,11,2,9,2,0,6,7,85.7,1,20,17,16,27,41,1,604,85,312,274,23,7,604,4,1,25.0,1,25.0,300,1675,936,8,0,8,4,331,0,17,8,1,0,1,0,41,26,15,63.4
Dante,BRA,DF,Nice,Ligue 1,41,1983,9,8,743,8.3,0,0,0,0,0,0,5,0,0.2,0.2,0.0,0.2,9,45,6,0.0,0.0,0.0,0.0,0.0,0.03,0.0,0.03,0.03,0.03,4,0,0.0,0.48,0.0,0.0,0.0,9,0,0.05,-0.2,-0.2,514,589,87.3,8569,3513,243,260,93.5,236,250,94.4,28,62,45.2,0.2,0.0,0,38,3,0,1,4,1,5,7,0.85,7,0,0,0,0,0,0,0,0,0,0,0,0,0,19,8,9,8,2,10,15,66.7,5,5,1,11,30,26,0,679,49,306,334,41,10,679,9,3,33.3,5,55.6,392,1832,1062,5,0,8,3,476,0,8,7,0,0,0,0,48,17,8,68.0
Pape Daouda Diongue,SEN,"MF,FW",Strasbourg,Ligue 1,2024,0,4,1,51,0.6,1,0,1,1,0,0,0,0,1.0,1.0,0.0,1.0,2,0,2,1.76,0.0,1.76,1.76,1.76,1.8,0.0,1.8,1.8,1.8,0,0,,,,,,0,0,,,,27,36,75.0,313,70,15,19,78.9,6,8,75.0,1,2,50.0,0.0,0.0,0,1,0,0,0,0,1,2,1,1.76,0,0,0,1,0,0,0,0,0,0,0,0,0,0,1,0,0,1,0,0,0,0.0,0,0,0,3,4,0,0,50,0,5,32,13,4,50,3,0,0.0,3,100.0,27,130,57,1,0,3,1,35,0,0,0,0,0,0,0,3,4,0,100.0
Mohammed Daramy,DEN,FW,Reims,Ligue 1,22,2002,2,0,16,0.2,0,0,0,0,0,0,0,0,0.0,0.0,0.1,0.1,3,0,2,0.0,0.0,0.0,0.0,0.0,0.2,0.32,0.51,0.2,0.51,1,0,0.0,5.63,0.0,0.0,0.0,16,0,0.03,0.0,0.0,4,4,100.0,40,16,4,4,100.0,0,0,0.0,0,0,0.0,0.2,-0.1,1,0,0,0,0,0,0,0,2,11.25,1,0,0,1,0,0,1,5,0,0,0,1,0,0,0,0,0,0,0,0,0,0.0,0,0,0,0,0,1,0,8,1,1,4,3,3,8,0,0,0.0,0,0.0,5,59,45,0,3,2,1,7,0,0,0,0,0,0,0,0,1,2,33.3
Bence Dárdai,GER,MF,Wolfsburg,Bundesliga,18,2006,5,4,342,3.8,1,1,2,1,0,0,0,0,0.1,0.1,0.8,0.9,1,11,10,0.26,0.26,0.53,0.26,0.53,0.04,0.21,0.25,0.04,0.25,1,1,100.0,0.26,0.26,1.0,1.0,4,0,0.14,0.9,0.9,101,131,77.1,1571,365,56,60,93.3,33,44,75.0,8,15,53.3,0.5,0.2,7,6,5,1,1,0,5,3,9,2.37,8,0,0,0,1,0,1,0,1,0,0,0,0,0,8,6,2,6,0,4,7,57.1,3,6,1,1,9,4,0,170,6,31,92,47,6,170,2,0,0.0,1,50.0,70,233,67,2,0,6,3,92,0,4,3,0,0,0,0,12,5,4,55.6
Sergi Darder,ESP,"MF,FW",Mallorca,La Liga,31,1993,16,13,1044,11.6,0,1,1,0,0,0,0,0,0.6,0.6,1.4,2.0,20,51,40,0.0,0.09,0.09,0.0,0.09,0.05,0.12,0.18,0.05,0.18,11,4,36.4,0.95,0.34,0.0,0.0,21,1,0.06,-0.6,-0.6,363,490,74.1,7198,2318,165,192,85.9,127,167,76.0,65,111,58.6,2.1,-0.4,23,50,18,8,3,14,70,8,44,3.79,21,19,2,2,0,0,2,0,2,0,0,0,0,0,22,13,11,6,5,7,18,38.9,11,7,0,5,27,8,1,582,4,54,321,214,12,582,25,10,40.0,12,48.0,330,1970,813,27,1,13,11,383,0,8,16,2,0,0,0,48,6,1,85.7
Matteo Darmian,ITA,DF,Inter,Serie A,35,1989,13,9,754,8.4,1,2,3,1,0,0,1,0,0.7,0.7,0.9,1.6,4,19,61,0.12,0.24,0.36,0.12,0.36,0.09,0.11,0.19,0.09,0.19,6,1,16.7,0.72,0.12,0.17,1.0,17,0,0.12,0.3,0.3,383,465,82.4,6526,1604,173,192,90.1,170,201,84.6,29,48,60.4,0.7,1.1,8,18,7,3,1,1,20,9,16,1.91,11,2,0,0,2,1,3,0,3,0,0,0,0,0,19,10,8,8,3,11,16,68.8,5,4,3,2,21,13,0,523,11,115,242,168,15,523,5,2,40.0,2,40.0,263,730,340,5,4,8,6,362,0,12,14,1,0,0,0,18,8,7,53.3
Lukas Daschner,GER,"MF,FW",Bochum,Bundesliga,26,1998,11,3,375,4.2,1,1,2,1,0,1,0,0,2.7,1.9,0.6,2.6,7,9,18,0.24,0.24,0.48,0.24,0.48,0.65,0.15,0.8,0.47,0.61,8,4,50.0,1.92,0.96,0.13,0.25,15,0,0.24,-1.7,-0.9,86,131,65.6,1412,465,47,58,81.0,19,35,54.3,12,22,54.5,0.3,0.4,5,8,1,0,3,0,17,1,9,2.16,6,2,1,0,0,0,1,0,1,0,0,0,0,0,4,2,1,2,1,2,9,22.2,7,5,0,0,4,3,0,196,3,22,92,85,13,195,15,5,33.3,10,66.7,106,556,235,7,1,21,0,119,0,4,2,0,0,0,0,15,4,7,36.4
Juan David Cabal,COL,DF,Juventus,Serie A,23,2001,7,6,460,5.1,0,0,0,0,0,0,0,0,0.1,0.1,0.0,0.2,14,17,19,0.0,0.0,0.0,0.0,0.0,0.03,0.01,0.04,0.03,0.04,5,0,0.0,0.98,0.0,0.0,0.0,21,0,0.03,-0.1,-0.1,307,350,87.7,5087,1427,149,159,93.7,139,153,90.8,17,27,63.0,0.3,0.0,1,20,3,2,1,3,7,7,3,0.59,3,0,0,0,0,0,3,0,3,0,0,0,0,0,10,4,7,3,0,8,12,66.7,4,2,0,2,12,14,1,401,13,135,220,52,3,401,7,4,57.1,0,0.0,242,1342,774,11,0,6,4,285,0,7,10,1,0,0,0,20,8,3,72.7
Jonathan David,CAN,FW,Lille,Ligue 1,24,2000,13,10,999,11.1,9,0,9,5,4,4,2,0,7.5,4.3,0.3,4.7,14,24,63,0.81,0.0,0.81,0.45,0.45,0.67,0.03,0.7,0.39,0.42,25,11,44.0,2.25,0.99,0.2,0.45,16,0,0.17,1.5,0.7,211,260,81.2,2860,446,133,154,86.4,68,78,87.2,4,9,44.4,0.9,-0.3,7,13,7,0,1,1,0,7,20,1.8,14,0,1,3,2,0,1,0,0,0,1,0,0,0,10,2,2,5,3,3,8,37.5,5,6,2,3,13,3,0,364,8,25,159,183,53,360,15,10,66.7,5,33.3,198,1065,478,10,7,31,13,269,0,12,17,3,0,0,0,28,7,26,21.2
Alphonso Davies,CAN,DF,Bayern Munich,Bundesliga,24,2000,11,10,915,10.2,0,1,1,0,0,0,0,0,0.4,0.4,1.0,1.3,44,66,86,0.0,0.1,0.1,0.0,0.1,0.03,0.1,0.13,0.03,0.13,9,1,11.1,0.89,0.1,0.0,0.0,21,0,0.04,-0.4,-0.4,678,748,90.6,9763,2337,408,431,94.7,253,272,93.0,11,19,57.9,1.4,0.0,20,55,12,2,3,1,12,13,38,3.74,34,0,2,1,1,0,4,0,3,0,0,1,0,0,17,11,5,10,2,8,9,88.9,1,8,1,7,24,12,1,859,22,163,436,270,27,859,41,18,43.9,19,46.3,515,2862,1436,25,12,22,10,632,0,6,17,2,0,0,0,74,5,5,50.0
Ben Davies,WAL,DF,Tottenham,Premier League,31,1993,3,2,210,2.3,0,0,0,0,0,0,0,0,0.0,0.0,0.0,0.0,2,7,0,0.0,0.0,0.0,0.0,0.0,0.0,0.0,0.0,0.0,0.0,0,0,0.0,0.0,0.0,0.0,0.0,0,0,0.0,0.0,0.0,130,144,90.3,2454,1147,44,46,95.7,74,77,96.1,11,18,61.1,0.0,0.0,0,9,0,0,0,4,0,1,0,0.0,0,0,0,0,0,0,0,0,0,0,0,0,0,0,1,0,0,1,0,1,4,25.0,3,5,4,5,6,16,0,173,36,108,64,1,0,173,0,0,0.0,0,0.0,103,543,275,0,0,1,0,117,0,0,0,0,0,0,0,7,5,7,41.7
Keinan Davis,ENG,FW,Udinese,Serie A,26,1998,14,6,688,7.6,2,1,3,2,0,0,2,0,1.5,1.5,2.0,3.5,16,20,45,0.26,0.13,0.39,0.26,0.39,0.2,0.25,0.45,0.2,0.45,14,5,35.7,1.83,0.65,0.14,0.4,9,0,0.11,0.5,0.5,146,190,76.8,2191,338,77,98,78.6,48,56,85.7,12,12,100.0,0.6,-1.0,15,11,8,0,0,1,2,0,24,3.13,19,0,2,2,0,1,2,0,0,0,1,1,0,0,6,3,1,3,2,1,2,50.0,1,2,1,1,7,4,0,269,4,14,132,126,40,269,22,11,50.0,11,50.0,161,1097,414,8,9,24,16,222,0,16,10,3,0,0,0,27,21,18,53.8
Leif Davis,ENG,DF,Ipswich Town,Premier League,24,2000,14,14,1260,14.0,1,2,3,1,0,0,2,0,0.6,0.6,3.1,3.7,23,29,60,0.07,0.14,0.21,0.07,0.21,0.04,0.22,0.26,0.04,0.26,9,2,22.2,0.64,0.14,0.11,0.5,19,1,0.06,0.4,0.4,421,588,71.6,7337,2977,192,216,88.9,180,234,76.9,42,107,39.3,3.1,-1.1,34,20,13,5,3,1,76,10,55,3.93,25,25,3,2,0,0,3,0,2,0,1,0,0,0,23,13,18,2,3,17,29,58.6,12,10,1,11,34,39,0,724,59,250,228,255,17,724,20,9,45.0,10,50.0,315,1730,843,14,3,23,5,353,0,14,14,3,0,1,0,62,12,10,54.5
Zuriko Davitashvili,GEO,"MF,FW",Saint-Étienne,Ligue 1,23,2001,13,13,1111,12.3,5,2,7,4,1,1,1,0,3.5,2.7,1.7,4.4,31,28,62,0.41,0.16,0.57,0.32,0.49,0.28,0.14,0.42,0.22,0.36,28,11,39.3,2.27,0.89,0.14,0.36,20,2,0.1,1.5,1.3,263,339,77.6,3950,1123,141,162,87.0,98,125,78.4,11,28,39.3,1.8,0.3,22,14,10,3,1,0,31,6,49,3.97,25,8,9,5,2,0,6,0,4,0,2,0,0,0,10,5,3,5,2,8,21,38.1,13,7,0,8,18,3,0,480,5,59,216,219,37,479,46,18,39.1,25,54.3,263,1982,833,27,16,20,23,306,0,8,11,2,0,0,0,56,8,19,29.6
Paweł Dawidowicz,POL,DF,Hellas Verona,Serie A,29,1995,6,6,425,4.7,0,0,0,0,0,0,2,1,0.0,0.0,0.0,0.0,2,16,1,0.0,0.0,0.0,0.0,0.0,0.0,0.0,0.0,0.0,0.0,0,0,0.0,0.0,0.0,0.0,0.0,0,0,0.0,0.0,0.0,211,243,86.8,3866,1300,86,90,95.6,100,110,90.9,20,35,57.1,0.0,0.0,0,19,0,0,0,3,1,1,1,0.21,1,0,0,0,0,0,1,0,1,0,0,0,0,0,9,7,2,6,1,3,4,75.0,1,2,1,3,12,14,0,279,28,109,160,11,2,279,1,1,100.0,0,0.0,165,879,530,2,0,0,1,186,0,9,4,0,0,1,0,19,7,5,58.3
Craig Dawson,ENG,DF,Wolves,Premier League,34,1990,11,8,796,8.8,0,0,0,0,0,0,2,0,0.5,0.5,0.0,0.5,5,16,5,0.0,0.0,0.0,0.0,0.0,0.05,0.0,0.06,0.05,0.06,4,1,25.0,0.45,0.11,0.0,0.0,8,0,0.11,-0.5,-0.5,396,457,86.7,7878,2702,125,134,93.3,221,237,93.2,41,73,56.2,0.1,0.0,2,19,1,0,1,7,0,0,6,0.68,5,0,0,1,0,0,2,0,1,0,0,1,0,0,13,3,7,5,1,11,14,78.6,3,14,11,8,21,44,1,552,112,328,202,23,12,552,5,1,20.0,2,40.0,316,1503,831,1,0,1,0,362,0,4,4,1,0,0,0,28,17,10,63.0
Kevin De Bruyne,BEL,MF,Manchester City,Premier League,33,1991,7,4,402,4.5,1,1,2,1,0,0,2,0,1.6,1.6,1.9,3.6,14,56,47,0.22,0.22,0.45,0.22,0.45,0.37,0.43,0.8,0.37,0.8,17,4,23.5,3.81,0.9,0.06,0.25,23,2,0.1,-0.6,-0.6,298,380,78.4,5146,1559,160,183,87.4,103,133,77.4,33,45,73.3,2.3,-0.9,18,32,22,4,4,5,37,14,34,7.59,22,9,1,1,0,1,1,0,1,0,0,0,0,0,4,3,2,1,1,1,5,20.0,4,2,0,2,6,0,0,424,1,21,141,264,21,424,9,5,55.6,3,33.3,225,1067,576,15,4,6,11,328,0,5,4,2,0,0,0,17,1,5,16.7
Charles De Ketelaere,BEL,"MF,FW",Atalanta,Serie A,23,2001,13,11,864,9.6,2,5,7,2,0,0,0,0,1.9,1.9,3.6,5.5,37,64,93,0.21,0.52,0.73,0.21,0.73,0.2,0.38,0.58,0.2,0.58,18,8,44.4,1.87,0.83,0.11,0.25,12,0,0.11,0.1,0.1,329,422,78.0,4974,1350,184,219,84.0,118,145,81.4,18,30,60.0,2.3,1.4,23,36,27,2,7,1,13,11,35,3.65,30,0,1,3,1,0,7,0,6,0,0,1,0,0,4,4,0,3,1,1,6,16.7,5,4,2,1,5,4,0,513,4,31,210,283,51,513,40,17,42.5,21,52.5,328,2195,1176,34,17,16,18,416,0,8,19,1,0,0,0,43,16,14,53.3
Rodrigo De Paul,ARG,MF,Atlético Madrid,La Liga,30,1994,14,6,651,7.2,1,3,4,1,0,0,3,0,0.7,0.7,2.3,3.0,22,75,33,0.14,0.41,0.55,0.14,0.55,0.09,0.32,0.41,0.09,0.41,4,1,25.0,0.55,0.14,0.25,1.0,18,0,0.17,0.3,0.3,429,536,80.0,7126,2194,218,241,90.5,150,182,82.4,46,78,59.0,2.3,0.7,15,53,23,7,13,4,29,12,31,4.28,28,1,0,1,0,1,4,0,4,0,0,0,0,0,5,4,2,3,0,5,9,55.6,4,5,0,2,7,7,2,581,8,76,342,168,8,581,9,4,44.4,4,44.4,394,2276,1145,24,0,10,12,465,0,3,15,0,0,0,0,36,3,2,60.0
Mattia De Sciglio,ITA,DF,Empoli,Serie A,32,1992,5,1,174,1.9,0,0,0,0,0,0,0,0,0.0,0.0,0.0,0.0,0,3,3,0.0,0.0,0.0,0.0,0.0,0.01,0.01,0.02,0.01,0.02,1,1,100.0,0.52,0.52,0.0,0.0,28,0,0.01,0.0,0.0,48,61,78.7,996,271,16,18,88.9,20,27,74.1,10,13,76.9,0.0,0.0,1,1,1,1,0,1,2,1,1,0.52,1,0,0,0,0,0,0,0,0,0,0,0,0,0,3,1,0,3,0,3,4,75.0,1,2,0,2,5,8,0,81,10,34,37,10,0,81,3,1,33.3,2,66.7,45,172,61,0,0,0,1,47,0,1,2,0,0,0,0,6,1,1,50.0
Lorenzo De Silvestri,ITA,DF,Bologna,Serie A,36,1988,7,6,431,4.8,0,0,0,0,0,0,1,0,0.0,0.0,0.2,0.3,2,21,16,0.0,0.0,0.0,0.0,0.0,0.01,0.05,0.06,0.01,0.06,1,0,0.0,0.21,0.0,0.0,0.0,13,0,0.03,0.0,0.0,199,237,84.0,3518,1390,87,99,87.9,95,106,89.6,15,26,57.7,0.3,-0.2,4,18,4,3,0,2,10,3,9,1.88,7,2,0,0,0,0,0,0,0,0,0,0,0,0,5,3,3,1,1,3,9,33.3,6,4,0,3,8,13,0,274,17,83,132,59,3,274,3,1,33.3,2,66.7,132,483,197,1,0,4,0,159,0,10,3,0,0,0,0,7,6,6,50.0
Thibault De Smet,BEL,DF,Reims,Ligue 1,26,1998,3,1,98,1.1,0,0,0,0,0,0,0,0,0.0,0.0,0.0,0.0,1,3,2,0.0,0.0,0.0,0.0,0.0,0.0,0.0,0.0,0.0,0.0,0,0,0.0,0.0,0.0,0.0,0.0,0,0,0.0,0.0,0.0,42,47,89.4,839,272,15,16,93.8,22,22,100.0,5,8,62.5,0.0,0.0,0,5,0,0,0,0,0,0,0,0.0,0,0,0,0,0,0,0,0,0,0,0,0,0,0,2,2,2,0,0,1,1,100.0,0,3,1,2,4,9,0,64,14,40,22,2,0,64,0,0,0.0,0,0.0,32,179,125,0,0,2,0,41,0,1,1,0,0,0,0,2,0,0,0.0
Koni De Winter,BEL,DF,Genoa,Serie A,22,2002,7,7,630,7.0,1,0,1,1,0,0,4,0,0.6,0.6,0.1,0.6,3,18,7,0.14,0.0,0.14,0.14,0.14,0.08,0.01,0.09,0.08,0.09,5,3,60.0,0.71,0.43,0.2,0.33,8,0,0.11,0.4,0.4,285,335,85.1,4931,1643,121,133,91.0,132,148,89.2,25,39,64.1,0.0,-0.1,2,12,1,1,0,0,1,2,3,0.43,2,0,0,0,0,1,0,0,0,0,0,0,0,0,12,9,6,5,1,4,6,66.7,2,2,1,8,20,34,0,413,45,191,187,39,18,413,2,1,50.0,1,50.0,204,1204,631,2,0,4,3,257,0,12,4,0,0,2,0,29,27,11,71.1
Alessandro Deiola,ITA,MF,Cagliari,Serie A,29,1995,11,6,573,6.4,0,0,0,0,0,0,2,0,0.5,0.5,0.2,0.7,4,20,12,0.0,0.0,0.0,0.0,0.0,0.08,0.03,0.11,0.08,0.11,8,0,0.0,1.26,0.0,0.0,0.0,16,0,0.07,-0.5,-0.5,145,200,72.5,2573,655,66,77,85.7,65,85,76.5,13,20,65.0,0.4,-0.2,2,19,3,0,1,2,6,10,14,2.2,12,1,0,0,1,0,1,0,1,0,0,0,0,0,14,8,4,9,1,5,18,27.8,13,7,5,3,17,16,0,263,20,68,132,65,8,263,1,1,100.0,0,0.0,122,443,182,1,0,6,4,156,0,10,5,0,0,0,0,24,10,11,47.6
Romain Del Castillo,FRA,FW,Brest,Ligue 1,28,1996,11,8,668,7.4,4,2,6,1,3,4,0,0,3.7,0.5,1.5,2.0,18,34,57,0.54,0.27,0.81,0.13,0.4,0.49,0.21,0.7,0.07,0.27,9,3,33.3,1.21,0.4,0.11,0.33,23,0,0.06,0.3,0.5,260,375,69.3,4508,1644,129,170,75.9,85,116,73.3,36,67,53.7,2.3,0.5,24,27,18,5,3,4,60,16,42,5.66,20,16,2,2,1,1,3,0,3,0,0,0,0,0,16,10,3,7,6,10,14,71.4,4,10,0,2,18,0,0,459,2,28,209,229,27,455,25,10,40.0,15,60.0,245,1253,564,18,6,23,10,307,0,6,8,0,0,0,0,41,6,6,50.0
Enrico Del Prato,ITA,DF,Parma,Serie A,25,1999,13,11,1094,12.2,3,0,3,3,0,0,2,0,0.8,0.8,0.6,1.4,1,21,5,0.25,0.0,0.25,0.25,0.25,0.07,0.05,0.12,0.07,0.12,5,3,60.0,0.41,0.25,0.6,1.0,12,0,0.16,2.2,2.2,492,575,85.6,8934,2928,184,195,94.4,266,285,93.3,35,79,44.3,0.5,-0.6,6,17,1,1,0,0,4,4,15,1.23,14,0,0,0,0,1,1,0,0,0,0,0,0,1,6,4,4,2,0,3,7,42.9,4,30,15,12,18,55,1,690,117,367,265,62,13,690,0,0,0.0,0,0.0,375,1478,686,4,2,5,1,418,0,3,4,0,0,0,0,50,17,19,47.2
Liam Delap,ENG,FW,Ipswich Town,Premier League,21,2003,14,13,1023,11.4,6,1,7,6,0,0,3,0,3.7,3.7,0.7,4.4,22,12,42,0.53,0.09,0.62,0.53,0.62,0.33,0.06,0.39,0.33,0.39,25,12,48.0,2.2,1.06,0.24,0.5,15,0,0.15,2.3,2.3,69,114,60.5,1047,271,34,51,66.7,26,41,63.4,3,7,42.9,0.2,0.3,9,8,4,0,3,1,0,4,25,2.2,13,0,3,1,6,2,2,0,1,0,1,0,0,0,5,3,1,1,3,0,7,0.0,7,4,0,1,6,11,0,233,12,25,91,122,33,233,28,13,46.4,15,53.6,157,1167,567,13,9,38,24,184,0,32,18,4,0,0,0,21,18,24,42.9
Fisayo Dele-Bashiru,NGA,"MF,FW",Lazio,Serie A,23,2001,6,3,221,2.5,1,0,1,1,0,0,0,0,0.2,0.2,0.2,0.3,8,8,19,0.41,0.0,0.41,0.41,0.41,0.07,0.06,0.13,0.07,0.13,3,1,33.3,1.22,0.41,0.33,1.0,17,0,0.06,0.8,0.8,91,102,89.2,1359,181,49,56,87.5,38,40,95.0,2,4,50.0,0.2,-0.2,2,9,1,1,0,0,4,0,8,3.26,5,0,2,1,0,0,0,0,0,0,0,0,0,0,4,3,1,2,1,0,0,0.0,0,3,0,0,4,0,0,124,4,17,69,40,8,124,8,4,50.0,2,25.0,77,475,235,3,2,6,3,95,0,3,1,0,0,0,0,17,0,3,0.0
Olivier Deman,BEL,DF,Werder Bremen,Bundesliga,24,2000,6,0,55,0.6,0,0,0,0,0,0,1,0,0.0,0.0,0.1,0.1,1,4,1,0.0,0.0,0.0,0.0,0.0,0.0,0.18,0.18,0.0,0.18,0,0,0.0,0.0,0.0,0.0,0.0,0,0,0.0,0.0,0.0,28,45,62.2,541,213,8,9,88.9,18,22,81.8,2,10,20.0,0.1,-0.1,1,3,1,0,0,0,6,2,1,1.64,0,1,0,0,0,0,0,0,0,0,0,0,0,0,6,3,2,4,0,2,7,28.6,5,1,0,0,6,3,0,56,2,19,22,15,2,56,1,0,0.0,1,100.0,25,182,59,0,0,0,0,24,0,1,2,0,0,0,0,4,3,0,100.0
Ali Dembélé,FRA,DF,Torino,Serie A,20,2004,6,0,59,0.7,0,0,0,0,0,0,2,0,0.0,0.0,0.0,0.0,3,3,1,0.0,0.0,0.0,0.0,0.0,0.0,0.0,0.0,0.0,0.0,0,0,0.0,0.0,0.0,0.0,0.0,0,0,0.0,0.0,0.0,24,32,75.0,356,108,11,14,78.6,10,12,83.3,1,2,50.0,0.0,0.0,0,1,0,0,0,0,1,1,2,3.05,1,0,1,0,0,0,0,0,0,0,0,0,0,0,2,1,1,1,0,2,2,100.0,0,0,0,0,2,2,0,38,3,8,21,10,1,38,2,1,50.0,1,50.0,19,118,70,1,0,0,0,19,0,1,0,0,0,0,0,2,2,3,40.0
Ousmane Dembélé,FRA,FW,Paris S-G,Ligue 1,27,1997,12,8,695,7.7,5,4,9,5,0,0,1,0,4.3,4.3,4.2,8.5,63,65,112,0.65,0.52,1.17,0.65,1.17,0.56,0.54,1.11,0.56,1.11,35,18,51.4,4.53,2.33,0.14,0.28,16,0,0.12,0.7,0.7,400,507,78.9,6288,1728,208,245,84.9,150,173,86.7,30,50,60.0,3.8,-0.2,26,43,27,2,4,3,52,25,50,6.47,33,6,4,3,3,1,8,1,6,0,0,1,1,0,5,2,0,2,3,2,4,50.0,2,1,0,6,11,0,1,625,0,22,224,384,67,625,44,19,43.2,24,54.5,435,2973,1645,39,30,24,10,527,0,2,9,5,1,0,0,24,1,2,33.3
Ermedin Demirović,BIH,FW,Stuttgart,Bundesliga,26,1998,12,8,709,7.9,7,0,7,7,0,2,0,0,5.0,3.3,0.9,4.2,9,15,45,0.89,0.0,0.89,0.89,0.89,0.63,0.12,0.75,0.41,0.53,21,11,52.4,2.67,1.4,0.33,0.64,13,0,0.15,2.0,3.7,119,165,72.1,1459,296,83,103,80.6,30,42,71.4,1,1,100.0,0.8,-0.9,9,7,4,0,3,0,1,7,22,2.79,16,0,1,3,2,0,3,0,2,0,0,1,0,0,4,3,1,1,2,0,4,0.0,4,7,0,2,6,4,0,250,0,17,118,116,41,248,11,3,27.3,8,72.7,134,605,236,5,2,16,12,190,0,8,18,8,0,0,0,15,9,15,37.5
Sepp Van Den Berg,NED,DF,Brentford,Premier League,23,2001,11,10,904,10.0,0,0,0,0,0,0,0,0,0.6,0.6,0.1,0.8,4,28,19,0.0,0.0,0.0,0.0,0.0,0.06,0.01,0.08,0.06,0.08,8,3,37.5,0.8,0.3,0.0,0.0,11,0,0.08,-0.6,-0.6,380,461,82.4,6052,2167,195,226,86.3,164,191,85.9,17,32,53.1,0.4,-0.1,3,24,3,1,0,0,6,3,8,0.8,8,0,0,0,0,0,1,0,1,0,0,0,0,0,16,9,10,4,2,7,13,53.8,6,17,9,7,23,34,2,573,79,274,215,86,16,573,5,3,60.0,2,40.0,248,1056,475,5,0,8,3,325,0,9,3,1,0,0,0,33,35,22,61.4
Justin Devenny,NIR,MF,Crystal Palace,Premier League,21,2003,4,2,187,2.1,1,0,1,1,0,0,0,0,0.4,0.4,0.3,0.7,3,4,3,0.48,0.0,0.48,0.48,0.48,0.18,0.14,0.32,0.18,0.32,3,1,33.3,1.44,0.48,0.33,1.0,19,1,0.13,0.6,0.6,53,73,72.6,865,209,25,30,83.3,21,27,77.8,3,10,30.0,0.2,-0.3,3,7,1,0,0,0,7,1,6,2.89,4,2,0,0,0,0,0,0,0,0,0,0,0,0,8,6,5,3,0,6,9,66.7,3,1,0,0,8,1,0,93,3,16,46,32,3,93,2,1,50.0,1,50.0,36,224,132,4,1,3,1,54,0,1,0,0,0,0,0,6,1,3,25.0
Kiernan Dewsbury-Hall,ENG,MF,Chelsea,Premier League,26,1998,4,0,47,0.5,0,0,0,0,0,0,0,0,0.0,0.0,0.1,0.1,3,2,1,0.0,0.0,0.0,0.0,0.0,0.0,0.18,0.18,0.0,0.18,0,0,0.0,0.0,0.0,0.0,0.0,0,0,0.0,0.0,0.0,29,37,78.4,417,50,19,23,82.6,9,11,81.8,1,3,33.3,0.0,-0.1,1,3,0,0,0,0,0,0,1,1.87,1,0,0,0,0,0,0,0,0,0,0,0,0,0,0,0,0,0,0,0,0,0.0,0,1,0,1,1,1,1,41,0,8,24,9,0,41,1,1,100.0,0,0.0,28,174,108,0,0,0,1,34,0,1,1,0,0,0,0,2,0,0,0.0
Giovanni Di Lorenzo,ITA,DF,Napoli,Serie A,31,1993,14,14,1260,14.0,3,1,4,3,0,0,2,0,2.2,2.2,2.9,5.1,19,88,64,0.21,0.07,0.29,0.21,0.29,0.16,0.2,0.36,0.16,0.36,10,4,40.0,0.71,0.29,0.3,0.75,9,0,0.25,0.8,0.8,678,825,82.2,10965,3967,361,399,90.5,262,311,84.2,47,77,61.0,2.0,-1.9,20,72,19,4,0,4,21,22,36,2.57,33,1,0,1,0,1,4,0,3,0,0,1,0,0,30,21,17,12,1,21,29,72.4,8,6,3,14,44,39,1,951,53,286,433,235,29,951,15,4,26.7,8,53.3,420,1825,986,13,4,9,6,635,0,22,16,2,0,0,0,34,23,14,62.2
Boulaye Dia,SEN,"MF,FW",Lazio,Serie A,28,1996,12,9,721,8.0,4,2,6,4,0,0,0,0,2.9,2.9,2.2,5.0,7,20,38,0.5,0.25,0.75,0.5,0.75,0.36,0.27,0.63,0.36,0.63,13,8,61.5,1.62,1.0,0.31,0.5,12,0,0.22,1.1,1.1,164,197,83.2,2493,309,85,100,85.0,63,71,88.7,9,11,81.8,0.7,-0.2,8,10,4,0,4,2,1,2,23,2.87,16,0,3,2,1,1,5,0,4,0,0,1,0,0,7,3,3,1,3,3,7,42.9,4,2,0,3,10,2,1,261,2,28,136,101,28,261,15,7,46.7,7,46.7,156,855,284,3,3,13,9,210,0,9,9,1,1,0,0,17,8,17,32.0
Mamadou Diakhon,FRA,"FW,MF",Reims,Ligue 1,19,2005,9,0,140,1.6,0,0,0,0,0,0,1,0,0.2,0.2,0.1,0.3,12,6,17,0.0,0.0,0.0,0.0,0.0,0.11,0.07,0.18,0.11,0.18,4,2,50.0,2.57,1.29,0.0,0.0,14,0,0.04,-0.2,-0.2,42,54,77.8,699,99,17,20,85.0,21,27,77.8,2,2,100.0,0.1,-0.1,3,3,1,0,0,0,3,2,10,6.43,5,1,1,1,1,1,1,0,0,0,0,1,0,0,5,5,2,0,3,4,5,80.0,1,0,0,1,6,1,0,81,1,9,33,39,12,81,14,7,50.0,7,50.0,59,615,280,5,8,7,1,61,0,1,5,0,0,0,0,5,0,2,0.0
Bafodé Diakité,FRA,DF,Lille,Ligue 1,23,2001,13,13,1170,13.0,1,1,2,1,0,0,2,0,0.9,0.9,0.1,1.1,6,36,0,0.08,0.08,0.15,0.08,0.15,0.07,0.01,0.08,0.07,0.08,5,3,60.0,0.38,0.23,0.2,0.33,9,0,0.18,0.1,0.1,844,913,92.4,16129,5466,256,276,92.8,514,531,96.8,64,84,76.2,0.2,0.9,2,60,0,0,0,3,1,9,8,0.62,8,0,0,0,0,0,1,0,1,0,0,0,0,0,15,9,9,4,2,11,16,68.8,5,12,6,14,29,35,3,1005,90,411,569,28,5,1005,3,3,100.0,0,0.0,658,3086,1857,5,0,2,2,757,0,18,9,1,0,0,0,62,30,13,69.8
Oumar Diakité,CIV,FW,Reims,Ligue 1,21,2003,12,12,905,10.1,4,1,5,4,0,0,4,0,3.8,3.8,0.7,4.5,14,27,54,0.4,0.1,0.5,0.4,0.5,0.38,0.07,0.45,0.38,0.45,15,6,40.0,1.49,0.6,0.27,0.67,9,0,0.26,0.2,0.2,164,199,82.4,2401,409,81,94,86.2,60,72,83.3,8,8,100.0,0.8,0.3,8,12,10,1,1,1,5,6,23,2.29,18,0,2,2,1,0,2,0,2,0,0,0,0,0,11,7,6,4,1,6,11,54.5,5,7,1,2,13,6,0,321,8,43,158,131,34,321,33,12,36.4,20,60.6,188,1157,482,13,1,35,17,222,0,18,14,7,0,0,0,35,13,27,32.5
Amad Diallo,CIV,"FW,DF",Manchester Utd,Premier League,22,2002,11,7,662,7.4,1,5,6,1,0,0,2,0,1.0,1.0,2.0,3.0,44,29,78,0.14,0.68,0.82,0.14,0.82,0.13,0.28,0.41,0.13,0.41,16,5,31.3,2.18,0.68,0.06,0.2,20,0,0.06,0.0,0.0,298,359,83.0,4193,862,185,206,89.8,83,100,83.0,18,29,62.1,1.2,3.0,19,10,17,1,1,0,13,7,37,5.03,27,3,3,1,1,2,8,1,5,0,1,0,0,2,20,16,4,10,6,9,14,64.3,5,3,0,4,24,10,0,451,8,66,166,228,48,451,29,13,44.8,15,51.7,289,2056,1018,25,26,13,10,329,0,8,8,4,0,0,0,34,6,5,54.5
Assane Diao,ESP,FW,Betis,La Liga,19,2005,7,2,215,2.4,0,2,2,0,0,0,0,0,0.5,0.5,1.2,1.7,7,1,22,0.0,0.84,0.84,0.0,0.84,0.2,0.51,0.71,0.2,0.71,5,0,0.0,2.09,0.0,0.0,0.0,15,0,0.1,-0.5,-0.5,35,47,74.5,466,67,26,32,81.3,6,7,85.7,1,1,100.0,0.4,0.8,6,1,1,1,0,0,4,2,5,2.09,4,0,0,1,0,0,2,0,2,0,0,0,0,0,4,2,0,3,1,3,7,42.9,4,2,0,0,4,3,0,89,3,6,34,49,13,89,9,2,22.2,7,77.8,42,247,96,3,1,10,2,59,0,4,4,2,0,0,0,7,7,4,63.6
Habib Diarra,SEN,"MF,FW",Strasbourg,Ligue 1,20,2004,12,12,1010,11.2,2,1,3,1,1,1,3,0,1.6,0.9,1.1,1.9,27,50,43,0.18,0.09,0.27,0.09,0.18,0.15,0.09,0.24,0.08,0.17,12,7,58.3,1.07,0.62,0.08,0.14,19,0,0.07,0.4,0.1,338,402,84.1,5378,1029,163,183,89.1,150,165,90.9,15,30,50.0,1.0,-0.1,8,29,8,2,2,1,11,11,20,1.78,16,0,0,1,3,0,3,0,2,0,0,0,1,0,9,6,0,7,2,5,8,62.5,3,6,0,2,11,12,1,498,9,94,290,119,14,497,24,8,33.3,15,62.5,311,1575,808,11,5,16,15,376,0,14,20,0,0,0,0,38,8,8,50.0
Moussa Diarra,MLI,DF,Alavés,La Liga,24,2000,10,7,669,7.4,0,0,0,0,0,0,2,0,0.0,0.0,0.0,0.0,7,36,10,0.0,0.0,0.0,0.0,0.0,0.0,0.0,0.0,0.0,0.0,0,0,0.0,0.0,0.0,0.0,0.0,0,0,0.0,0.0,0.0,256,314,81.5,4463,2027,115,128,89.8,119,138,86.2,19,35,54.3,0.2,0.0,0,26,5,1,0,1,9,4,6,0.81,5,0,0,0,1,0,1,0,1,0,0,0,0,0,15,10,5,9,1,9,14,64.3,5,4,1,8,23,5,0,361,13,116,201,48,5,361,5,3,60.0,1,20.0,198,851,441,4,2,9,7,210,0,10,9,1,0,0,0,25,10,9,52.6
Rúben Dias,POR,DF,Manchester City,Premier League,27,1997,10,9,817,9.1,0,0,0,0,0,0,3,0,0.6,0.6,0.3,0.9,13,60,3,0.0,0.0,0.0,0.0,0.0,0.07,0.03,0.1,0.07,0.1,12,3,25.0,1.32,0.33,0.0,0.0,21,0,0.05,-0.6,-0.6,811,866,93.6,13519,4255,362,377,96.0,392,410,95.6,42,56,75.0,0.7,-0.3,5,84,5,0,0,1,2,7,16,1.76,11,0,0,4,0,1,0,0,0,0,0,0,0,0,7,4,3,3,1,3,4,75.0,1,5,4,10,17,27,1,943,78,277,484,184,11,943,1,0,0.0,1,100.0,668,3768,2164,33,1,3,1,762,0,5,3,0,0,0,1,34,15,8,65.2
Krépin Diatta,SEN,DF,Monaco,Ligue 1,25,1999,6,1,196,2.2,0,0,0,0,0,0,0,0,0.2,0.2,0.0,0.2,5,9,19,0.0,0.0,0.0,0.0,0.0,0.08,0.01,0.08,0.08,0.08,2,1,50.0,0.92,0.46,0.0,0.0,13,0,0.08,-0.2,-0.2,91,131,69.5,1510,516,43,57,75.4,40,53,75.5,6,12,50.0,0.2,0.0,1,5,3,0,0,2,4,2,5,2.3,5,0,0,0,0,0,0,0,0,0,0,0,0,0,11,7,8,1,2,7,13,53.8,6,4,1,3,14,7,1,156,7,40,71,47,6,156,2,2,100.0,0,0.0,82,449,235,3,0,3,0,85,0,7,4,0,0,0,0,17,8,4,66.7
Kandet Diawara,GUI,FW,Le Havre,Ligue 1,24,2000,1,0,4,0.0,0,0,0,0,0,0,0,0,0.0,0.0,0.0,0.0,0,0,0,0.0,0.0,0.0,0.0,0.0,0.0,0.0,0.0,0.0,0.0,0,0,0.0,0.0,0.0,0.0,0.0,0,0,0.0,0.0,0.0,1,2,50.0,6,0,1,2,50.0,0,0,0.0,0,0,0.0,0.0,0.0,0,0,0,0,0,0,0,0,0,0.0,0,0,0,0,0,0,0,0,0,0,0,0,0,0,0,0,0,0,0,0,0,0.0,0,1,0,0,0,1,0,4,0,1,3,0,0,4,0,0,0.0,0,0.0,2,2,0,0,0,0,2,2,0,0,0,0,0,0,0,0,0,0,0.0
Mahamadou Diawara,FRA,MF,Lyon,Ligue 1,19,2005,2,0,16,0.2,0,0,0,0,0,0,0,0,0.0,0.0,0.0,0.0,1,1,0,0.0,0.0,0.0,0.0,0.0,0.0,0.0,0.0,0.0,0.0,0,0,0.0,0.0,0.0,0.0,0.0,0,0,0.0,0.0,0.0,6,7,85.7,117,60,3,4,75.0,2,2,100.0,1,1,100.0,0.0,0.0,0,0,0,0,0,0,0,0,0,0.0,0,0,0,0,0,0,0,0,0,0,0,0,0,0,1,0,0,1,0,1,3,33.3,2,2,0,0,1,0,0,9,0,0,8,2,1,9,0,0,0.0,0,0.0,2,36,28,1,0,0,1,3,0,1,0,0,0,0,0,3,0,0,0.0
Brahim Díaz,MAR,"FW,MF",Real Madrid,La Liga,25,1999,9,3,311,3.5,1,2,3,1,0,0,0,0,1.1,1.1,1.7,2.8,9,19,29,0.29,0.58,0.87,0.29,0.87,0.31,0.49,0.8,0.31,0.8,5,1,20.0,1.45,0.29,0.2,1.0,12,0,0.21,-0.1,-0.1,139,166,83.7,1806,512,83,95,87.4,45,53,84.9,2,4,50.0,0.9,0.3,9,13,6,0,2,0,4,4,19,5.52,15,0,2,1,0,1,5,1,3,0,0,1,0,1,10,6,4,5,1,0,4,0.0,4,2,0,1,11,0,0,209,1,19,107,85,11,209,14,9,64.3,4,28.6,137,627,329,4,2,11,11,166,0,5,8,0,0,0,0,15,1,6,14.3
Luis Díaz,COL,FW,Liverpool,Premier League,27,1997,13,9,766,8.5,5,2,7,5,0,0,0,0,2.9,2.9,1.6,4.5,36,30,73,0.59,0.23,0.82,0.59,0.82,0.35,0.19,0.53,0.35,0.53,21,10,47.6,2.47,1.17,0.24,0.5,13,0,0.14,2.1,2.1,237,280,84.6,3681,808,133,152,87.5,75,87,86.2,19,23,82.6,1.4,0.4,18,17,15,1,0,0,8,8,45,5.28,33,0,7,3,2,0,7,0,5,0,1,0,1,0,13,7,5,7,1,6,13,46.2,7,8,0,3,16,4,1,391,7,36,150,216,52,391,43,17,39.5,21,48.8,260,2077,1049,20,23,20,18,296,0,18,12,3,1,0,0,36,5,10,33.3
Pedro Díaz,ESP,"MF,DF",Rayo Vallecano,La Liga,26,1998,5,1,94,1.0,0,0,0,0,0,0,1,0,0.2,0.2,0.1,0.3,0,7,2,0.0,0.0,0.0,0.0,0.0,0.22,0.06,0.28,0.22,0.28,2,0,0.0,1.91,0.0,0.0,0.0,21,0,0.11,-0.2,-0.2,43,53,81.1,585,188,24,30,80.0,16,16,100.0,0,3,0.0,0.1,-0.1,2,3,2,0,0,0,3,0,4,3.83,3,1,0,0,0,0,0,0,0,0,0,0,0,0,1,1,0,1,0,1,1,100.0,0,3,0,1,2,1,0,70,1,8,34,28,2,70,1,1,100.0,0,0.0,27,115,54,2,0,3,3,34,0,1,0,0,0,0,0,10,1,2,33.3
Tyler Dibling,ENG,"FW,MF",Southampton,Premier League,18,2006,13,8,750,8.3,1,0,1,1,0,0,5,0,1.0,1.0,1.0,2.0,36,30,45,0.12,0.0,0.12,0.12,0.12,0.12,0.12,0.24,0.12,0.24,12,5,41.7,1.44,0.6,0.08,0.2,20,0,0.09,0.0,0.0,187,235,79.6,3002,752,96,107,89.7,78,93,83.9,11,21,52.4,0.9,-1.0,11,18,11,0,4,1,14,7,33,3.96,18,1,8,2,4,0,3,0,2,0,1,0,0,0,14,10,6,7,1,6,10,60.0,4,5,1,4,18,5,0,342,8,45,158,147,20,342,57,21,36.8,22,38.6,240,2121,1146,23,14,21,18,269,0,15,29,0,2,0,0,28,2,10,16.7
Diego,ESP,"FW,MF",Leganés,La Liga,24,2000,8,3,271,3.0,1,0,1,1,0,0,0,0,0.8,0.8,0.1,0.8,2,5,16,0.33,0.0,0.33,0.33,0.33,0.25,0.02,0.28,0.25,0.28,8,3,37.5,2.66,1.0,0.13,0.33,13,0,0.09,0.2,0.2,37,56,66.1,577,69,21,27,77.8,12,22,54.5,3,4,75.0,0.0,-0.1,2,4,0,0,0,1,3,2,3,1.0,2,0,0,1,0,0,0,0,0,0,0,0,0,0,0,0,0,0,0,0,1,0.0,1,0,0,0,0,5,0,89,4,6,33,51,11,89,4,0,0.0,4,100.0,52,272,49,2,0,9,3,67,0,5,8,3,0,0,0,3,13,17,43.3
Justin Diehl,GER,"FW,DF",Stuttgart,Bundesliga,20,2004,4,0,81,0.9,1,0,1,1,0,0,0,0,0.8,0.8,0.1,0.9,5,5,17,1.11,0.0,1.11,1.11,1.11,0.93,0.13,1.05,0.93,1.05,6,1,16.7,6.67,1.11,0.17,1.0,15,0,0.14,0.2,0.2,33,49,67.3,432,121,19,24,79.2,11,17,64.7,1,5,20.0,0.3,-0.1,1,3,1,0,0,0,10,0,3,3.33,3,0,0,0,0,0,0,0,0,0,0,0,0,0,0,0,0,0,0,0,0,0.0,0,2,0,0,0,0,0,67,1,5,17,46,8,67,7,1,14.3,6,85.7,47,362,186,2,3,1,2,50,0,2,0,0,0,0,0,6,0,0,0.0
Bamba Dieng,SEN,FW,Angers,Ligue 1,24,2000,9,3,322,3.6,2,0,2,2,0,0,1,0,2.0,2.0,0.0,2.0,3,3,23,0.56,0.0,0.56,0.56,0.56,0.56,0.0,0.56,0.56,0.56,11,4,36.4,3.07,1.12,0.18,0.5,18,2,0.18,0.0,0.0,49,60,81.7,576,61,32,37,86.5,12,15,80.0,0,1,0.0,0.1,0.0,0,1,1,0,1,0,1,1,4,1.12,3,0,0,0,1,0,1,0,0,0,0,0,1,0,2,0,0,1,1,0,0,0.0,0,1,0,0,2,3,0,98,3,7,34,57,17,98,9,1,11.1,7,77.8,57,240,102,2,1,10,2,84,0,4,8,0,1,0,0,2,6,13,31.6
Eric Dier,ENG,DF,Bayern Munich,Bundesliga,30,1994,4,0,46,0.5,0,0,0,0,0,0,0,0,0.0,0.0,0.0,0.0,0,4,0,0.0,0.0,0.0,0.0,0.0,0.0,0.0,0.0,0.0,0.0,0,0,0.0,0.0,0.0,0.0,0.0,0,0,0.0,0.0,0.0,57,58,98.3,940,290,28,28,100.0,25,26,96.2,4,4,100.0,0.0,0.0,0,7,1,0,0,0,0,0,0,0.0,0,0,0,0,0,0,0,0,0,0,0,0,0,0,1,1,1,0,0,0,1,0.0,1,1,0,0,1,3,0,65,4,20,43,3,0,65,1,1,100.0,0,0.0,38,235,113,1,0,0,0,44,0,0,0,0,0,0,0,3,4,0,100.0
Lucas Digne,FRA,DF,Aston Villa,Premier League,31,1993,13,12,953,10.6,0,2,2,0,0,0,3,0,0.5,0.5,2.4,2.9,7,19,54,0.0,0.19,0.19,0.0,0.19,0.05,0.23,0.28,0.05,0.28,6,1,16.7,0.57,0.09,0.0,0.0,19,2,0.09,-0.5,-0.5,398,521,76.4,6523,2074,199,223,89.2,166,210,79.0,24,56,42.9,1.8,-0.4,15,12,15,10,1,1,57,20,20,1.89,12,6,0,2,0,0,2,0,2,0,0,0,0,0,26,16,15,7,4,17,27,63.0,10,11,3,14,40,33,0,624,35,226,168,235,10,624,9,4,44.4,5,55.6,306,1235,517,6,1,5,6,350,0,14,5,2,0,0,0,39,12,13,48.0
Federico Dimarco,ITA,DF,Inter,Serie A,27,1997,12,12,955,10.6,1,2,3,1,0,0,1,0,1.3,1.3,3.6,4.9,16,31,107,0.09,0.19,0.28,0.09,0.28,0.12,0.34,0.46,0.12,0.46,26,8,30.8,2.45,0.75,0.04,0.13,20,3,0.05,-0.3,-0.3,423,559,75.7,7223,1864,213,243,87.7,161,205,78.5,41,87,47.1,2.5,-1.6,27,21,17,12,0,7,101,10,53,4.99,30,14,2,5,2,0,3,0,3,0,0,0,0,0,8,3,3,3,2,5,7,71.4,2,10,2,6,14,11,0,644,17,98,212,341,40,644,4,2,50.0,2,50.0,347,1431,845,18,3,10,2,442,0,7,7,6,0,0,0,33,3,5,37.5
Junior Dina Ebimbe,FRA,"MF,FW",Eint Frankfurt,Bundesliga,24,2000,6,3,281,3.1,0,1,1,0,0,0,0,0,0.9,0.9,0.9,1.8,5,3,27,0.0,0.32,0.32,0.0,0.32,0.28,0.3,0.58,0.28,0.58,8,0,0.0,2.56,0.0,0.0,0.0,16,0,0.11,-0.9,-0.9,68,107,63.6,1086,255,36,56,64.3,29,42,69.0,2,5,40.0,0.6,0.1,3,1,2,0,0,1,8,1,6,1.93,2,0,0,2,2,0,1,0,1,0,0,0,0,0,2,1,1,1,0,0,2,0.0,2,4,0,7,9,6,0,155,5,25,70,61,16,155,11,5,45.5,5,45.5,81,400,193,6,3,7,4,102,0,10,4,1,0,1,0,11,8,4,66.7
Eren Dinkçi,GER,MF,Freiburg,Bundesliga,23,2001,9,7,583,6.5,0,2,2,0,0,0,0,0,0.5,0.5,1.4,1.9,17,19,39,0.0,0.31,0.31,0.0,0.31,0.08,0.22,0.3,0.08,0.3,7,0,0.0,1.08,0.0,0.0,0.0,21,0,0.07,-0.5,-0.5,173,227,76.2,2409,579,95,109,87.2,61,76,80.3,6,15,40.0,0.8,0.6,16,13,7,2,1,1,9,10,27,4.16,22,0,2,1,2,0,3,0,3,0,0,0,0,0,12,7,3,6,3,3,13,23.1,10,10,1,4,16,1,0,293,2,24,150,126,15,293,12,7,58.3,5,41.7,148,973,504,13,3,15,7,189,0,4,4,1,1,0,0,33,4,7,36.4
Sinaly Diomande,CIV,DF,Auxerre,Ligue 1,23,2001,9,8,700,7.8,2,2,4,2,0,0,3,0,1.0,1.0,0.5,1.5,1,29,4,0.26,0.26,0.51,0.26,0.51,0.13,0.07,0.19,0.13,0.19,6,2,33.3,0.77,0.26,0.33,1.0,12,0,0.17,1.0,1.0,243,308,78.9,4545,2236,94,109,86.2,120,135,88.9,26,47,55.3,0.1,1.5,2,22,0,0,0,2,1,6,13,1.67,11,0,0,2,0,0,3,0,1,0,0,2,0,0,10,7,3,6,1,8,12,66.7,4,13,9,9,19,26,0,393,44,198,171,26,8,393,6,3,50.0,3,50.0,198,824,419,2,0,5,0,221,0,10,9,0,0,0,0,32,13,12,52.0
Lois Diony,FRA,FW,Angers,Ligue 1,32,1992,1,0,21,0.2,0,0,0,0,0,0,0,0,0.0,0.0,0.0,0.0,0,0,2,0.0,0.0,0.0,0.0,0.0,0.0,0.0,0.0,0.0,0.0,0,0,0.0,0.0,0.0,0.0,0.0,0,0,0.0,0.0,0.0,1,4,25.0,9,0,1,3,33.3,0,0,0.0,0,0,0.0,0.0,0.0,0,0,0,0,0,0,0,0,0,0.0,0,0,0,0,0,0,0,0,0,0,0,0,0,0,0,0,0,0,0,0,0,0.0,0,0,0,0,0,0,0,6,0,0,1,5,2,6,0,0,0.0,0,0.0,4,19,0,0,0,2,0,6,0,0,0,0,0,0,0,0,1,0,100.0
Issa Diop,FRA,DF,Fulham,Premier League,27,1997,8,5,483,5.4,0,0,0,0,0,0,1,0,0.5,0.5,0.1,0.6,0,12,1,0.0,0.0,0.0,0.0,0.0,0.1,0.01,0.11,0.1,0.11,5,2,40.0,0.93,0.37,0.0,0.0,10,0,0.11,-0.5,-0.5,240,277,86.6,4750,1818,73,81,90.1,143,154,92.9,23,40,57.5,0.0,-0.1,2,17,1,0,0,1,0,1,4,0.75,3,0,0,1,0,0,0,0,0,0,0,0,0,0,11,7,7,4,0,4,6,66.7,2,6,5,1,12,24,0,332,34,165,156,11,8,332,1,1,100.0,0,0.0,212,922,490,1,0,3,1,234,0,4,2,0,0,0,1,12,5,5,50.0
Sofiane Diop,FRA,"FW,MF",Nice,Ligue 1,24,2000,10,2,299,3.3,3,2,5,3,0,0,1,0,3.3,3.3,0.8,4.0,5,15,14,0.9,0.6,1.51,0.9,1.51,0.99,0.23,1.22,0.99,1.22,8,5,62.5,2.41,1.51,0.38,0.6,14,1,0.41,-0.3,-0.3,131,169,77.5,2040,640,75,86,87.2,37,50,74.0,11,23,47.8,0.7,1.2,8,12,4,0,2,3,14,1,15,4.55,10,2,0,1,2,0,4,1,2,1,0,0,1,0,4,4,2,0,2,1,6,16.7,5,7,0,3,7,2,0,204,5,21,103,84,11,204,6,3,50.0,3,50.0,113,537,244,6,0,5,4,138,0,7,4,0,0,0,0,23,1,1,50.0
Andy Diouf,FRA,MF,Lens,Ligue 1,21,2003,13,11,943,10.5,1,1,2,1,0,0,2,0,0.9,0.9,0.8,1.7,37,52,30,0.1,0.1,0.19,0.1,0.19,0.09,0.07,0.16,0.09,0.16,16,2,12.5,1.53,0.19,0.06,0.5,19,0,0.06,0.1,0.1,329,437,75.3,4329,1139,205,242,84.7,93,114,81.6,12,30,40.0,0.9,0.2,9,19,13,1,5,0,12,16,29,2.77,23,0,3,2,1,0,1,0,1,0,0,0,0,0,16,10,4,10,2,10,19,52.6,9,14,1,6,22,7,0,558,13,79,291,201,19,558,34,19,55.9,13,38.2,296,1952,1142,33,4,27,11,376,0,17,7,0,0,0,0,60,7,12,36.8
Assane Dioussé,SEN,MF,Auxerre,Ligue 1,27,1997,4,0,26,0.3,0,0,0,0,0,0,0,0,0.0,0.0,0.0,0.0,0,4,1,0.0,0.0,0.0,0.0,0.0,0.01,0.0,0.01,0.01,0.01,1,1,100.0,3.46,3.46,0.0,0.0,28,0,0.0,0.0,0.0,32,34,94.1,667,219,14,14,100.0,12,13,92.3,6,7,85.7,0.0,0.0,0,2,0,0,0,2,0,0,1,3.46,1,0,0,0,0,0,0,0,0,0,0,0,0,0,1,1,0,1,0,0,0,0.0,0,0,0,0,1,1,0,37,2,8,25,5,0,37,0,0,0.0,0,0.0,27,156,48,1,0,0,0,29,0,3,1,0,0,0,0,3,0,0,0.0
Axel Disasi,FRA,DF,Chelsea,Premier League,26,1998,2,1,94,1.0,0,0,0,0,0,0,0,0,0.0,0.0,0.0,0.0,1,5,0,0.0,0.0,0.0,0.0,0.0,0.0,0.0,0.0,0.0,0.0,0,0,0.0,0.0,0.0,0.0,0.0,0,0,0.0,0.0,0.0,64,74,86.5,1011,433,33,35,94.3,26,28,92.9,4,8,50.0,0.0,0.0,0,2,0,0,0,0,0,1,0,0.0,0,0,0,0,0,0,0,0,0,0,0,0,0,0,1,1,1,0,0,1,3,33.3,2,1,0,1,2,3,0,83,6,40,39,4,0,83,1,1,100.0,0,0.0,46,255,84,0,0,1,0,55,0,0,0,0,0,0,0,3,0,1,0.0
Roman Dixon,ENG,DF,Everton,Premier League,20,2004,1,1,90,1.0,0,0,0,0,0,0,0,0,0.0,0.0,0.0,0.0,0,0,1,0.0,0.0,0.0,0.0,0.0,0.0,0.0,0.0,0.0,0.0,0,0,0.0,0.0,0.0,0.0,0.0,0,0,0.0,0.0,0.0,11,19,57.9,205,111,6,8,75.0,4,8,50.0,1,3,33.3,0.0,0.0,0,3,0,0,0,0,0,0,0,0.0,0,0,0,0,0,0,0,0,0,0,0,0,0,0,5,5,3,2,0,4,4,100.0,0,1,0,1,6,3,0,36,8,19,14,4,0,36,3,0,0.0,3,100.0,16,107,48,0,0,2,0,13,0,0,0,0,0,0,0,6,0,3,0.0
Álvaro Djaló,ESP,FW,Athletic Club,La Liga,25,1999,11,4,432,4.8,1,0,1,1,0,0,0,0,0.8,0.8,0.7,1.5,14,7,41,0.21,0.0,0.21,0.21,0.21,0.16,0.15,0.31,0.16,0.31,14,3,21.4,2.92,0.62,0.07,0.33,19,0,0.05,0.2,0.2,51,76,67.1,771,148,29,37,78.4,17,28,60.7,4,7,57.1,0.5,-0.7,3,5,3,2,0,3,6,1,8,1.66,3,0,1,1,3,0,1,0,0,0,0,0,1,0,5,3,3,2,0,1,3,33.3,2,2,0,1,6,2,0,143,1,11,49,86,18,143,19,8,42.1,10,52.6,93,566,316,14,5,19,7,107,0,12,6,4,0,0,0,13,6,12,33.3
Djené,TOG,DF,Getafe,La Liga,33,1991,13,13,1037,11.5,0,0,0,0,0,0,5,0,0.1,0.1,0.4,0.5,8,35,4,0.0,0.0,0.0,0.0,0.0,0.01,0.04,0.05,0.01,0.05,3,0,0.0,0.26,0.0,0.0,0.0,18,0,0.03,-0.1,-0.1,299,395,75.7,5682,2408,115,141,81.6,144,177,81.4,37,66,56.1,0.5,-0.4,3,26,6,3,0,2,12,4,7,0.61,6,0,0,0,1,0,0,0,0,0,0,0,0,0,6,1,3,3,0,1,8,12.5,7,8,5,11,17,44,0,492,49,207,245,48,8,492,8,2,25.0,4,50.0,225,1291,690,3,0,3,2,221,0,14,10,0,0,0,0,43,21,12,63.6
Berat Djimsiti,ALB,DF,Atalanta,Serie A,31,1993,12,11,932,10.4,0,0,0,0,0,0,3,0,0.8,0.8,0.6,1.3,9,51,19,0.0,0.0,0.0,0.0,0.0,0.08,0.05,0.13,0.08,0.13,6,1,16.7,0.58,0.1,0.0,0.0,10,0,0.13,-0.8,-0.8,512,587,87.2,9017,2696,195,218,89.4,271,293,92.5,35,54,64.8,0.3,-0.6,4,32,4,1,0,2,3,4,11,1.06,8,0,0,3,0,0,2,0,2,0,0,0,0,0,25,15,13,12,0,12,14,85.7,2,13,8,19,44,36,1,699,52,290,340,70,13,699,3,1,33.3,0,0.0,341,1728,907,13,1,3,0,453,0,8,10,0,0,0,1,37,31,16,66.0
Ritsu Doan,JPN,FW,Freiburg,Bundesliga,26,1998,12,12,1004,11.2,5,1,6,5,0,0,0,0,3.2,3.2,0.5,3.7,25,41,63,0.45,0.09,0.54,0.45,0.54,0.28,0.05,0.33,0.28,0.33,22,10,45.5,1.97,0.9,0.23,0.5,15,0,0.18,1.8,1.8,283,399,70.9,4421,1485,137,176,77.8,101,138,73.2,26,41,63.4,1.2,0.5,8,25,11,3,6,1,25,20,33,2.96,18,0,5,6,4,0,2,0,1,0,0,1,0,0,19,14,11,6,2,8,15,53.3,7,18,0,6,25,12,1,546,13,83,253,220,39,546,47,22,46.8,24,51.1,314,1712,786,21,11,18,22,386,0,5,18,1,0,0,0,43,7,12,36.8
Dodô,BRA,DF,Fiorentina,Serie A,26,1998,13,13,1160,12.9,0,0,0,0,0,0,3,0,0.3,0.3,1.8,2.1,69,58,78,0.0,0.0,0.0,0.0,0.0,0.02,0.14,0.16,0.02,0.16,9,2,22.2,0.7,0.16,0.0,0.0,16,0,0.03,-0.3,-0.3,537,688,78.1,9936,2999,198,229,86.5,287,341,84.2,45,89,50.6,1.7,-1.8,16,38,18,10,2,0,62,24,34,2.64,26,0,1,2,5,0,3,0,1,0,0,0,2,0,13,10,7,3,3,9,16,56.3,7,10,3,18,31,23,0,820,38,214,356,264,27,820,52,23,44.2,22,42.3,499,3653,2148,38,12,23,10,519,0,5,19,1,2,0,0,72,5,5,50.0
Danilho Doekhi,NED,DF,Union Berlin,Bundesliga,26,1998,12,12,1080,12.0,0,0,0,0,0,0,2,0,0.6,0.6,0.2,0.8,4,28,4,0.0,0.0,0.0,0.0,0.0,0.05,0.02,0.06,0.05,0.06,9,0,0.0,0.75,0.0,0.0,0.0,11,0,0.06,-0.6,-0.6,310,416,74.5,5419,1957,138,160,86.3,134,160,83.8,32,77,41.6,0.2,-0.2,3,18,2,2,1,1,4,7,12,1.0,6,0,0,3,2,1,1,0,0,0,0,1,0,0,14,9,7,5,2,6,9,66.7,3,16,5,14,28,36,0,528,48,270,217,42,21,528,2,2,100.0,0,0.0,275,1357,653,5,0,5,1,327,0,14,7,0,0,0,0,34,20,21,48.8
Matt Doherty,IRL,DF,Wolves,Premier League,32,1992,6,2,215,2.4,0,0,0,0,0,0,0,0,0.1,0.1,0.1,0.2,1,6,8,0.0,0.0,0.0,0.0,0.0,0.03,0.06,0.09,0.03,0.09,2,0,0.0,0.84,0.0,0.0,0.0,11,0,0.04,-0.1,-0.1,75,106,70.8,1289,285,34,42,81.0,35,52,67.3,6,9,66.7,0.1,-0.1,1,4,1,0,0,1,2,2,2,0.84,1,1,0,0,0,0,0,0,0,0,0,0,0,0,8,6,6,2,0,4,5,80.0,1,4,1,2,10,8,0,137,13,49,56,34,5,137,1,1,100.0,0,0.0,52,183,68,2,0,3,1,62,0,0,1,0,0,0,0,9,5,2,71.4
Jeremy Doku,BEL,"FW,MF",Manchester City,Premier League,22,2002,9,5,441,4.9,1,1,2,1,0,0,0,0,0.5,0.5,1.3,1.7,70,20,94,0.2,0.2,0.41,0.2,0.41,0.1,0.26,0.35,0.1,0.35,11,3,27.3,2.24,0.61,0.09,0.33,19,0,0.04,0.5,0.5,189,237,79.7,2596,451,130,150,86.7,53,66,80.3,4,5,80.0,1.1,-0.3,10,1,15,1,3,0,20,12,23,4.7,19,1,2,1,0,0,1,0,1,0,0,0,0,0,10,5,3,3,4,1,3,33.3,2,4,0,0,10,1,0,320,1,11,68,249,47,320,53,28,52.8,13,24.5,236,2394,1555,32,29,15,16,266,0,2,11,3,0,0,0,20,0,1,0.0
Marc Domenech,ESP,FW,Mallorca,La Liga,18,2006,3,2,115,1.3,0,0,0,0,0,0,0,0,0.1,0.1,0.0,0.2,0,2,8,0.0,0.0,0.0,0.0,0.0,0.11,0.01,0.12,0.11,0.12,3,1,33.3,2.35,0.78,0.0,0.0,21,0,0.05,-0.1,-0.1,15,22,68.2,210,66,11,15,73.3,2,3,66.7,1,1,100.0,0.1,0.0,1,0,1,1,0,0,2,1,1,0.79,0,0,0,1,0,0,0,0,0,0,0,0,0,0,0,0,0,0,0,0,2,0.0,2,2,0,0,0,0,0,36,0,4,15,19,4,36,1,1,100.0,0,0.0,16,70,31,1,0,5,2,21,0,3,0,0,0,0,0,3,5,4,55.6
Benjamín Domínguez,ARG,FW,Bologna,Serie A,21,2003,2,1,70,0.8,0,0,0,0,0,0,0,0,0.2,0.2,0.0,0.2,4,0,10,0.0,0.0,0.0,0.0,0.0,0.25,0.0,0.25,0.25,0.25,3,2,66.7,3.86,2.57,0.0,0.0,15,0,0.07,-0.2,-0.2,16,24,66.7,241,31,7,9,77.8,9,13,69.2,0,2,0.0,0.0,0.0,0,0,1,1,1,0,2,0,1,1.29,1,0,0,0,0,0,1,1,1,0,0,0,0,0,2,0,0,1,1,0,0,0.0,0,0,0,0,2,1,0,42,0,6,17,20,7,42,3,0,0.0,3,100.0,31,230,84,1,2,4,4,32,0,2,4,0,0,0,0,7,0,2,0.0
Carlos Dominguez,ESP,DF,Celta Vigo,La Liga,23,2001,6,4,344,3.8,0,0,0,0,0,0,0,0,0.1,0.1,0.0,0.2,2,23,0,0.0,0.0,0.0,0.0,0.0,0.03,0.01,0.04,0.03,0.04,2,1,50.0,0.52,0.26,0.0,0.0,8,0,0.05,-0.1,-0.1,261,297,87.9,4870,1736,75,79,94.9,163,180,90.6,15,28,53.6,0.1,0.0,1,18,0,0,0,1,0,1,2,0.52,2,0,0,0,0,0,0,0,0,0,0,0,0,0,7,4,4,3,0,4,7,57.1,3,4,4,4,11,22,0,340,30,138,191,11,2,340,0,0,0.0,0,0.0,203,984,577,6,0,1,0,238,0,2,3,0,0,0,1,7,11,2,84.6
Israel Domínguez,ESP,FW,Sevilla,La Liga,21,2003,1,0,18,0.2,0,0,0,0,0,0,0,0,0.0,0.0,0.0,0.0,0,0,0,0.0,0.0,0.0,0.0,0.0,0.0,0.0,0.0,0.0,0.0,0,0,0.0,0.0,0.0,0.0,0.0,0,0,0.0,0.0,0.0,2,2,100.0,24,0,1,1,100.0,1,1,100.0,0,0,0.0,0.0,0.0,0,0,0,0,0,0,0,0,0,0.0,0,0,0,0,0,0,0,0,0,0,0,0,0,0,0,0,0,0,0,0,0,0.0,0,0,0,0,0,0,0,2,0,0,2,0,0,2,0,0,0.0,0,0.0,1,3,0,0,0,0,0,2,0,0,1,1,0,0,0,0,0,1,0.0
Nicolás Domínguez,ARG,"MF,FW",Nott'Ham Forest,Premier League,26,1998,11,7,602,6.7,0,0,0,0,0,0,3,0,0.7,0.7,0.0,0.8,7,24,9,0.0,0.0,0.0,0.0,0.0,0.11,0.01,0.12,0.11,0.12,9,3,33.3,1.35,0.45,0.0,0.0,17,0,0.08,-0.7,-0.7,270,323,83.6,3751,1210,165,185,89.2,81,93,87.1,9,18,50.0,0.3,0.0,2,24,2,0,1,0,1,4,8,1.2,5,1,0,1,1,0,0,0,0,0,0,0,0,0,24,11,10,10,4,13,23,56.5,10,17,4,13,37,15,0,411,20,107,205,103,10,411,4,1,25.0,2,50.0,171,591,302,4,2,5,4,228,0,12,7,0,0,0,0,36,8,6,57.1
Sergi Dominguez,ESP,DF,Barcelona,La Liga,19,2005,3,2,172,1.9,0,0,0,0,0,0,1,0,0.0,0.0,0.0,0.0,0,13,1,0.0,0.0,0.0,0.0,0.0,0.0,0.0,0.0,0.0,0.0,0,0,0.0,0.0,0.0,0.0,0.0,0,0,0.0,0.0,0.0,171,180,95.0,3171,1062,57,57,100.0,106,112,94.6,7,10,70.0,0.0,0.0,0,13,0,0,0,0,0,0,0,0.0,0,0,0,0,0,0,0,0,0,0,0,0,0,0,1,1,1,0,0,0,0,0.0,0,0,0,3,4,7,0,191,13,69,121,3,0,191,0,0,0.0,0,0.0,127,569,284,1,0,0,0,157,0,2,0,0,0,1,0,8,1,3,25.0
Patrick Dorgu,DEN,"FW,DF",Lecce,Serie A,20,2004,13,13,1120,12.4,3,0,3,3,0,0,1,1,2.9,2.9,1.1,4.0,38,34,75,0.24,0.0,0.24,0.24,0.24,0.23,0.09,0.32,0.23,0.32,28,8,28.6,2.25,0.64,0.11,0.38,19,0,0.1,0.1,0.1,311,402,77.4,5506,1523,137,160,85.6,139,163,85.3,30,53,56.6,0.6,-1.1,11,29,10,5,2,4,20,17,36,2.89,21,0,3,3,8,1,3,0,2,0,0,0,1,0,26,14,11,11,4,14,26,53.8,12,13,3,12,38,21,1,566,27,141,253,188,30,566,30,9,30.0,15,50.0,342,2331,1145,25,12,21,24,387,0,14,37,3,0,0,0,68,17,16,51.5
Niklas Dorsch,GER,MF,Augsburg,Bundesliga,26,1998,1,0,32,0.4,0,0,0,0,0,0,0,0,0.0,0.0,0.0,0.0,1,1,0,0.0,0.0,0.0,0.0,0.0,0.0,0.0,0.0,0.0,0.0,0,0,0.0,0.0,0.0,0.0,0.0,0,0,0.0,0.0,0.0,22,26,84.6,342,77,12,12,100.0,9,12,75.0,1,1,100.0,0.0,0.0,0,1,0,0,1,0,1,1,1,2.81,1,0,0,0,0,0,0,0,0,0,0,0,0,0,0,0,0,0,0,0,0,0.0,0,1,0,0,0,0,0,29,1,3,18,8,0,29,1,0,0.0,1,100.0,15,57,32,1,0,0,0,21,0,0,2,0,0,0,0,2,0,0,0.0
Niklas Dorsch,GER,MF,Heidenheim,Bundesliga,26,1998,8,6,462,5.1,1,1,2,1,0,0,0,1,0.5,0.5,0.7,1.1,3,22,5,0.19,0.19,0.39,0.19,0.39,0.09,0.13,0.22,0.09,0.22,3,1,33.3,0.58,0.19,0.33,1.0,21,1,0.15,0.5,0.5,213,251,84.9,3886,1201,93,98,94.9,85,95,89.5,25,43,58.1,0.4,0.3,6,16,5,1,0,7,10,1,11,2.14,5,3,0,0,1,2,0,0,0,0,0,0,0,0,9,5,4,5,0,2,7,28.6,5,5,0,5,14,4,0,288,10,72,178,45,2,288,7,5,71.4,1,14.3,171,932,411,2,0,5,4,172,0,1,9,0,0,0,0,33,3,2,60.0
Alberto Dossena,ITA,DF,Como,Serie A,26,1998,12,12,1047,11.6,0,1,1,0,0,0,1,1,0.5,0.5,0.4,0.9,4,27,0,0.0,0.09,0.09,0.0,0.09,0.04,0.04,0.08,0.04,0.08,9,3,33.3,0.77,0.26,0.0,0.0,12,0,0.05,-0.5,-0.5,555,632,87.8,10609,3570,177,192,92.2,318,340,93.5,51,80,63.8,0.1,0.6,1,24,0,0,0,2,1,5,6,0.52,4,0,1,1,0,0,1,0,0,0,0,1,0,0,16,9,13,3,0,7,12,58.3,5,9,6,12,28,57,1,745,96,384,346,18,11,745,3,2,66.7,1,33.3,438,1738,994,1,0,2,2,491,0,12,8,0,0,2,0,41,40,18,69.0
Abdoulaye Doucouré,MLI,MF,Everton,Premier League,31,1993,11,10,811,9.0,0,0,0,0,0,0,0,0,0.5,0.5,0.5,1.0,8,27,21,0.0,0.0,0.0,0.0,0.0,0.05,0.06,0.11,0.05,0.11,5,1,20.0,0.55,0.11,0.0,0.0,14,0,0.09,-0.5,-0.5,290,347,83.6,4880,841,129,148,87.2,126,143,88.1,25,30,83.3,0.4,-0.5,12,17,5,0,0,1,6,10,22,2.44,20,0,0,1,0,1,1,0,0,0,0,0,0,1,14,6,8,5,1,5,6,83.3,1,14,3,4,18,6,0,410,11,102,203,109,12,410,7,5,71.4,2,28.6,217,968,416,7,0,5,8,261,0,16,2,5,0,0,0,46,15,7,68.2
Cheick Doucouré,MLI,MF,Crystal Palace,Premier League,24,2000,7,3,241,2.7,0,0,0,0,0,0,1,0,0.2,0.2,0.0,0.2,1,11,2,0.0,0.0,0.0,0.0,0.0,0.07,0.0,0.07,0.07,0.07,5,0,0.0,1.87,0.0,0.0,0.0,21,0,0.04,-0.2,-0.2,96,107,89.7,1583,433,45,47,95.7,38,40,95.0,9,12,75.0,0.0,0.0,0,6,2,0,0,0,1,3,5,1.87,3,0,0,2,0,0,2,0,1,0,0,1,0,0,7,3,1,5,1,2,6,33.3,4,4,0,6,13,3,0,141,4,28,90,24,3,141,4,2,50.0,1,25.0,73,292,142,2,1,2,2,85,0,4,5,0,0,0,0,15,1,3,25.0
Désiré Doué,FRA,"FW,MF",Paris S-G,Ligue 1,19,2005,10,3,403,4.5,0,1,1,0,0,0,0,0,1.1,1.1,2.0,3.1,34,24,55,0.0,0.22,0.22,0.0,0.22,0.25,0.44,0.69,0.25,0.69,21,7,33.3,4.69,1.56,0.0,0.0,19,0,0.05,-1.1,-1.1,200,240,83.3,2918,618,118,125,94.4,67,81,82.7,9,20,45.0,1.3,-1.0,14,14,10,5,1,0,17,4,26,5.79,20,0,4,2,0,0,4,0,3,0,0,1,0,0,5,3,1,4,0,2,10,20.0,8,3,0,1,6,1,0,313,1,30,134,153,40,313,34,15,44.1,16,47.1,215,1590,857,16,18,8,8,263,0,9,12,1,0,0,0,18,0,1,0.0
Guela Doué,CIV,DF,Strasbourg,Ligue 1,22,2002,12,12,1080,12.0,1,0,1,1,0,0,4,0,0.7,0.7,0.0,0.7,13,48,16,0.08,0.0,0.08,0.08,0.08,0.06,0.0,0.06,0.06,0.06,13,5,38.5,1.08,0.42,0.08,0.2,14,0,0.05,0.3,0.3,673,812,82.9,12263,5303,253,266,95.1,356,417,85.4,53,99,53.5,0.2,0.0,3,43,4,3,0,1,17,16,18,1.5,11,1,1,3,1,1,2,0,2,0,0,0,0,0,24,18,14,4,6,14,20,70.0,6,11,0,19,43,58,0,956,67,436,427,105,17,956,9,6,66.7,3,33.3,477,1996,1024,9,2,12,4,574,0,17,8,0,0,1,0,82,16,10,61.5
Douglas,BRA,MF,Nantes,Ligue 1,27,1997,11,11,936,10.4,1,2,3,1,0,0,3,0,1.5,1.5,0.8,2.4,4,58,19,0.1,0.19,0.29,0.1,0.29,0.15,0.08,0.23,0.15,0.23,13,5,38.5,1.25,0.48,0.08,0.2,14,0,0.12,-0.5,-0.5,459,531,86.4,7668,2393,216,239,90.4,198,218,90.8,33,48,68.8,0.4,1.2,6,53,2,1,1,2,6,4,14,1.35,11,1,1,1,0,0,2,0,2,0,0,0,0,0,27,16,10,12,5,8,17,47.1,9,22,4,8,35,14,0,635,21,147,371,120,22,635,8,6,75.0,2,25.0,310,1508,671,3,0,4,7,431,0,17,16,0,0,1,0,43,10,18,35.7
Ismaël Doukouré,FRA,MF,Strasbourg,Ligue 1,21,2003,11,11,879,9.8,0,1,1,0,0,0,3,0,0.1,0.1,0.7,0.7,7,39,5,0.0,0.1,0.1,0.0,0.1,0.01,0.07,0.08,0.01,0.08,1,0,0.0,0.1,0.0,0.0,0.0,22,0,0.07,-0.1,-0.1,380,447,85.0,6474,1557,163,183,89.1,184,206,89.3,24,39,61.5,0.3,0.3,6,32,0,0,2,1,1,5,11,1.13,10,0,0,0,1,0,3,0,3,0,0,0,0,0,15,6,6,9,0,8,8,100.0,0,15,5,8,23,28,2,537,41,189,323,28,0,537,8,6,75.0,2,25.0,291,1129,635,4,0,9,11,384,0,8,7,0,0,0,0,32,5,4,55.6
Issa Doumbia,CIV,MF,Venezia,Serie A,21,2003,6,1,146,1.6,0,0,0,0,0,0,0,0,0.2,0.2,0.0,0.2,2,5,4,0.0,0.0,0.0,0.0,0.0,0.12,0.02,0.14,0.12,0.14,3,1,33.3,1.85,0.62,0.0,0.0,22,0,0.06,-0.2,-0.2,43,56,76.8,639,129,25,28,89.3,16,20,80.0,1,3,33.3,0.0,0.0,1,2,1,0,0,0,1,0,5,3.1,4,0,0,0,0,1,1,0,1,0,0,0,0,0,3,1,1,2,0,3,4,75.0,1,3,1,1,4,2,0,78,2,20,41,19,1,78,0,0,0.0,0,0.0,44,245,137,4,0,4,4,50,0,1,1,0,0,0,0,7,5,5,50.0
Kamory Doumbia,MLI,"MF,FW",Brest,Ligue 1,21,2003,10,3,406,4.5,0,1,1,0,0,0,0,0,0.2,0.2,0.4,0.5,2,19,17,0.0,0.22,0.22,0.0,0.22,0.03,0.09,0.12,0.03,0.12,5,1,20.0,1.11,0.22,0.0,0.0,23,0,0.03,-0.2,-0.2,182,224,81.3,2830,594,97,106,91.5,64,74,86.5,12,26,46.2,0.6,0.6,6,12,3,0,3,0,13,2,18,3.99,14,2,0,0,1,1,1,0,0,1,0,0,0,0,13,8,5,6,2,8,17,47.1,9,4,0,8,21,4,0,278,6,46,147,86,8,278,12,6,50.0,6,50.0,146,614,226,5,1,12,9,178,0,10,4,1,0,0,0,27,4,8,33.3
Amidou Doumbouya,FRA,DF,Nice,Ligue 1,17,2007,1,0,18,0.2,0,0,0,0,0,0,0,0,0.0,0.0,0.0,0.0,1,0,0,0.0,0.0,0.0,0.0,0.0,0.0,0.0,0.0,0.0,0.0,0,0,0.0,0.0,0.0,0.0,0.0,0,0,0.0,0.0,0.0,6,7,85.7,90,6,3,4,75.0,3,3,100.0,0,0,0.0,0.0,0.0,0,0,0,0,0,0,0,0,0,0.0,0,0,0,0,0,0,0,0,0,0,0,0,0,0,1,1,0,0,1,1,1,100.0,0,3,1,1,2,0,0,12,2,6,5,1,0,12,1,1,100.0,0,0.0,4,30,24,0,0,0,0,4,0,0,0,0,0,0,0,5,0,0,0.0
Anastasios Douvikas,GRE,FW,Celta Vigo,La Liga,25,1999,15,6,603,6.7,3,0,3,3,0,0,2,0,4.1,4.1,0.2,4.2,6,6,37,0.45,0.0,0.45,0.45,0.45,0.61,0.03,0.63,0.61,0.63,16,8,50.0,2.39,1.19,0.19,0.38,10,0,0.25,-1.1,-1.1,69,96,71.9,974,147,35,49,71.4,27,34,79.4,2,2,100.0,0.2,-0.2,2,2,1,0,0,0,1,4,11,1.64,5,0,2,1,3,0,1,0,1,0,0,0,0,0,8,3,2,5,1,3,5,60.0,2,5,2,3,11,5,0,171,10,16,78,81,28,171,13,4,30.8,7,53.8,102,488,142,7,4,20,13,128,0,8,24,8,0,0,0,15,13,16,44.8
Artem Dovbyk,UKR,FW,Roma,Serie A,27,1997,13,13,1104,12.3,4,0,4,4,0,0,0,0,4.5,4.5,0.4,4.8,10,7,83,0.33,0.0,0.33,0.33,0.33,0.36,0.03,0.39,0.36,0.39,26,9,34.6,2.12,0.73,0.15,0.44,13,0,0.17,-0.5,-0.5,154,209,73.7,1653,180,109,139,78.4,27,34,79.4,1,1,100.0,0.8,-0.4,7,8,2,0,1,0,0,6,21,1.71,15,0,4,2,0,0,3,0,1,0,2,0,0,0,3,2,0,1,2,0,2,0.0,2,6,2,1,4,6,0,312,7,14,121,177,74,312,11,5,45.5,6,54.5,158,652,178,6,4,33,16,234,0,14,7,12,0,0,0,15,25,25,50.0
Flynn Downes,ENG,"MF,DF",Southampton,Premier League,25,1999,12,12,1051,11.7,1,0,1,1,0,0,5,0,0.6,0.6,0.9,1.5,15,42,19,0.09,0.0,0.09,0.09,0.09,0.05,0.08,0.13,0.05,0.13,7,3,42.9,0.6,0.26,0.14,0.33,16,0,0.08,0.4,0.4,571,622,91.8,8298,1745,337,357,94.4,195,208,93.8,19,31,61.3,1.1,-0.9,12,33,9,0,5,0,2,5,22,1.88,18,2,0,1,0,1,1,0,0,1,0,0,0,0,26,14,13,11,2,7,22,31.8,15,16,3,15,41,22,3,741,52,237,370,137,13,741,7,1,14.3,6,85.7,354,1935,1018,14,2,11,12,542,0,24,19,0,0,0,0,35,9,5,64.3
Tommy Doyle,ENG,MF,Wolves,Premier League,23,2001,9,2,267,3.0,0,1,1,0,0,0,0,0,0.3,0.3,0.1,0.4,3,22,2,0.0,0.34,0.34,0.0,0.34,0.1,0.03,0.13,0.1,0.13,4,1,25.0,1.35,0.34,0.0,0.0,26,0,0.07,-0.3,-0.3,161,192,83.9,3509,1109,53,56,94.6,66,74,89.2,38,48,79.2,0.1,0.9,3,24,2,0,0,4,4,3,9,3.05,5,2,1,1,0,0,2,0,1,0,1,0,0,0,3,1,0,3,0,2,5,40.0,3,4,1,2,5,5,0,220,11,64,129,28,1,220,3,2,66.7,0,0.0,128,708,290,1,0,4,1,148,0,2,2,0,0,0,0,20,1,1,50.0
Radu Drăgușin,ROU,DF,Tottenham,Premier League,22,2002,6,5,460,5.1,0,0,0,0,0,0,0,0,0.0,0.0,0.0,0.0,3,16,1,0.0,0.0,0.0,0.0,0.0,0.01,0.0,0.01,0.01,0.01,3,1,33.3,0.59,0.2,0.0,0.0,12,0,0.02,0.0,0.0,261,301,86.7,4905,1933,89,99,89.9,156,167,93.4,14,29,48.3,0.0,0.0,0,22,0,0,0,2,0,1,2,0.39,2,0,0,0,0,0,1,0,1,0,0,0,0,0,5,3,4,1,0,3,7,42.9,4,8,6,5,10,20,2,349,39,169,168,16,5,349,1,0,0.0,0,0.0,205,1124,531,2,0,4,1,231,0,1,7,0,0,0,0,20,15,9,62.5
Tim Drexler,GER,DF,Hoffenheim,Bundesliga,19,2005,8,5,357,4.0,0,0,0,0,0,0,2,0,0.1,0.1,0.0,0.1,2,16,2,0.0,0.0,0.0,0.0,0.0,0.01,0.01,0.02,0.01,0.02,2,2,100.0,0.5,0.5,0.0,0.0,27,0,0.03,-0.1,-0.1,153,180,85.0,2669,1021,76,82,92.7,61,69,88.4,14,21,66.7,0.2,0.0,1,13,2,0,1,2,1,3,6,1.51,6,0,0,0,0,0,1,0,1,0,0,0,0,0,17,7,11,6,0,9,12,75.0,3,6,4,1,18,9,1,223,18,91,125,11,0,223,0,0,0.0,0,0.0,128,483,208,2,0,3,5,143,0,8,2,0,0,0,0,10,2,12,14.3
Domingos Duarte,POR,DF,Getafe,La Liga,29,1995,3,2,182,2.0,0,0,0,0,0,0,0,0,0.0,0.0,0.0,0.0,1,6,0,0.0,0.0,0.0,0.0,0.0,0.0,0.0,0.0,0.0,0.0,0,0,0.0,0.0,0.0,0.0,0.0,0,0,0.0,0.0,0.0,72,83,86.7,1505,536,23,24,95.8,41,45,91.1,7,13,53.8,0.0,0.0,0,6,0,0,0,0,0,0,0,0.0,0,0,0,0,0,0,0,0,0,0,0,0,0,0,2,2,2,0,0,2,2,100.0,0,1,1,2,4,7,0,93,9,37,57,0,0,93,0,0,0.0,0,0.0,56,280,136,0,0,0,1,59,0,6,0,0,0,0,0,8,1,1,50.0
Marvin Ducksch,GER,FW,Werder Bremen,Bundesliga,30,1994,12,12,983,10.9,3,5,8,2,1,1,1,0,4.9,4.1,3.7,7.8,6,48,77,0.27,0.46,0.73,0.18,0.64,0.45,0.34,0.79,0.38,0.72,37,14,37.8,3.39,1.28,0.05,0.14,17,4,0.11,-1.9,-2.1,243,388,62.6,4598,1538,87,118,73.7,90,132,68.2,45,96,46.9,4.4,1.3,27,24,15,7,2,6,90,7,43,3.94,27,14,0,2,0,0,6,0,6,0,0,0,0,0,6,4,1,4,1,2,11,18.2,9,2,0,3,9,13,1,473,15,35,170,270,56,472,5,2,40.0,3,60.0,230,684,293,7,5,10,5,279,0,1,9,5,0,0,0,20,11,13,45.8
Ondrej Duda,SVK,MF,Hellas Verona,Serie A,30,1994,9,8,713,7.9,0,2,2,0,0,0,5,0,0.3,0.3,1.6,1.9,6,40,13,0.0,0.25,0.25,0.0,0.25,0.04,0.21,0.24,0.04,0.24,7,2,28.6,0.88,0.25,0.0,0.0,26,1,0.04,-0.3,-0.3,313,406,77.1,5439,1607,151,173,87.3,114,139,82.0,33,69,47.8,1.5,0.4,11,37,8,0,1,9,24,4,27,3.4,12,7,2,3,3,0,4,0,3,1,0,0,0,0,11,7,5,6,0,6,15,40.0,9,8,2,9,20,5,3,480,11,89,296,103,2,480,14,8,57.1,3,21.4,261,1332,459,12,1,17,9,278,0,10,18,0,0,0,0,64,6,5,54.5
Denzel Dumfries,NED,DF,Inter,Serie A,28,1996,10,4,480,5.3,2,0,2,2,0,0,3,0,1.3,1.3,0.8,2.1,12,16,40,0.37,0.0,0.37,0.37,0.37,0.25,0.15,0.39,0.25,0.39,9,7,77.8,1.69,1.31,0.22,0.29,9,0,0.15,0.7,0.7,156,206,75.7,2553,719,80,88,90.9,64,88,72.7,12,22,54.5,0.5,-0.8,7,7,7,3,0,2,15,5,15,2.81,11,1,0,0,3,0,1,0,0,0,0,0,1,0,5,4,1,2,2,2,6,33.3,4,5,0,2,7,5,0,250,8,36,105,115,16,250,15,2,13.3,12,80.0,129,698,327,8,2,5,0,164,0,17,7,1,2,0,0,17,13,5,72.2
Alfred Duncan,GHA,MF,Venezia,Serie A,31,1993,11,10,795,8.8,0,0,0,0,0,0,1,0,0.7,0.7,0.8,1.5,7,44,11,0.0,0.0,0.0,0.0,0.0,0.08,0.09,0.17,0.08,0.17,11,3,27.3,1.25,0.34,0.0,0.0,23,0,0.07,-0.7,-0.7,364,448,81.3,6092,1685,172,197,87.3,150,167,89.8,30,56,53.6,0.9,-0.8,7,34,16,3,4,4,16,6,22,2.49,17,4,0,1,0,0,2,0,1,0,0,1,0,0,14,5,3,9,2,4,12,33.3,8,4,2,8,22,6,0,521,11,78,329,122,5,521,19,10,52.6,8,42.1,268,1201,526,12,0,10,10,332,0,19,11,0,0,0,0,45,10,7,58.8
Lewis Dunk,ENG,DF,Brighton,Premier League,33,1991,9,8,724,8.0,0,0,0,0,0,0,2,0,0.3,0.3,0.4,0.8,8,60,1,0.0,0.0,0.0,0.0,0.0,0.04,0.05,0.1,0.04,0.1,4,0,0.0,0.5,0.0,0.0,0.0,13,1,0.09,-0.3,-0.3,616,675,91.3,10846,3785,261,269,97.0,301,318,94.7,44,73,60.3,0.3,-0.4,4,57,1,0,1,3,2,3,8,0.99,8,0,0,0,0,0,1,0,1,0,0,0,0,0,3,1,3,0,0,1,1,100.0,0,9,5,7,10,22,0,727,91,359,323,53,7,727,1,0,0.0,1,100.0,444,2202,1205,7,0,0,2,528,0,1,4,1,0,0,0,44,16,12,57.1
Jhon Durán,COL,FW,Aston Villa,Premier League,21,2003,13,0,336,3.7,4,0,4,4,0,0,1,0,2.6,2.6,0.1,2.7,4,7,22,1.07,0.0,1.07,1.07,1.07,0.69,0.03,0.72,0.69,0.72,17,7,41.2,4.55,1.87,0.24,0.57,15,0,0.15,1.4,1.4,59,85,69.4,842,198,32,40,80.0,21,30,70.0,3,5,60.0,0.2,-0.1,2,7,0,0,2,0,2,2,8,2.14,4,0,0,1,2,1,0,0,0,0,0,0,0,0,5,4,1,0,4,1,3,33.3,2,3,0,0,5,8,0,151,9,21,62,70,25,151,10,3,30.0,7,70.0,81,302,141,2,1,9,11,110,0,5,10,1,0,0,0,7,14,16,46.7
Pablo Durán,ESP,"FW,MF",Celta Vigo,La Liga,23,2001,6,2,186,2.1,0,1,1,0,0,0,0,0,0.1,0.1,0.5,0.6,6,2,18,0.0,0.48,0.48,0.0,0.48,0.06,0.26,0.31,0.06,0.31,2,0,0.0,0.97,0.0,0.0,0.0,11,0,0.06,-0.1,-0.1,40,55,72.7,529,69,23,27,85.2,12,16,75.0,2,5,40.0,0.2,0.5,4,0,3,2,0,0,4,2,8,3.87,6,0,1,1,0,0,1,0,1,0,0,0,0,0,3,2,0,2,1,2,4,50.0,2,1,1,2,5,2,0,77,3,8,25,45,10,77,3,2,66.7,1,33.3,53,287,101,3,3,7,1,53,0,3,4,1,0,0,0,9,1,4,20.0
Julien Duranville,BEL,"FW,MF",Dortmund,Bundesliga,18,2006,2,0,38,0.4,0,0,0,0,0,0,0,0,0.0,0.0,0.3,0.3,6,1,5,0.0,0.0,0.0,0.0,0.0,0.06,0.76,0.82,0.06,0.82,1,0,0.0,2.37,0.0,0.0,0.0,16,0,0.03,0.0,0.0,6,12,50.0,86,44,5,6,83.3,1,5,20.0,0,1,0.0,0.5,-0.3,1,0,0,0,0,0,1,0,2,4.74,2,0,0,0,0,0,0,0,0,0,0,0,0,0,0,0,0,0,0,0,0,0.0,0,1,0,0,0,0,0,22,0,0,6,16,7,22,6,3,50.0,2,33.3,15,135,109,2,4,1,0,15,0,2,1,0,0,0,0,0,0,0,0.0
Hugo Duro,ESP,FW,Valencia,La Liga,25,1999,11,10,866,9.6,4,1,5,4,0,0,2,0,2.2,2.2,0.6,2.8,6,11,27,0.42,0.1,0.52,0.42,0.52,0.23,0.06,0.3,0.23,0.29,17,5,29.4,1.77,0.52,0.24,0.8,14,1,0.13,1.8,1.8,117,164,71.3,1590,196,72,94,76.6,31,42,73.8,5,9,55.6,0.2,0.4,7,6,1,0,0,0,3,8,14,1.45,9,0,0,2,3,0,2,0,0,0,0,1,1,0,7,5,3,3,1,2,2,100.0,0,6,1,6,13,5,0,248,6,20,135,98,31,248,9,2,22.2,7,77.8,114,415,141,3,3,24,12,172,0,19,23,4,0,1,1,27,21,37,36.2
Jean-Kevin Duverne,HAI,DF,Nantes,Ligue 1,27,1997,8,6,492,5.5,0,0,0,0,0,0,2,0,0.1,0.1,0.1,0.2,6,20,8,0.0,0.0,0.0,0.0,0.0,0.03,0.02,0.04,0.03,0.04,3,0,0.0,0.55,0.0,0.0,0.0,20,0,0.05,-0.1,-0.1,226,286,79.0,3632,1470,114,131,87.0,94,109,86.2,16,32,50.0,0.1,-0.1,1,20,2,2,0,0,8,5,5,0.91,3,0,1,0,1,0,0,0,0,0,0,0,0,0,20,12,12,4,4,14,26,53.8,12,10,3,8,28,21,0,354,27,119,176,59,2,354,5,2,40.0,1,20.0,151,633,318,8,1,5,2,185,0,12,6,0,0,0,0,17,8,3,72.7
Paulo Dybala,ARG,"FW,MF",Roma,Serie A,31,1993,11,7,615,6.8,2,0,2,1,1,1,1,0,2.0,1.2,1.6,2.8,14,32,52,0.29,0.0,0.29,0.15,0.15,0.29,0.24,0.53,0.17,0.41,22,6,27.3,3.22,0.88,0.05,0.17,22,3,0.05,0.0,-0.2,281,347,81.0,4803,1022,147,166,88.6,86,103,83.5,35,55,63.6,2.2,-1.6,15,17,13,3,1,7,30,7,34,4.98,21,6,1,4,2,0,1,0,0,0,0,0,1,0,10,4,2,5,3,5,7,71.4,2,4,0,1,11,0,0,429,3,29,188,213,33,428,18,5,27.8,9,50.0,283,1426,583,13,10,21,11,331,0,2,22,1,1,0,0,23,1,5,16.7
Stefan Džodić,SRB,DF,Montpellier,Ligue 1,19,2005,3,2,172,1.9,0,0,0,0,0,0,2,1,0.0,0.0,0.0,0.0,2,6,0,0.0,0.0,0.0,0.0,0.0,0.01,0.0,0.01,0.01,0.01,1,0,0.0,0.52,0.0,0.0,0.0,31,0,0.01,0.0,0.0,105,113,92.9,1911,709,38,40,95.0,63,66,95.5,3,6,50.0,0.0,0.0,0,6,0,0,0,1,0,0,0,0.0,0,0,0,0,0,0,0,0,0,0,0,0,0,0,5,2,3,2,0,3,5,60.0,2,2,1,4,9,7,0,134,15,72,59,3,1,134,0,0,0.0,0,0.0,88,497,294,1,0,0,0,98,0,3,2,0,0,0,0,8,0,4,0.0
Adam Dźwigała,POL,"MF,DF",St. Pauli,Bundesliga,29,1995,7,0,103,1.1,0,0,0,0,0,0,0,0,0.4,0.4,0.0,0.4,0,4,3,0.0,0.0,0.0,0.0,0.0,0.32,0.0,0.32,0.32,0.32,4,0,0.0,3.5,0.0,0.0,0.0,10,0,0.09,-0.4,-0.4,52,75,69.3,947,466,16,22,72.7,31,36,86.1,4,14,28.6,0.1,0.0,0,3,1,0,0,0,2,3,2,1.75,2,0,0,0,0,0,0,0,0,0,0,0,0,0,8,3,7,1,0,5,7,71.4,2,0,0,0,8,5,0,94,4,36,39,19,4,94,1,0,0.0,1,100.0,33,91,45,0,0,1,1,53,0,1,1,0,0,0,0,2,3,2,60.0
Aron Dønnum,NOR,"DF,MF",Toulouse,Ligue 1,26,1998,12,11,907,10.1,0,0,0,0,0,0,4,0,0.7,0.7,0.6,1.3,35,40,47,0.0,0.0,0.0,0.0,0.0,0.07,0.06,0.13,0.07,0.13,8,0,0.0,0.79,0.0,0.0,0.0,24,0,0.09,-0.7,-0.7,282,383,73.6,4515,1602,164,178,92.1,94,133,70.7,20,47,42.6,0.9,-0.6,5,17,9,1,2,4,31,12,17,1.69,11,1,1,2,2,0,3,0,1,1,0,1,0,0,15,8,5,8,2,6,17,35.3,11,10,2,8,23,16,0,495,23,96,237,176,19,495,37,15,40.5,18,48.6,266,1746,1082,19,8,14,13,283,0,17,20,0,0,0,0,56,6,7,46.2
Enzo Ebosse,CMR,DF,Udinese,Serie A,25,1999,2,0,90,1.0,0,0,0,0,0,0,1,0,0.0,0.0,0.0,0.0,0,5,0,0.0,0.0,0.0,0.0,0.0,0.0,0.02,0.02,0.0,0.02,0,0,0.0,0.0,0.0,0.0,0.0,0,0,0.0,0.0,0.0,48,55,87.3,897,201,16,20,80.0,26,28,92.9,5,6,83.3,0.0,0.0,1,7,0,0,0,1,0,0,3,3.0,2,0,1,0,0,0,0,0,0,0,0,0,0,0,0,0,0,0,0,0,2,0.0,2,3,3,1,1,1,0,61,8,18,38,5,0,61,1,1,100.0,0,0.0,34,136,48,0,0,1,0,37,0,1,0,0,0,0,0,5,1,0,100.0
Éderson,BRA,MF,Atalanta,Serie A,25,1999,14,13,1150,12.8,2,1,3,2,0,0,3,0,2.0,2.0,1.2,3.3,13,93,34,0.16,0.08,0.23,0.16,0.23,0.16,0.1,0.26,0.16,0.26,15,8,53.3,1.17,0.63,0.13,0.25,16,0,0.13,0.0,0.0,668,766,87.2,12923,3526,239,272,87.9,343,368,93.2,80,104,76.9,2.0,-0.2,10,78,17,2,2,17,8,8,38,2.97,28,0,4,3,1,2,6,0,5,0,0,1,0,0,14,11,5,8,1,7,13,53.8,6,6,1,14,28,13,0,889,22,180,502,215,25,889,19,9,47.4,7,36.8,556,2445,1185,16,4,22,20,681,0,18,27,0,0,0,0,75,19,9,67.9
George Edmundson,ENG,DF,Ipswich Town,Premier League,27,1997,1,0,2,0.0,0,0,0,0,0,0,0,0,0.0,0.0,0.0,0.0,0,0,0,0.0,0.0,0.0,0.0,0.0,0.0,0.0,0.0,0.0,0.0,0,0,0.0,0.0,0.0,0.0,0.0,0,0,0.0,0.0,0.0,1,2,50.0,9,0,1,1,100.0,0,0,0.0,0,0,0.0,0.0,0.0,0,0,0,0,0,0,0,1,0,0.0,0,0,0,0,0,0,0,0,0,0,0,0,0,0,0,0,0,0,0,0,0,0.0,0,0,0,0,0,0,0,3,1,3,0,0,0,3,0,0,0.0,0,0.0,1,2,0,0,0,0,0,1,0,0,0,0,0,0,0,0,0,0,0.0
Odsonne Édouard,FRA,"MF,FW",Crystal Palace,Premier League,26,1998,2,1,115,1.3,0,0,0,0,0,0,0,0,0.4,0.4,0.0,0.4,2,4,7,0.0,0.0,0.0,0.0,0.0,0.31,0.04,0.34,0.31,0.34,5,1,20.0,3.91,0.78,0.0,0.0,20,0,0.08,-0.4,-0.4,17,28,60.7,230,46,11,16,68.8,4,7,57.1,1,1,100.0,0.0,0.0,1,2,0,0,0,0,1,2,1,0.78,1,0,0,0,0,0,0,0,0,0,0,0,0,0,1,0,0,1,0,0,2,0.0,2,1,0,0,1,1,0,45,1,4,23,18,8,45,1,0,0.0,1,100.0,23,107,50,1,2,4,1,26,0,4,0,2,0,0,0,5,1,4,20.0
Odsonne Édouard,FRA,FW,Leicester City,Premier League,26,1998,4,0,29,0.3,0,0,0,0,0,0,0,0,0.0,0.0,0.0,0.0,0,1,2,0.0,0.0,0.0,0.0,0.0,0.0,0.13,0.13,0.0,0.13,0,0,0.0,0.0,0.0,0.0,0.0,0,0,0.0,0.0,0.0,6,8,75.0,59,5,3,4,75.0,1,1,100.0,0,0,0.0,0.0,0.0,1,0,0,0,0,0,0,1,2,6.21,2,0,0,0,0,0,0,0,0,0,0,0,0,0,1,1,1,0,0,0,0,0.0,0,0,0,0,1,1,0,20,1,2,7,11,6,20,2,1,50.0,1,50.0,11,25,2,0,1,7,2,13,0,2,0,0,0,0,0,1,1,1,50.0
Samuel Edozie,ENG,"DF,FW",Southampton,Premier League,21,2003,2,0,65,0.7,0,0,0,0,0,0,1,0,0.0,0.0,0.1,0.1,6,4,23,0.0,0.0,0.0,0.0,0.0,0.0,0.14,0.14,0.0,0.14,0,0,0.0,0.0,0.0,0.0,0.0,0,0,0.0,0.0,0.0,25,33,75.8,316,67,19,21,90.5,6,7,85.7,0,3,0.0,0.2,-0.1,1,0,3,0,0,0,4,2,4,5.54,3,0,0,0,1,0,0,0,0,0,0,0,0,0,3,1,0,1,2,2,2,100.0,0,0,0,0,3,0,0,43,0,0,7,36,10,43,4,2,50.0,2,50.0,34,336,197,2,4,4,0,39,0,2,1,0,0,0,0,1,0,0,0.0
Johannes Eggestein,GER,FW,St. Pauli,Bundesliga,26,1998,12,12,970,10.8,1,3,4,1,0,0,1,0,1.5,1.5,1.8,3.3,13,22,63,0.09,0.28,0.37,0.09,0.37,0.14,0.16,0.3,0.14,0.3,16,5,31.3,1.48,0.46,0.06,0.2,14,0,0.09,-0.5,-0.5,193,264,73.1,2764,554,95,118,80.5,65,78,83.3,13,25,52.0,0.9,1.2,15,10,8,2,3,1,17,15,24,2.22,22,0,0,1,1,0,2,0,2,0,0,0,0,0,1,0,0,0,1,0,2,0.0,2,1,0,0,1,4,0,346,3,23,190,137,35,346,8,4,50.0,4,50.0,193,822,335,8,5,31,16,271,0,8,10,7,0,0,0,32,11,55,16.7
Maximilian Eggestein,GER,MF,Freiburg,Bundesliga,28,1996,11,11,936,10.4,0,0,0,0,0,0,1,0,0.4,0.4,0.3,0.7,9,41,8,0.0,0.0,0.0,0.0,0.0,0.04,0.02,0.06,0.04,0.06,11,3,27.3,1.06,0.29,0.0,0.0,22,0,0.04,-0.4,-0.4,401,481,83.4,6166,1675,211,237,89.0,164,185,88.6,17,28,60.7,0.6,-0.3,5,40,3,2,1,0,5,18,16,1.54,13,0,0,1,2,0,1,0,1,0,0,0,0,0,15,8,5,8,2,8,14,57.1,6,11,2,15,30,15,0,568,19,135,350,89,13,568,8,5,62.5,3,37.5,280,1410,602,6,1,8,5,360,0,4,10,1,0,0,0,59,17,12,58.6
Kingsley Ehizibue,NED,DF,Udinese,Serie A,29,1995,14,14,1139,12.7,0,1,1,0,0,0,3,0,0.3,0.3,1.2,1.5,29,30,62,0.0,0.08,0.08,0.0,0.08,0.02,0.1,0.12,0.02,0.12,7,2,28.6,0.55,0.16,0.0,0.0,16,0,0.04,-0.3,-0.3,341,462,73.8,5628,2008,167,197,84.8,140,183,76.5,24,52,46.2,1.0,-0.2,10,13,10,8,1,1,36,12,22,1.74,17,1,0,2,1,1,2,0,1,0,0,1,0,0,24,17,15,7,2,12,21,57.1,9,17,4,12,36,29,2,595,29,167,223,210,19,595,14,3,21.4,9,64.3,272,1524,778,19,4,11,15,295,0,17,19,3,0,0,0,59,11,14,44.0
Chidera Ejuke,NGA,"FW,MF",Sevilla,La Liga,26,1998,9,6,543,6.0,1,0,1,1,0,0,0,0,0.7,0.7,1.3,1.9,50,23,61,0.17,0.0,0.17,0.17,0.17,0.11,0.21,0.32,0.11,0.32,11,5,45.5,1.82,0.83,0.09,0.2,17,0,0.06,0.3,0.3,211,265,79.6,3227,604,121,135,89.6,66,82,80.5,16,27,59.3,0.6,-1.3,14,11,13,2,2,3,14,9,30,4.98,17,4,7,0,2,0,1,0,1,0,0,0,0,0,5,3,0,3,2,3,9,33.3,6,6,0,1,6,2,0,343,1,33,142,179,23,343,49,31,63.3,15,30.6,243,2084,1175,22,15,14,17,254,0,2,7,2,0,0,0,33,3,3,50.0
Jeff Ekhator,ITA,"FW,MF",Genoa,Serie A,18,2006,10,3,359,4.0,1,1,2,1,0,0,1,0,1.1,1.1,0.2,1.3,3,8,30,0.25,0.25,0.5,0.25,0.5,0.28,0.06,0.34,0.28,0.34,8,3,37.5,2.01,0.75,0.13,0.33,15,0,0.14,-0.1,-0.1,43,63,68.3,491,129,30,37,81.1,6,10,60.0,2,3,66.7,0.2,0.8,5,4,3,0,0,0,4,3,14,3.52,10,0,0,2,2,0,2,0,1,0,0,1,0,0,0,0,0,0,0,0,0,0.0,0,4,0,0,0,1,0,97,3,6,29,64,13,97,3,0,0.0,3,100.0,59,242,83,1,3,12,4,74,0,5,6,2,0,0,0,12,5,14,26.3
Hugo Ekitike,FRA,FW,Eint Frankfurt,Bundesliga,22,2002,11,10,782,8.7,6,3,9,6,0,0,0,0,6.3,6.3,2.6,8.9,26,12,64,0.69,0.35,1.04,0.69,1.04,0.73,0.3,1.03,0.73,1.03,29,12,41.4,3.34,1.38,0.21,0.5,14,0,0.22,-0.3,-0.3,158,209,75.6,2148,418,107,131,81.7,37,45,82.2,7,13,53.8,1.7,0.4,15,6,12,2,2,3,6,9,33,3.8,19,0,6,6,2,0,5,0,4,0,1,0,0,0,5,2,2,2,1,3,4,75.0,1,4,0,4,9,5,0,331,6,31,148,162,55,331,49,24,49.0,24,49.0,199,1398,743,17,12,29,11,240,0,9,6,9,0,0,0,31,18,22,45.0
Jurgen Ekkelenkamp,NED,MF,Udinese,Serie A,24,2000,10,3,430,4.8,0,0,0,0,0,0,0,0,0.6,0.6,0.1,0.6,5,26,15,0.0,0.0,0.0,0.0,0.0,0.12,0.02,0.13,0.12,0.13,6,1,16.7,1.26,0.21,0.0,0.0,19,0,0.09,-0.6,-0.6,153,186,82.3,2338,549,75,86,87.2,63,74,85.1,8,14,57.1,0.2,-0.1,1,10,5,0,0,1,4,2,7,1.47,5,1,0,1,0,0,1,0,0,0,0,1,0,0,8,6,2,6,0,6,9,66.7,3,6,1,3,11,4,0,219,6,36,117,70,7,219,6,2,33.3,4,66.7,118,561,275,3,0,8,2,155,0,8,5,1,0,0,0,19,3,4,42.9
Jacques Ekomie,GAB,DF,Angers,Ligue 1,21,2003,6,3,229,2.5,0,0,0,0,0,0,0,0,0.0,0.0,0.0,0.0,5,6,10,0.0,0.0,0.0,0.0,0.0,0.01,0.0,0.01,0.01,0.01,1,0,0.0,0.39,0.0,0.0,0.0,15,0,0.02,0.0,0.0,68,103,66.0,857,417,45,51,88.2,19,32,59.4,1,7,14.3,0.0,0.0,0,4,0,0,0,0,11,8,3,1.17,2,0,0,0,0,1,1,0,1,0,0,0,0,0,6,5,3,2,1,2,4,50.0,2,6,0,2,8,6,0,139,3,40,42,57,2,139,8,2,25.0,5,62.5,48,257,118,3,0,5,4,61,0,3,6,0,0,0,0,8,3,4,42.9
Emmanuel Ekong,SWE,"MF,FW",Empoli,Serie A,22,2002,11,0,133,1.5,0,0,0,0,0,0,1,0,0.1,0.1,0.1,0.1,6,4,11,0.0,0.0,0.0,0.0,0.0,0.04,0.06,0.1,0.04,0.1,3,1,33.3,2.03,0.68,0.0,0.0,27,0,0.02,-0.1,-0.1,18,27,66.7,271,53,10,14,71.4,8,9,88.9,0,0,0.0,0.1,-0.1,1,1,1,0,0,0,0,2,5,3.38,2,0,3,0,0,0,0,0,0,0,0,0,0,0,3,2,0,2,1,2,2,100.0,0,1,0,1,4,1,0,56,0,10,19,29,5,56,17,7,41.2,8,47.1,32,335,183,2,3,7,9,43,0,1,3,1,0,0,0,7,2,4,33.3
Caleb Ekuban,GHA,FW,Genoa,Serie A,30,1994,4,2,210,2.3,0,0,0,0,0,0,0,0,0.3,0.3,0.1,0.3,1,3,11,0.0,0.0,0.0,0.0,0.0,0.11,0.03,0.14,0.11,0.14,6,1,16.7,2.57,0.43,0.0,0.0,13,0,0.04,-0.3,-0.3,20,25,80.0,305,66,10,12,83.3,8,9,88.9,1,1,100.0,0.0,-0.1,2,3,0,0,0,0,1,1,2,0.86,2,0,0,0,0,0,0,0,0,0,0,0,0,0,1,1,0,1,0,0,0,0.0,0,2,0,0,1,3,0,51,2,6,17,29,8,51,4,2,50.0,2,50.0,31,126,64,1,0,6,6,35,0,3,5,3,0,0,0,9,4,6,40.0
Pierre Ekwah Elimby,FRA,"MF,DF",Saint-Étienne,Ligue 1,22,2002,10,10,875,9.7,0,0,0,0,0,0,2,0,0.1,0.1,0.1,0.2,6,41,2,0.0,0.0,0.0,0.0,0.0,0.01,0.01,0.02,0.01,0.02,2,0,0.0,0.21,0.0,0.0,0.0,23,0,0.05,-0.1,-0.1,384,445,86.3,6930,2229,160,174,92.0,185,198,93.4,31,58,53.4,0.3,-0.1,5,39,5,0,0,10,1,4,12,1.23,12,0,0,0,0,0,1,0,1,0,0,0,0,0,18,12,8,10,0,11,17,64.7,6,9,5,15,33,36,0,534,58,217,274,46,0,534,9,6,66.7,3,33.3,277,1330,609,4,0,5,5,359,0,8,9,0,0,0,0,48,8,5,61.5
Anthony Elanga,SWE,FW,Nott'Ham Forest,Premier League,22,2002,13,9,705,7.8,0,2,2,0,0,0,1,0,0.7,0.7,1.1,1.8,23,15,50,0.0,0.26,0.26,0.0,0.26,0.09,0.14,0.23,0.09,0.23,10,3,30.0,1.28,0.38,0.0,0.0,17,1,0.07,-0.7,-0.7,143,228,62.7,2181,743,79,98,80.6,36,59,61.0,16,43,37.2,1.3,0.9,14,7,5,0,0,0,59,6,28,3.57,17,7,0,1,3,0,3,0,1,1,0,0,1,0,7,4,3,3,1,2,6,33.3,4,4,0,3,10,11,0,314,12,52,90,179,30,314,27,5,18.5,13,48.1,155,1240,700,14,15,18,11,194,0,3,11,5,0,0,0,25,10,13,43.5
Mikael Ellertsson,ISL,"MF,DF",Venezia,Serie A,22,2002,13,10,845,9.4,1,1,2,1,0,0,0,0,0.8,0.8,0.6,1.4,13,15,47,0.11,0.11,0.21,0.11,0.21,0.09,0.06,0.15,0.09,0.15,12,2,16.7,1.28,0.21,0.08,0.5,18,0,0.07,0.2,0.2,159,219,72.6,2234,544,95,117,81.2,55,75,73.3,4,12,33.3,0.9,0.4,10,7,3,0,1,1,10,9,24,2.55,17,0,2,2,2,1,2,0,2,0,0,0,0,0,18,7,9,6,3,9,17,52.9,8,11,2,5,23,22,0,336,12,62,113,165,26,336,19,7,36.8,10,52.6,173,765,389,12,3,21,9,202,0,7,15,2,0,0,0,21,3,6,33.3
Harvey Elliott,ENG,FW,Liverpool,Premier League,21,2003,2,0,9,0.1,0,0,0,0,0,0,0,0,0.0,0.0,0.0,0.0,1,0,3,0.0,0.0,0.0,0.0,0.0,0.0,0.0,0.0,0.0,0.0,0,0,0.0,0.0,0.0,0.0,0.0,0,0,0.0,0.0,0.0,13,15,86.7,167,13,11,11,100.0,2,2,100.0,0,0,0.0,0.0,0.0,0,0,0,0,0,0,0,0,0,0.0,0,0,0,0,0,0,0,0,0,0,0,0,0,0,1,1,1,0,0,0,0,0.0,0,0,0,0,1,0,0,16,0,2,4,10,1,16,0,0,0.0,0,0.0,10,50,28,0,1,0,0,11,0,0,0,0,0,0,0,1,0,0,0.0
Elif Elmas,MKD,MF,Rb Leipzig,Bundesliga,25,1999,2,0,44,0.5,0,0,0,0,0,0,1,0,0.3,0.3,0.0,0.3,0,2,2,0.0,0.0,0.0,0.0,0.0,0.7,0.0,0.7,0.7,0.7,2,0,0.0,4.09,0.0,0.0,0.0,10,0,0.17,-0.3,-0.3,13,16,81.3,169,66,8,9,88.9,4,4,100.0,0,1,0.0,0.0,0.0,0,0,1,0,1,0,0,1,1,2.05,1,0,0,0,0,0,0,0,0,0,0,0,0,0,3,1,3,0,0,1,3,33.3,2,2,0,0,3,2,0,28,1,10,13,5,2,28,1,1,100.0,0,0.0,13,33,11,0,0,0,2,17,0,2,0,1,0,0,0,3,0,1,0.0
Aritz Elustondo,ESP,DF,Real Sociedad,La Liga,30,1994,6,3,282,3.1,0,0,0,0,0,0,0,0,0.2,0.2,0.1,0.3,4,11,2,0.0,0.0,0.0,0.0,0.0,0.07,0.04,0.11,0.07,0.11,1,0,0.0,0.32,0.0,0.0,0.0,4,0,0.22,-0.2,-0.2,166,199,83.4,2991,1110,63,70,90.0,88,98,89.8,12,25,48.0,0.1,-0.1,3,14,1,0,0,0,1,2,4,1.28,4,0,0,0,0,0,0,0,0,0,0,0,0,0,6,3,4,1,1,3,3,100.0,0,6,5,2,8,15,0,234,31,122,97,16,2,234,2,0,0.0,2,100.0,115,683,391,0,0,2,0,140,0,4,5,0,0,0,0,15,6,3,66.7
Nico Elvedi,SUI,DF,Gladbach,Bundesliga,28,1996,6,6,495,5.5,1,0,1,1,0,0,0,0,1.2,1.2,0.1,1.3,7,17,2,0.18,0.0,0.18,0.18,0.18,0.22,0.02,0.24,0.22,0.24,5,3,60.0,0.91,0.55,0.2,0.33,7,0,0.27,-0.2,-0.2,368,407,90.4,5940,1815,171,184,92.9,178,192,92.7,13,20,65.0,0.1,-0.1,1,15,1,0,0,0,1,4,4,0.73,3,0,0,1,0,0,1,0,0,0,0,1,0,0,10,5,5,2,3,6,6,100.0,0,10,8,8,18,19,0,463,68,250,194,19,7,463,0,0,0.0,0,0.0,258,1199,660,5,0,2,0,305,0,3,3,0,0,0,0,22,10,11,47.6
Adri Embarba,ESP,"FW,MF",Rayo Vallecano,La Liga,32,1992,13,8,660,7.3,0,1,1,0,0,0,2,0,1.0,1.0,1.1,2.2,22,20,50,0.0,0.14,0.14,0.0,0.14,0.14,0.15,0.29,0.14,0.29,17,3,17.6,2.32,0.41,0.0,0.0,21,1,0.06,-1.0,-1.0,161,269,59.9,2756,780,86,107,80.4,46,70,65.7,23,65,35.4,0.9,-0.1,9,12,4,2,1,0,67,14,19,2.59,8,7,1,0,3,0,0,0,0,0,0,0,0,0,14,5,7,6,1,7,14,50.0,7,7,1,5,19,5,0,363,8,38,136,196,24,363,20,8,40.0,11,55.0,188,1099,539,16,7,17,11,223,0,12,10,6,0,0,0,26,6,12,33.3
Breel Embolo,SUI,FW,Monaco,Ligue 1,27,1997,11,8,675,7.5,1,2,3,1,0,0,1,0,5.2,5.2,1.9,7.1,10,14,52,0.13,0.27,0.4,0.13,0.4,0.69,0.25,0.94,0.69,0.94,22,7,31.8,2.93,0.93,0.05,0.14,10,0,0.24,-4.2,-4.2,93,127,73.2,1252,222,61,77,79.2,22,26,84.6,6,9,66.7,0.9,0.1,9,4,8,0,3,0,2,5,13,1.73,10,0,1,1,1,0,2,0,2,0,0,0,0,0,3,2,1,1,1,1,7,14.3,6,3,0,1,4,3,0,221,3,10,91,122,46,221,22,7,31.8,13,59.1,159,754,319,7,7,28,19,184,0,11,16,4,0,0,0,15,13,13,50.0
Emanuel Emegha,NED,FW,Strasbourg,Ligue 1,21,2003,8,8,637,7.1,3,1,4,3,0,0,1,0,4.0,4.0,1.2,5.2,13,3,28,0.42,0.14,0.57,0.42,0.57,0.56,0.17,0.73,0.56,0.73,17,13,76.5,2.4,1.84,0.18,0.23,13,0,0.23,-1.0,-1.0,71,92,77.2,873,72,41,51,80.4,20,22,90.9,1,1,100.0,0.3,-0.2,7,1,2,0,0,0,0,4,14,1.98,11,0,1,0,2,0,1,0,1,0,0,0,0,0,4,4,0,2,2,1,1,100.0,0,6,4,0,4,8,0,162,12,20,66,78,24,162,13,5,38.5,8,61.5,88,540,292,5,11,17,9,115,0,15,14,6,0,0,0,14,10,9,52.6
Emerson,BRA,DF,Milan,Serie A,25,1999,11,10,857,9.5,0,0,0,0,0,0,3,0,0.1,0.1,0.6,0.7,9,36,43,0.0,0.0,0.0,0.0,0.0,0.01,0.06,0.08,0.01,0.08,4,0,0.0,0.42,0.0,0.0,0.0,20,0,0.04,-0.1,-0.1,469,541,86.7,7524,1916,222,242,91.7,215,237,90.7,18,31,58.1,0.6,-0.6,9,20,10,5,0,3,28,16,17,1.79,16,0,0,0,1,0,1,0,1,0,0,0,0,0,25,16,12,9,4,12,23,52.2,11,5,2,8,33,25,0,651,26,172,307,175,11,651,12,4,33.3,7,58.3,358,1408,623,12,1,12,5,426,0,21,19,0,0,0,0,24,16,9,64.0
Yunus Emre Konak,TUR,"MF,FW",Brentford,Premier League,18,2006,4,0,20,0.2,0,0,0,0,0,0,0,0,0.2,0.2,0.0,0.2,1,2,1,0.0,0.0,0.0,0.0,0.0,0.69,0.0,0.69,0.69,0.69,1,0,0.0,4.5,0.0,0.0,0.0,21,0,0.15,-0.2,-0.2,12,16,75.0,201,62,7,8,87.5,3,4,75.0,2,3,66.7,0.0,0.0,0,1,0,0,0,0,0,1,0,0.0,0,0,0,0,0,0,0,0,0,0,0,0,0,0,1,1,0,1,0,0,1,0.0,1,0,0,0,1,0,0,22,0,5,9,8,0,22,1,0,0.0,1,100.0,9,51,34,0,1,2,3,13,0,2,0,0,0,0,0,1,2,2,50.0
Julio Enciso,PAR,"MF,FW",Brighton,Premier League,20,2004,7,0,91,1.0,0,0,0,0,0,0,0,0,0.2,0.2,0.2,0.4,4,5,7,0.0,0.0,0.0,0.0,0.0,0.17,0.2,0.37,0.17,0.37,5,3,60.0,4.95,2.97,0.0,0.0,26,1,0.03,-0.2,-0.2,39,58,67.2,604,211,25,28,89.3,8,13,61.5,4,12,33.3,0.2,-0.2,4,5,2,1,0,0,13,2,9,9.0,4,1,2,0,2,0,0,0,0,0,0,0,0,0,0,0,0,0,0,0,1,0.0,1,1,0,0,0,0,0,79,0,6,32,43,4,79,13,6,46.2,5,38.5,40,205,118,3,2,4,2,49,0,1,3,0,0,0,0,6,2,1,66.7
Wataru Endo,JPN,MF,Liverpool,Premier League,31,1993,6,0,23,0.3,0,0,0,0,0,0,0,0,0.0,0.0,0.0,0.0,0,3,0,0.0,0.0,0.0,0.0,0.0,0.0,0.08,0.08,0.0,0.08,0,0,0.0,0.0,0.0,0.0,0.0,0,0,0.0,0.0,0.0,19,20,95.0,273,58,9,9,100.0,9,10,90.0,0,0,0.0,0.0,0.0,1,1,0,0,0,0,0,0,1,3.91,1,0,0,0,0,0,0,0,0,0,0,0,0,0,3,2,0,3,0,2,2,100.0,0,2,0,1,4,1,0,28,1,7,13,8,1,28,1,1,100.0,0,0.0,13,74,10,0,1,3,1,16,0,2,1,0,0,0,0,4,0,1,0.0
Endrick,BRA,FW,Real Madrid,La Liga,18,2006,9,0,66,0.7,1,0,1,1,0,0,1,0,0.6,0.6,0.0,0.6,5,3,11,1.36,0.0,1.36,1.36,1.36,0.86,0.0,0.86,0.86,0.86,9,3,33.3,12.27,4.09,0.11,0.33,19,0,0.07,0.4,0.4,21,27,77.8,388,36,8,9,88.9,10,13,76.9,2,2,100.0,0.0,0.0,0,1,1,0,0,1,0,0,3,4.03,1,0,1,0,1,0,2,2,0,0,1,0,1,0,0,0,0,0,0,0,1,0.0,1,0,0,1,1,0,0,43,0,2,15,26,8,43,5,2,40.0,2,40.0,29,210,110,3,4,3,0,34,0,3,3,0,1,0,0,3,1,2,33.3
Yannik Engelhardt,GER,MF,Como,Serie A,23,2001,8,4,445,4.9,1,0,1,1,0,0,1,0,0.5,0.5,0.1,0.6,6,16,5,0.2,0.0,0.2,0.2,0.2,0.09,0.03,0.12,0.09,0.12,3,1,33.3,0.61,0.2,0.33,1.0,13,0,0.15,0.5,0.5,250,274,91.2,3674,760,138,149,92.6,96,100,96.0,7,10,70.0,0.2,-0.1,4,11,1,0,0,1,1,2,9,1.82,7,1,0,0,1,0,0,0,0,0,0,0,0,0,10,6,4,5,1,5,9,55.6,4,1,0,3,13,7,0,313,7,61,216,38,3,313,9,4,44.4,2,22.2,223,1180,505,6,0,6,3,228,0,5,9,0,0,0,0,30,4,4,50.0
Arne Engels,BEL,"MF,FW",Augsburg,Bundesliga,21,2003,1,1,79,0.9,0,0,0,0,0,0,1,0,0.4,0.4,0.0,0.4,1,1,5,0.0,0.0,0.0,0.0,0.0,0.45,0.0,0.45,0.45,0.45,3,1,33.3,3.42,1.14,0.0,0.0,13,0,0.14,-0.4,-0.4,19,27,70.4,195,57,14,16,87.5,2,3,66.7,0,3,0.0,0.0,0.0,0,2,0,0,0,0,4,1,1,1.14,0,0,0,1,0,0,0,0,0,0,0,0,0,0,0,0,0,0,0,0,0,0.0,0,1,1,0,0,0,0,32,1,1,14,17,2,32,1,0,0.0,1,100.0,17,75,38,3,0,0,0,24,0,3,1,0,0,0,0,0,1,0,100.0
Christian Eriksen,DEN,MF,Manchester Utd,Premier League,32,1992,9,6,507,5.6,0,0,0,0,0,0,2,0,0.1,0.1,1.7,1.8,4,27,15,0.0,0.0,0.0,0.0,0.0,0.02,0.29,0.31,0.02,0.31,3,0,0.0,0.53,0.0,0.0,0.0,22,0,0.04,-0.1,-0.1,285,345,82.6,4966,1561,152,160,95.0,97,118,82.2,29,56,51.8,1.1,-1.7,14,27,1,0,3,4,39,3,25,4.43,16,9,0,0,0,0,5,0,3,2,0,0,0,0,9,3,2,5,2,5,10,50.0,5,4,1,4,13,5,0,386,16,80,195,113,7,386,0,0,0.0,0,0.0,200,734,285,6,0,1,3,255,0,3,2,0,0,0,0,24,1,4,20.0
Martin Erlic,CRO,DF,Bologna,Serie A,26,1998,4,3,221,2.5,0,0,0,0,0,0,0,0,0.1,0.1,0.0,0.1,2,8,1,0.0,0.0,0.0,0.0,0.0,0.06,0.0,0.06,0.06,0.06,4,0,0.0,1.63,0.0,0.0,0.0,16,0,0.03,-0.1,-0.1,150,163,92.0,3143,963,36,38,94.7,93,99,93.9,19,23,82.6,0.0,0.0,0,8,0,0,0,1,0,0,2,0.81,1,0,0,0,1,0,1,0,0,0,0,0,1,0,2,0,0,2,0,1,2,50.0,1,5,4,1,3,5,0,181,19,73,99,9,4,181,1,0,0.0,0,0.0,124,533,320,0,0,0,0,135,0,3,6,0,1,0,0,7,7,5,58.3
Patrick Erras,GER,DF,Holstein Kiel,Bundesliga,29,1995,10,10,832,9.2,1,0,1,1,0,0,2,0,0.9,0.9,0.1,1.0,3,25,1,0.11,0.0,0.11,0.11,0.11,0.1,0.01,0.11,0.1,0.11,8,1,12.5,0.87,0.11,0.13,1.0,10,0,0.11,0.1,0.1,469,510,92.0,8210,3076,160,174,92.0,280,288,97.2,20,32,62.5,0.2,-0.1,3,10,0,0,0,0,0,3,8,0.87,8,0,0,0,0,0,0,0,0,0,0,0,0,0,8,5,6,2,0,2,9,22.2,7,13,11,9,17,64,0,622,124,357,242,23,14,622,0,0,0.0,0,0.0,282,1063,596,1,0,3,0,413,0,11,0,0,0,0,0,24,27,16,62.8
Alfonso Espino,URU,DF,Rayo Vallecano,La Liga,32,1992,4,4,304,3.4,0,0,0,0,0,0,1,0,0.1,0.1,0.0,0.1,5,8,8,0.0,0.0,0.0,0.0,0.0,0.02,0.0,0.02,0.02,0.02,3,1,33.3,0.89,0.3,0.0,0.0,29,0,0.02,-0.1,-0.1,71,121,58.7,1165,698,36,40,90.0,29,53,54.7,5,20,25.0,0.0,0.0,1,10,0,0,0,0,10,2,3,0.89,0,3,0,0,0,0,0,0,0,0,0,0,0,0,16,9,10,5,1,9,20,45.0,11,6,2,7,23,7,0,170,12,68,64,40,4,170,6,3,50.0,2,33.3,54,297,165,3,3,4,3,63,0,9,8,0,0,0,0,15,6,3,66.7
Sebastiano Esposito,ITA,"FW,MF",Empoli,Serie A,22,2002,10,6,585,6.5,2,0,2,2,0,0,0,0,1.3,1.3,0.4,1.7,13,22,17,0.31,0.0,0.31,0.31,0.31,0.19,0.06,0.26,0.19,0.26,18,8,44.4,2.77,1.23,0.11,0.25,17,2,0.07,0.7,0.7,112,176,63.6,1617,657,61,88,69.3,34,45,75.6,9,19,47.4,0.2,-0.4,6,7,6,0,1,2,7,11,14,2.15,8,1,1,3,1,0,3,0,0,0,1,1,1,0,17,9,5,10,2,8,15,53.3,7,4,1,5,22,2,0,256,4,25,127,113,23,256,19,9,47.4,8,42.1,125,648,339,12,5,11,13,168,0,9,19,5,1,0,0,30,6,15,28.6
Samuel Essende,COD,FW,Augsburg,Bundesliga,26,1998,10,5,500,5.6,2,0,2,2,0,0,3,1,1.8,1.8,0.8,2.6,11,6,41,0.36,0.0,0.36,0.36,0.36,0.33,0.14,0.47,0.33,0.47,16,5,31.3,2.88,0.9,0.13,0.4,14,0,0.11,0.2,0.2,65,97,67.0,874,168,28,43,65.1,22,26,84.6,3,3,100.0,1.1,-0.8,6,4,2,1,0,0,1,6,15,2.7,8,1,0,3,3,0,1,0,1,0,0,0,0,0,1,1,0,0,1,0,0,0.0,0,4,1,0,1,2,0,178,2,9,79,97,32,178,14,4,28.6,10,71.4,107,532,209,10,5,26,13,133,0,16,12,4,0,0,0,14,19,23,45.2
Dario Essugo,POR,MF,Las Palmas,La Liga,19,2005,9,9,759,8.4,1,0,1,1,0,0,4,0,0.2,0.2,0.1,0.3,7,43,2,0.12,0.0,0.12,0.12,0.12,0.02,0.01,0.04,0.02,0.04,10,3,30.0,1.19,0.36,0.1,0.33,27,0,0.02,0.8,0.8,399,457,87.3,6892,1927,179,196,91.3,179,200,89.5,35,46,76.1,0.5,-0.1,5,36,4,0,3,4,1,5,18,2.13,13,0,2,3,0,0,1,0,1,0,0,0,0,0,20,14,12,5,3,9,15,60.0,6,8,5,19,39,22,5,564,40,175,328,68,2,564,11,8,72.7,2,18.2,303,1373,693,12,1,13,7,386,0,12,10,0,0,0,0,44,11,6,64.7
Nahuel Estévez,ARG,MF,Parma,Serie A,29,1995,6,3,349,3.9,0,0,0,0,0,0,2,0,0.1,0.1,0.0,0.1,2,14,1,0.0,0.0,0.0,0.0,0.0,0.02,0.01,0.03,0.02,0.03,4,1,25.0,1.03,0.26,0.0,0.0,25,0,0.02,-0.1,-0.1,116,152,76.3,1898,557,53,59,89.8,55,67,82.1,6,19,31.6,0.0,0.0,1,15,0,0,0,1,7,6,6,1.55,5,0,0,1,0,0,0,0,0,0,0,0,0,0,6,3,4,1,1,2,8,25.0,6,6,2,3,9,14,0,190,17,52,102,36,2,190,0,0,0.0,0,0.0,58,176,82,0,0,1,3,99,0,5,2,0,0,0,0,18,6,1,85.7
Pervis Estupiñán,ECU,DF,Brighton,Premier League,26,1998,10,7,704,7.8,0,0,0,0,0,0,2,0,0.2,0.2,1.1,1.3,19,40,49,0.0,0.0,0.0,0.0,0.0,0.03,0.14,0.17,0.03,0.17,6,1,16.7,0.77,0.13,0.0,0.0,27,1,0.04,-0.2,-0.2,421,510,82.5,6324,2003,253,273,92.7,132,161,82.0,25,52,48.1,1.1,-1.1,12,27,17,11,0,3,52,10,22,2.82,14,8,0,0,0,0,2,0,2,0,0,0,0,0,21,14,13,7,1,6,12,50.0,6,3,2,12,33,22,0,596,26,142,293,166,12,596,8,3,37.5,5,62.5,299,1405,803,18,5,8,11,368,0,13,3,3,0,0,0,45,12,6,66.7
Evanilson,BRA,FW,Bournemouth,Premier League,25,1999,12,11,873,9.7,4,0,4,4,0,1,0,0,5.0,4.2,0.7,5.0,11,5,27,0.41,0.0,0.41,0.41,0.41,0.52,0.08,0.59,0.44,0.51,25,12,48.0,2.58,1.24,0.16,0.33,14,0,0.17,-1.0,-0.2,83,123,67.5,1040,196,56,77,72.7,16,22,72.7,5,6,83.3,0.6,-0.7,8,4,1,0,1,2,0,7,27,2.78,13,0,2,4,8,0,5,0,0,0,1,0,4,0,7,4,1,3,3,3,5,60.0,2,7,1,0,7,9,0,212,10,14,83,116,49,211,15,5,33.3,4,26.7,124,621,319,5,6,14,12,146,0,13,23,10,5,0,0,23,18,26,40.9
Jonny Evans,NIR,DF,Manchester Utd,Premier League,36,1988,6,3,290,3.2,0,0,0,0,0,0,1,0,0.1,0.1,0.0,0.1,1,8,2,0.0,0.0,0.0,0.0,0.0,0.03,0.0,0.03,0.03,0.03,1,0,0.0,0.31,0.0,0.0,0.0,8,0,0.1,-0.1,-0.1,174,196,88.8,2809,784,82,87,94.3,81,90,90.0,6,12,50.0,0.0,0.0,0,9,1,0,0,0,0,1,2,0.62,2,0,0,0,0,0,0,0,0,0,0,0,0,0,7,5,4,3,0,2,4,50.0,2,2,1,4,11,13,0,223,30,125,91,11,2,223,1,1,100.0,0,0.0,128,498,183,0,0,1,0,137,0,5,6,0,0,0,0,15,8,3,72.7
Eberechi Eze,ENG,"MF,FW",Crystal Palace,Premier League,26,1998,11,11,948,10.5,1,2,3,1,0,0,0,0,3.2,3.2,2.1,5.3,33,52,73,0.09,0.19,0.28,0.09,0.28,0.3,0.2,0.5,0.3,0.5,40,13,32.5,3.8,1.23,0.03,0.08,20,5,0.08,-2.2,-2.2,333,447,74.5,5861,1597,152,184,82.6,139,166,83.7,35,66,53.0,1.8,-0.1,23,25,19,1,4,3,43,12,53,5.03,28,12,4,6,3,0,3,0,3,0,0,0,0,0,15,8,6,7,2,6,15,40.0,9,9,0,5,20,3,1,591,6,77,276,252,42,591,57,22,38.6,33,57.9,362,2122,1013,20,14,17,18,417,0,5,19,3,0,0,0,52,1,22,4.3
Abde Ezzalzouli,MAR,"FW,MF",Betis,La Liga,23,2001,15,12,1052,11.7,1,0,1,1,0,1,1,0,5.6,4.8,0.7,5.5,66,46,117,0.09,0.0,0.09,0.09,0.09,0.48,0.06,0.54,0.41,0.47,35,12,34.3,2.99,1.03,0.03,0.08,15,1,0.14,-4.6,-3.8,297,420,70.7,3707,1168,204,258,79.1,80,110,72.7,3,17,17.6,1.0,-0.7,13,25,11,1,2,2,22,14,34,2.91,22,0,4,5,2,1,2,0,1,0,0,1,0,0,19,14,10,8,1,6,10,60.0,4,16,3,4,23,5,0,609,4,64,230,329,88,608,67,32,47.8,26,38.8,391,2924,1734,47,33,35,28,450,0,14,24,3,1,0,0,56,13,20,39.4
Giovanni Fabbian,ITA,MF,Bologna,Serie A,21,2003,11,3,389,4.3,1,0,1,1,0,0,2,0,0.9,0.9,0.1,1.0,7,5,11,0.23,0.0,0.23,0.23,0.23,0.21,0.02,0.23,0.21,0.23,11,3,27.3,2.54,0.69,0.09,0.33,11,0,0.08,0.1,0.1,53,73,72.6,794,123,33,39,84.6,18,23,78.3,1,5,20.0,0.0,-0.1,1,7,1,0,0,0,2,4,5,1.16,1,0,0,2,1,1,0,0,0,0,0,0,0,0,6,5,1,2,3,3,6,50.0,3,1,1,1,7,4,0,117,4,16,63,42,17,117,4,0,0.0,2,50.0,72,546,169,0,3,7,5,76,0,7,5,0,0,0,0,13,4,9,30.8
Alieu Fadera,GAM,FW,Como,Serie A,23,2001,12,11,830,9.2,1,2,3,1,0,0,0,0,1.1,1.1,1.1,2.1,40,19,79,0.11,0.22,0.33,0.11,0.33,0.11,0.12,0.23,0.11,0.23,13,3,23.1,1.41,0.33,0.08,0.33,16,0,0.08,-0.1,-0.1,208,273,76.2,2904,573,113,124,91.1,77,104,74.0,6,13,46.2,0.6,0.9,8,8,11,0,2,1,11,14,24,2.6,16,0,5,1,2,0,4,0,3,0,1,0,0,0,28,23,12,10,6,11,27,40.7,16,7,1,3,31,3,0,374,5,55,143,190,34,374,28,14,50.0,11,39.3,278,2039,1166,21,17,18,21,272,0,17,23,7,0,0,0,46,4,10,28.6
Wout Faes,BEL,DF,Leicester City,Premier League,26,1998,14,13,1201,13.3,1,0,1,1,0,0,2,0,0.9,0.9,0.0,1.0,4,44,1,0.07,0.0,0.07,0.07,0.07,0.07,0.0,0.07,0.07,0.07,7,1,14.3,0.52,0.07,0.14,1.0,9,0,0.13,0.1,0.1,537,628,85.5,9935,3515,217,234,92.7,267,282,94.7,52,96,54.2,0.2,0.0,2,44,5,0,1,3,2,5,4,0.3,2,0,0,1,0,1,0,0,0,0,0,0,0,0,18,13,14,3,1,8,23,34.8,15,26,18,11,29,85,3,788,153,390,364,37,13,788,4,3,75.0,1,25.0,439,2031,1228,7,1,9,3,500,0,9,5,1,0,0,0,34,25,16,61.0
Nicolò Fagioli,ITA,MF,Juventus,Serie A,23,2001,11,4,482,5.4,0,0,0,0,0,0,4,0,0.3,0.3,0.1,0.4,17,37,17,0.0,0.0,0.0,0.0,0.0,0.05,0.02,0.08,0.05,0.08,10,1,10.0,1.87,0.19,0.0,0.0,23,0,0.03,-0.3,-0.3,323,366,88.3,5597,1073,140,153,91.5,154,165,93.3,23,39,59.0,0.5,-0.1,4,31,7,0,2,5,11,3,10,1.86,8,0,0,2,0,0,1,0,1,0,0,0,0,0,11,7,7,3,1,5,7,71.4,2,1,0,2,13,4,0,410,10,69,245,98,9,410,3,2,66.7,1,33.3,274,1852,916,19,2,9,2,343,0,10,3,0,0,0,0,25,1,1,50.0
Romain Faivre,FRA,"FW,MF",Brest,Ligue 1,26,1998,10,6,473,5.3,2,1,3,1,1,1,1,0,1.6,0.8,0.5,1.3,12,20,21,0.38,0.19,0.57,0.19,0.38,0.3,0.09,0.4,0.15,0.25,8,3,37.5,1.52,0.57,0.13,0.33,15,0,0.1,0.4,0.2,133,162,82.1,2047,567,82,95,86.3,41,46,89.1,8,12,66.7,0.9,0.5,5,17,3,0,0,0,13,5,16,3.04,10,3,1,0,1,1,1,0,1,0,0,0,0,0,8,8,3,4,1,4,9,44.4,5,1,0,3,11,2,1,211,1,28,95,92,17,210,26,9,34.6,16,61.5,130,877,408,11,5,3,3,148,0,2,12,0,0,0,0,17,4,7,36.4
Davide Faraoni,ITA,"DF,MF",Hellas Verona,Serie A,33,1991,3,0,42,0.5,0,0,0,0,0,0,0,0,0.2,0.2,0.0,0.2,1,2,5,0.0,0.0,0.0,0.0,0.0,0.45,0.0,0.45,0.45,0.45,1,0,0.0,2.14,0.0,0.0,0.0,3,0,0.21,-0.2,-0.2,15,24,62.5,284,86,6,9,66.7,7,10,70.0,2,4,50.0,0.0,0.0,0,3,1,1,0,0,4,1,1,2.14,1,0,0,0,0,0,0,0,0,0,0,0,0,0,1,1,0,1,0,0,2,0.0,2,1,1,0,1,2,1,30,4,9,12,10,2,30,0,0,0.0,0,0.0,16,80,33,1,0,0,0,18,0,1,0,0,0,0,0,2,0,4,0.0
Abdul Fatawu Issahaku,GHA,FW,Leicester City,Premier League,20,2004,11,6,579,6.4,0,2,2,0,0,0,0,0,0.4,0.4,1.6,2.0,42,17,60,0.0,0.31,0.31,0.0,0.31,0.06,0.24,0.31,0.06,0.31,13,5,38.5,2.02,0.78,0.0,0.0,31,0,0.03,-0.4,-0.4,123,197,62.4,2150,601,59,81,72.8,45,59,76.3,16,33,48.5,1.4,0.4,6,7,7,2,2,2,30,18,17,2.64,10,0,2,1,4,0,3,0,2,0,0,1,0,0,21,15,13,2,6,11,19,57.9,8,7,0,4,25,12,0,326,19,73,114,157,26,326,69,29,42.0,28,40.6,217,1869,1055,24,15,18,12,216,0,11,20,2,0,0,0,38,14,13,51.9
Ansu Fati,ESP,FW,Barcelona,La Liga,22,2002,4,1,127,1.4,0,0,0,0,0,0,1,0,0.6,0.6,0.1,0.7,4,3,16,0.0,0.0,0.0,0.0,0.0,0.42,0.04,0.46,0.42,0.46,5,3,60.0,3.54,2.13,0.0,0.0,14,0,0.12,-0.6,-0.6,53,63,84.1,607,86,40,42,95.2,10,13,76.9,1,3,33.3,0.2,-0.1,1,2,3,0,2,0,0,1,4,2.83,3,0,0,1,0,0,0,0,0,0,0,0,0,0,1,1,0,1,0,0,0,0.0,0,0,0,0,1,0,1,81,0,7,35,41,10,81,5,2,40.0,2,40.0,58,305,121,5,1,6,2,67,0,1,2,1,0,0,0,4,1,4,20.0
Khalil Fayad,FRA,"MF,FW",Montpellier,Ligue 1,20,2004,4,3,254,2.8,0,0,0,0,0,0,0,0,0.2,0.2,0.1,0.3,6,17,7,0.0,0.0,0.0,0.0,0.0,0.06,0.03,0.09,0.06,0.09,3,1,33.3,1.06,0.35,0.0,0.0,23,0,0.05,-0.2,-0.2,121,141,85.8,2280,663,54,60,90.0,48,54,88.9,18,25,72.0,0.2,-0.1,3,12,2,0,2,1,2,2,8,2.83,7,0,0,0,1,0,1,0,1,0,0,0,0,0,14,7,5,9,0,5,8,62.5,3,4,0,1,15,4,0,174,8,38,102,35,3,174,5,1,20.0,4,80.0,91,595,252,3,0,0,6,119,0,8,12,0,0,0,0,16,1,1,50.0
Jacopo Fazzini,ITA,MF,Empoli,Serie A,21,2003,7,7,547,6.1,0,0,0,0,0,0,1,0,0.6,0.6,0.1,0.7,13,16,30,0.0,0.0,0.0,0.0,0.0,0.1,0.02,0.12,0.1,0.12,8,2,25.0,1.32,0.33,0.0,0.0,17,1,0.08,-0.6,-0.6,102,137,74.5,1651,503,52,64,81.3,42,51,82.4,6,13,46.2,0.2,-0.1,3,10,2,0,2,0,11,2,17,2.8,9,1,2,2,3,0,2,0,2,0,0,0,0,0,16,9,8,7,1,9,13,69.2,4,7,1,2,18,10,0,222,8,43,102,84,12,222,20,11,55.0,6,30.0,136,935,469,8,7,17,14,148,0,11,15,2,0,0,0,29,6,6,50.0
Peter Federico,DOM,"MF,FW",Getafe,La Liga,22,2002,9,1,237,2.6,0,0,0,0,0,0,0,0,0.3,0.3,0.0,0.3,1,5,15,0.0,0.0,0.0,0.0,0.0,0.1,0.01,0.11,0.1,0.11,4,1,25.0,1.52,0.38,0.0,0.0,15,0,0.07,-0.3,-0.3,36,55,65.5,536,193,17,23,73.9,13,19,68.4,3,4,75.0,0.1,0.0,1,1,3,1,0,0,4,4,3,1.13,2,0,0,1,0,0,0,0,0,0,0,0,0,0,5,2,1,2,2,3,3,100.0,0,3,0,0,5,3,0,90,3,13,33,46,9,90,7,1,14.3,6,85.7,43,192,37,0,2,8,5,54,0,5,5,1,0,0,0,9,6,5,54.5
Nabil Fekir,FRA,MF,Betis,La Liga,31,1993,2,2,180,2.0,0,1,1,0,0,0,0,0,0.7,0.7,0.5,1.2,9,10,18,0.0,0.5,0.5,0.0,0.5,0.34,0.26,0.61,0.34,0.61,7,1,14.3,3.5,0.5,0.0,0.0,23,0,0.1,-0.7,-0.7,67,82,81.7,1052,381,38,43,88.4,20,23,87.0,6,10,60.0,0.8,0.5,6,5,6,2,1,1,10,4,12,6.0,9,2,0,0,0,1,1,0,0,1,0,0,0,0,3,2,1,1,1,1,2,50.0,1,2,0,0,3,0,0,107,0,3,52,53,6,107,5,0,0.0,4,80.0,72,479,259,4,2,4,6,85,0,3,7,0,0,0,0,3,0,2,0.0
Mattia Felici,ITA,"MF,DF",Cagliari,Serie A,23,2001,4,0,99,1.1,0,1,1,0,0,0,0,0,0.1,0.1,0.4,0.5,7,3,10,0.0,0.91,0.91,0.0,0.91,0.1,0.32,0.42,0.1,0.42,2,0,0.0,1.82,0.0,0.0,0.0,14,0,0.05,-0.1,-0.1,34,41,82.9,436,157,22,27,81.5,10,11,90.9,1,1,100.0,0.4,0.6,2,3,0,0,0,0,2,1,6,5.45,1,1,4,0,0,0,1,0,1,0,0,0,0,0,0,0,0,0,0,0,2,0.0,2,0,0,4,4,1,0,59,1,5,23,32,9,59,11,7,63.6,2,18.2,38,277,154,3,6,3,2,39,0,4,5,1,0,0,0,9,3,3,50.0
João Félix,POR,"MF,FW",Chelsea,Premier League,25,1999,7,1,207,2.3,1,0,1,1,0,0,2,0,1.1,1.1,0.1,1.2,12,11,16,0.43,0.0,0.43,0.43,0.43,0.47,0.03,0.51,0.47,0.51,12,3,25.0,5.22,1.3,0.08,0.33,17,0,0.09,-0.1,-0.1,101,121,83.5,1530,365,59,66,89.4,34,39,87.2,6,9,66.7,0.1,-0.1,2,14,4,0,1,1,0,3,8,3.46,6,0,1,1,0,0,0,0,0,0,0,0,0,0,5,2,1,3,1,3,5,60.0,2,2,0,1,6,2,0,165,1,15,78,75,18,165,20,7,35.0,8,40.0,112,707,418,7,3,2,2,128,0,2,9,0,0,0,0,13,2,2,50.0
Kiko Femenía,ESP,DF,Villarreal,La Liga,33,1991,13,13,1103,12.3,0,1,1,0,0,0,4,0,0.0,0.0,0.5,0.6,29,55,19,0.0,0.08,0.08,0.0,0.08,0.0,0.04,0.05,0.0,0.05,2,0,0.0,0.16,0.0,0.0,0.0,29,0,0.02,0.0,0.0,676,758,89.2,11188,3587,351,364,96.4,274,308,89.0,43,64,67.2,0.9,0.5,6,59,7,5,0,6,20,8,19,1.55,16,1,1,0,0,1,2,0,2,0,0,0,0,0,25,15,18,6,1,16,30,53.3,14,14,7,17,42,24,0,852,48,316,410,132,2,852,14,11,78.6,2,14.3,441,2568,1407,15,0,10,4,507,0,7,5,1,0,0,0,54,2,6,25.0
Evan Ferguson,IRL,FW,Brighton,Premier League,20,2004,8,1,122,1.4,1,0,1,1,0,0,0,0,0.2,0.2,0.0,0.2,2,1,5,0.74,0.0,0.74,0.74,0.74,0.11,0.0,0.11,0.11,0.11,3,1,33.3,2.21,0.74,0.33,1.0,19,0,0.05,0.8,0.8,19,30,63.3,208,39,15,19,78.9,2,4,50.0,1,2,50.0,0.0,0.0,0,1,0,0,0,0,0,1,0,0.0,0,0,0,0,0,0,0,0,0,0,0,0,0,0,3,2,0,3,0,2,3,66.7,1,2,1,0,3,3,0,47,5,9,30,8,2,47,0,0,0.0,0,0.0,23,88,24,1,1,3,4,31,0,3,1,0,0,0,0,5,3,6,33.3
Lewis Ferguson,SCO,MF,Bologna,Serie A,25,1999,1,0,9,0.1,0,0,0,0,0,0,0,0,0.0,0.0,0.0,0.0,0,1,1,0.0,0.0,0.0,0.0,0.0,0.0,0.0,0.0,0.0,0.0,0,0,0.0,0.0,0.0,0.0,0.0,0,0,0.0,0.0,0.0,10,13,76.9,186,75,6,7,85.7,3,5,60.0,1,1,100.0,0.0,0.0,0,3,0,0,0,0,1,0,0,0.0,0,0,0,0,0,0,0,0,0,0,0,0,0,0,0,0,0,0,0,0,0,0.0,0,0,0,0,0,0,0,13,0,0,8,5,0,13,0,0,0.0,0,0.0,11,87,42,2,0,0,0,11,0,0,0,0,0,0,0,0,0,0,0.0
Zinedine Ferhat,ALG,"FW,MF",Angers,Ligue 1,31,1993,6,2,206,2.3,1,0,1,1,0,0,0,0,0.3,0.3,0.4,0.7,5,12,20,0.44,0.0,0.44,0.44,0.44,0.13,0.16,0.29,0.13,0.29,5,3,60.0,2.18,1.31,0.2,0.33,20,1,0.06,0.7,0.7,74,113,65.5,1308,467,38,47,80.9,24,39,61.5,11,21,52.4,0.4,-0.4,4,6,4,0,1,1,19,2,7,3.06,3,3,1,0,0,0,0,0,0,0,0,0,0,0,1,0,0,1,0,0,2,0.0,2,1,0,2,3,2,0,138,1,9,60,71,7,138,4,4,100.0,0,0.0,81,420,125,2,2,7,4,102,0,3,7,0,0,0,0,14,4,3,57.1
Bruno Fernandes,POR,MF,Manchester Utd,Premier League,30,1994,13,13,1084,12.0,2,5,7,1,1,1,1,1,4.2,3.4,3.4,6.8,28,91,60,0.17,0.42,0.58,0.08,0.5,0.35,0.28,0.63,0.28,0.56,37,6,16.2,3.07,0.5,0.03,0.17,19,4,0.09,-2.2,-2.4,524,694,75.5,8644,2968,275,315,87.3,179,223,80.3,52,106,49.1,2.4,1.6,27,63,20,4,7,4,52,22,54,4.48,43,3,3,1,3,1,6,0,5,1,0,0,0,0,30,19,7,17,6,10,25,40.0,15,11,1,10,40,13,0,839,17,110,404,333,35,838,23,11,47.8,10,43.5,503,2354,1195,22,6,17,16,622,0,10,14,1,0,0,0,59,9,9,50.0
Edimilson Fernandes,SUI,MF,Brest,Ligue 1,28,1996,5,4,317,3.5,0,0,0,0,0,0,0,0,0.1,0.1,0.3,0.4,2,8,0,0.0,0.0,0.0,0.0,0.0,0.03,0.1,0.12,0.03,0.12,3,2,66.7,0.85,0.57,0.0,0.0,22,0,0.03,-0.1,-0.1,124,149,83.2,2248,477,53,58,91.4,52,60,86.7,15,20,75.0,0.2,-0.3,2,11,0,0,1,3,1,3,4,1.14,3,0,0,0,0,1,0,0,0,0,0,0,0,0,4,3,2,2,0,4,6,66.7,2,7,3,8,12,9,1,189,14,62,96,31,2,189,2,1,50.0,1,50.0,110,677,203,3,0,6,2,121,0,4,2,0,0,1,0,19,2,3,40.0
Mateus Fernandes,POR,MF,Southampton,Premier League,20,2004,12,10,887,9.9,1,1,2,1,0,0,3,0,1.0,1.0,1.1,2.0,28,52,33,0.1,0.1,0.2,0.1,0.2,0.1,0.11,0.21,0.1,0.21,11,3,27.3,1.12,0.3,0.09,0.33,17,1,0.09,0.0,0.0,335,414,80.9,5293,1284,175,204,85.8,115,135,85.2,26,43,60.5,1.0,-0.1,9,30,6,0,8,2,26,13,21,2.13,15,2,1,2,0,1,3,0,2,0,0,0,0,1,34,18,17,11,6,9,24,37.5,15,12,1,6,40,13,2,542,28,135,258,161,20,542,32,16,50.0,15,46.9,294,1856,929,19,3,17,13,359,0,15,16,0,0,0,0,46,4,4,50.0
Enzo Fernández,ARG,MF,Chelsea,Premier League,23,2001,12,8,792,8.8,2,2,4,2,0,0,1,0,1.4,1.4,1.7,3.1,10,45,32,0.23,0.23,0.45,0.23,0.45,0.15,0.2,0.35,0.15,0.35,9,4,44.4,1.02,0.45,0.22,0.5,14,0,0.15,0.6,0.6,406,508,79.9,7014,1865,188,206,91.3,163,201,81.1,41,68,60.3,1.2,0.3,17,47,6,1,5,7,21,10,34,3.87,26,3,0,2,0,3,7,0,6,1,0,0,0,0,29,13,8,11,10,14,31,45.2,17,10,1,3,32,8,2,606,12,95,321,190,21,606,11,4,36.4,4,36.4,302,1127,555,9,1,11,11,434,0,11,14,0,0,0,0,41,3,10,23.1
Valery Fernández,ESP,"MF,FW",Mallorca,La Liga,25,1999,9,1,219,2.4,2,0,2,2,0,0,1,0,0.8,0.8,0.0,0.8,1,3,8,0.82,0.0,0.82,0.82,0.82,0.34,0.0,0.34,0.34,0.34,3,3,100.0,1.23,1.23,0.67,0.67,10,0,0.28,1.2,1.2,47,55,85.5,609,149,31,37,83.8,9,10,90.0,3,3,100.0,0.1,0.0,0,1,2,1,0,0,2,1,2,0.82,1,0,0,0,0,1,1,0,0,0,0,0,0,1,7,6,3,1,3,5,7,71.4,2,2,1,0,7,1,0,82,5,18,39,27,7,82,4,0,0.0,4,100.0,47,249,88,2,0,3,2,51,0,3,1,1,0,0,0,13,1,3,25.0
Matias Fernandez-Pardo,BEL,FW,Lille,Ligue 1,19,2005,8,2,303,3.4,1,1,2,1,0,0,2,0,0.2,0.2,1.0,1.1,18,7,23,0.3,0.3,0.59,0.3,0.59,0.05,0.29,0.34,0.05,0.34,3,1,33.3,0.89,0.3,0.33,1.0,20,0,0.05,0.8,0.8,67,93,72.0,938,171,40,53,75.5,21,24,87.5,3,6,50.0,0.6,0.0,5,3,3,0,1,1,7,2,9,2.67,7,1,0,0,1,0,2,0,1,0,0,0,1,0,6,4,3,3,0,4,8,50.0,4,3,0,1,7,3,0,137,4,19,45,75,16,137,22,10,45.5,10,45.5,86,893,519,11,11,8,5,97,0,6,8,0,1,0,0,10,0,5,0.0
Jordan Ferri,FRA,MF,Montpellier,Ligue 1,32,1992,9,7,649,7.2,0,0,0,0,0,0,4,0,0.1,0.1,0.3,0.4,5,49,13,0.0,0.0,0.0,0.0,0.0,0.01,0.04,0.05,0.01,0.05,5,2,40.0,0.69,0.28,0.0,0.0,26,0,0.02,-0.1,-0.1,376,425,88.5,6655,1987,166,180,92.2,161,176,91.5,39,55,70.9,0.5,-0.3,6,45,2,2,0,0,8,1,15,2.08,13,0,0,1,1,0,2,0,1,0,0,1,0,0,17,10,6,10,1,9,16,56.3,7,7,1,3,20,6,0,482,10,119,291,77,5,482,6,0,0.0,4,66.7,266,1305,564,3,0,2,15,354,0,10,13,0,0,1,0,51,8,7,53.3
Karol Fila,POL,MF,Strasbourg,Ligue 1,26,1998,1,0,5,0.1,0,0,0,0,0,0,1,0,0.0,0.0,0.0,0.0,0,0,0,0.0,0.0,0.0,0.0,0.0,0.0,0.0,0.0,0.0,0.0,0,0,0.0,0.0,0.0,0.0,0.0,0,0,0.0,0.0,0.0,2,4,50.0,18,0,1,1,100.0,0,0,0.0,0,1,0.0,0.0,0.0,0,0,0,0,0,0,0,1,0,0.0,0,0,0,0,0,0,0,0,0,0,0,0,0,0,0,0,0,0,0,0,0,0.0,0,0,0,0,0,0,0,4,0,2,2,0,0,4,0,0,0.0,0,0.0,1,1,1,0,0,0,0,2,0,0,0,0,0,0,0,1,0,0,0.0
Kilian Fischer,GER,DF,Wolfsburg,Bundesliga,24,2000,12,10,850,9.4,0,0,0,0,0,0,3,0,0.1,0.1,0.1,0.2,15,34,24,0.0,0.0,0.0,0.0,0.0,0.01,0.01,0.02,0.01,0.02,2,0,0.0,0.21,0.0,0.0,0.0,18,0,0.05,-0.1,-0.1,310,418,74.2,5260,1795,140,171,81.9,138,183,75.4,23,40,57.5,0.2,-0.1,3,26,8,0,0,1,10,8,9,0.95,8,1,0,0,0,0,1,0,1,0,0,0,0,0,23,16,18,3,2,17,40,42.5,23,17,2,7,30,41,2,530,39,172,244,119,9,530,9,4,44.4,5,55.6,219,1193,503,15,2,14,5,267,0,14,1,0,0,0,0,25,6,6,50.0
Mateo Flores,ESP,MF,Betis,La Liga,20,2004,2,0,31,0.3,0,0,0,0,0,0,0,0,0.0,0.0,0.0,0.0,0,1,0,0.0,0.0,0.0,0.0,0.0,0.0,0.0,0.0,0.0,0.0,0,0,0.0,0.0,0.0,0.0,0.0,0,0,0.0,0.0,0.0,10,12,83.3,202,44,3,4,75.0,7,8,87.5,0,0,0.0,0.0,0.0,0,0,0,0,0,0,0,0,1,2.9,1,0,0,0,0,0,0,0,0,0,0,0,0,0,0,0,0,0,0,0,0,0.0,0,0,0,0,0,1,0,16,1,6,9,1,0,16,0,0,0.0,0,0.0,11,50,6,0,0,1,1,10,0,1,1,0,0,0,0,2,0,0,0.0
Phil Foden,ENG,"MF,FW",Manchester City,Premier League,24,2000,10,6,630,7.0,0,1,1,0,0,0,1,0,1.4,1.4,2.2,3.6,15,34,53,0.0,0.14,0.14,0.0,0.14,0.2,0.32,0.52,0.2,0.52,20,2,10.0,2.86,0.29,0.0,0.0,18,0,0.07,-1.4,-1.4,302,362,83.4,4613,1105,190,211,90.0,82,92,89.1,24,42,57.1,2.8,-1.2,17,13,15,2,3,0,35,11,41,5.86,26,10,1,2,2,0,3,0,1,1,0,1,0,0,1,0,1,0,0,1,5,20.0,4,4,1,3,4,2,0,434,5,31,145,260,36,434,18,6,33.3,8,44.4,265,1296,660,7,5,13,9,335,0,2,14,2,0,0,0,20,1,3,25.0
Malick Fofana,BEL,FW,Lyon,Ligue 1,19,2005,13,7,701,7.8,3,1,4,3,0,0,1,0,2.1,2.1,1.2,3.3,48,21,80,0.39,0.13,0.51,0.39,0.51,0.26,0.16,0.42,0.26,0.42,17,9,52.9,2.18,1.16,0.18,0.33,13,0,0.12,0.9,0.9,205,274,74.8,3020,731,124,145,85.5,66,86,76.7,9,20,45.0,2.3,-0.2,9,12,15,8,1,0,35,15,22,2.82,16,0,2,1,3,0,4,0,3,0,1,0,0,0,9,6,4,5,0,5,8,62.5,3,7,0,3,12,6,0,376,3,47,130,211,49,376,29,13,44.8,13,44.8,245,1961,1242,26,19,19,8,274,0,6,17,2,1,0,0,33,1,6,14.3
Wesley Fofana,FRA,DF,Chelsea,Premier League,24,2000,12,12,1015,11.3,0,0,0,0,0,0,6,0,0.4,0.4,0.4,0.8,14,25,4,0.0,0.0,0.0,0.0,0.0,0.04,0.04,0.07,0.04,0.07,2,0,0.0,0.18,0.0,0.0,0.0,10,0,0.2,-0.4,-0.4,630,703,89.6,10682,2949,264,283,93.3,338,367,92.1,22,35,62.9,0.2,-0.4,5,44,1,0,0,0,1,4,11,0.98,9,1,1,0,0,0,0,0,0,0,0,0,0,0,13,12,6,7,0,6,14,42.9,8,14,9,12,25,49,2,821,76,341,451,43,9,821,13,7,53.8,3,23.1,502,2681,1353,10,1,15,4,581,0,19,15,0,0,0,0,49,23,10,69.7
Youssouf Fofana,FRA,MF,Milan,Serie A,25,1999,12,11,958,10.6,1,2,3,1,0,0,4,0,0.3,0.3,1.1,1.4,13,67,8,0.09,0.19,0.28,0.09,0.28,0.03,0.11,0.13,0.03,0.13,11,2,18.2,1.03,0.19,0.09,0.5,27,0,0.03,0.7,0.7,516,581,88.8,9056,2816,214,243,88.1,257,273,94.1,40,55,72.7,0.6,0.9,5,55,4,0,3,4,1,4,19,1.78,18,0,0,0,0,1,2,0,2,0,0,0,0,0,19,12,5,13,1,10,20,50.0,10,10,3,9,28,11,2,657,15,140,449,78,6,657,10,4,40.0,6,60.0,395,2286,1212,15,1,11,7,497,0,9,8,0,0,0,0,46,2,8,20.0
Jonas Föhrenbach,GER,DF,Heidenheim,Bundesliga,28,1996,12,12,1046,11.6,0,1,1,0,0,0,2,0,0.2,0.2,1.0,1.2,22,39,28,0.0,0.09,0.09,0.0,0.09,0.02,0.08,0.1,0.02,0.1,7,1,14.3,0.6,0.09,0.0,0.0,20,0,0.03,-0.2,-0.2,358,509,70.3,6546,2980,135,164,82.3,180,229,78.6,37,87,42.5,1.5,0.0,9,38,10,7,0,1,32,20,23,1.98,20,0,1,1,1,0,2,0,2,0,0,0,0,0,21,12,13,7,1,10,14,71.4,4,12,3,10,31,32,0,622,38,232,280,116,11,622,14,6,42.9,7,50.0,298,1712,939,7,3,10,2,319,0,9,3,0,0,0,0,37,12,12,50.0
Michael Folorunsho,ITA,"FW,MF",Napoli,Serie A,26,1998,5,0,34,0.4,0,0,0,0,0,0,0,0,0.1,0.1,0.0,0.1,0,0,1,0.0,0.0,0.0,0.0,0.0,0.28,0.0,0.28,0.28,0.28,1,0,0.0,2.65,0.0,0.0,0.0,9,0,0.1,-0.1,-0.1,8,12,66.7,121,34,3,5,60.0,4,4,100.0,0,0,0.0,0.0,0.0,0,0,0,0,0,0,0,0,0,0.0,0,0,0,0,0,0,0,0,0,0,0,0,0,0,3,2,0,3,0,2,4,50.0,2,0,0,1,4,1,1,22,0,3,15,5,1,22,2,0,0.0,2,100.0,5,53,6,0,0,2,0,12,0,2,1,0,0,0,0,2,2,2,50.0
Lamine Fomba,FRA,MF,Saint-Étienne,Ligue 1,26,1998,2,1,68,0.8,0,0,0,0,0,0,1,0,0.0,0.0,0.0,0.0,0,6,1,0.0,0.0,0.0,0.0,0.0,0.03,0.0,0.03,0.03,0.03,1,0,0.0,1.32,0.0,0.0,0.0,27,0,0.02,0.0,0.0,31,39,79.5,704,247,11,14,78.6,13,15,86.7,7,10,70.0,0.0,0.0,0,6,0,0,0,2,0,2,2,2.65,2,0,0,0,0,0,0,0,0,0,0,0,0,0,2,1,1,1,0,1,2,50.0,1,4,1,2,4,3,1,52,3,15,34,3,0,52,0,0,0.0,0,0.0,28,188,69,0,0,0,1,34,0,6,0,0,0,1,0,4,2,4,33.3
Carlos Forbs,POR,"MF,FW",Wolves,Premier League,20,2004,6,1,206,2.3,0,0,0,0,0,0,2,0,0.1,0.1,0.0,0.1,8,7,24,0.0,0.0,0.0,0.0,0.0,0.05,0.02,0.06,0.05,0.06,1,0,0.0,0.44,0.0,0.0,0.0,15,0,0.11,-0.1,-0.1,45,71,63.4,602,206,27,38,71.1,16,22,72.7,1,4,25.0,0.1,0.0,1,1,3,1,0,0,8,8,4,1.76,3,0,1,0,0,0,1,0,1,0,0,0,0,0,6,5,3,2,1,4,5,80.0,1,3,0,1,7,2,1,95,3,17,33,46,10,95,9,5,55.6,4,44.4,58,355,256,3,7,6,3,67,0,2,1,0,0,0,0,11,1,2,33.3
Pablo Fornals,ESP,"MF,FW",Betis,La Liga,28,1996,13,11,952,10.6,1,0,1,1,0,0,2,0,1.2,1.2,1.9,3.1,16,78,59,0.09,0.0,0.09,0.09,0.09,0.11,0.18,0.29,0.11,0.29,15,3,20.0,1.42,0.28,0.07,0.33,23,0,0.08,-0.2,-0.2,388,507,76.5,6420,2483,196,226,86.7,143,186,76.9,37,62,59.7,2.0,-1.9,22,48,27,8,5,6,46,13,53,5.01,45,5,2,1,0,0,4,0,4,0,0,0,0,0,11,7,5,5,1,4,14,28.6,10,17,0,13,24,8,1,608,4,71,285,257,22,608,17,5,29.4,12,70.6,335,1351,617,18,4,12,9,399,0,9,5,1,0,0,0,51,13,9,59.1
Omari Forson,ENG,"MF,DF",Monza,Serie A,20,2004,2,0,25,0.3,0,0,0,0,0,0,0,0,0.0,0.0,0.0,0.0,1,1,2,0.0,0.0,0.0,0.0,0.0,0.0,0.0,0.0,0.0,0.0,0,0,0.0,0.0,0.0,0.0,0.0,0,0,0.0,0.0,0.0,13,16,81.3,177,11,9,10,90.0,3,3,100.0,1,2,50.0,0.0,0.0,0,1,0,0,0,0,1,1,0,0.0,0,0,0,0,0,0,0,0,0,0,0,0,0,0,0,0,0,0,0,0,0,0.0,0,2,0,0,0,0,0,21,0,1,11,9,0,21,2,2,100.0,0,0.0,13,127,30,1,0,2,1,18,0,0,0,0,0,0,0,0,0,1,0.0
Héctor Fort,ESP,DF,Barcelona,La Liga,18,2006,8,2,272,3.0,0,0,0,0,0,0,1,0,0.1,0.1,0.6,0.7,6,14,14,0.0,0.0,0.0,0.0,0.0,0.02,0.2,0.22,0.02,0.22,2,0,0.0,0.66,0.0,0.0,0.0,23,0,0.04,-0.1,-0.1,198,220,90.0,2895,600,110,115,95.7,72,82,87.8,7,9,77.8,1.1,-0.6,4,16,1,0,0,1,5,4,7,2.32,6,1,0,0,0,0,0,0,0,0,0,0,0,0,6,5,2,3,1,5,8,62.5,3,6,0,4,10,9,0,255,11,55,157,46,6,255,4,2,50.0,2,50.0,126,556,288,4,0,2,2,173,0,3,1,0,0,0,0,11,3,3,50.0
Dimitri Foulquier,FRA,DF,Valencia,La Liga,31,1993,13,6,664,7.4,0,0,0,0,0,0,2,0,0.2,0.2,0.1,0.3,9,14,27,0.0,0.0,0.0,0.0,0.0,0.02,0.01,0.03,0.02,0.03,6,1,16.7,0.81,0.14,0.0,0.0,20,0,0.03,-0.2,-0.2,234,328,71.3,3710,1300,125,141,88.7,95,133,71.4,13,33,39.4,0.3,-0.1,2,15,3,1,0,0,25,15,10,1.35,4,2,1,2,0,1,0,0,0,0,0,0,0,0,21,15,11,7,3,10,16,62.5,6,7,0,2,23,13,1,406,13,98,211,100,8,406,17,4,23.5,9,52.9,177,894,417,9,0,11,6,221,0,11,11,0,0,0,0,32,4,3,57.1
Alejandro Francés,ESP,DF,Girona,La Liga,22,2002,8,7,556,6.2,0,0,0,0,0,0,1,0,0.2,0.2,0.0,0.2,9,33,11,0.0,0.0,0.0,0.0,0.0,0.03,0.0,0.03,0.03,0.03,5,0,0.0,0.81,0.0,0.0,0.0,21,0,0.04,-0.2,-0.2,362,423,85.6,6770,1854,148,157,94.3,169,179,94.4,42,69,60.9,0.3,0.0,1,34,3,1,0,3,11,11,9,1.45,8,0,0,1,0,0,1,0,1,0,0,0,0,0,19,13,11,7,1,16,22,72.7,6,6,2,9,28,19,0,494,26,167,249,81,5,494,5,2,40.0,3,60.0,262,1314,703,7,1,4,0,327,0,12,8,1,0,0,0,18,1,4,20.0
Przemysław Frankowski,POL,DF,Lens,Ligue 1,29,1995,11,9,766,8.5,3,0,3,1,2,2,2,0,1.8,0.2,1.0,1.2,15,46,57,0.35,0.0,0.35,0.12,0.12,0.21,0.12,0.32,0.02,0.14,5,1,20.0,0.59,0.12,0.2,1.0,25,0,0.04,1.2,0.8,449,566,79.3,6834,2619,256,285,89.8,153,183,83.6,25,52,48.1,1.0,-1.0,10,34,13,2,2,2,35,21,24,2.82,19,4,0,0,1,0,3,0,3,0,0,0,0,0,17,10,9,5,3,11,17,64.7,6,5,0,2,19,14,0,635,19,126,286,225,22,633,8,2,25.0,5,62.5,341,1547,768,16,2,10,8,430,0,9,5,1,0,0,0,29,5,3,62.5
Enric Franquesa,ESP,"DF,FW",Leganés,La Liga,27,1997,12,7,616,6.8,1,0,1,1,0,0,1,0,0.3,0.3,0.1,0.4,11,12,30,0.15,0.0,0.15,0.15,0.15,0.04,0.02,0.06,0.04,0.06,3,1,33.3,0.44,0.15,0.33,1.0,16,0,0.1,0.7,0.7,158,225,70.2,2513,1004,71,88,80.7,69,93,74.2,11,26,42.3,0.1,-0.1,2,5,2,2,0,0,16,9,6,0.88,4,0,0,1,0,1,0,0,0,0,0,0,0,0,17,9,9,6,2,9,13,69.2,4,7,1,5,22,12,0,306,12,89,157,68,6,306,21,9,42.9,7,33.3,133,793,337,10,2,21,2,151,0,8,6,0,0,0,0,29,5,5,50.0
Ryan Fraser,SCO,"FW,DF",Southampton,Premier League,30,1994,6,3,242,2.7,0,0,0,0,0,0,0,1,0.0,0.0,0.1,0.1,8,4,13,0.0,0.0,0.0,0.0,0.0,0.01,0.04,0.05,0.01,0.05,1,1,100.0,0.37,0.37,0.0,0.0,31,0,0.03,0.0,0.0,59,81,72.8,897,178,33,36,91.7,22,33,66.7,3,8,37.5,0.1,-0.1,2,2,0,0,0,0,11,1,4,1.49,4,0,0,0,0,0,0,0,0,0,0,0,0,0,6,2,2,4,0,4,6,66.7,2,1,1,1,7,9,0,108,11,41,41,27,2,108,3,2,66.7,1,33.3,60,386,203,3,2,4,2,72,0,1,3,1,0,1,0,8,2,2,50.0
Davide Frattesi,ITA,MF,Inter,Serie A,25,1999,12,4,581,6.5,3,1,4,3,0,0,1,0,1.5,1.5,0.7,2.2,11,16,17,0.46,0.15,0.62,0.46,0.62,0.23,0.11,0.35,0.23,0.35,13,3,23.1,2.01,0.46,0.23,1.0,14,0,0.12,1.5,1.5,160,185,86.5,2440,459,86,92,93.5,62,71,87.3,10,13,76.9,0.7,0.3,3,14,3,0,4,0,2,3,7,1.08,6,0,1,0,0,0,1,0,1,0,0,0,0,0,8,4,3,4,1,6,11,54.5,5,4,2,2,10,2,1,236,3,34,136,71,18,236,6,4,66.7,2,33.3,139,787,444,8,4,4,1,166,0,5,9,1,0,0,0,20,6,7,46.2
Morten Frendrup,DEN,MF,Genoa,Serie A,23,2001,13,13,1123,12.5,1,0,1,1,0,0,2,0,0.6,0.6,0.3,0.9,3,33,7,0.08,0.0,0.08,0.08,0.08,0.05,0.02,0.07,0.05,0.07,10,3,30.0,0.8,0.24,0.1,0.33,21,0,0.06,0.4,0.4,361,421,85.7,5532,1088,180,196,91.8,148,166,89.2,16,26,61.5,0.2,-0.3,5,25,3,0,0,0,1,7,19,1.52,17,0,0,0,0,2,0,0,0,0,0,0,0,0,45,30,11,21,13,16,34,47.1,18,21,8,17,62,19,0,566,27,133,323,115,9,566,9,4,44.4,5,55.6,253,1094,402,3,1,18,6,298,0,14,10,0,0,0,0,58,11,12,47.8
Martin Frese,DEN,DF,Hellas Verona,Serie A,26,1998,5,3,336,3.7,0,0,0,0,0,0,0,0,0.0,0.0,0.1,0.1,3,10,6,0.0,0.0,0.0,0.0,0.0,0.0,0.03,0.03,0.0,0.03,0,0,0.0,0.0,0.0,0.0,0.0,0,0,0.0,0.0,0.0,115,169,68.0,1871,620,60,66,90.9,44,62,71.0,8,32,25.0,0.0,-0.1,4,8,1,0,0,0,7,3,7,1.87,5,2,0,0,0,0,0,0,0,0,0,0,0,0,13,7,6,7,0,5,8,62.5,3,2,1,6,19,14,1,212,14,81,100,31,1,212,1,0,0.0,0,0.0,100,398,197,4,0,1,0,115,0,7,7,0,0,0,0,7,7,7,50.0
Remo Freuler,SUI,MF,Bologna,Serie A,32,1992,13,13,1144,12.7,0,1,1,0,0,0,1,0,0.5,0.5,0.6,1.1,14,89,19,0.0,0.08,0.08,0.0,0.08,0.04,0.05,0.09,0.04,0.09,3,1,33.3,0.24,0.08,0.0,0.0,19,0,0.17,-0.5,-0.5,698,776,89.9,11867,3233,316,336,94.0,322,345,93.3,48,69,69.6,0.7,0.4,17,82,9,0,1,0,4,6,32,2.52,30,0,0,0,0,2,1,0,1,0,0,0,0,0,30,17,16,10,4,15,31,48.4,16,15,2,12,42,27,1,886,42,186,531,174,8,886,4,2,50.0,2,50.0,488,2238,1003,18,1,9,6,632,0,13,6,1,0,0,0,50,9,11,45.0
Marco Friedl,AUT,DF,Werder Bremen,Bundesliga,26,1998,10,10,848,9.4,0,0,0,0,0,0,2,1,0.0,0.0,0.0,0.0,2,30,0,0.0,0.0,0.0,0.0,0.0,0.0,0.0,0.0,0.0,0.0,0,0,0.0,0.0,0.0,0.0,0.0,0,0,0.0,0.0,0.0,546,604,90.4,11143,3839,143,152,94.1,338,354,95.5,61,89,68.5,0.2,0.0,0,23,3,0,0,1,1,0,1,0.11,1,0,0,0,0,0,0,0,0,0,0,0,0,0,24,16,14,10,0,14,23,60.9,9,15,8,15,39,49,0,722,98,407,304,13,0,722,3,3,100.0,0,0.0,446,2194,927,0,0,4,3,454,0,8,8,1,0,0,1,54,15,15,50.0
Marvin Friedrich,GER,DF,Gladbach,Bundesliga,29,1995,8,6,586,6.5,0,1,1,0,0,0,0,0,0.4,0.4,0.4,0.8,9,22,2,0.0,0.15,0.15,0.0,0.15,0.07,0.06,0.12,0.07,0.12,7,2,28.6,1.08,0.31,0.0,0.0,9,0,0.06,-0.4,-0.4,376,430,87.4,6520,2349,153,161,95.0,196,209,93.8,23,51,45.1,0.2,0.6,1,14,1,0,0,0,0,3,3,0.46,2,0,0,1,0,0,1,0,0,0,0,1,0,0,6,1,6,0,0,4,6,66.7,2,10,9,2,8,32,0,500,60,274,208,18,13,500,1,1,100.0,0,0.0,328,1788,1032,1,0,2,2,350,0,2,1,0,0,0,0,24,25,9,73.5
Jeremie Frimpong,NED,DF,Leverkusen,Bundesliga,24,2000,12,10,873,9.7,2,2,4,2,0,0,3,0,1.6,1.6,1.5,3.1,28,17,98,0.21,0.21,0.41,0.21,0.41,0.17,0.15,0.32,0.17,0.32,8,5,62.5,0.82,0.52,0.25,0.4,12,0,0.2,0.4,0.4,250,320,78.1,3464,849,145,163,89.0,85,109,78.0,6,19,31.6,1.5,0.5,13,13,8,5,0,2,31,10,28,2.89,23,0,2,0,1,2,5,0,3,0,1,0,0,1,10,9,6,2,2,6,13,46.2,7,10,0,5,15,5,0,418,7,52,143,230,47,418,37,12,32.4,24,64.9,251,1464,835,14,10,21,11,282,0,6,10,3,0,1,0,35,4,7,36.4
Jorge De Frutos,ESP,"MF,FW",Rayo Vallecano,La Liga,27,1997,14,11,982,10.9,3,1,4,3,0,0,1,0,1.6,1.6,1.5,3.1,28,21,83,0.27,0.09,0.37,0.27,0.37,0.14,0.14,0.28,0.14,0.28,19,7,36.8,1.74,0.64,0.16,0.43,18,0,0.08,1.4,1.4,207,287,72.1,2866,827,122,145,84.1,62,82,75.6,10,20,50.0,1.4,-0.5,12,6,17,8,1,0,29,18,27,2.48,23,0,2,0,2,0,2,0,1,0,1,0,0,0,19,11,8,6,5,8,23,34.8,15,6,0,5,24,12,0,405,12,77,119,225,33,405,36,16,44.4,16,44.4,245,1650,823,18,11,19,16,265,0,17,13,1,0,0,0,52,3,6,33.3
Chris Führich,GER,"FW,MF",Stuttgart,Bundesliga,26,1998,11,5,531,5.9,1,1,2,1,0,0,0,0,0.6,0.6,1.1,1.7,32,31,59,0.17,0.17,0.34,0.17,0.34,0.1,0.19,0.29,0.1,0.29,11,6,54.5,1.86,1.02,0.09,0.17,15,0,0.06,0.4,0.4,222,272,81.6,3148,889,137,144,95.1,72,92,78.3,9,19,47.4,1.7,-0.1,10,15,13,3,4,0,17,8,32,5.43,26,0,2,4,0,0,3,0,2,0,0,1,0,0,5,3,1,3,1,5,10,50.0,5,5,1,1,6,7,0,334,9,35,124,179,32,334,24,10,41.7,13,54.2,212,1749,876,20,16,8,9,263,0,4,1,2,0,0,0,18,2,2,50.0
Angelo Fulgini,FRA,"MF,FW",Lens,Ligue 1,28,1996,10,5,441,4.9,1,1,2,1,0,0,0,0,1.2,1.2,1.5,2.7,9,30,42,0.2,0.2,0.41,0.2,0.41,0.24,0.3,0.54,0.24,0.54,10,3,30.0,2.04,0.61,0.1,0.33,18,2,0.12,-0.2,-0.2,193,251,76.9,2881,829,116,133,87.2,50,63,79.4,17,33,51.5,1.3,-0.5,8,13,13,4,3,3,15,8,22,4.49,18,3,0,1,0,0,2,0,2,0,0,0,0,0,4,3,1,1,2,3,4,75.0,1,6,1,0,4,2,0,316,5,33,143,141,16,316,22,8,36.4,13,59.1,210,994,465,11,2,8,16,249,0,6,13,1,0,0,0,24,1,7,12.5
Niclas Füllkrug,GER,FW,West Ham,Premier League,31,1993,4,0,78,0.9,1,0,1,1,0,0,0,0,0.7,0.7,0.0,0.7,2,0,3,1.15,0.0,1.15,1.15,1.15,0.78,0.0,0.78,0.78,0.78,3,2,66.7,3.46,2.31,0.33,0.5,9,0,0.22,0.3,0.3,17,19,89.5,193,39,10,10,100.0,2,3,66.7,1,1,100.0,0.1,0.0,0,1,0,0,0,0,0,1,2,2.31,2,0,0,0,0,0,0,0,0,0,0,0,0,0,0,0,0,0,0,0,0,0.0,0,0,0,0,0,2,0,30,3,3,15,12,7,30,2,0,0.0,2,100.0,12,54,44,0,2,4,1,18,0,3,0,2,0,0,0,2,8,4,66.7
Manuel Fuster,ESP,"FW,MF",Las Palmas,La Liga,27,1997,10,3,293,3.3,1,0,1,1,0,0,0,0,0.3,0.3,0.5,0.7,8,17,31,0.31,0.0,0.31,0.31,0.31,0.08,0.14,0.22,0.08,0.22,6,1,16.7,1.84,0.31,0.17,1.0,25,0,0.04,0.7,0.7,143,181,79.0,2341,518,73,79,92.4,49,64,76.6,16,24,66.7,0.6,-0.5,10,9,9,3,2,2,18,3,17,5.2,14,3,0,0,0,0,1,0,1,0,0,0,0,0,5,1,1,4,0,5,10,50.0,5,4,1,1,6,6,0,216,4,23,102,91,7,216,5,1,20.0,3,60.0,122,656,319,7,2,6,6,165,0,5,10,0,0,0,0,14,2,3,40.0
Matteo Gabbia,ITA,DF,Milan,Serie A,25,1999,6,6,517,5.7,1,0,1,1,0,0,2,0,0.4,0.4,0.1,0.5,5,22,1,0.17,0.0,0.17,0.17,0.17,0.07,0.02,0.09,0.07,0.09,5,1,20.0,0.87,0.17,0.2,1.0,9,0,0.08,0.6,0.6,297,334,88.9,5866,1769,96,104,92.3,168,178,94.4,31,44,70.5,0.0,-0.1,1,19,0,0,0,3,1,2,5,0.87,2,1,0,0,1,1,2,0,1,0,0,0,0,1,6,4,3,2,1,2,3,66.7,1,7,5,2,8,16,1,371,32,175,187,10,6,371,0,0,0.0,0,0.0,234,1081,650,1,0,0,1,277,0,2,2,0,1,0,0,12,17,7,70.8
Alessandro Gabrielloni,ITA,"FW,MF",Como,Serie A,30,1994,8,0,86,1.0,0,0,0,0,0,0,0,0,0.1,0.1,0.2,0.3,3,3,9,0.0,0.0,0.0,0.0,0.0,0.12,0.16,0.28,0.12,0.28,2,0,0.0,2.09,0.0,0.0,0.0,20,0,0.06,-0.1,-0.1,19,30,63.3,318,67,8,11,72.7,11,12,91.7,0,2,0.0,0.1,-0.2,2,2,0,0,0,0,1,3,4,4.19,2,0,0,1,1,0,0,0,0,0,0,0,0,0,0,0,0,0,0,0,3,0.0,3,0,0,0,0,0,0,36,1,3,15,19,4,36,0,0,0.0,0,0.0,23,208,45,1,1,2,0,26,0,3,3,0,0,0,0,5,1,7,12.5
Gianluca Gaetano,ITA,"MF,FW",Cagliari,Serie A,24,2000,10,5,435,4.8,0,1,1,0,0,0,0,0,2.8,2.8,0.5,3.4,5,15,33,0.0,0.21,0.21,0.0,0.21,0.59,0.11,0.69,0.59,0.69,16,3,18.8,3.31,0.62,0.0,0.0,15,0,0.18,-2.8,-2.8,85,125,68.0,1429,421,44,58,75.9,28,40,70.0,10,16,62.5,0.7,0.5,9,6,8,0,2,2,6,6,20,4.14,13,1,2,3,1,0,1,0,1,0,0,0,0,0,5,3,2,3,0,3,9,33.3,6,4,0,3,8,6,0,187,5,20,83,86,25,187,10,4,40.0,6,60.0,109,578,178,8,3,13,8,132,0,7,5,1,0,0,0,17,4,6,40.0
Roberto Gagliardini,ITA,"MF,DF",Monza,Serie A,30,1994,4,0,95,1.1,0,0,0,0,0,0,1,0,0.0,0.0,0.2,0.2,2,6,3,0.0,0.0,0.0,0.0,0.0,0.0,0.16,0.16,0.0,0.16,0,0,0.0,0.0,0.0,0.0,0.0,0,0,0.0,0.0,0.0,50,54,92.6,865,240,23,24,95.8,22,24,91.7,3,4,75.0,0.0,-0.2,1,6,0,0,0,0,1,0,3,2.84,1,1,0,0,1,0,0,0,0,0,0,0,0,0,1,0,0,1,0,0,2,0.0,2,0,0,1,2,4,0,68,6,13,49,6,1,68,1,0,0.0,1,100.0,41,268,101,0,0,4,3,44,0,4,4,0,0,0,0,2,4,4,50.0
Cody Gakpo,NED,FW,Liverpool,Premier League,25,1999,13,5,556,6.2,2,1,3,2,0,0,3,0,2.2,2.2,1.1,3.3,15,19,85,0.32,0.16,0.49,0.32,0.49,0.36,0.18,0.54,0.36,0.54,19,5,26.3,3.08,0.81,0.11,0.4,16,0,0.12,-0.2,-0.2,166,216,76.9,2479,578,93,106,87.7,57,77,74.0,9,18,50.0,0.8,-0.1,12,10,9,3,1,3,26,5,23,3.73,18,0,0,3,2,0,1,0,1,0,0,0,0,0,10,6,4,4,2,6,9,66.7,3,6,0,5,15,6,1,287,9,33,89,173,28,287,15,12,80.0,1,6.7,198,1313,590,7,7,8,6,220,0,7,7,3,0,0,0,24,4,6,40.0
Javi Galán,ESP,DF,Atlético Madrid,La Liga,30,1994,7,5,406,4.5,0,2,2,0,0,0,3,0,0.0,0.0,1.3,1.3,15,13,28,0.0,0.44,0.44,0.0,0.44,0.01,0.29,0.3,0.01,0.3,2,0,0.0,0.44,0.0,0.0,0.0,18,0,0.02,0.0,0.0,197,235,83.8,2957,729,111,120,92.5,71,86,82.6,13,22,59.1,0.5,0.7,5,14,5,1,1,1,8,2,12,2.65,10,1,1,0,0,0,3,0,3,0,0,0,0,0,10,7,6,2,2,7,14,50.0,7,7,1,3,13,2,0,292,4,74,132,89,5,292,21,6,28.6,13,61.9,166,970,558,7,1,4,5,172,0,14,6,0,0,1,0,18,7,6,53.8
Iñigo Ruiz De Galarreta,ESP,MF,Athletic Club,La Liga,31,1993,11,8,630,7.0,0,1,1,0,0,0,2,0,0.1,0.1,1.2,1.2,10,63,19,0.0,0.14,0.14,0.0,0.14,0.01,0.17,0.18,0.01,0.18,2,0,0.0,0.29,0.0,0.0,0.0,21,0,0.04,-0.1,-0.1,322,385,83.6,6198,1786,115,129,89.1,172,189,91.0,34,57,59.6,1.1,-0.2,12,44,11,3,3,2,16,5,18,2.57,17,1,0,0,0,0,1,0,0,1,0,0,0,0,16,12,9,6,1,10,15,66.7,5,5,1,3,19,3,0,429,3,58,279,99,1,429,7,6,85.7,0,0.0,246,1245,614,9,0,6,11,315,0,11,9,0,0,0,0,50,1,1,50.0
Conor Gallagher,ENG,MF,Atlético Madrid,La Liga,24,2000,11,8,689,7.7,2,0,2,2,0,0,1,0,1.1,1.1,0.1,1.2,6,21,22,0.26,0.0,0.26,0.26,0.26,0.14,0.01,0.15,0.14,0.15,8,2,25.0,1.04,0.26,0.25,1.0,20,0,0.13,0.9,0.9,276,329,83.9,3742,797,179,198,90.4,79,97,81.4,8,16,50.0,0.4,-0.1,3,17,6,1,1,0,6,5,9,1.18,6,0,1,0,2,0,1,0,1,0,0,0,0,0,20,13,6,11,3,9,19,47.4,10,9,1,7,27,12,0,416,18,105,211,102,7,416,13,4,30.8,7,53.8,247,883,295,5,1,11,9,289,0,12,16,0,0,0,0,33,5,11,31.3
Antonino Gallo,ITA,DF,Lecce,Serie A,24,2000,13,13,1110,12.3,0,2,2,0,0,0,1,1,0.1,0.1,1.9,2.0,29,51,43,0.0,0.16,0.16,0.0,0.16,0.01,0.15,0.16,0.01,0.16,5,1,20.0,0.41,0.08,0.0,0.0,25,1,0.03,-0.1,-0.1,384,560,68.6,7392,3410,148,172,86.0,179,244,73.4,53,128,41.4,1.5,0.1,22,41,12,8,0,1,51,8,34,2.76,26,6,1,0,1,0,2,0,2,0,0,0,0,0,26,16,17,6,3,10,20,50.0,10,15,1,9,35,51,0,703,51,248,294,169,5,703,18,7,38.9,6,33.3,312,1925,1082,19,1,16,8,360,0,6,12,2,0,0,0,54,6,7,46.2
Cristian Gamboa,CRC,DF,Bochum,Bundesliga,35,1989,4,0,116,1.3,1,0,1,1,0,0,0,0,0.1,0.1,0.2,0.3,2,4,5,0.78,0.0,0.78,0.78,0.78,0.11,0.14,0.26,0.11,0.26,3,1,33.3,2.33,0.78,0.33,1.0,17,0,0.05,0.9,0.9,43,68,63.2,844,327,21,22,95.5,13,25,52.0,9,20,45.0,0.3,-0.2,3,2,2,1,1,2,7,1,6,4.66,4,0,0,0,2,0,0,0,0,0,0,0,0,0,1,1,1,0,0,1,2,50.0,1,0,0,0,1,2,0,77,2,15,36,27,4,77,1,0,0.0,1,100.0,47,200,93,1,1,2,0,47,0,0,3,0,0,0,0,7,0,1,0.0
Idrissa Gana Gueye,SEN,MF,Everton,Premier League,35,1989,12,10,890,9.9,0,0,0,0,0,0,2,0,0.7,0.7,0.6,1.3,13,54,8,0.0,0.0,0.0,0.0,0.0,0.07,0.06,0.14,0.07,0.14,14,2,14.3,1.42,0.2,0.0,0.0,24,0,0.05,-0.7,-0.7,382,449,85.1,6528,1711,189,209,90.4,156,175,89.1,33,46,71.7,0.7,-0.6,9,50,5,2,2,2,4,11,23,2.33,18,0,0,2,2,1,0,0,0,0,0,0,0,0,38,20,22,11,5,14,23,60.9,9,17,2,12,50,8,0,558,21,122,317,124,12,558,9,4,44.4,5,55.6,265,1299,647,11,2,12,15,335,0,21,15,0,0,0,0,55,9,4,69.2
Ignatius Ganago,CMR,"FW,MF",Nantes,Ligue 1,25,1999,9,0,141,1.6,0,0,0,0,0,0,1,0,0.3,0.3,0.2,0.5,4,7,22,0.0,0.0,0.0,0.0,0.0,0.19,0.14,0.34,0.19,0.34,5,0,0.0,3.19,0.0,0.0,0.0,9,0,0.06,-0.3,-0.3,38,50,76.0,556,125,18,23,78.3,19,22,86.4,0,2,0.0,0.1,-0.2,4,2,1,1,0,0,3,1,6,3.86,4,0,1,1,0,0,1,0,1,0,0,0,0,0,1,1,0,1,0,1,1,100.0,0,2,1,3,4,1,0,76,3,10,29,37,14,76,9,5,55.6,3,33.3,48,293,110,2,4,7,3,59,0,1,3,2,0,0,0,3,4,4,50.0
Aleix García,ESP,MF,Leverkusen,Bundesliga,27,1997,10,4,375,4.2,0,1,1,0,0,0,0,0,0.0,0.0,1.8,1.8,9,37,17,0.0,0.24,0.24,0.0,0.24,0.01,0.43,0.44,0.01,0.44,2,0,0.0,0.48,0.0,0.0,0.0,27,0,0.01,0.0,0.0,341,393,86.8,5709,1694,185,199,93.0,116,129,89.9,33,50,66.0,1.5,-0.8,11,34,3,1,0,6,33,4,21,5.05,13,7,0,1,0,0,2,0,0,1,0,1,0,0,4,1,1,2,1,2,4,50.0,2,2,0,2,6,4,0,421,12,52,214,157,2,421,0,0,0.0,0,0.0,200,957,407,7,1,4,1,336,0,2,1,1,0,0,0,15,1,4,20.0
Álvaro García,ESP,"MF,FW",Rayo Vallecano,La Liga,32,1992,12,9,814,9.0,1,0,1,1,0,0,3,0,1.8,1.8,1.2,3.1,22,31,79,0.11,0.0,0.11,0.11,0.11,0.2,0.14,0.34,0.2,0.34,17,3,17.6,1.88,0.33,0.06,0.33,19,0,0.11,-0.8,-0.8,191,292,65.4,3023,1092,99,127,78.0,69,103,67.0,14,35,40.0,1.4,-1.2,18,9,18,9,0,2,36,13,42,4.64,32,0,2,2,4,2,1,0,1,0,0,0,0,0,19,13,11,5,3,8,15,53.3,7,9,0,12,31,15,1,394,12,81,142,177,33,394,11,4,36.4,5,45.5,209,1038,512,9,7,17,7,242,0,7,7,6,0,0,0,36,3,6,33.3
Eric García,ESP,MF,Barcelona,La Liga,23,2001,9,3,452,5.0,0,1,1,0,0,0,0,0,0.6,0.6,0.4,0.9,8,29,5,0.0,0.2,0.2,0.0,0.2,0.12,0.07,0.19,0.12,0.19,5,2,40.0,1.0,0.4,0.0,0.0,9,0,0.12,-0.6,-0.6,268,297,90.2,4587,1594,111,128,86.7,131,137,95.6,18,19,94.7,0.5,0.6,1,33,6,0,1,0,1,4,9,1.79,7,0,0,2,0,0,4,0,3,0,0,1,0,0,10,4,2,6,2,4,6,66.7,2,8,3,4,14,9,0,350,16,69,227,55,10,350,4,1,25.0,2,50.0,154,716,428,3,1,3,1,248,0,7,3,0,0,0,0,11,11,11,50.0
Fran Garcia,ESP,DF,Real Madrid,La Liga,25,1999,11,6,597,6.6,0,0,0,0,0,0,0,0,0.4,0.4,0.2,0.7,13,35,47,0.0,0.0,0.0,0.0,0.0,0.07,0.04,0.1,0.07,0.1,6,2,33.3,0.9,0.3,0.0,0.0,20,0,0.07,-0.4,-0.4,381,427,89.2,5627,1319,236,249,94.8,113,129,87.6,21,31,67.7,0.4,-0.2,5,23,5,3,0,1,16,7,13,1.96,11,0,0,2,0,0,0,0,0,0,0,0,0,0,8,6,5,1,2,4,8,50.0,4,4,2,5,13,10,0,472,17,130,181,164,11,472,8,3,37.5,5,62.5,269,1042,564,7,3,4,4,313,0,2,7,1,0,0,0,38,4,4,50.0
Rubén García,ESP,"FW,MF",Osasuna,La Liga,31,1993,14,10,761,8.5,1,2,3,1,0,0,1,0,0.9,0.9,0.6,1.5,7,36,47,0.12,0.24,0.35,0.12,0.35,0.1,0.08,0.18,0.1,0.18,9,3,33.3,1.06,0.35,0.11,0.33,15,0,0.09,0.1,0.1,259,369,70.2,4615,1335,125,152,82.2,88,116,75.9,34,61,55.7,1.2,1.4,11,30,4,2,0,8,39,17,27,3.18,15,10,0,1,1,0,4,0,2,1,0,1,0,0,21,14,9,8,4,14,23,60.9,9,13,1,9,30,14,0,469,16,82,200,191,27,469,11,3,27.3,8,72.7,234,1061,340,7,4,17,4,294,0,10,9,5,0,0,0,44,10,15,40.0
Ulisses Garcia,SUI,DF,Marseille,Ligue 1,28,1996,8,4,394,4.4,1,1,2,1,0,0,1,0,0.4,0.4,0.7,1.0,10,14,58,0.23,0.23,0.46,0.23,0.46,0.08,0.15,0.23,0.08,0.23,5,1,20.0,1.14,0.23,0.2,1.0,15,0,0.07,0.6,0.6,201,246,81.7,2984,765,111,125,88.8,72,89,80.9,10,14,71.4,0.6,0.3,4,9,6,4,0,0,15,6,10,2.28,8,0,0,0,1,1,2,0,2,0,0,0,0,0,9,7,4,4,1,3,10,30.0,7,3,0,2,11,8,0,283,6,53,131,100,10,283,9,4,44.4,5,55.6,142,652,237,3,1,7,6,180,0,4,4,2,0,0,0,21,9,3,75.0
Alejandro Garnacho,ARG,"FW,MF",Manchester Utd,Premier League,20,2004,13,8,825,9.2,3,1,4,3,0,0,1,0,3.8,3.8,1.1,4.9,55,15,107,0.33,0.11,0.44,0.33,0.44,0.41,0.12,0.53,0.41,0.53,34,13,38.2,3.71,1.42,0.09,0.23,16,0,0.11,-0.8,-0.8,225,286,78.7,3397,442,142,160,88.8,60,71,84.5,16,29,55.2,0.5,-0.1,10,7,6,1,1,7,18,14,22,2.4,17,1,2,1,1,0,1,0,1,0,0,0,0,0,13,10,4,4,5,3,13,23.1,10,7,0,5,18,7,1,422,6,50,157,220,57,422,33,6,18.2,24,72.7,292,2340,1136,24,26,26,19,319,0,5,12,3,0,0,0,49,1,11,8.3
James Garner,ENG,"DF,MF",Everton,Premier League,23,2001,4,2,253,2.8,0,0,0,0,0,0,1,0,0.0,0.0,0.0,0.1,1,3,4,0.0,0.0,0.0,0.0,0.0,0.02,0.01,0.02,0.02,0.02,2,0,0.0,0.71,0.0,0.0,0.0,29,1,0.02,0.0,0.0,68,102,66.7,1083,598,31,38,81.6,31,42,73.8,5,11,45.5,0.1,0.0,1,6,1,1,0,0,6,8,5,1.78,4,1,0,0,0,0,0,0,0,0,0,0,0,0,10,8,6,4,0,7,10,70.0,3,2,2,4,14,9,0,134,13,46,62,26,1,134,5,2,40.0,3,60.0,55,199,63,1,0,1,1,62,0,4,0,0,0,0,0,14,1,2,33.3
Yarek Gasiorowski,ESP,DF,Valencia,La Liga,19,2005,6,5,459,5.1,0,0,0,0,0,0,0,0,0.1,0.1,0.1,0.2,1,11,0,0.0,0.0,0.0,0.0,0.0,0.03,0.01,0.04,0.03,0.04,1,0,0.0,0.2,0.0,0.0,0.0,8,0,0.15,-0.1,-0.1,194,245,79.2,3766,1318,59,69,85.5,113,128,88.3,21,42,50.0,0.3,-0.1,2,10,2,0,1,0,1,3,3,0.59,3,0,0,0,0,0,0,0,0,0,0,0,0,0,16,13,14,2,0,8,11,72.7,3,7,3,6,22,27,0,307,35,156,144,11,2,307,0,0,0.0,0,0.0,138,616,265,0,0,1,0,166,0,0,1,0,0,0,0,22,13,6,68.4
Federico Gatti,ITA,DF,Juventus,Serie A,26,1998,12,11,952,10.6,0,0,0,0,0,0,2,0,0.6,0.6,0.1,0.7,12,23,3,0.0,0.0,0.0,0.0,0.0,0.06,0.01,0.07,0.06,0.07,8,4,50.0,0.76,0.38,0.0,0.0,15,0,0.08,-0.6,-0.6,682,711,95.9,12262,3506,234,241,97.1,416,428,97.2,30,35,85.7,0.1,-0.1,2,19,0,0,0,0,0,2,6,0.57,3,0,0,2,0,1,1,0,0,0,0,1,0,0,10,7,8,2,0,7,10,70.0,3,11,8,8,18,29,0,798,78,396,391,16,10,798,5,4,80.0,0,0.0,552,3600,2012,2,1,5,2,626,0,9,11,0,0,0,0,47,20,10,66.7
Gavi,ESP,MF,Barcelona,La Liga,20,2004,7,2,164,1.8,0,0,0,0,0,0,1,0,0.0,0.0,0.7,0.7,1,12,3,0.0,0.0,0.0,0.0,0.0,0.0,0.4,0.4,0.0,0.4,0,0,0.0,0.0,0.0,0.0,0.0,0,0,0.0,0.0,0.0,116,133,87.2,1749,425,62,70,88.6,36,41,87.8,8,11,72.7,0.2,-0.7,3,15,1,0,1,1,2,0,7,3.84,6,0,1,0,0,0,1,0,1,0,0,0,0,0,5,4,3,2,0,3,3,100.0,0,5,1,4,9,2,0,159,2,33,99,28,2,159,5,2,40.0,2,40.0,85,381,189,3,0,5,3,114,0,5,5,0,0,0,0,9,2,4,33.3
Jean-Philippe Gbamin,CIV,MF,Nantes,Ligue 1,29,1995,8,2,185,2.1,0,0,0,0,0,0,1,0,0.1,0.1,0.0,0.1,1,11,1,0.0,0.0,0.0,0.0,0.0,0.03,0.0,0.03,0.03,0.03,1,0,0.0,0.49,0.0,0.0,0.0,11,0,0.07,-0.1,-0.1,80,102,78.4,1251,377,46,58,79.3,29,32,90.6,4,7,57.1,0.0,0.0,0,10,1,0,0,2,0,2,4,1.95,3,0,0,0,1,0,0,0,0,0,0,0,0,0,2,1,0,2,0,1,3,33.3,2,4,1,3,5,2,0,125,3,22,88,16,3,125,2,1,50.0,1,50.0,72,211,101,1,0,4,0,80,0,1,5,0,0,0,0,10,7,1,87.5
Yann Gboho,FRA,"MF,FW",Toulouse,Ligue 1,23,2001,13,13,1092,12.1,2,2,4,2,0,0,0,0,2.2,2.2,2.1,4.3,62,42,106,0.16,0.16,0.33,0.16,0.33,0.18,0.17,0.36,0.18,0.36,22,9,40.9,1.81,0.74,0.09,0.22,16,0,0.1,-0.2,-0.2,180,272,66.2,2579,866,106,135,78.5,55,77,71.4,9,16,56.3,2.3,-0.1,13,21,14,0,3,1,17,18,40,3.3,25,0,9,2,4,0,2,0,1,0,0,1,0,0,15,6,4,6,5,7,14,50.0,7,10,0,3,18,2,0,432,1,31,170,244,70,432,68,32,47.1,34,50.0,321,2354,1360,35,20,36,28,324,0,11,30,0,1,0,0,53,4,19,17.4
Viggo Gebel,GER,MF,Rb Leipzig,Bundesliga,17,2007,1,0,14,0.2,0,0,0,0,0,0,0,0,0.0,0.0,0.0,0.0,0,0,3,0.0,0.0,0.0,0.0,0.0,0.0,0.0,0.0,0.0,0.0,0,0,0.0,0.0,0.0,0.0,0.0,0,0,0.0,0.0,0.0,3,4,75.0,43,11,2,2,100.0,1,2,50.0,0,0,0.0,0.0,0.0,0,0,0,0,0,0,0,0,1,6.43,0,0,0,0,1,0,0,0,0,0,0,0,0,0,0,0,0,0,0,0,0,0.0,0,0,0,0,0,0,0,6,0,0,3,3,1,6,1,0,0.0,1,100.0,5,18,4,0,0,1,0,5,0,0,1,0,0,0,0,0,1,0,100.0
Lutsharel Geertruida,NED,DF,Rb Leipzig,Bundesliga,24,2000,9,7,683,7.6,1,0,1,1,0,0,1,0,0.9,0.9,0.3,1.2,12,43,21,0.13,0.0,0.13,0.13,0.13,0.12,0.04,0.16,0.12,0.16,3,1,33.3,0.4,0.13,0.33,1.0,7,0,0.29,0.1,0.1,447,517,86.5,7342,2604,214,237,90.3,198,223,88.8,25,39,64.1,0.5,-0.3,3,40,5,1,1,1,7,4,9,1.19,7,1,0,0,0,1,0,0,0,0,0,0,0,0,14,8,8,6,0,7,17,41.2,10,7,1,7,21,26,3,585,23,147,370,73,10,585,10,4,40.0,6,60.0,286,1079,613,5,0,6,3,379,0,9,4,0,0,1,0,32,8,2,80.0
Dennis Geiger,GER,MF,Hoffenheim,Bundesliga,26,1998,4,2,181,2.0,0,0,0,0,0,0,0,0,0.0,0.0,0.1,0.1,4,6,6,0.0,0.0,0.0,0.0,0.0,0.01,0.06,0.07,0.01,0.07,1,0,0.0,0.5,0.0,0.0,0.0,26,0,0.02,0.0,0.0,54,69,78.3,757,205,34,41,82.9,20,22,90.9,0,2,0.0,0.2,-0.1,2,5,2,0,1,0,1,1,6,2.97,5,0,0,0,1,0,0,0,0,0,0,0,0,0,6,5,2,3,1,3,5,60.0,2,1,0,1,7,0,0,85,1,16,41,29,2,85,1,1,100.0,0,0.0,58,369,211,5,1,2,3,61,0,6,3,0,0,1,0,6,1,2,33.3
Valentin Gendrey,FRA,DF,Lecce,Serie A,24,2000,2,2,180,2.0,0,0,0,0,0,0,0,0,0.2,0.2,0.1,0.3,7,5,4,0.0,0.0,0.0,0.0,0.0,0.09,0.05,0.14,0.09,0.14,2,0,0.0,1.0,0.0,0.0,0.0,12,0,0.09,-0.2,-0.2,42,55,76.4,745,342,20,22,90.9,17,23,73.9,5,9,55.6,0.1,-0.1,2,5,2,1,0,0,3,0,3,1.5,2,1,0,0,0,0,0,0,0,0,0,0,0,0,2,2,1,0,1,1,1,100.0,0,3,1,2,4,1,0,69,3,16,38,15,3,69,0,0,0.0,0,0.0,32,254,144,4,0,1,0,39,0,1,2,0,0,0,0,3,1,3,25.0
Valentin Gendrey,FRA,DF,Hoffenheim,Bundesliga,24,2000,9,4,499,5.5,1,0,1,1,0,0,0,0,0.3,0.3,0.8,1.1,9,12,42,0.18,0.0,0.18,0.18,0.18,0.06,0.14,0.2,0.06,0.2,2,1,50.0,0.36,0.18,0.5,1.0,20,0,0.17,0.7,0.7,152,229,66.4,2477,891,73,88,83.0,65,100,65.0,11,28,39.3,1.2,-0.8,9,10,5,4,0,1,21,8,15,2.71,13,0,1,0,1,0,0,0,0,0,0,0,0,0,14,8,9,4,1,4,7,57.1,3,6,2,5,19,24,0,304,22,83,99,127,14,304,6,3,50.0,3,50.0,117,581,292,7,4,8,8,130,0,2,12,2,0,0,0,25,12,12,50.0
Denis Genreau,AUS,"MF,FW",Toulouse,Ligue 1,25,1999,3,0,32,0.4,0,0,0,0,0,0,0,0,0.1,0.1,0.4,0.5,3,6,1,0.0,0.0,0.0,0.0,0.0,0.24,1.06,1.3,0.24,1.3,3,0,0.0,8.44,0.0,0.0,0.0,25,0,0.03,-0.1,-0.1,25,33,75.8,361,181,16,18,88.9,5,6,83.3,2,6,33.3,0.3,-0.4,4,1,3,0,0,0,6,1,5,14.06,3,1,0,1,0,0,0,0,0,0,0,0,0,0,0,0,0,0,0,0,1,0.0,1,0,0,0,0,0,0,39,0,3,16,20,2,39,0,0,0.0,0,0.0,19,130,96,3,0,1,1,25,0,0,1,0,0,0,0,2,0,0,0.0
Yannick Gerhardt,GER,"MF,DF",Wolfsburg,Bundesliga,30,1994,10,2,339,3.8,1,0,1,1,0,0,0,1,0.3,0.3,0.0,0.3,5,11,15,0.27,0.0,0.27,0.27,0.27,0.07,0.0,0.07,0.07,0.07,5,1,20.0,1.33,0.27,0.2,1.0,18,0,0.05,0.7,0.7,80,128,62.5,1227,431,41,60,68.3,34,47,72.3,3,12,25.0,0.2,0.0,0,6,3,0,0,0,4,5,3,0.8,0,0,1,1,1,0,0,0,0,0,0,0,0,0,7,5,5,2,0,3,6,50.0,3,7,0,7,14,14,0,173,9,48,77,49,9,173,2,1,50.0,1,50.0,60,350,132,0,2,3,1,82,0,3,2,0,0,0,0,12,11,7,61.1
Max Geschwill,GER,DF,Holstein Kiel,Bundesliga,23,2001,10,8,744,8.3,1,2,3,1,0,0,2,0,0.6,0.6,0.6,1.2,1,27,9,0.12,0.24,0.36,0.12,0.36,0.07,0.07,0.14,0.07,0.14,6,1,16.7,0.73,0.12,0.17,1.0,10,0,0.09,0.4,0.4,289,387,74.7,5501,2456,98,116,84.5,155,184,84.2,36,73,49.3,0.7,1.4,6,22,2,2,0,0,5,14,15,1.81,9,2,0,2,0,2,2,0,1,0,0,0,0,1,13,11,7,6,0,7,9,77.8,2,10,6,18,31,28,0,477,44,238,203,40,9,477,4,2,50.0,2,50.0,208,792,331,2,0,0,1,280,0,9,4,0,0,0,0,32,12,12,50.0
Daniele Ghilardi,ITA,DF,Hellas Verona,Serie A,21,2003,5,4,403,4.5,0,0,0,0,0,0,1,0,0.1,0.1,0.1,0.3,1,12,0,0.0,0.0,0.0,0.0,0.0,0.03,0.03,0.06,0.03,0.06,3,2,66.7,0.67,0.45,0.0,0.0,10,0,0.04,-0.1,-0.1,170,196,86.7,3293,1203,57,61,93.4,96,103,93.2,16,29,55.2,0.0,-0.1,1,12,0,0,0,1,0,1,3,0.67,2,0,0,0,1,0,1,0,1,0,0,0,0,0,6,4,3,3,0,4,7,57.1,3,5,3,4,10,23,0,242,27,107,123,13,5,242,1,1,100.0,0,0.0,132,613,282,4,0,1,0,154,0,8,8,0,0,0,0,8,10,13,43.5
Lautaro Gianetti,ARG,DF,Udinese,Serie A,31,1993,10,9,668,7.4,1,0,1,1,0,0,4,0,0.1,0.0,0.0,0.0,0,16,3,0.13,0.0,0.13,0.13,0.13,0.01,0.0,0.01,0.0,0.0,1,1,100.0,0.13,0.13,1.0,1.0,5,0,0.0,0.9,1.0,274,332,82.5,5087,1818,86,95,90.5,150,178,84.3,30,47,63.8,0.2,0.0,1,11,2,0,0,2,0,1,4,0.54,4,0,0,0,0,0,0,0,0,0,0,0,0,0,17,7,12,4,1,10,16,62.5,6,13,5,11,28,24,0,400,68,216,171,15,6,400,2,0,0.0,2,100.0,179,710,234,0,0,2,0,223,0,6,0,0,0,1,1,25,19,10,65.5
Dimitris Giannoulis,GRE,DF,Augsburg,Bundesliga,29,1995,11,11,917,10.2,0,1,1,0,0,0,3,0,0.7,0.7,0.9,1.6,14,33,49,0.0,0.1,0.1,0.0,0.1,0.07,0.09,0.16,0.07,0.16,8,3,37.5,0.79,0.29,0.0,0.0,18,0,0.09,-0.7,-0.7,342,457,74.8,5701,2528,173,194,89.2,130,161,80.7,31,72,43.1,1.9,0.1,8,24,14,6,2,1,34,15,18,1.77,13,1,1,2,1,0,2,0,1,0,0,1,0,0,16,11,8,7,1,14,23,60.9,9,20,5,16,32,25,0,579,29,172,230,184,21,579,19,10,52.6,6,31.6,242,1337,780,9,3,22,3,296,0,6,9,0,1,0,0,43,5,12,29.4
Morgan Gibbs-White,ENG,MF,Nott'Ham Forest,Premier League,24,2000,9,9,703,7.8,1,0,1,1,0,0,4,1,1.2,1.2,1.1,2.4,21,40,32,0.13,0.0,0.13,0.13,0.13,0.16,0.14,0.3,0.16,0.3,18,8,44.4,2.3,1.02,0.06,0.13,16,2,0.07,-0.2,-0.2,232,305,76.1,3384,1037,139,164,84.8,64,83,77.1,18,31,58.1,1.2,-1.1,14,37,7,0,7,4,5,10,31,3.97,25,0,2,3,1,0,4,0,3,0,0,1,0,0,13,4,4,7,2,3,5,60.0,2,2,1,4,17,7,0,400,9,40,196,168,30,400,26,12,46.2,11,42.3,229,1198,686,15,5,13,17,303,1,17,12,2,0,0,0,32,10,11,47.6
Samuel Gigot,FRA,DF,Lazio,Serie A,31,1993,4,0,64,0.7,1,0,1,1,0,0,1,0,0.9,0.9,0.0,0.9,1,4,2,1.41,0.0,1.41,1.41,1.41,1.22,0.0,1.22,1.22,1.22,1,1,100.0,1.41,1.41,1.0,1.0,1,0,0.87,0.1,0.1,61,66,92.4,1089,244,23,25,92.0,34,35,97.1,3,3,100.0,0.0,0.0,0,3,0,0,0,0,0,1,1,1.41,1,0,0,0,0,0,0,0,0,0,0,0,0,0,0,0,0,0,0,0,1,0.0,1,1,0,1,1,2,0,74,5,22,47,5,2,74,1,1,100.0,0,0.0,36,134,47,1,0,0,0,52,0,4,1,0,0,0,0,4,3,1,75.0
Armin Gigovic,BIH,MF,Holstein Kiel,Bundesliga,22,2002,11,7,599,6.7,2,0,2,2,0,0,2,0,0.5,0.5,0.2,0.7,14,14,11,0.3,0.0,0.3,0.3,0.3,0.08,0.03,0.1,0.08,0.1,9,3,33.3,1.35,0.45,0.22,0.67,18,1,0.06,1.5,1.5,161,212,75.9,2491,686,90,109,82.6,58,67,86.6,8,19,42.1,0.2,-0.2,3,13,2,0,0,0,5,8,11,1.65,6,1,1,0,3,0,2,0,0,0,1,0,1,0,9,5,5,3,1,2,10,20.0,8,6,0,9,18,14,0,297,23,88,150,62,13,297,17,7,41.2,5,29.4,146,844,353,5,4,13,6,173,0,5,8,0,1,1,0,36,5,4,55.6
Bryan Gil,ESP,"FW,MF",Girona,La Liga,23,2001,13,10,859,9.5,2,3,5,2,0,0,2,0,1.5,1.5,2.7,4.2,30,40,108,0.21,0.31,0.52,0.21,0.52,0.16,0.29,0.44,0.16,0.44,18,8,44.4,1.89,0.84,0.11,0.25,20,0,0.08,0.5,0.5,334,400,83.5,4722,962,202,223,90.6,112,123,91.1,10,28,35.7,2.5,0.3,15,17,17,4,0,0,39,13,34,3.57,25,1,5,0,2,1,5,0,5,0,0,0,0,0,18,13,6,7,5,8,15,53.3,7,13,0,5,23,6,1,530,6,58,182,297,45,530,52,23,44.2,23,44.2,355,2155,956,15,17,21,24,408,0,13,17,2,0,0,0,38,0,3,0.0
Mario Gila,ESP,DF,Lazio,Serie A,24,2000,11,11,984,10.9,1,0,1,1,0,0,4,0,0.6,0.6,0.2,0.8,15,59,2,0.09,0.0,0.09,0.09,0.09,0.05,0.02,0.08,0.05,0.08,6,2,33.3,0.55,0.18,0.17,0.5,13,0,0.1,0.4,0.4,633,690,91.7,11830,4029,222,235,94.5,343,359,95.5,58,76,76.3,0.4,-0.2,5,52,4,0,3,6,0,2,11,1.01,10,0,0,1,0,0,1,0,1,0,0,0,0,0,24,19,15,8,1,16,23,69.6,7,6,4,8,32,43,2,795,85,343,416,42,12,795,5,2,40.0,2,40.0,485,2826,1656,12,0,5,2,560,0,12,11,0,0,0,1,42,26,32,44.8
Billy Gilmour,SCO,MF,Brighton,Premier League,23,2001,2,1,98,1.1,0,0,0,0,0,0,0,0,0.1,0.1,0.0,0.1,2,11,2,0.0,0.0,0.0,0.0,0.0,0.07,0.0,0.07,0.07,0.07,1,0,0.0,0.92,0.0,0.0,0.0,25,1,0.08,-0.1,-0.1,58,67,86.6,980,346,36,38,94.7,18,22,81.8,4,7,57.1,0.0,0.0,0,12,2,0,1,2,1,0,3,2.76,3,0,0,0,0,0,0,0,0,0,0,0,0,0,3,3,2,1,0,3,4,75.0,1,1,0,0,3,1,0,73,2,14,46,13,0,73,2,1,50.0,1,50.0,44,210,117,0,0,0,0,58,0,2,3,0,0,0,0,5,0,0,0.0
Billy Gilmour,SCO,MF,Napoli,Serie A,23,2001,9,5,393,4.4,0,0,0,0,0,0,0,0,0.1,0.1,0.3,0.4,3,22,4,0.0,0.0,0.0,0.0,0.0,0.01,0.07,0.08,0.01,0.08,2,0,0.0,0.46,0.0,0.0,0.0,25,0,0.03,-0.1,-0.1,247,277,89.2,4330,1225,108,119,90.8,112,120,93.3,22,30,73.3,0.5,-0.3,5,20,4,0,1,3,4,1,10,2.3,7,2,1,0,0,0,1,0,1,0,0,0,0,0,8,3,2,1,5,3,7,42.9,4,5,1,2,10,6,0,310,15,75,187,48,0,310,5,3,60.0,2,40.0,153,664,279,2,0,0,4,236,0,5,3,0,0,0,0,19,7,5,58.3
Benedikt Gimber,GER,DF,Heidenheim,Bundesliga,27,1997,12,12,1053,11.7,0,0,0,0,0,0,4,0,0.1,0.1,0.3,0.4,5,20,5,0.0,0.0,0.0,0.0,0.0,0.01,0.02,0.03,0.01,0.03,3,0,0.0,0.26,0.0,0.0,0.0,10,0,0.04,-0.1,-0.1,438,546,80.2,9130,2987,106,130,81.5,281,310,90.6,49,87,56.3,0.3,-0.3,1,11,0,0,0,3,1,6,5,0.43,4,0,0,1,0,0,0,0,0,0,0,0,0,0,39,22,29,10,0,21,31,67.7,10,24,6,13,52,58,0,707,85,427,270,20,9,707,4,2,50.0,0,0.0,369,1744,798,4,0,10,2,395,0,23,17,0,0,0,0,44,35,14,71.4
Gvidas Gineitis,LTU,MF,Torino,Serie A,20,2004,9,4,414,4.6,0,1,1,0,0,0,0,0,0.3,0.3,1.0,1.3,2,8,16,0.0,0.22,0.22,0.0,0.22,0.07,0.22,0.29,0.07,0.29,5,2,40.0,1.09,0.43,0.0,0.0,24,0,0.06,-0.3,-0.3,136,183,74.3,2197,569,69,79,87.3,51,60,85.0,11,29,37.9,0.8,0.0,7,7,2,1,1,0,27,7,14,3.04,10,2,0,2,0,0,1,0,1,0,0,0,0,0,6,3,3,2,1,2,6,33.3,4,4,2,4,10,13,0,227,12,48,102,78,2,227,2,1,50.0,1,50.0,117,411,188,1,0,6,4,136,0,8,3,0,0,0,0,17,2,8,20.0
Matthias Ginter,GER,DF,Freiburg,Bundesliga,30,1994,11,8,787,8.7,0,0,0,0,0,0,1,0,0.4,0.4,0.2,0.6,3,43,5,0.0,0.0,0.0,0.0,0.0,0.05,0.03,0.07,0.05,0.07,5,0,0.0,0.57,0.0,0.0,0.0,13,0,0.08,-0.4,-0.4,420,505,83.2,8284,3465,150,168,89.3,221,243,90.9,46,86,53.5,0.5,-0.2,4,32,5,1,0,6,6,4,9,1.03,6,1,0,1,1,0,0,0,0,0,0,0,0,0,10,7,6,3,1,4,6,66.7,2,12,7,3,13,38,1,580,56,274,279,29,12,580,1,1,100.0,0,0.0,335,1753,952,5,1,0,0,395,0,6,7,1,1,0,0,27,31,15,67.4
Jamie Gittens,ENG,"FW,MF",Dortmund,Bundesliga,20,2004,12,8,709,7.9,4,3,7,4,0,0,2,0,1.8,1.8,1.2,3.0,50,12,58,0.51,0.38,0.89,0.51,0.89,0.22,0.16,0.38,0.22,0.38,19,10,52.6,2.41,1.27,0.21,0.4,16,0,0.09,2.2,2.2,153,196,78.1,2037,380,99,109,90.8,45,56,80.4,4,11,36.4,2.2,1.8,9,7,7,1,0,1,15,11,29,3.68,12,0,14,3,0,0,7,0,3,0,4,0,0,0,13,6,3,6,4,5,8,62.5,3,5,0,5,18,3,0,312,1,29,116,174,42,312,68,38,55.9,26,38.2,220,1938,1107,20,27,16,18,229,0,15,12,3,0,0,0,20,1,1,50.0
Serge Gnabry,GER,"FW,MF",Bayern Munich,Bundesliga,29,1995,9,6,494,5.5,2,2,4,2,0,0,0,0,2.3,2.3,2.3,4.6,24,27,72,0.36,0.36,0.73,0.36,0.73,0.43,0.41,0.84,0.43,0.84,19,8,42.1,3.46,1.46,0.11,0.25,14,0,0.12,-0.3,-0.3,236,288,81.9,3561,723,142,161,88.2,84,102,82.4,5,9,55.6,2.6,-0.3,8,8,15,2,1,0,18,10,23,4.21,17,0,3,2,0,1,6,1,4,0,1,0,0,1,7,5,3,1,3,3,7,42.9,4,4,0,4,11,3,0,346,3,26,124,196,38,346,19,8,42.1,10,52.6,223,1276,613,10,13,8,2,272,0,5,0,2,0,0,0,22,1,2,33.3
Ben Godfrey,ENG,DF,Atalanta,Serie A,26,1998,1,0,23,0.3,0,0,0,0,0,0,0,0,0.0,0.0,0.0,0.0,0,1,1,0.0,0.0,0.0,0.0,0.0,0.0,0.0,0.0,0.0,0.0,0,0,0.0,0.0,0.0,0.0,0.0,0,0,0.0,0.0,0.0,8,10,80.0,122,16,5,5,100.0,2,3,66.7,1,1,100.0,0.0,0.0,0,2,0,0,0,0,0,1,0,0.0,0,0,0,0,0,0,0,0,0,0,0,0,0,0,0,0,0,0,0,0,1,0.0,1,1,1,0,0,0,0,11,0,2,8,1,1,11,0,0,0.0,0,0.0,5,17,1,0,0,1,0,8,0,1,0,0,0,0,0,2,0,0,0.0
Saba Goglichidze,GEO,DF,Empoli,Serie A,20,2004,11,11,868,9.6,0,0,0,0,0,0,0,1,0.0,0.0,0.0,0.0,4,17,2,0.0,0.0,0.0,0.0,0.0,0.0,0.0,0.0,0.0,0.0,0,0,0.0,0.0,0.0,0.0,0.0,0,0,0.0,0.0,0.0,260,323,80.5,4904,1595,88,97,90.7,150,169,88.8,21,47,44.7,0.1,0.0,1,19,0,0,0,1,1,5,2,0.21,2,0,0,0,0,0,0,0,0,0,0,0,0,0,23,15,14,9,0,11,18,61.1,7,10,5,14,37,33,0,413,39,213,187,17,1,413,4,1,25.0,2,50.0,199,937,371,5,1,4,2,246,0,9,6,0,0,0,0,30,9,22,29.0
Edoardo Goldaniga,ITA,DF,Como,Serie A,31,1993,11,7,676,7.5,0,0,0,0,0,0,3,0,0.6,0.6,0.0,0.6,8,32,5,0.0,0.0,0.0,0.0,0.0,0.08,0.0,0.08,0.08,0.08,3,1,33.3,0.4,0.13,0.0,0.0,8,0,0.21,-0.6,-0.6,391,462,84.6,7405,3079,148,157,94.3,195,216,90.3,38,69,55.1,0.1,0.0,0,27,3,1,0,3,5,6,8,1.06,4,1,0,3,0,0,1,0,0,0,0,1,0,0,11,7,9,1,1,5,6,83.3,1,4,1,7,18,25,0,521,29,221,255,47,4,521,4,2,50.0,2,50.0,326,1719,839,4,0,2,2,353,0,7,9,0,0,0,0,22,13,9,59.1
Aleksandr Golovin,RUS,"MF,FW",Monaco,Ligue 1,28,1996,10,8,706,7.8,2,0,2,2,0,0,0,0,1.1,1.1,1.8,2.9,29,71,42,0.25,0.0,0.25,0.25,0.25,0.14,0.22,0.37,0.14,0.37,15,5,33.3,1.91,0.64,0.13,0.4,21,0,0.07,0.9,0.9,346,429,80.7,5433,1867,182,215,84.7,115,135,85.2,32,51,62.7,2.4,-1.8,17,46,17,2,5,2,15,5,28,3.56,21,3,2,2,0,0,0,0,0,0,0,0,0,0,21,15,6,11,4,11,21,52.4,10,9,3,5,26,6,0,526,6,65,277,193,21,526,19,12,63.2,5,26.3,336,2029,1084,27,8,16,11,364,0,14,15,0,0,0,0,60,7,6,53.8
André Gomes,POR,MF,Lille,Ligue 1,31,1993,5,5,356,4.0,0,0,0,0,0,0,1,0,0.0,0.0,0.1,0.2,2,16,5,0.0,0.0,0.0,0.0,0.0,0.01,0.04,0.04,0.01,0.04,1,0,0.0,0.25,0.0,0.0,0.0,30,0,0.02,0.0,0.0,214,242,88.4,3675,892,104,108,96.3,84,94,89.4,22,28,78.6,0.6,-0.1,3,18,1,0,2,3,1,4,9,2.28,8,0,1,0,0,0,0,0,0,0,0,0,0,0,4,3,2,1,1,1,5,20.0,4,2,1,3,7,2,1,271,9,66,163,44,4,271,5,2,40.0,3,60.0,159,543,281,2,0,8,5,202,0,10,4,0,0,0,0,34,2,4,33.3
Angel Gomes,ENG,MF,Lille,Ligue 1,24,2000,10,8,612,6.8,1,1,2,1,0,1,1,0,1.7,0.9,2.1,2.9,13,35,40,0.15,0.15,0.29,0.15,0.29,0.24,0.3,0.55,0.13,0.43,6,2,33.3,0.88,0.29,0.17,0.5,21,2,0.14,-0.7,0.1,222,277,80.1,3542,1009,110,131,84.0,89,105,84.8,14,22,63.6,1.2,-1.1,13,19,12,2,2,1,8,5,24,3.52,20,2,0,0,2,0,3,0,3,0,0,0,0,0,7,4,3,2,2,1,7,14.3,6,0,0,0,7,2,0,313,2,29,165,123,17,312,7,5,71.4,1,14.3,191,1033,548,14,3,9,2,245,0,4,8,0,1,0,0,15,4,5,44.4
João Gomes,BRA,MF,Wolves,Premier League,23,2001,13,13,1106,12.3,2,1,3,2,0,0,4,0,0.7,0.7,0.2,0.9,24,52,21,0.16,0.08,0.24,0.16,0.24,0.06,0.02,0.08,0.06,0.08,12,4,33.3,0.98,0.33,0.17,0.5,19,0,0.06,1.3,1.3,437,521,83.9,6650,1698,246,278,88.5,145,168,86.3,30,41,73.2,0.4,0.8,6,43,6,0,1,2,9,10,20,1.63,16,1,2,0,0,1,2,0,2,0,0,0,0,0,44,22,26,17,1,10,35,28.6,25,14,1,10,54,10,0,643,22,147,364,142,12,643,20,12,60.0,6,30.0,335,2159,1132,21,4,12,18,410,0,27,12,1,0,0,0,72,4,11,26.7
Rodrigo Gomes,POR,"FW,DF",Wolves,Premier League,21,2003,7,3,253,2.8,0,0,0,0,0,0,0,0,0.1,0.1,0.2,0.2,10,6,28,0.0,0.0,0.0,0.0,0.0,0.02,0.06,0.08,0.02,0.08,2,0,0.0,0.71,0.0,0.0,0.0,20,0,0.03,-0.1,-0.1,46,79,58.2,637,119,32,43,74.4,13,25,52.0,1,5,20.0,0.1,-0.2,3,2,3,0,1,0,8,4,4,1.42,4,0,0,0,0,0,0,0,0,0,0,0,0,0,5,2,3,2,0,1,4,25.0,3,3,0,1,6,5,1,108,5,20,33,56,13,108,5,2,40.0,3,60.0,60,456,300,6,6,6,5,76,0,0,2,0,0,0,0,5,2,2,50.0
Toti Gomes,POR,DF,Wolves,Premier League,25,1999,11,11,890,9.9,0,1,1,0,0,0,4,0,0.0,0.0,0.5,0.6,5,23,3,0.0,0.1,0.1,0.0,0.1,0.0,0.05,0.06,0.0,0.06,2,0,0.0,0.2,0.0,0.0,0.0,25,0,0.01,0.0,0.0,450,532,84.6,7970,2809,195,217,89.9,215,233,92.3,37,61,60.7,0.3,0.5,2,27,1,0,0,1,2,9,7,0.71,7,0,0,0,0,0,1,0,1,0,0,0,0,0,18,14,12,5,1,7,9,77.8,2,6,3,5,23,46,1,619,89,319,275,35,6,619,6,5,83.3,0,0.0,359,1887,1021,8,0,10,7,412,0,11,4,3,0,1,0,31,17,6,73.9
Carlos Gómez,COL,"MF,FW",Rennes,Ligue 1,22,2002,7,2,262,2.9,1,0,1,1,0,0,0,0,0.1,0.1,0.2,0.3,7,5,36,0.34,0.0,0.34,0.34,0.34,0.04,0.06,0.09,0.04,0.09,3,2,66.7,1.03,0.69,0.33,0.5,18,0,0.04,0.9,0.9,68,92,73.9,959,216,42,48,87.5,20,32,62.5,4,8,50.0,0.2,-0.2,4,2,4,2,1,0,16,1,9,3.09,7,0,1,0,1,0,0,0,0,0,0,0,0,0,6,5,2,3,1,2,5,40.0,3,3,0,1,7,1,0,130,4,13,51,68,10,130,14,6,42.9,8,57.1,90,416,194,3,4,10,4,94,0,7,2,0,0,0,0,13,0,2,0.0
Dani Gómez,ESP,FW,Valencia,La Liga,26,1998,11,4,426,4.7,1,0,1,1,0,0,0,0,1.3,1.3,0.0,1.3,2,3,14,0.21,0.0,0.21,0.21,0.21,0.27,0.0,0.27,0.27,0.27,8,4,50.0,1.69,0.85,0.13,0.25,13,0,0.16,-0.3,-0.3,44,61,72.1,535,59,32,37,86.5,10,15,66.7,0,0,0.0,0.0,0.0,0,3,0,0,0,0,0,6,3,0.64,1,0,0,1,0,1,0,0,0,0,0,0,0,0,3,2,0,0,3,0,0,0.0,0,1,0,2,5,3,0,95,3,9,37,50,12,95,5,1,20.0,4,80.0,50,240,83,3,2,7,6,61,0,4,5,9,0,0,0,8,4,12,25.0
Joe Gomez,ENG,DF,Liverpool,Premier League,27,1997,4,1,147,1.6,0,0,0,0,0,0,0,0,0.3,0.3,0.0,0.3,0,3,0,0.0,0.0,0.0,0.0,0.0,0.18,0.0,0.18,0.18,0.18,2,2,100.0,1.22,1.22,0.0,0.0,7,0,0.15,-0.3,-0.3,94,111,84.7,1806,571,38,44,86.4,46,47,97.9,10,18,55.6,0.0,0.0,0,3,0,0,0,2,0,1,0,0.0,0,0,0,0,0,0,0,0,0,0,0,0,0,0,5,4,2,3,0,5,6,83.3,1,4,3,1,6,4,0,127,18,70,53,4,2,127,0,0,0.0,0,0.0,74,339,123,0,0,0,0,84,0,0,2,0,0,0,0,11,4,0,100.0
Moi Gómez,ESP,"MF,FW",Osasuna,La Liga,30,1994,13,3,380,4.2,0,0,0,0,0,0,1,0,0.1,0.1,0.2,0.3,6,21,7,0.0,0.0,0.0,0.0,0.0,0.03,0.04,0.08,0.03,0.08,2,0,0.0,0.47,0.0,0.0,0.0,16,0,0.07,-0.1,-0.1,149,197,75.6,2346,733,82,95,86.3,50,61,82.0,11,24,45.8,0.3,-0.2,3,13,5,2,0,1,10,9,8,1.89,6,2,0,0,0,0,0,0,0,0,0,0,0,0,9,5,3,5,1,2,4,50.0,2,2,1,5,14,3,1,242,3,57,131,57,4,242,14,8,57.1,5,35.7,129,586,209,3,1,4,7,162,0,7,4,0,0,0,1,30,4,6,40.0
Sergi Gómez,ESP,DF,Espanyol,La Liga,32,1992,10,5,562,6.2,0,0,0,0,0,0,0,0,0.3,0.3,0.0,0.3,0,5,1,0.0,0.0,0.0,0.0,0.0,0.05,0.0,0.05,0.05,0.05,2,1,50.0,0.32,0.16,0.0,0.0,8,0,0.15,-0.3,-0.3,248,280,88.6,4934,1564,71,77,92.2,151,158,95.6,26,44,59.1,0.0,0.0,0,2,0,0,0,0,1,0,3,0.48,3,0,0,0,0,0,0,0,0,0,0,0,0,0,6,4,6,0,0,2,2,100.0,0,12,8,6,12,30,0,339,56,230,103,6,3,339,0,0,0.0,0,0.0,178,727,307,0,0,0,0,235,0,4,1,0,0,0,0,14,7,15,31.8
Sergio Gómez,ESP,"MF,DF",Real Sociedad,La Liga,24,2000,15,12,1113,12.4,0,3,3,0,0,0,1,0,0.2,0.2,4.6,4.8,22,48,63,0.0,0.24,0.24,0.0,0.24,0.02,0.37,0.39,0.02,0.39,7,5,71.4,0.57,0.4,0.0,0.0,32,2,0.03,-0.2,-0.2,539,705,76.5,8712,2194,295,328,89.9,177,224,79.0,50,113,44.2,3.5,-1.6,25,44,11,5,1,4,99,14,50,4.04,26,19,1,2,1,1,4,0,4,0,0,0,0,0,37,23,16,15,6,13,25,52.0,12,20,1,7,44,13,1,829,15,139,394,309,11,829,23,10,43.5,11,47.8,391,2291,1014,25,3,14,6,472,0,11,7,1,0,1,0,74,8,12,40.0
Unai Gómez,ESP,MF,Athletic Club,La Liga,21,2003,14,3,417,4.6,0,1,1,0,0,0,1,0,0.5,0.5,0.2,0.7,7,12,18,0.0,0.22,0.22,0.0,0.22,0.1,0.05,0.15,0.1,0.15,6,0,0.0,1.29,0.0,0.0,0.0,17,0,0.08,-0.5,-0.5,76,109,69.7,1161,313,39,50,78.0,25,32,78.1,7,14,50.0,0.2,0.8,3,8,0,0,1,0,8,4,9,1.95,5,2,1,0,1,0,0,0,0,0,0,0,0,0,3,1,2,1,0,1,1,100.0,0,4,0,2,5,6,0,163,8,25,79,60,8,163,17,7,41.2,6,35.3,84,467,229,4,1,7,9,97,0,5,11,0,0,0,0,10,14,14,50.0
Fabio González,ESP,MF,Las Palmas,La Liga,27,1997,2,0,53,0.6,0,0,0,0,0,0,0,0,0.1,0.1,0.0,0.1,0,6,0,0.0,0.0,0.0,0.0,0.0,0.12,0.0,0.12,0.12,0.12,2,0,0.0,3.4,0.0,0.0,0.0,16,0,0.04,-0.1,-0.1,43,53,81.1,756,181,20,24,83.3,18,20,90.0,4,5,80.0,0.0,0.0,0,5,0,0,0,1,1,3,2,3.4,2,0,0,0,0,0,1,1,1,0,0,0,0,0,0,0,0,0,0,0,1,0.0,1,0,0,0,0,0,0,57,1,5,41,11,2,57,0,0,0.0,0,0.0,37,178,85,0,0,1,0,42,0,1,0,0,0,0,0,3,1,0,100.0
Nicolás González,ARG,FW,Juventus,Serie A,26,1998,4,3,225,2.5,0,0,0,0,0,0,0,0,0.1,0.1,0.1,0.2,6,7,23,0.0,0.0,0.0,0.0,0.0,0.03,0.05,0.08,0.03,0.08,2,0,0.0,0.8,0.0,0.0,0.0,26,0,0.03,-0.1,-0.1,59,79,74.7,1001,169,27,37,73.0,25,29,86.2,5,7,71.4,0.3,-0.1,3,2,6,0,1,0,4,5,4,1.6,4,0,0,0,0,0,1,0,1,0,0,0,0,0,3,1,1,0,2,1,2,50.0,1,4,1,0,3,0,0,104,1,4,47,53,3,104,9,2,22.2,7,77.8,54,329,170,7,2,4,4,89,0,2,6,0,0,0,0,5,2,4,33.3
Urko González,ESP,MF,Real Sociedad,La Liga,23,2001,1,1,45,0.5,0,0,0,0,0,0,1,0,0.0,0.0,0.0,0.0,0,1,0,0.0,0.0,0.0,0.0,0.0,0.0,0.0,0.0,0.0,0.0,0,0,0.0,0.0,0.0,0.0,0.0,0,0,0.0,0.0,0.0,10,17,58.8,171,61,7,11,63.6,1,3,33.3,2,2,100.0,0.0,0.0,0,0,0,0,0,1,1,1,1,2.0,1,0,0,0,0,0,0,0,0,0,0,0,0,0,0,0,0,0,0,0,0,0.0,0,1,1,0,0,0,0,20,2,7,10,3,1,20,0,0,0.0,0,0.0,12,41,5,0,0,1,2,18,0,1,0,0,0,0,0,0,0,2,0.0
Anthony Gordon,ENG,FW,Newcastle Utd,Premier League,23,2001,12,12,986,11.0,2,1,3,1,1,2,1,0,4.0,2.4,2.2,4.6,38,26,84,0.18,0.09,0.27,0.09,0.18,0.36,0.2,0.57,0.22,0.42,16,6,37.5,1.46,0.55,0.06,0.17,15,0,0.15,-2.0,-1.4,268,376,71.3,3879,1202,161,191,84.3,86,115,74.8,13,39,33.3,2.4,-1.2,25,19,21,10,2,0,54,15,43,3.92,27,6,5,2,3,0,2,0,1,0,0,0,1,0,14,8,7,6,1,6,14,42.9,8,13,0,5,19,1,1,490,6,49,181,265,47,488,40,13,32.5,19,47.5,324,2111,1105,23,19,14,15,335,0,9,29,1,1,0,0,39,2,3,40.0
Leon Goretzka,GER,MF,Bayern Munich,Bundesliga,29,1995,7,3,323,3.6,0,1,1,0,0,0,0,0,0.8,0.8,0.9,1.7,14,34,7,0.0,0.28,0.28,0.0,0.28,0.23,0.25,0.48,0.23,0.48,8,3,37.5,2.23,0.84,0.0,0.0,19,0,0.1,-0.8,-0.8,267,306,87.3,4041,992,149,160,93.1,109,121,90.1,8,15,53.3,0.6,0.1,5,36,5,0,5,1,2,6,12,3.33,12,0,0,0,0,0,2,0,2,0,0,0,0,0,6,3,2,4,0,2,2,100.0,0,6,0,4,10,4,0,342,9,45,210,88,11,342,2,1,50.0,1,50.0,189,1175,638,11,1,3,1,269,0,5,4,0,0,0,0,15,5,6,45.5
Andoni Gorosabel,ESP,DF,Athletic Club,La Liga,28,1996,5,3,277,3.1,0,1,1,0,0,0,1,0,0.3,0.3,0.6,0.9,4,9,16,0.0,0.32,0.32,0.0,0.32,0.11,0.19,0.29,0.11,0.29,2,1,50.0,0.65,0.32,0.0,0.0,22,0,0.17,-0.3,-0.3,144,174,82.8,2137,676,86,92,93.5,51,65,78.5,5,11,45.5,0.4,0.4,2,15,2,2,0,0,9,3,5,1.62,5,0,0,0,0,0,1,0,1,0,0,0,0,0,5,1,3,1,1,2,6,33.3,4,3,1,0,5,13,0,208,9,52,114,43,3,208,4,2,50.0,2,50.0,90,329,147,2,1,0,3,117,0,4,0,0,0,0,0,13,2,6,25.0
Robin Gosens,GER,DF,Fiorentina,Serie A,30,1994,11,11,962,10.7,2,2,4,2,0,0,2,0,1.1,1.1,1.3,2.4,13,53,31,0.19,0.19,0.37,0.19,0.37,0.1,0.12,0.22,0.1,0.22,9,4,44.4,0.84,0.37,0.22,0.5,14,0,0.12,0.9,0.9,433,560,77.3,7528,2842,189,219,86.3,208,263,79.1,33,56,58.9,0.7,0.7,14,39,13,3,1,0,20,13,29,2.71,23,3,1,2,0,0,7,0,4,1,0,2,0,0,19,12,11,4,4,8,12,66.7,4,7,1,7,26,33,0,654,28,209,291,158,21,654,4,2,50.0,2,50.0,342,1468,755,11,1,13,3,411,0,9,9,2,0,0,0,23,30,14,68.2
Robin Gosens,GER,DF,Union Berlin,Bundesliga,30,1994,1,1,90,1.0,0,0,0,0,0,0,1,0,0.0,0.0,0.1,0.2,1,4,5,0.0,0.0,0.0,0.0,0.0,0.02,0.13,0.15,0.02,0.15,1,0,0.0,1.0,0.0,0.0,0.0,23,0,0.02,0.0,0.0,23,42,54.8,381,218,13,17,76.5,9,20,45.0,1,4,25.0,0.1,-0.1,1,3,2,0,0,0,1,0,5,5.0,3,0,0,1,0,1,1,1,1,0,0,0,0,0,0,0,0,0,0,0,3,0.0,3,1,0,1,1,2,0,51,1,12,20,19,1,51,0,0,0.0,0,0.0,17,61,37,2,0,2,0,26,0,5,0,0,0,0,0,1,7,4,63.6
Mario Götze,GER,"MF,FW",Eint Frankfurt,Bundesliga,32,1992,10,7,554,6.2,2,1,3,2,0,0,0,0,1.3,1.3,0.5,1.8,10,21,36,0.32,0.16,0.49,0.32,0.49,0.21,0.09,0.3,0.21,0.3,3,3,100.0,0.49,0.49,0.67,0.67,8,0,0.43,0.7,0.7,222,282,78.7,3032,744,142,160,88.8,65,84,77.4,7,13,53.8,0.5,0.5,8,19,4,0,1,2,6,11,11,1.79,11,0,0,0,0,0,1,0,1,0,0,0,0,0,14,11,5,6,3,6,17,35.3,11,6,1,4,18,6,0,344,7,67,160,119,17,344,5,1,20.0,4,80.0,215,902,478,8,2,10,4,248,0,5,5,0,0,0,0,35,2,1,66.7
Amine Gouiri,ALG,"MF,FW",Rennes,Ligue 1,24,2000,13,8,795,8.8,2,1,3,2,0,0,1,0,2.8,2.8,0.2,3.0,17,36,41,0.23,0.11,0.34,0.23,0.34,0.31,0.02,0.34,0.31,0.34,24,11,45.8,2.72,1.25,0.08,0.18,16,0,0.11,-0.8,-0.8,202,264,76.5,2893,660,117,138,84.8,57,75,76.0,14,22,63.6,0.5,0.8,4,17,7,0,2,0,11,11,19,2.15,12,0,5,2,0,0,2,0,1,0,1,0,0,0,8,5,4,3,1,2,7,28.6,5,6,0,1,9,1,0,356,2,31,164,166,37,356,28,14,50.0,13,46.4,207,1107,569,8,9,15,12,266,0,13,11,3,0,0,0,30,6,11,35.3
Jeffrey Gouweleeuw,NED,DF,Augsburg,Bundesliga,33,1991,12,12,1080,12.0,0,1,1,0,0,1,4,0,1.1,0.4,0.6,1.0,10,49,7,0.0,0.08,0.08,0.0,0.08,0.1,0.05,0.15,0.03,0.08,5,0,0.0,0.42,0.0,0.0,0.0,23,0,0.07,-1.1,-0.4,463,573,80.8,10361,4888,108,126,85.7,286,319,89.7,68,115,59.1,1.3,0.4,6,47,12,2,2,1,9,4,18,1.5,14,3,0,0,0,1,2,0,1,0,0,0,0,1,16,9,8,5,3,10,16,62.5,6,18,8,13,29,56,0,698,80,319,331,57,16,697,6,4,66.7,2,33.3,395,2154,1200,8,1,8,2,422,0,10,3,0,0,0,0,46,27,9,75.0
Jonathan Gradit,FRA,DF,Lens,Ligue 1,32,1992,9,9,751,8.3,0,0,0,0,0,0,3,0,0.3,0.3,0.4,0.7,6,52,1,0.0,0.0,0.0,0.0,0.0,0.03,0.05,0.08,0.03,0.08,7,2,28.6,0.84,0.24,0.0,0.0,18,0,0.04,-0.3,-0.3,371,453,81.9,6486,2987,150,170,88.2,196,224,87.5,22,50,44.0,0.3,-0.4,4,42,6,2,1,2,5,4,11,1.32,10,0,1,0,0,0,0,0,0,0,0,0,0,0,18,9,10,7,1,10,19,52.6,9,9,4,12,30,26,0,539,39,188,320,33,4,539,4,1,25.0,3,75.0,285,1277,665,9,0,8,2,352,0,15,5,0,0,0,0,30,30,15,66.7
José Gragera,ESP,MF,Espanyol,La Liga,24,2000,10,7,569,6.3,0,0,0,0,0,0,0,0,0.0,0.0,0.0,0.1,1,14,3,0.0,0.0,0.0,0.0,0.0,0.01,0.0,0.01,0.01,0.01,2,0,0.0,0.32,0.0,0.0,0.0,20,0,0.02,0.0,0.0,190,217,87.6,3436,848,74,87,85.1,101,106,95.3,12,17,70.6,0.1,0.0,1,14,0,0,0,1,0,2,7,1.11,4,0,0,0,1,2,0,0,0,0,0,0,0,0,25,16,11,14,0,9,17,52.9,8,9,1,5,30,13,0,284,13,74,190,21,4,284,4,1,25.0,2,50.0,119,457,216,0,0,3,1,164,0,18,8,0,0,0,0,18,11,5,68.8
Samuel Grandsir,FRA,"MF,FW",Le Havre,Ligue 1,28,1996,4,0,52,0.6,0,0,0,0,0,0,0,0,0.0,0.0,0.6,0.6,0,1,3,0.0,0.0,0.0,0.0,0.0,0.0,1.0,1.0,0.0,1.0,0,0,0.0,0.0,0.0,0.0,0.0,0,0,0.0,0.0,0.0,8,14,57.1,149,63,2,5,40.0,5,5,100.0,1,3,33.3,0.3,-0.6,1,2,1,0,1,0,1,1,1,1.73,1,0,0,0,0,0,0,0,0,0,0,0,0,0,3,3,0,2,1,2,2,100.0,0,2,0,0,3,0,0,23,0,2,11,10,0,23,2,0,0.0,2,100.0,10,65,21,0,0,0,1,12,0,1,0,0,0,0,0,2,0,1,0.0
Alberto Grassi,ITA,MF,Empoli,Serie A,29,1995,7,7,538,6.0,0,0,0,0,0,0,3,0,0.2,0.2,0.2,0.4,5,19,3,0.0,0.0,0.0,0.0,0.0,0.03,0.03,0.06,0.03,0.06,1,1,100.0,0.17,0.17,0.0,0.0,16,0,0.21,-0.2,-0.2,171,214,79.9,2766,898,75,89,84.3,88,104,84.6,6,14,42.9,0.2,-0.2,3,10,2,0,0,0,2,4,9,1.51,8,0,0,0,0,1,0,0,0,0,0,0,0,0,13,7,3,8,2,5,6,83.3,1,5,3,8,21,8,0,264,19,98,138,33,2,264,3,1,33.3,1,33.3,120,588,277,3,0,5,5,146,0,7,7,0,0,0,0,28,4,6,40.0
Ryan Gravenberch,NED,MF,Liverpool,Premier League,22,2002,13,13,1169,13.0,0,1,1,0,0,0,3,0,0.6,0.6,1.3,1.9,30,71,18,0.0,0.08,0.08,0.0,0.08,0.05,0.1,0.14,0.05,0.14,7,2,28.6,0.54,0.15,0.0,0.0,23,0,0.09,-0.6,-0.6,698,783,89.1,10441,2790,389,419,92.8,265,289,91.7,26,44,59.1,1.4,-0.3,8,66,13,1,4,1,2,8,22,1.69,19,0,1,1,0,1,5,0,5,0,0,0,0,0,26,15,11,10,5,13,22,59.1,9,18,3,24,50,16,0,927,45,196,552,189,12,927,24,13,54.2,6,25.0,560,2928,1491,29,5,21,4,681,0,20,25,0,0,0,0,75,11,2,84.6
Archie Gray,ENG,"MF,DF",Tottenham,Premier League,18,2006,6,0,51,0.6,0,0,0,0,0,0,0,0,0.0,0.0,0.0,0.0,0,3,1,0.0,0.0,0.0,0.0,0.0,0.0,0.0,0.0,0.0,0.0,0,0,0.0,0.0,0.0,0.0,0.0,0,0,0.0,0.0,0.0,53,60,88.3,680,173,37,40,92.5,14,16,87.5,1,1,100.0,0.0,0.0,0,2,0,0,0,0,0,3,0,0.0,0,0,0,0,0,0,0,0,0,0,0,0,0,0,2,1,0,0,2,1,3,33.3,2,2,0,0,2,2,0,70,2,21,41,9,0,70,3,1,33.3,1,33.3,44,176,76,0,0,1,2,49,0,2,2,0,0,0,0,4,1,0,100.0
Jack Grealish,ENG,"FW,MF",Manchester City,Premier League,29,1995,9,4,375,4.2,0,1,1,0,0,0,2,0,0.5,0.5,1.1,1.7,50,19,72,0.0,0.24,0.24,0.0,0.24,0.13,0.27,0.4,0.13,0.4,7,2,28.6,1.68,0.48,0.0,0.0,16,0,0.08,-0.5,-0.5,190,223,85.2,2773,385,127,139,91.4,54,62,87.1,8,13,61.5,1.1,-0.1,17,4,9,0,0,0,13,6,30,7.18,26,1,2,0,0,1,2,0,1,0,0,0,0,1,6,3,4,0,2,2,4,50.0,2,5,1,1,7,3,1,261,9,22,58,184,52,261,15,9,60.0,3,20.0,189,1616,1070,11,34,5,3,208,0,2,10,0,0,0,0,14,1,5,16.7
Jacob Greaves,ENG,DF,Ipswich Town,Premier League,24,2000,8,8,720,8.0,0,0,0,0,0,0,2,0,0.4,0.4,0.0,0.4,1,17,3,0.0,0.0,0.0,0.0,0.0,0.05,0.0,0.05,0.05,0.05,6,2,33.3,0.75,0.25,0.0,0.0,9,0,0.07,-0.4,-0.4,342,392,87.2,5629,2119,169,184,91.8,155,167,92.8,15,31,48.4,0.0,0.0,0,20,0,0,0,0,0,1,0,0.0,0,0,0,0,0,0,0,0,0,0,0,0,0,0,17,7,7,9,1,7,12,58.3,5,9,7,9,26,48,1,486,98,272,193,22,10,486,1,1,100.0,0,0.0,233,852,377,0,0,5,1,307,0,4,7,1,0,0,0,13,29,15,65.9
Mason Greenwood,ENG,"FW,MF",Marseille,Ligue 1,23,2001,13,13,1101,12.2,9,1,10,6,3,3,1,0,4.4,2.1,1.8,3.9,56,47,113,0.74,0.08,0.82,0.49,0.57,0.36,0.15,0.51,0.17,0.32,36,17,47.2,2.94,1.39,0.17,0.35,22,1,0.06,4.6,3.9,411,541,76.0,7150,1603,197,237,83.1,160,195,82.1,47,85,55.3,3.4,-0.8,17,23,26,8,3,12,56,6,44,3.6,26,8,2,4,4,0,7,0,5,0,0,1,1,0,15,8,4,8,3,7,18,38.9,11,3,0,4,19,5,1,689,4,59,299,341,51,686,57,24,42.1,28,49.1,496,3116,1594,30,33,26,20,563,0,7,21,1,1,0,0,37,4,3,57.1
Michael Gregoritsch,AUT,FW,Freiburg,Bundesliga,30,1994,5,1,154,1.7,0,0,0,0,0,0,0,0,0.8,0.8,0.1,0.9,3,11,11,0.0,0.0,0.0,0.0,0.0,0.49,0.04,0.52,0.49,0.52,5,2,40.0,2.92,1.17,0.0,0.0,14,1,0.17,-0.8,-0.8,30,43,69.8,500,144,11,18,61.1,17,20,85.0,1,1,100.0,0.2,-0.1,1,5,2,0,0,0,1,2,5,2.92,4,0,0,1,0,0,2,1,1,0,0,1,0,0,2,1,1,0,1,0,1,0.0,1,0,0,0,2,3,0,61,2,7,28,27,10,61,3,2,66.7,1,33.3,33,175,100,0,1,3,3,40,0,0,2,1,0,0,0,8,9,10,47.4
Antoine Griezmann,FRA,"FW,MF",Atlético Madrid,La Liga,33,1991,15,13,1104,12.3,5,4,9,4,1,1,1,0,3.4,2.6,3.7,6.3,23,72,83,0.41,0.33,0.73,0.33,0.65,0.28,0.3,0.58,0.21,0.51,19,8,42.1,1.55,0.65,0.21,0.5,18,2,0.14,1.6,1.4,470,658,71.4,7468,2125,262,315,83.2,133,191,69.6,55,96,57.3,2.9,0.3,27,52,21,3,5,4,69,18,42,3.42,33,7,0,1,0,1,7,0,6,0,0,1,0,0,12,8,7,3,2,4,15,26.7,11,11,0,5,17,12,0,754,15,97,328,336,42,753,15,7,46.7,7,46.7,420,1865,927,22,3,20,11,572,0,5,12,4,0,0,0,34,7,10,41.2
Vincenzo Grifo,ITA,FW,Freiburg,Bundesliga,31,1993,12,12,917,10.2,3,6,9,3,0,2,0,0,3.6,2.0,3.2,5.3,24,55,62,0.29,0.59,0.88,0.29,0.88,0.36,0.32,0.67,0.2,0.52,31,10,32.3,3.04,0.98,0.1,0.3,21,3,0.07,-0.6,1.0,522,663,78.7,9198,2519,242,264,91.7,211,242,87.2,55,121,45.5,3.6,2.8,27,57,21,2,6,7,54,12,55,5.4,30,12,5,7,1,0,7,0,4,2,1,0,0,0,8,7,3,4,1,2,15,13.3,13,9,1,2,10,7,0,761,14,97,410,259,28,759,18,10,55.6,7,38.9,438,2260,1193,14,8,20,8,545,0,3,7,1,0,0,0,52,6,5,54.5
Florian Grillitsch,AUT,MF,Hoffenheim,Bundesliga,29,1995,8,8,601,6.7,0,0,0,0,0,0,1,0,0.2,0.2,0.2,0.3,4,44,4,0.0,0.0,0.0,0.0,0.0,0.02,0.03,0.05,0.02,0.05,6,1,16.7,0.9,0.15,0.0,0.0,24,0,0.03,-0.2,-0.2,361,417,86.6,6978,2150,143,154,92.9,162,176,92.0,48,70,68.6,0.8,-0.2,5,39,4,2,3,8,4,9,17,2.55,17,0,0,0,0,0,0,0,0,0,0,0,0,0,15,9,5,9,1,8,14,57.1,6,6,2,8,23,18,0,488,29,140,263,92,3,488,12,5,41.7,6,50.0,270,1348,585,8,0,5,10,330,0,4,11,0,0,0,0,31,7,15,31.8
Álex Grimaldo,ESP,DF,Leverkusen,Bundesliga,29,1995,12,12,1079,12.0,1,2,3,1,0,0,3,0,1.7,1.7,4.2,5.9,44,75,134,0.08,0.17,0.25,0.08,0.25,0.14,0.35,0.5,0.14,0.5,26,8,30.8,2.17,0.67,0.04,0.13,20,4,0.07,-0.7,-0.7,718,869,82.6,10391,3135,442,473,93.4,204,246,82.9,45,90,50.0,4.5,-2.2,37,48,27,13,2,1,91,27,68,5.67,34,20,5,6,3,0,5,0,1,2,0,1,1,0,9,5,5,2,2,6,17,35.3,11,7,2,10,19,16,2,992,26,128,332,537,50,992,29,11,37.9,15,51.7,575,2762,1529,23,13,23,7,720,0,7,13,5,1,0,0,56,5,4,55.6
Pascal Groß,GER,"MF,DF",Dortmund,Bundesliga,33,1991,12,10,850,9.4,0,1,1,0,0,0,2,0,0.4,0.4,1.1,1.6,12,58,40,0.0,0.11,0.11,0.0,0.11,0.04,0.12,0.17,0.04,0.17,8,1,12.5,0.85,0.11,0.0,0.0,23,0,0.05,-0.4,-0.4,667,817,81.6,11805,3739,319,340,93.8,263,304,86.5,69,141,48.9,1.9,-0.1,24,43,10,4,1,7,80,8,36,3.82,18,16,0,1,1,0,4,0,4,0,0,0,0,0,18,12,4,12,2,6,17,35.3,11,13,1,3,21,9,1,883,28,180,450,260,12,883,0,0,0.0,0,0.0,438,2039,961,23,1,4,3,617,0,7,6,0,0,0,0,43,8,14,36.4
Brajan Gruda,GER,MF,Brighton,Premier League,20,2004,4,0,63,0.7,0,0,0,0,0,0,0,0,0.0,0.0,0.1,0.1,3,0,6,0.0,0.0,0.0,0.0,0.0,0.0,0.16,0.16,0.0,0.16,0,0,0.0,0.0,0.0,0.0,0.0,0,0,0.0,0.0,0.0,17,22,77.3,209,16,10,12,83.3,6,7,85.7,0,2,0.0,0.0,-0.1,2,0,0,0,0,0,2,0,2,2.86,2,0,0,0,0,0,0,0,0,0,0,0,0,0,3,1,0,3,0,3,4,75.0,1,1,0,0,3,1,0,36,1,3,16,17,5,36,2,1,50.0,1,50.0,20,157,46,2,2,2,4,24,0,0,0,0,0,0,0,1,0,0,0.0
Marco Grüll,AUT,"MF,FW",Werder Bremen,Bundesliga,26,1998,10,4,375,4.2,1,0,1,1,0,0,1,0,1.7,1.7,0.6,2.2,10,14,24,0.24,0.0,0.24,0.24,0.24,0.4,0.13,0.53,0.4,0.53,8,3,37.5,1.92,0.72,0.13,0.33,14,0,0.21,-0.7,-0.7,89,116,76.7,1105,312,48,55,87.3,23,27,85.2,3,7,42.9,0.4,-0.6,5,5,8,1,0,0,11,10,20,4.8,16,0,1,3,0,0,1,0,0,0,0,1,0,0,3,2,0,1,2,0,5,0.0,5,5,1,1,4,2,0,163,1,11,67,87,19,163,12,6,50.0,5,41.7,102,619,270,7,3,10,15,111,0,8,13,0,0,0,0,11,1,4,20.0
Albert Grønbaek,DEN,"MF,FW",Rennes,Ligue 1,23,2001,13,8,670,7.4,1,1,2,1,0,0,1,0,1.1,1.1,1.0,2.1,20,27,50,0.13,0.13,0.27,0.13,0.27,0.15,0.14,0.29,0.15,0.29,17,8,47.1,2.28,1.07,0.06,0.13,18,2,0.07,-0.1,-0.1,134,215,62.3,2076,773,78,101,77.2,38,56,67.9,12,33,36.4,0.8,0.0,19,8,12,0,1,0,27,12,28,3.76,17,5,2,2,2,0,5,0,1,1,2,0,1,0,19,9,8,7,4,10,23,43.5,13,7,0,4,23,4,0,327,3,33,124,175,35,327,28,10,35.7,16,57.1,184,1013,544,14,10,27,13,210,0,7,7,0,0,0,0,19,2,10,16.7
Sergi Guardiola,ESP,FW,Rayo Vallecano,La Liga,33,1991,5,0,80,0.9,0,0,0,0,0,0,0,0,0.1,0.1,0.1,0.2,0,1,7,0.0,0.0,0.0,0.0,0.0,0.14,0.06,0.21,0.14,0.21,1,0,0.0,1.13,0.0,0.0,0.0,11,0,0.13,-0.1,-0.1,15,25,60.0,169,58,12,17,70.6,1,4,25.0,1,1,100.0,0.0,-0.1,2,1,0,0,0,0,0,1,2,2.25,2,0,0,0,0,0,0,0,0,0,0,0,0,0,3,2,0,3,0,0,0,0.0,0,0,0,0,3,2,0,38,2,5,21,12,5,38,0,0,0.0,0,0.0,23,49,22,1,0,1,3,28,0,2,4,0,0,0,0,2,0,2,0.0
Nemanja Gudelj,SRB,"MF,DF",Sevilla,La Liga,33,1991,13,12,1080,12.0,0,0,0,0,0,0,3,0,0.2,0.2,0.3,0.5,5,31,4,0.0,0.0,0.0,0.0,0.0,0.02,0.03,0.05,0.02,0.05,8,2,25.0,0.67,0.17,0.0,0.0,28,2,0.03,-0.2,-0.2,498,595,83.7,7552,2137,270,293,92.2,193,223,86.5,20,53,37.7,0.5,-0.3,6,37,3,0,0,1,19,4,14,1.17,8,5,0,0,0,1,0,0,0,0,0,0,0,0,22,11,5,13,4,6,8,75.0,2,11,3,14,36,31,0,716,36,242,395,83,2,716,4,3,75.0,1,25.0,295,1321,551,3,0,12,3,417,0,14,7,0,0,0,0,27,28,19,59.6
Gabriel Gudmundsson,SWE,DF,Lille,Ligue 1,25,1999,13,9,801,8.9,0,0,0,0,0,0,1,0,0.3,0.3,0.8,1.0,30,31,47,0.0,0.0,0.0,0.0,0.0,0.03,0.09,0.11,0.03,0.11,7,1,14.3,0.79,0.11,0.0,0.0,20,0,0.04,-0.3,-0.3,330,410,80.5,5254,1372,181,204,88.7,130,152,85.5,15,36,41.7,0.8,-0.8,8,16,7,5,1,2,23,12,14,1.57,11,0,1,0,2,0,0,0,0,0,0,0,0,0,14,9,3,8,3,10,17,58.8,7,13,4,6,20,18,1,508,28,136,206,171,14,508,24,10,41.7,10,41.7,275,1944,1006,18,5,8,9,316,0,16,16,3,0,0,0,33,6,2,75.0
Gonçalo Guedes,POR,"FW,MF",Wolves,Premier League,28,1996,10,0,157,1.7,1,2,3,1,0,0,1,0,0.4,0.4,0.4,0.8,5,8,14,0.57,1.15,1.72,0.57,1.72,0.22,0.24,0.45,0.22,0.45,4,3,75.0,2.29,1.72,0.25,0.33,20,0,0.09,0.6,0.6,40,56,71.4,758,248,17,23,73.9,20,24,83.3,3,4,75.0,0.2,1.6,4,4,3,1,0,2,3,3,7,4.01,6,0,1,0,0,0,3,1,2,0,1,0,0,0,9,2,1,1,7,2,5,40.0,3,4,0,2,11,1,0,84,0,9,37,42,4,84,4,1,25.0,2,50.0,48,323,129,4,0,7,2,53,0,3,4,0,0,0,0,7,1,2,33.3
Axel Gueguin,FRA,FW,Montpellier,Ligue 1,19,2005,1,0,23,0.3,0,0,0,0,0,0,0,0,0.0,0.0,0.0,0.0,0,1,1,0.0,0.0,0.0,0.0,0.0,0.0,0.0,0.0,0.0,0.0,0,0,0.0,0.0,0.0,0.0,0.0,0,0,0.0,0.0,0.0,5,6,83.3,75,34,3,3,100.0,2,2,100.0,0,0,0.0,0.1,0.0,0,0,0,0,0,0,1,1,0,0.0,0,0,0,0,0,0,0,0,0,0,0,0,0,0,1,1,0,1,0,1,1,100.0,0,0,0,0,1,0,0,9,0,2,3,4,1,9,1,0,0.0,1,100.0,2,4,1,0,0,1,0,4,0,4,0,0,0,0,0,0,0,0,0.0
Marc Guéhi,ENG,DF,Crystal Palace,Premier League,24,2000,14,14,1260,14.0,2,1,3,2,0,0,2,0,1.3,1.3,0.5,1.9,6,60,3,0.14,0.07,0.21,0.14,0.21,0.09,0.04,0.13,0.09,0.13,9,4,44.4,0.64,0.29,0.22,0.5,9,0,0.15,0.7,0.7,643,758,84.8,13121,5533,198,219,90.4,360,395,91.1,82,133,61.7,0.4,0.5,7,55,5,1,2,7,2,3,17,1.21,13,0,0,3,1,0,2,0,2,0,0,0,0,0,20,10,12,8,0,10,15,66.7,5,26,14,9,29,76,1,920,152,496,386,42,12,920,5,4,80.0,1,20.0,468,2357,1291,6,1,11,7,568,0,6,13,0,0,0,1,57,37,24,60.7
Mattéo Guendouzi,FRA,MF,Lazio,Serie A,25,1999,14,14,1213,13.5,1,1,2,1,0,0,2,0,0.4,0.4,2.0,2.4,37,128,28,0.07,0.07,0.15,0.07,0.15,0.03,0.15,0.18,0.03,0.18,11,3,27.3,0.82,0.22,0.09,0.33,20,0,0.04,0.6,0.6,687,774,88.8,12837,3587,276,292,94.5,334,357,93.6,71,97,73.2,1.4,-1.0,15,118,9,2,5,13,7,8,44,3.26,37,3,2,2,0,0,1,0,1,0,0,0,0,0,16,9,4,9,3,8,22,36.4,14,9,3,14,30,15,0,871,20,124,567,191,16,871,10,8,80.0,2,20.0,579,3550,2047,25,4,12,11,674,0,11,13,0,0,1,0,52,5,8,38.5
Javier Guerra,ESP,"MF,FW",Valencia,La Liga,21,2003,12,8,679,7.5,0,1,1,0,0,0,1,0,0.5,0.5,0.6,1.1,10,32,23,0.0,0.13,0.13,0.0,0.13,0.06,0.09,0.15,0.06,0.15,11,0,0.0,1.46,0.0,0.0,0.0,24,0,0.04,-0.5,-0.5,202,281,71.9,3481,1035,92,109,84.4,93,110,84.5,13,36,36.1,0.5,0.4,5,24,5,2,2,0,13,10,16,2.12,10,2,1,1,1,1,2,0,1,0,0,1,0,0,23,12,8,9,6,10,18,55.6,8,5,0,4,27,14,1,383,13,70,225,96,10,383,15,5,33.3,10,66.7,196,1106,590,11,2,17,15,244,0,8,10,0,0,0,0,38,4,7,36.4
Raphaël Guerreiro,POR,DF,Bayern Munich,Bundesliga,31,1993,9,8,655,7.3,0,0,0,0,0,0,0,0,0.4,0.4,1.3,1.7,21,40,60,0.0,0.0,0.0,0.0,0.0,0.06,0.17,0.23,0.06,0.23,7,2,28.6,0.96,0.27,0.0,0.0,19,0,0.06,-0.4,-0.4,560,641,87.4,7762,1937,362,389,93.1,183,206,88.8,7,19,36.8,1.7,-1.3,15,39,10,0,3,0,15,14,26,3.57,24,2,0,0,0,0,2,0,2,0,0,0,0,0,10,7,6,2,2,7,9,77.8,2,5,0,5,15,7,1,694,14,114,340,244,25,694,10,5,50.0,5,50.0,362,1681,861,24,2,7,4,509,0,2,3,0,0,0,0,46,3,3,50.0
Evann Guessand,CIV,"FW,MF",Nice,Ligue 1,23,2001,13,13,1113,12.4,6,2,8,6,0,0,0,0,5.3,5.3,2.0,7.3,41,36,62,0.49,0.16,0.65,0.49,0.65,0.43,0.16,0.59,0.43,0.59,35,13,37.1,2.83,1.05,0.17,0.46,12,0,0.15,0.7,0.7,169,227,74.4,2469,639,98,120,81.7,62,78,79.5,5,11,45.5,2.2,0.0,11,15,12,1,5,0,10,11,38,3.07,25,0,5,4,2,2,8,0,4,0,2,2,0,0,15,7,2,8,5,0,1,0.0,1,8,0,6,21,7,0,372,7,24,182,178,55,372,41,19,46.3,20,48.8,243,1787,1083,24,13,34,26,280,0,16,26,6,0,0,0,33,12,22,35.3
Ander Guevara,ESP,MF,Alavés,La Liga,27,1997,14,10,940,10.4,0,1,1,0,0,0,1,0,0.4,0.4,0.5,0.9,10,54,9,0.0,0.1,0.1,0.0,0.1,0.03,0.05,0.08,0.03,0.08,6,0,0.0,0.57,0.0,0.0,0.0,22,0,0.06,-0.4,-0.4,334,436,76.6,5988,1691,138,163,84.7,157,191,82.2,33,53,62.3,0.3,0.5,7,51,3,0,0,1,1,9,16,1.53,15,0,1,0,0,0,3,0,3,0,0,0,0,0,22,11,11,10,1,12,30,40.0,18,15,3,7,29,19,1,543,32,127,335,85,7,543,9,5,55.6,4,44.4,254,1232,654,8,0,8,12,302,0,16,11,0,0,0,0,47,13,14,48.1
Pape Gueye,SEN,MF,Villarreal,La Liga,25,1999,12,8,733,8.1,0,0,0,0,0,0,3,1,1.2,1.2,0.5,1.7,16,52,31,0.0,0.0,0.0,0.0,0.0,0.15,0.06,0.2,0.15,0.2,17,5,29.4,2.09,0.61,0.0,0.0,17,0,0.07,-1.2,-1.2,264,343,77.0,5081,1751,111,129,86.0,118,143,82.5,33,54,61.1,0.7,-0.5,9,39,6,2,3,6,7,8,18,2.21,15,1,0,0,0,2,3,0,2,1,0,0,0,0,16,9,7,6,3,7,9,77.8,2,6,0,8,24,15,0,437,20,90,247,104,27,437,9,0,0.0,5,55.6,266,1319,734,14,3,18,7,315,1,12,24,2,0,0,0,36,5,9,35.7
Morgan Guilavogui,GUI,"FW,MF",St. Pauli,Bundesliga,26,1998,11,9,719,8.0,1,0,1,1,0,0,4,0,2.0,2.0,0.7,2.8,16,14,50,0.13,0.0,0.13,0.13,0.13,0.25,0.09,0.34,0.25,0.34,19,3,15.8,2.38,0.38,0.05,0.33,15,0,0.11,-1.0,-1.0,143,215,66.5,1966,442,85,115,73.9,39,56,69.6,8,15,53.3,0.6,-0.7,8,15,3,1,0,2,2,11,19,2.38,12,0,3,1,1,2,0,0,0,0,0,0,0,0,16,7,5,9,2,8,13,61.5,5,12,0,5,21,12,0,342,13,44,170,133,36,342,21,11,52.4,7,33.3,145,861,389,10,10,29,10,227,0,17,15,5,0,0,0,24,33,27,55.0
Frederic Guilbert,FRA,DF,Lecce,Serie A,30,1994,10,10,749,8.3,0,0,0,0,0,0,2,1,0.1,0.1,0.8,0.9,11,31,14,0.0,0.0,0.0,0.0,0.0,0.01,0.1,0.11,0.01,0.11,3,0,0.0,0.36,0.0,0.0,0.0,27,0,0.03,-0.1,-0.1,302,395,76.5,5534,2455,140,157,89.2,117,146,80.1,39,67,58.2,0.8,-0.8,4,25,6,3,1,0,17,12,12,1.44,10,1,0,0,0,1,0,0,0,0,0,0,0,0,23,7,11,11,1,9,13,69.2,4,11,3,11,34,28,0,494,32,170,234,98,0,494,11,4,36.4,4,36.4,219,1069,500,9,0,8,2,250,0,9,10,1,0,0,0,26,8,5,61.5
Luis Guilherme,BRA,MF,West Ham,Premier League,18,2006,2,0,13,0.1,0,0,0,0,0,0,0,0,0.0,0.0,0.0,0.0,0,0,1,0.0,0.0,0.0,0.0,0.0,0.0,0.0,0.0,0.0,0.0,0,0,0.0,0.0,0.0,0.0,0.0,0,0,0.0,0.0,0.0,2,4,50.0,25,0,1,2,50.0,1,2,50.0,0,0,0.0,0.0,0.0,0,0,0,0,0,0,1,0,1,6.92,0,0,0,0,1,0,0,0,0,0,0,0,0,0,0,0,0,0,0,0,0,0.0,0,1,0,0,0,0,0,8,0,1,2,5,1,8,3,0,0.0,1,33.3,5,38,10,0,0,0,0,5,0,0,2,0,0,0,0,2,0,1,0.0
Hugo Guillamón,ESP,MF,Valencia,La Liga,24,2000,8,4,330,3.7,0,0,0,0,0,0,2,0,0.0,0.0,0.0,0.0,0,10,3,0.0,0.0,0.0,0.0,0.0,0.0,0.01,0.01,0.0,0.01,1,0,0.0,0.27,0.0,0.0,0.0,28,0,0.02,0.0,0.0,128,160,80.0,2204,583,60,70,85.7,57,68,83.8,11,21,52.4,0.3,0.0,1,7,4,1,0,3,1,1,4,1.09,4,0,0,0,0,0,1,0,1,0,0,0,0,0,9,6,0,8,1,7,8,87.5,1,2,1,5,14,7,0,189,10,47,109,33,0,189,0,0,0.0,0,0.0,65,308,106,1,0,3,2,122,0,6,4,1,0,0,0,17,5,4,55.6
Bruno Guimarães,BRA,MF,Newcastle Utd,Premier League,27,1997,13,13,1152,12.8,0,1,1,0,0,0,2,0,0.7,0.7,1.2,1.9,16,85,13,0.0,0.08,0.08,0.0,0.08,0.05,0.09,0.15,0.05,0.15,14,3,21.4,1.09,0.23,0.0,0.0,22,0,0.05,-0.7,-0.7,532,651,81.7,9063,3097,254,293,86.7,221,249,88.8,47,80,58.8,1.2,-0.2,11,64,21,3,9,3,7,13,37,2.89,31,0,2,0,3,1,3,0,3,0,0,0,0,0,28,16,14,10,4,12,22,54.5,10,14,5,13,41,13,2,797,36,190,439,177,8,797,31,19,61.3,6,19.4,547,3173,1307,15,0,18,35,578,0,23,51,0,0,0,0,73,5,6,45.5
Carlos Guirao,ESP,MF,Betis,La Liga,21,2003,2,2,110,1.2,0,0,0,0,0,0,0,0,0.0,0.0,0.0,0.0,1,2,2,0.0,0.0,0.0,0.0,0.0,0.0,0.0,0.0,0.0,0.0,0,0,0.0,0.0,0.0,0.0,0.0,0,0,0.0,0.0,0.0,36,46,78.3,539,117,19,21,90.5,12,13,92.3,3,5,60.0,0.0,0.0,0,3,0,0,0,0,0,4,0,0.0,0,0,0,0,0,0,0,0,0,0,0,0,0,0,5,3,1,4,0,4,6,66.7,2,1,1,3,8,2,0,60,3,14,38,10,1,60,1,1,100.0,0,0.0,28,134,60,1,0,1,2,34,0,4,0,0,0,0,0,6,2,1,66.7
Bahereba Guirassy,FRA,"FW,MF",Nantes,Ligue 1,18,2006,8,0,112,1.2,2,0,2,2,0,0,0,0,0.5,0.5,0.1,0.6,7,2,14,1.61,0.0,1.61,1.61,1.61,0.4,0.04,0.45,0.4,0.45,4,3,75.0,3.21,2.41,0.5,0.67,15,0,0.13,1.5,1.5,24,41,58.5,324,53,14,21,66.7,8,10,80.0,1,3,33.3,0.1,-0.1,1,2,0,0,0,0,2,5,6,4.82,3,0,2,0,1,0,2,1,0,0,2,0,0,0,2,2,0,0,2,1,3,33.3,2,3,0,0,2,1,0,64,1,5,27,34,8,64,12,6,50.0,6,50.0,44,335,158,4,3,1,6,44,0,1,1,0,0,0,0,12,4,4,50.0
Serhou Guirassy,GUI,FW,Dortmund,Bundesliga,28,1996,9,9,791,8.8,6,1,7,5,1,1,0,0,5.2,4.4,1.8,6.1,8,10,40,0.68,0.11,0.8,0.57,0.68,0.59,0.2,0.79,0.5,0.7,25,10,40.0,2.84,1.14,0.2,0.5,12,0,0.18,0.8,0.6,129,176,73.3,1613,235,86,108,79.6,33,43,76.7,2,3,66.7,0.7,-0.8,5,7,4,0,4,1,0,2,14,1.59,7,0,1,2,4,0,4,0,2,0,0,0,2,0,3,2,1,0,2,0,0,0.0,0,4,1,2,5,11,0,277,11,21,147,110,37,276,12,3,25.0,7,58.3,145,602,203,6,5,20,13,211,0,5,21,1,2,0,0,10,28,29,49.1
Marc Guiu,ESP,FW,Chelsea,Premier League,18,2006,1,0,24,0.3,0,0,0,0,0,0,0,0,0.0,0.0,0.0,0.0,0,0,0,0.0,0.0,0.0,0.0,0.0,0.0,0.0,0.0,0.0,0.0,0,0,0.0,0.0,0.0,0.0,0.0,0,0,0.0,0.0,0.0,3,4,75.0,32,0,3,3,100.0,0,1,0.0,0,0,0.0,0.0,0.0,0,0,0,0,0,0,0,0,0,0.0,0,0,0,0,0,0,0,0,0,0,0,0,0,0,0,0,0,0,0,0,0,0.0,0,0,0,0,0,0,0,5,0,1,2,2,0,5,1,0,0.0,1,100.0,2,3,1,0,0,0,0,3,0,0,0,0,0,0,0,0,0,0,0.0
Arda Güler,TUR,"MF,FW",Real Madrid,La Liga,19,2005,10,4,386,4.3,0,1,1,0,0,0,1,0,1.3,1.3,1.4,2.8,11,26,38,0.0,0.23,0.23,0.0,0.23,0.31,0.33,0.65,0.31,0.65,15,7,46.7,3.5,1.63,0.0,0.0,16,1,0.09,-1.3,-1.3,197,229,86.0,3016,740,108,114,94.7,73,82,89.0,11,18,61.1,1.6,-0.4,13,22,9,1,2,2,13,6,26,6.06,17,3,3,3,0,0,4,0,1,1,0,2,0,0,11,5,5,2,4,4,8,50.0,4,8,0,1,12,4,0,290,7,37,110,147,23,290,21,9,42.9,8,38.1,195,1007,514,15,5,7,4,222,0,6,13,2,0,0,0,17,1,5,16.7
Gerard Gumbau,ESP,MF,Rayo Vallecano,La Liga,30,1994,10,4,450,5.0,0,1,1,0,0,0,2,0,0.5,0.5,1.0,1.5,1,18,16,0.0,0.2,0.2,0.0,0.2,0.11,0.19,0.3,0.11,0.3,5,3,60.0,1.0,0.6,0.0,0.0,15,0,0.11,-0.5,-0.5,132,197,67.0,2422,884,59,73,80.8,48,65,73.8,20,48,41.7,0.5,0.0,10,17,3,1,0,3,25,7,17,3.4,11,5,1,0,0,0,1,0,1,0,0,0,0,0,12,10,6,5,1,6,11,54.5,5,5,3,3,15,9,0,248,14,55,125,68,6,248,3,1,33.3,2,66.7,107,350,123,4,0,4,2,145,0,12,4,2,0,0,0,11,10,14,41.7
İLkay Gündoğan,GER,MF,Manchester City,Premier League,34,1990,12,9,773,8.6,0,1,1,0,0,0,0,0,1.4,1.4,1.1,2.5,22,53,49,0.0,0.12,0.12,0.0,0.12,0.16,0.13,0.29,0.16,0.29,12,3,25.0,1.4,0.35,0.0,0.0,17,2,0.12,-1.4,-1.4,507,582,87.1,7621,1301,301,321,93.8,161,175,92.0,32,60,53.3,1.4,-0.1,17,31,10,1,5,2,38,10,31,3.61,25,3,3,0,0,0,2,0,2,0,0,0,0,0,8,4,1,6,1,5,13,38.5,8,5,0,5,13,9,0,652,11,80,280,300,29,652,17,8,47.1,5,29.4,370,1973,942,16,4,12,6,505,0,8,12,0,0,0,0,41,8,5,61.5
Christian Günter,GER,DF,Freiburg,Bundesliga,31,1993,12,12,1044,11.6,1,0,1,1,0,0,0,0,0.5,0.3,1.1,1.4,10,22,55,0.09,0.0,0.09,0.09,0.09,0.04,0.09,0.13,0.03,0.12,12,3,25.0,1.03,0.26,0.08,0.33,22,0,0.03,0.5,0.7,446,579,77.0,6985,2096,242,270,89.6,165,207,79.7,25,71,35.2,2.6,-1.1,17,28,17,13,1,1,58,14,30,2.59,26,3,0,0,1,0,1,0,1,0,0,0,0,0,9,7,5,4,0,6,14,42.9,8,12,6,3,12,22,0,649,31,180,258,213,15,649,3,0,0.0,3,100.0,312,1172,560,12,4,7,1,406,0,3,2,2,0,0,0,29,2,6,25.0
Jon Guridi,ESP,MF,Alavés,La Liga,29,1995,13,10,836,9.3,2,0,2,1,1,1,3,0,1.5,0.7,0.5,1.2,12,37,38,0.22,0.0,0.22,0.11,0.11,0.16,0.06,0.22,0.08,0.13,9,3,33.3,0.97,0.32,0.11,0.33,17,0,0.08,0.5,0.3,243,308,78.9,3880,1027,117,141,83.0,96,113,85.0,19,32,59.4,0.4,-0.5,10,28,5,2,1,0,10,5,23,2.48,16,3,1,1,1,1,4,0,3,0,1,0,0,0,11,6,4,5,2,5,17,29.4,12,10,0,7,18,4,0,378,10,54,201,126,22,377,7,2,28.6,4,57.1,196,1227,609,14,0,14,7,233,0,13,7,1,0,1,0,37,8,14,36.4
Gorka Guruzeta,ESP,FW,Athletic Club,La Liga,28,1996,14,9,763,8.5,3,2,5,3,0,0,0,0,1.7,1.7,0.5,2.2,2,9,31,0.35,0.24,0.59,0.35,0.59,0.2,0.05,0.26,0.2,0.26,20,9,45.0,2.36,1.06,0.15,0.33,13,0,0.09,1.3,1.3,138,181,76.2,1980,167,81,97,83.5,42,56,75.0,8,14,57.1,0.1,1.5,8,9,0,0,0,1,2,4,12,1.42,9,1,0,2,0,0,1,0,1,0,0,0,0,0,8,3,0,7,1,4,12,33.3,8,13,1,4,12,8,0,273,6,25,138,112,29,273,10,5,50.0,5,50.0,118,529,148,5,0,17,9,177,0,22,12,3,0,0,0,26,15,35,30.0
Malo Gusto,FRA,DF,Chelsea,Premier League,21,2003,10,9,731,8.1,0,0,0,0,0,0,2,0,1.1,1.1,0.2,1.3,13,41,34,0.0,0.0,0.0,0.0,0.0,0.13,0.02,0.16,0.13,0.16,13,1,7.7,1.6,0.12,0.0,0.0,21,0,0.08,-1.1,-1.1,388,459,84.5,6469,1537,192,203,94.6,162,192,84.4,27,40,67.5,0.4,-0.2,5,32,6,1,1,2,21,14,12,1.48,12,0,0,0,0,0,1,0,1,0,0,0,0,0,19,13,12,6,1,10,23,43.5,13,14,4,10,29,16,1,548,19,145,243,165,22,548,6,2,33.3,4,66.7,266,1160,565,7,2,4,7,345,0,9,6,0,0,0,0,36,3,6,33.3
Miguel Gutiérrez,ESP,"DF,FW",Girona,La Liga,23,2001,14,14,1251,13.9,1,2,3,1,0,0,1,0,1.1,1.1,2.8,3.9,32,57,96,0.07,0.14,0.22,0.07,0.22,0.08,0.2,0.28,0.08,0.28,16,7,43.8,1.15,0.5,0.06,0.14,21,0,0.07,-0.1,-0.1,658,778,84.6,11031,2695,339,363,93.4,249,284,87.7,56,85,65.9,2.7,-0.8,21,28,27,14,1,7,67,23,37,2.66,32,4,0,1,0,0,3,0,3,0,0,0,0,0,23,15,10,12,1,9,17,52.9,8,6,3,9,32,14,1,911,27,195,354,371,28,911,36,16,44.4,19,52.8,494,2752,1158,24,7,23,15,599,0,7,14,4,0,0,0,79,2,7,22.2
Albert Guðmundsson,ISL,MF,Fiorentina,Serie A,27,1997,4,3,199,2.2,3,0,3,1,2,2,0,0,1.8,0.2,0.0,0.2,9,9,6,1.36,0.0,1.36,0.45,0.45,0.83,0.0,0.83,0.11,0.11,4,1,25.0,1.81,0.45,0.25,1.0,28,1,0.06,1.2,0.8,54,71,76.1,796,190,32,36,88.9,17,22,77.3,3,6,50.0,0.1,0.0,0,7,1,0,0,1,3,4,7,3.17,4,0,1,1,1,0,1,0,0,0,0,0,1,0,0,0,0,0,0,0,2,0.0,2,1,0,2,2,2,0,89,1,16,47,29,6,87,6,3,50.0,1,16.7,55,519,222,3,2,2,1,63,0,1,6,0,1,0,0,12,1,3,25.0
Joško Gvardiol,CRO,DF,Manchester City,Premier League,22,2002,12,11,1032,11.5,3,0,3,3,0,0,0,0,0.9,0.9,1.5,2.5,35,113,41,0.26,0.0,0.26,0.26,0.26,0.08,0.13,0.22,0.08,0.22,18,7,38.9,1.57,0.61,0.17,0.43,16,0,0.05,2.1,2.1,830,898,92.4,12871,3129,436,461,94.6,354,372,95.2,27,36,75.0,1.8,-1.5,18,81,13,1,1,1,10,12,33,2.88,31,0,1,1,0,0,2,0,1,0,1,0,0,0,21,15,11,6,4,11,14,78.6,3,13,5,15,36,30,1,1017,40,201,444,378,42,1017,13,6,46.2,6,46.2,666,3284,1799,36,5,6,8,759,0,6,10,1,0,0,0,40,13,14,48.1
Emmanuel Gyasi,GHA,"DF,FW",Empoli,Serie A,30,1994,14,14,1245,13.8,2,0,2,2,0,0,2,0,1.6,1.6,0.2,1.7,10,18,40,0.14,0.0,0.14,0.14,0.14,0.11,0.01,0.13,0.11,0.13,6,4,66.7,0.43,0.29,0.33,0.5,7,0,0.26,0.4,0.4,344,445,77.3,5180,1670,194,225,86.2,126,159,79.2,14,29,48.3,0.4,-0.2,7,14,4,2,1,1,10,14,12,0.87,9,2,0,0,1,0,0,0,0,0,0,0,0,0,22,11,15,7,0,11,16,68.8,5,12,4,4,26,36,0,558,48,161,298,104,14,558,18,13,72.2,4,22.2,234,1110,407,2,4,10,8,281,0,16,6,4,0,0,0,66,14,31,31.1
Christian Gytkjær,DEN,"FW,MF",Venezia,Serie A,34,1990,11,2,233,2.6,0,0,0,0,0,0,0,0,0.3,0.3,0.0,0.3,1,0,12,0.0,0.0,0.0,0.0,0.0,0.12,0.01,0.13,0.12,0.13,5,1,20.0,1.93,0.39,0.0,0.0,17,1,0.06,-0.3,-0.3,26,48,54.2,314,30,20,31,64.5,3,8,37.5,2,3,66.7,0.0,0.0,1,2,0,0,0,0,0,4,1,0.38,1,0,0,0,0,0,0,0,0,0,0,0,0,0,1,1,1,0,0,1,2,50.0,1,1,1,0,1,3,0,73,3,5,43,26,5,73,0,0,0.0,0,0.0,45,143,35,1,1,9,4,59,0,5,1,3,0,0,0,7,5,12,29.4
Erling Haaland,NOR,FW,Manchester City,Premier League,24,2000,13,13,1169,13.0,12,0,12,11,1,1,2,0,12.0,11.2,0.7,12.0,9,6,50,0.92,0.0,0.92,0.85,0.85,0.93,0.06,0.98,0.87,0.92,63,33,52.4,4.85,2.54,0.17,0.33,12,1,0.19,0.0,-0.2,85,127,66.9,1008,143,58,83,69.9,20,27,74.1,1,2,50.0,0.5,-0.7,8,2,2,0,0,0,1,5,25,1.92,15,0,4,5,1,0,4,0,1,0,2,1,0,0,2,2,0,1,1,1,2,50.0,1,3,0,2,4,11,0,253,11,16,68,171,95,252,16,6,37.5,9,56.3,128,557,198,4,11,19,14,196,0,11,6,1,0,0,0,11,16,21,43.2
Nicolas Haas,SUI,MF,Empoli,Serie A,28,1996,10,2,287,3.2,0,0,0,0,0,0,1,0,0.0,0.0,0.1,0.1,2,9,2,0.0,0.0,0.0,0.0,0.0,0.0,0.02,0.02,0.0,0.02,1,0,0.0,0.31,0.0,0.0,0.0,31,0,0.01,0.0,0.0,99,121,81.8,1517,372,51,62,82.3,39,44,88.6,5,9,55.6,0.0,-0.1,2,5,0,0,0,0,0,1,8,2.51,6,0,0,0,0,2,0,0,0,0,0,0,0,0,11,8,4,5,2,5,9,55.6,4,2,1,4,15,6,0,155,4,45,86,25,1,155,1,0,0.0,0,0.0,73,258,105,1,0,3,3,83,0,11,3,0,0,0,0,19,3,5,37.5
Janik Haberer,GER,"DF,MF",Union Berlin,Bundesliga,30,1994,10,5,462,5.1,0,0,0,0,0,0,0,0,0.2,0.2,0.0,0.2,2,21,10,0.0,0.0,0.0,0.0,0.0,0.03,0.0,0.03,0.03,0.03,4,1,25.0,0.78,0.19,0.0,0.0,16,0,0.04,-0.2,-0.2,160,229,69.9,2613,888,79,96,82.3,65,88,73.9,12,30,40.0,0.7,0.0,0,16,1,0,1,1,10,6,10,1.95,5,1,0,2,2,0,0,0,0,0,0,0,0,0,10,6,4,5,1,10,18,55.6,8,2,0,1,11,8,0,265,11,69,141,59,9,265,2,0,0.0,2,100.0,127,420,182,2,0,1,1,144,0,8,4,1,0,0,0,26,3,10,23.1
Robin Hack,GER,FW,Gladbach,Bundesliga,26,1998,11,7,593,6.6,0,2,2,0,0,0,4,0,0.8,0.8,0.9,1.6,15,21,40,0.0,0.3,0.3,0.0,0.3,0.11,0.13,0.24,0.11,0.24,15,5,33.3,2.28,0.76,0.0,0.0,21,0,0.05,-0.8,-0.8,198,261,75.9,2960,848,118,133,88.7,55,69,79.7,17,30,56.7,1.4,1.1,7,18,9,4,5,2,16,11,20,3.04,16,1,0,2,1,0,2,0,2,0,0,0,0,0,7,7,3,2,2,5,10,50.0,5,4,0,1,8,6,0,333,5,47,170,121,26,333,18,9,50.0,8,44.4,205,1084,535,14,6,16,12,231,0,11,8,3,0,0,0,34,8,8,50.0
Saad El Haddad,MAR,MF,Venezia,Serie A,19,2005,2,0,27,0.3,0,0,0,0,0,0,0,0,0.0,0.0,0.0,0.0,1,1,5,0.0,0.0,0.0,0.0,0.0,0.0,0.08,0.08,0.0,0.08,0,0,0.0,0.0,0.0,0.0,0.0,0,0,0.0,0.0,0.0,9,12,75.0,157,13,4,4,100.0,4,5,80.0,1,1,100.0,0.0,0.0,1,1,0,0,0,0,0,1,2,6.67,2,0,0,0,0,0,0,0,0,0,0,0,0,0,0,0,0,0,0,0,0,0.0,0,0,0,0,0,0,0,20,0,0,12,8,1,20,0,0,0.0,0,0.0,12,97,34,0,0,4,2,12,0,1,0,0,0,0,0,1,0,1,0.0
Munir El Haddadi,MAR,"FW,MF",Leganés,La Liga,29,1995,9,4,360,4.0,1,0,1,1,0,0,1,0,0.2,0.2,0.2,0.3,4,8,15,0.25,0.0,0.25,0.25,0.25,0.04,0.05,0.09,0.04,0.09,4,2,50.0,1.0,0.5,0.25,0.5,25,1,0.04,0.8,0.8,65,98,66.3,792,180,43,53,81.1,18,28,64.3,1,7,14.3,0.1,-0.2,2,3,1,0,0,0,6,2,5,1.25,3,0,0,0,2,0,0,0,0,0,0,0,0,0,10,7,4,4,2,3,9,33.3,6,5,1,0,10,1,0,143,1,20,71,53,4,143,9,1,11.1,7,77.8,83,363,76,2,0,6,6,99,0,6,15,4,0,0,0,17,5,15,25.0
Amadou Haidara,MLI,MF,Rb Leipzig,Bundesliga,26,1998,12,10,636,7.1,0,1,1,0,0,0,4,0,0.5,0.5,0.7,1.2,3,31,11,0.0,0.14,0.14,0.0,0.14,0.07,0.1,0.17,0.07,0.17,8,0,0.0,1.13,0.0,0.0,0.0,19,0,0.06,-0.5,-0.5,383,471,81.3,6095,1866,192,217,88.5,162,193,83.9,21,45,46.7,0.7,0.3,3,37,9,1,6,1,8,4,16,2.27,14,0,0,1,1,0,2,0,2,0,0,0,0,0,15,8,7,7,1,7,13,53.8,6,19,6,6,21,28,0,558,33,135,360,66,7,558,9,6,66.7,3,33.3,276,919,354,2,0,3,4,379,0,11,5,0,0,0,0,42,14,8,63.6
Massadio Haïdara,MLI,DF,Brest,Ligue 1,32,1992,6,5,381,4.2,0,0,0,0,0,0,2,1,0.0,0.0,0.0,0.0,5,20,8,0.0,0.0,0.0,0.0,0.0,0.0,0.0,0.0,0.0,0.0,0,0,0.0,0.0,0.0,0.0,0.0,0,0,0.0,0.0,0.0,148,187,79.1,2297,1031,78,82,95.1,62,77,80.5,5,19,26.3,0.1,0.0,0,16,1,0,0,0,10,5,1,0.24,0,0,0,0,1,0,0,0,0,0,0,0,0,0,4,2,2,2,0,2,6,33.3,4,3,0,7,11,22,0,240,26,82,118,41,1,240,8,3,37.5,3,37.5,71,360,234,3,1,5,1,120,1,4,10,0,1,0,0,19,4,2,66.7
Antoine Hainaut,FRA,"DF,MF",Parma,Serie A,22,2002,10,4,478,5.3,1,0,1,1,0,0,0,0,0.5,0.5,0.3,0.9,9,16,20,0.19,0.0,0.19,0.19,0.19,0.1,0.06,0.17,0.1,0.17,4,2,50.0,0.75,0.38,0.25,0.5,18,0,0.14,0.5,0.5,153,206,74.3,2496,1171,80,92,87.0,54,75,72.0,14,31,45.2,0.7,-0.3,2,11,7,2,0,1,10,2,5,0.94,4,0,0,1,0,0,1,0,1,0,0,0,0,0,12,9,7,4,1,6,7,85.7,1,7,2,5,17,24,0,272,24,83,114,77,6,272,8,4,50.0,3,37.5,134,683,339,6,1,6,2,148,0,3,7,1,0,0,0,31,12,5,70.6
Mohamed Haj,TUN,MF,Parma,Serie A,19,2005,5,1,155,1.7,1,2,3,1,0,0,2,0,0.6,0.6,0.6,1.2,3,4,8,0.58,1.16,1.74,0.58,1.74,0.33,0.35,0.68,0.33,0.68,5,3,60.0,2.9,1.74,0.2,0.33,14,0,0.11,0.4,0.4,49,64,76.6,809,246,21,26,80.8,22,27,81.5,3,5,60.0,0.3,1.4,4,3,2,1,0,0,2,2,7,4.06,6,0,0,1,0,0,2,1,1,0,0,1,0,0,0,0,0,0,0,0,0,0.0,0,0,0,3,3,2,0,85,4,13,35,38,8,85,3,0,0.0,3,100.0,47,169,58,0,2,2,0,56,0,1,4,0,0,0,0,6,3,3,50.0
Achraf Hakimi,MAR,DF,Paris S-G,Ligue 1,26,1998,11,11,938,10.4,2,4,6,2,0,0,2,0,1.8,1.8,4.1,5.9,43,74,138,0.19,0.38,0.58,0.19,0.58,0.18,0.39,0.57,0.18,0.57,16,5,31.3,1.54,0.48,0.13,0.4,19,3,0.12,0.2,0.2,850,960,88.5,11118,3193,554,587,94.4,238,275,86.5,20,33,60.6,3.4,-0.1,31,57,21,5,2,1,41,14,52,4.99,46,2,1,0,2,1,6,0,6,0,0,0,0,0,22,18,8,9,5,11,20,55.0,9,9,0,15,37,6,1,1060,17,175,412,481,36,1060,22,12,54.5,9,40.9,631,2732,1625,24,12,15,10,811,0,6,10,5,0,0,0,63,5,8,38.5
Lewis Hall,ENG,DF,Newcastle Utd,Premier League,20,2004,13,10,966,10.7,0,1,1,0,0,0,3,0,0.1,0.1,2.0,2.1,18,62,27,0.0,0.09,0.09,0.0,0.09,0.01,0.19,0.19,0.01,0.19,3,0,0.0,0.28,0.0,0.0,0.0,15,0,0.03,-0.1,-0.1,625,773,80.9,10973,4584,290,327,88.7,277,323,85.8,51,101,50.5,1.6,-1.0,15,60,8,1,1,1,52,14,26,2.42,17,8,0,0,1,0,2,0,2,0,0,0,0,0,23,16,7,11,5,15,33,45.5,18,18,11,12,35,32,2,875,46,297,394,192,16,875,8,3,37.5,5,62.5,482,2286,1231,8,5,13,12,529,0,5,6,0,0,0,0,59,18,14,56.3
Sébastien Haller,CIV,FW,Leganés,La Liga,30,1994,8,5,404,4.5,0,0,0,0,0,0,0,0,0.4,0.4,0.2,0.6,3,4,14,0.0,0.0,0.0,0.0,0.0,0.09,0.05,0.13,0.09,0.13,4,1,25.0,0.89,0.22,0.0,0.0,14,0,0.1,-0.4,-0.4,54,90,60.0,648,93,35,50,70.0,13,24,54.2,2,4,50.0,0.2,-0.2,1,4,0,0,2,0,0,1,4,0.89,3,0,1,0,0,0,0,0,0,0,0,0,0,0,2,0,1,0,1,1,2,50.0,1,1,0,0,2,7,0,129,7,21,66,45,11,129,3,1,33.3,1,33.3,56,227,105,2,0,17,5,94,0,4,5,7,0,0,0,10,26,17,60.5
Ali Al Hamadi,IRQ,FW,Ipswich Town,Premier League,22,2002,5,0,57,0.6,0,0,0,0,0,0,2,0,0.0,0.0,0.0,0.0,1,1,5,0.0,0.0,0.0,0.0,0.0,0.0,0.08,0.08,0.0,0.08,0,0,0.0,0.0,0.0,0.0,0.0,0,0,0.0,0.0,0.0,8,10,80.0,108,6,6,8,75.0,2,2,100.0,0,0,0.0,0.0,0.0,1,0,0,0,0,0,0,1,2,3.16,2,0,0,0,0,0,0,0,0,0,0,0,0,0,1,0,0,0,1,0,1,0.0,1,0,0,0,1,2,0,18,2,4,4,11,2,18,1,1,100.0,0,0.0,8,37,23,2,0,2,1,10,0,3,1,1,0,0,0,1,3,3,50.0
Andreas Hanche-Olsen,NOR,DF,Mainz 05,Bundesliga,27,1997,5,4,299,3.3,0,1,1,0,0,0,3,1,0.0,0.0,0.2,0.2,0,4,2,0.0,0.3,0.3,0.0,0.3,0.0,0.07,0.07,0.0,0.07,0,0,0.0,0.0,0.0,0.0,0.0,0,0,0.0,0.0,0.0,88,110,80.0,1641,458,31,32,96.9,49,57,86.0,8,21,38.1,0.4,0.8,1,5,0,0,0,0,0,0,1,0.3,1,0,0,0,0,0,1,0,1,0,0,0,0,0,4,1,1,2,1,0,0,0.0,0,7,6,3,7,20,1,149,26,88,57,4,1,149,0,0,0.0,0,0.0,56,246,104,1,0,1,1,84,1,8,2,0,0,0,0,4,9,7,56.3
Florent Hanin,ALG,DF,Angers,Ligue 1,34,1990,12,10,935,10.4,0,1,1,0,0,0,1,0,0.0,0.0,1.2,1.2,18,40,45,0.0,0.1,0.1,0.0,0.1,0.0,0.11,0.12,0.0,0.12,2,0,0.0,0.19,0.0,0.0,0.0,21,0,0.02,0.0,0.0,450,590,76.3,7556,3365,228,260,87.7,166,231,71.9,45,75,60.0,1.2,-0.2,13,43,12,9,1,1,42,8,28,2.7,22,3,0,0,2,1,4,0,4,0,0,0,0,0,25,20,13,8,4,14,24,58.3,10,4,1,19,44,37,2,702,38,228,320,166,6,702,7,3,42.9,3,42.9,319,1481,763,12,2,11,3,394,0,3,18,0,0,0,0,53,7,15,31.8
Ridgeciano Haps,SUR,DF,Venezia,Serie A,31,1993,11,8,682,7.6,0,0,0,0,0,0,2,0,1.1,1.1,0.3,1.3,11,26,27,0.0,0.0,0.0,0.0,0.0,0.14,0.03,0.18,0.14,0.18,13,2,15.4,1.72,0.26,0.0,0.0,17,0,0.08,-1.1,-1.1,215,274,78.5,3584,1199,97,108,89.8,101,123,82.1,14,26,53.8,0.3,-0.3,3,12,9,4,0,0,17,6,12,1.58,8,0,1,2,1,0,0,0,0,0,0,0,0,0,14,9,12,1,1,8,12,66.7,4,7,1,2,16,22,0,343,22,103,155,91,17,343,5,1,20.0,2,40.0,183,987,561,7,3,5,2,201,0,6,7,0,0,1,0,30,5,10,33.3
Amine Harit,MAR,MF,Marseille,Ligue 1,27,1997,9,8,472,5.2,2,3,5,2,0,0,0,1,0.7,0.7,1.3,2.0,12,33,21,0.38,0.57,0.95,0.38,0.95,0.14,0.25,0.39,0.14,0.39,5,3,60.0,0.95,0.57,0.4,0.67,18,0,0.14,1.3,1.3,188,225,83.6,2667,787,110,118,93.2,67,75,89.3,6,14,42.9,0.9,1.7,16,18,6,0,3,1,6,6,27,5.15,22,2,1,0,1,1,7,1,6,0,0,0,1,0,7,6,0,5,2,1,2,50.0,1,6,0,3,10,1,1,273,1,25,144,106,14,273,17,8,47.1,7,41.2,191,1004,508,14,3,12,12,223,0,5,12,0,1,0,0,20,1,4,20.0
Marcus Harness,ENG,MF,Ipswich Town,Premier League,28,1996,2,0,45,0.5,0,0,0,0,0,0,0,0,0.0,0.0,0.0,0.0,0,2,1,0.0,0.0,0.0,0.0,0.0,0.0,0.0,0.0,0.0,0.0,0,0,0.0,0.0,0.0,0.0,0.0,0,0,0.0,0.0,0.0,10,16,62.5,89,23,9,11,81.8,0,1,0.0,0,1,0.0,0.1,0.0,0,0,2,0,0,0,0,1,2,4.0,2,0,0,0,0,0,0,0,0,0,0,0,0,0,1,0,0,0,1,0,3,0.0,3,2,1,0,1,1,0,22,4,7,2,13,3,22,1,0,0.0,1,100.0,9,49,14,0,0,0,0,9,0,0,0,1,0,0,0,2,0,0,0.0
Phil Harres,GER,FW,Holstein Kiel,Bundesliga,22,2002,5,4,359,4.0,2,0,2,2,0,0,0,0,1.1,1.1,0.4,1.4,7,1,16,0.5,0.0,0.5,0.5,0.5,0.27,0.09,0.36,0.27,0.36,11,6,54.5,2.76,1.5,0.18,0.33,15,0,0.1,0.9,0.9,30,53,56.6,506,45,18,26,69.2,5,11,45.5,6,9,66.7,0.3,-0.4,6,1,1,1,0,0,2,6,7,1.75,4,0,0,1,2,0,2,0,0,0,0,1,1,0,2,2,0,1,1,1,1,100.0,0,2,0,1,3,2,0,99,3,8,49,44,16,99,8,3,37.5,5,62.5,53,327,192,4,5,10,8,72,0,6,10,2,0,0,0,8,13,14,48.1
Jack Harrison,ENG,FW,Everton,Premier League,28,1996,12,7,650,7.2,0,0,0,0,0,0,0,0,1.2,1.2,1.5,2.7,18,17,50,0.0,0.0,0.0,0.0,0.0,0.16,0.21,0.37,0.16,0.37,10,2,20.0,1.38,0.28,0.0,0.0,15,0,0.12,-1.2,-1.2,129,191,67.5,1672,586,87,104,83.7,30,46,65.2,3,15,20.0,0.8,-1.5,9,12,7,1,2,0,21,10,16,2.21,13,0,0,1,2,0,2,0,1,0,0,0,1,0,10,5,5,2,3,5,13,38.5,8,4,0,4,14,12,2,284,11,53,102,131,27,284,24,9,37.5,13,54.2,179,972,453,7,6,23,16,207,0,3,13,2,0,0,0,28,2,3,40.0
Abdou Harroui,NED,"MF,FW",Hellas Verona,Serie A,26,1998,8,4,352,3.9,1,0,1,1,0,0,1,0,0.6,0.6,0.1,0.7,14,9,24,0.26,0.0,0.26,0.26,0.26,0.16,0.02,0.18,0.16,0.18,7,2,28.6,1.79,0.51,0.14,0.5,19,0,0.09,0.4,0.4,99,128,77.3,1358,368,67,74,90.5,25,34,73.5,3,8,37.5,0.2,-0.1,1,12,0,0,1,0,5,6,7,1.79,6,0,1,0,0,0,1,0,1,0,0,0,0,0,6,3,4,2,0,2,2,100.0,0,5,0,2,8,5,0,185,5,34,95,60,9,185,15,4,26.7,10,66.7,110,763,382,12,2,9,8,130,0,7,1,0,0,0,0,12,5,6,45.5
Taylor Harwood-Bellis,ENG,DF,Southampton,Premier League,22,2002,13,12,1040,11.6,1,0,1,1,0,0,5,0,1.2,1.2,0.4,1.6,5,43,5,0.09,0.0,0.09,0.09,0.09,0.1,0.03,0.14,0.1,0.14,9,3,33.3,0.78,0.26,0.11,0.33,8,0,0.13,-0.2,-0.2,803,900,89.2,14269,4795,314,336,93.5,428,462,92.6,53,86,61.6,0.2,-0.4,7,69,4,0,2,3,3,5,13,1.13,11,0,0,2,0,0,2,0,1,0,0,1,0,0,7,5,6,1,0,5,9,55.6,4,30,19,8,15,49,2,1013,145,516,445,54,18,1013,1,1,100.0,0,0.0,591,2476,1393,5,0,5,3,756,0,13,5,0,0,0,0,40,17,13,56.7
Hans Hateboer,NED,DF,Rennes,Ligue 1,30,1994,13,8,749,8.3,0,0,0,0,0,0,1,0,0.4,0.4,1.4,1.8,14,49,48,0.0,0.0,0.0,0.0,0.0,0.05,0.16,0.21,0.05,0.21,7,0,0.0,0.84,0.0,0.0,0.0,14,0,0.06,-0.4,-0.4,408,499,81.8,7290,2680,166,180,92.2,196,233,84.1,37,57,64.9,1.1,-1.4,10,40,9,4,0,4,25,13,18,2.16,17,0,0,1,0,0,1,0,1,0,0,0,0,0,13,7,4,5,4,7,16,43.8,9,7,1,7,20,13,0,554,18,166,250,140,13,554,7,4,57.1,2,28.6,291,1424,862,11,3,6,2,376,0,10,7,1,0,0,0,29,15,8,65.2
Kai Havertz,GER,FW,Arsenal,Premier League,25,1999,12,12,1080,12.0,5,1,6,5,0,0,2,0,5.2,5.2,1.1,6.3,22,37,62,0.42,0.08,0.5,0.42,0.5,0.43,0.09,0.53,0.43,0.53,30,11,36.7,2.5,0.92,0.17,0.45,12,0,0.17,-0.2,-0.2,211,278,75.9,2556,615,150,180,83.3,52,66,78.8,2,8,25.0,1.1,-0.1,9,14,6,1,1,0,6,8,29,2.42,24,0,1,4,0,0,1,0,1,0,0,0,0,0,9,6,2,4,3,3,10,30.0,7,15,3,5,14,25,1,448,23,66,169,217,59,448,26,6,23.1,16,61.5,229,1182,597,18,12,26,12,326,0,23,12,7,0,0,0,26,39,52,42.9
Jan Paul Van Hecke,NED,DF,Brighton,Premier League,24,2000,11,10,909,10.1,0,1,1,0,0,0,3,0,0.2,0.2,0.5,0.7,12,75,3,0.0,0.1,0.1,0.0,0.1,0.02,0.05,0.07,0.02,0.07,6,2,33.3,0.59,0.2,0.0,0.0,20,0,0.03,-0.2,-0.2,677,741,91.4,13485,5222,235,250,94.0,352,367,95.9,86,109,78.9,0.5,0.5,4,66,2,2,2,7,4,3,16,1.58,15,0,0,1,0,0,1,0,1,0,0,0,0,0,14,8,9,5,0,7,12,58.3,5,13,8,7,21,29,0,823,86,367,403,60,12,823,5,3,60.0,2,40.0,574,3574,2495,18,0,4,0,599,0,5,3,0,0,0,0,42,17,19,47.2
Hwang Hee-Chan,KOR,"FW,MF",Wolves,Premier League,28,1996,8,2,266,3.0,0,0,0,0,0,0,0,0,0.0,0.0,0.1,0.1,6,5,8,0.0,0.0,0.0,0.0,0.0,0.0,0.04,0.04,0.0,0.04,0,0,0.0,0.0,0.0,0.0,0.0,0,0,0.0,0.0,0.0,58,71,81.7,808,155,38,44,86.4,16,19,84.2,2,2,100.0,0.2,-0.1,2,2,3,2,0,0,4,4,5,1.69,5,0,0,0,0,0,1,0,1,0,0,0,0,0,1,0,0,0,1,0,1,0.0,1,6,0,1,2,3,0,91,1,14,37,41,5,91,6,1,16.7,5,83.3,53,343,153,2,3,4,5,60,0,1,6,0,0,0,0,10,2,4,33.3
Liam Henderson,SCO,MF,Empoli,Serie A,28,1996,14,10,962,10.7,0,0,0,0,0,0,4,0,0.1,0.1,1.3,1.3,4,42,15,0.0,0.0,0.0,0.0,0.0,0.01,0.12,0.13,0.01,0.13,4,0,0.0,0.37,0.0,0.0,0.0,29,0,0.02,-0.1,-0.1,282,362,77.9,4888,1638,129,149,86.6,116,137,84.7,28,60,46.7,0.8,-1.3,15,32,6,3,1,0,28,3,21,1.96,15,5,1,0,0,0,1,0,1,0,0,0,0,0,20,10,11,8,1,12,25,48.0,13,9,5,7,27,22,0,440,26,125,250,67,0,440,4,3,75.0,1,25.0,163,679,255,3,0,8,4,253,0,31,8,0,0,0,0,29,5,7,41.7
Ramon Hendriks,NED,DF,Stuttgart,Bundesliga,23,2001,7,1,149,1.7,0,0,0,0,0,0,0,0,0.1,0.1,0.0,0.1,0,4,5,0.0,0.0,0.0,0.0,0.0,0.04,0.0,0.04,0.04,0.04,1,1,100.0,0.6,0.6,0.0,0.0,11,0,0.06,-0.1,-0.1,61,83,73.5,1023,477,31,36,86.1,26,33,78.8,3,11,27.3,0.0,0.0,0,7,0,0,0,1,2,1,1,0.6,1,0,0,0,0,0,0,0,0,0,0,0,0,0,3,2,2,1,0,2,3,66.7,1,1,0,4,7,11,0,108,14,54,41,13,2,108,0,0,0.0,0,0.0,41,191,68,0,0,0,1,51,0,0,2,0,0,0,0,10,4,2,66.7
Benjamin Henrichs,GER,DF,Rb Leipzig,Bundesliga,27,1997,12,7,665,7.4,0,2,2,0,0,0,1,0,0.4,0.4,1.4,1.7,9,27,49,0.0,0.27,0.27,0.0,0.27,0.05,0.19,0.24,0.05,0.24,9,1,11.1,1.22,0.14,0.0,0.0,21,0,0.04,-0.4,-0.4,286,375,76.3,4692,1634,149,170,87.6,115,142,81.0,18,42,42.9,1.9,0.6,10,28,9,2,1,3,15,10,17,2.3,16,1,0,0,0,0,3,0,3,0,0,0,0,0,27,12,15,8,4,13,22,59.1,9,13,2,14,41,23,0,470,29,133,210,132,8,470,10,7,70.0,3,30.0,241,1079,383,7,0,7,5,273,0,9,5,0,0,0,0,48,6,2,75.0
Luis Henrique,BRA,"FW,DF",Marseille,Ligue 1,23,2001,13,11,952,10.6,6,4,10,6,0,0,0,0,2.1,2.1,1.0,3.2,17,39,71,0.57,0.38,0.95,0.57,0.95,0.2,0.1,0.3,0.2,0.3,11,7,63.6,1.04,0.66,0.55,0.86,15,0,0.19,3.9,3.9,333,423,78.7,4961,1338,199,229,86.9,108,137,78.8,19,36,52.8,1.3,3.0,14,32,11,3,1,2,17,12,31,2.93,28,1,2,0,0,0,8,0,8,0,0,0,0,0,6,4,2,3,1,4,4,100.0,0,8,2,4,10,10,0,499,13,98,215,192,28,499,29,15,51.7,13,44.8,290,1584,727,12,7,10,6,383,0,4,4,5,0,0,0,35,0,0,0.0
Mario Hermoso,ESP,DF,Roma,Serie A,29,1995,6,1,151,1.7,0,0,0,0,0,0,2,1,0.0,0.0,0.0,0.0,2,12,4,0.0,0.0,0.0,0.0,0.0,0.0,0.0,0.0,0.0,0.0,0,0,0.0,0.0,0.0,0.0,0.0,0,0,0.0,0.0,0.0,105,112,93.8,1760,550,53,56,94.6,46,49,93.9,6,6,100.0,0.0,0.0,0,12,2,1,0,0,3,2,3,1.79,3,0,0,0,0,0,0,0,0,0,0,0,0,0,1,0,1,0,0,0,1,0.0,1,1,1,3,4,9,0,129,14,46,67,17,0,129,3,2,66.7,1,33.3,58,301,169,1,0,0,1,89,1,5,1,0,0,0,0,9,2,5,28.6
Javi Hernández,ESP,DF,Leganés,La Liga,26,1998,12,10,895,9.9,0,1,1,0,0,0,1,0,0.2,0.2,0.9,1.1,17,25,40,0.0,0.1,0.1,0.0,0.1,0.02,0.09,0.11,0.02,0.11,5,1,20.0,0.5,0.1,0.0,0.0,19,1,0.05,-0.2,-0.2,272,377,72.1,4213,1541,153,183,83.6,101,128,78.9,13,47,27.7,0.6,0.1,7,15,3,1,1,2,24,10,10,1.01,10,0,0,0,0,0,1,0,1,0,0,0,0,0,15,8,7,6,2,8,20,40.0,12,8,1,13,28,42,0,493,49,180,217,104,9,493,13,9,69.2,4,30.8,225,1131,620,11,2,11,11,256,0,19,4,2,0,0,0,35,8,5,61.5
Aridane Hernández,ESP,DF,Rayo Vallecano,La Liga,35,1989,3,1,114,1.3,0,0,0,0,0,0,0,0,0.4,0.4,0.0,0.4,1,13,0,0.0,0.0,0.0,0.0,0.0,0.31,0.0,0.31,0.31,0.31,2,1,50.0,1.58,0.79,0.0,0.0,10,0,0.2,-0.4,-0.4,53,58,91.4,1172,487,12,12,100.0,35,37,94.6,6,9,66.7,0.0,0.0,0,6,0,0,0,3,0,0,1,0.79,0,1,0,0,0,0,0,0,0,0,0,0,0,0,2,1,2,0,0,0,0,0.0,0,0,0,2,4,9,0,74,9,26,45,3,2,74,1,0,0.0,0,0.0,33,200,126,0,0,1,0,33,0,0,2,0,0,0,1,6,7,0,100.0
Theo Hernández,FRA,DF,Milan,Serie A,27,1997,11,9,845,9.4,2,2,4,2,0,1,1,1,1.3,0.5,1.3,1.8,28,41,45,0.21,0.21,0.43,0.21,0.43,0.13,0.14,0.27,0.05,0.19,10,4,40.0,1.07,0.43,0.2,0.5,19,0,0.05,0.7,1.5,452,526,85.9,6872,2128,251,260,96.5,156,182,85.7,25,53,47.2,1.0,0.7,15,36,7,4,1,4,39,9,36,3.83,23,8,3,1,0,1,4,0,2,1,0,0,0,1,11,7,10,0,1,5,10,50.0,5,9,5,12,23,24,1,611,29,166,304,155,17,610,16,6,37.5,9,56.3,330,1902,1115,11,6,9,4,379,0,3,14,0,0,1,0,43,11,2,84.6
Hernani,BRA,MF,Parma,Serie A,30,1994,7,5,407,4.5,1,1,2,0,1,1,1,0,0.9,0.1,0.6,0.7,12,29,15,0.22,0.22,0.44,0.0,0.22,0.2,0.13,0.34,0.03,0.16,5,0,0.0,1.11,0.0,0.0,0.0,30,1,0.03,0.1,-0.1,148,195,75.9,2426,667,80,97,82.5,52,65,80.0,11,18,61.1,0.6,0.4,12,15,9,2,1,2,11,5,17,3.77,14,3,0,0,0,0,1,0,1,0,0,0,0,0,10,6,2,6,2,5,11,45.5,6,9,1,3,13,2,1,235,4,28,118,93,7,234,3,1,33.3,1,33.3,132,671,394,12,1,6,8,164,0,7,9,1,0,0,0,18,5,5,50.0
Jorge Herrando,ESP,DF,Osasuna,La Liga,23,2001,6,4,375,4.2,0,0,0,0,0,0,2,0,0.1,0.1,0.0,0.1,3,7,1,0.0,0.0,0.0,0.0,0.0,0.02,0.0,0.02,0.02,0.02,1,1,100.0,0.24,0.24,0.0,0.0,14,0,0.09,-0.1,-0.1,134,180,74.4,2561,856,36,44,81.8,88,102,86.3,8,28,28.6,0.0,0.0,0,6,0,0,0,2,0,2,1,0.24,1,0,0,0,0,0,0,0,0,0,0,0,0,0,3,2,2,1,0,2,3,66.7,1,6,5,1,4,19,0,213,29,120,89,5,2,213,0,0,0.0,0,0.0,111,648,358,1,0,1,0,134,0,2,0,0,0,0,0,9,8,5,61.5
Ander Herrera,ESP,MF,Athletic Club,La Liga,35,1989,8,2,273,3.0,0,0,0,0,0,1,2,0,1.7,0.9,0.1,1.1,2,16,5,0.0,0.0,0.0,0.0,0.0,0.57,0.04,0.61,0.31,0.35,7,3,42.9,2.31,0.99,0.0,0.0,24,0,0.16,-1.7,-0.9,181,200,90.5,2856,628,94,101,93.1,73,82,89.0,10,13,76.9,0.3,-0.1,2,25,1,0,0,0,1,0,11,3.64,10,0,0,1,0,0,0,0,0,0,0,0,0,0,8,4,1,7,0,3,6,50.0,3,1,0,2,10,10,0,237,12,37,151,49,6,236,5,2,40.0,1,20.0,116,431,196,4,0,3,2,169,0,6,3,0,0,0,0,14,3,2,60.0
Yangel Herrera,VEN,MF,Girona,La Liga,26,1998,11,10,800,8.9,2,1,3,2,0,0,4,0,1.7,1.7,0.4,2.1,9,49,31,0.23,0.11,0.34,0.23,0.34,0.19,0.04,0.23,0.19,0.23,15,5,33.3,1.69,0.56,0.13,0.4,17,0,0.11,0.3,0.3,382,459,83.2,6409,1567,183,197,92.9,168,189,88.9,24,46,52.2,0.3,0.6,7,45,5,1,1,6,17,8,18,2.03,13,0,1,1,2,1,1,0,1,0,0,0,0,0,28,17,12,14,2,13,23,56.5,10,7,1,12,40,17,0,580,23,122,329,133,21,580,15,7,46.7,3,20.0,353,1674,729,14,1,18,16,418,0,30,26,0,0,0,0,46,17,7,70.8
Juan Herzog,ESP,DF,Las Palmas,La Liga,21,2003,5,4,377,4.2,0,0,0,0,0,0,0,0,0.2,0.2,0.0,0.2,0,11,0,0.0,0.0,0.0,0.0,0.0,0.06,0.0,0.06,0.06,0.06,3,0,0.0,0.72,0.0,0.0,0.0,8,0,0.08,-0.2,-0.2,224,248,90.3,3975,1324,81,88,92.0,126,131,96.2,11,21,52.4,0.0,0.0,0,7,0,0,0,0,0,1,0,0.0,0,0,0,0,0,0,0,0,0,0,0,0,0,0,2,2,2,0,0,2,4,50.0,2,4,3,4,6,20,0,289,36,170,115,6,6,289,1,0,0.0,0,0.0,166,498,214,1,0,1,0,200,0,1,4,0,0,0,0,18,9,4,69.2
Son Heung-Min,KOR,FW,Tottenham,Premier League,32,1992,10,10,816,9.1,3,4,7,3,0,0,0,0,2.1,2.1,3.4,5.5,40,57,120,0.33,0.44,0.77,0.33,0.77,0.23,0.37,0.6,0.23,0.6,18,10,55.6,1.99,1.1,0.17,0.3,18,0,0.12,0.9,0.9,322,397,81.1,4800,1087,184,204,90.2,101,116,87.1,21,33,63.6,2.4,0.6,22,18,27,4,0,2,23,13,55,6.07,43,2,8,0,2,0,6,0,6,0,0,0,0,0,5,2,0,4,1,2,12,16.7,10,4,0,2,7,7,0,472,5,37,149,291,51,472,37,15,40.5,19,51.4,318,1878,1018,20,14,11,6,376,0,2,10,3,0,0,0,34,1,6,14.3
Isak Hien,SWE,DF,Atalanta,Serie A,25,1999,11,11,879,9.8,0,0,0,0,0,0,3,0,0.5,0.5,0.0,0.5,2,14,0,0.0,0.0,0.0,0.0,0.0,0.05,0.0,0.05,0.05,0.05,3,1,33.3,0.31,0.1,0.0,0.0,7,0,0.17,-0.5,-0.5,444,500,88.8,8792,2720,118,137,86.1,274,292,93.8,48,61,78.7,0.1,0.0,0,17,0,0,0,0,0,4,2,0.2,2,0,0,0,0,0,1,0,1,0,0,0,0,0,21,12,11,10,0,9,14,64.3,5,14,8,15,36,35,1,604,63,300,298,13,4,604,4,3,75.0,1,25.0,313,1371,550,5,0,8,6,365,0,10,8,0,0,0,0,42,23,20,53.5
Omar El Hilali,MAR,DF,Espanyol,La Liga,21,2003,14,14,1220,13.6,0,0,0,0,0,0,4,0,0.0,0.0,0.1,0.1,17,36,15,0.0,0.0,0.0,0.0,0.0,0.0,0.0,0.0,0.0,0.0,0,0,0.0,0.0,0.0,0.0,0.0,0,0,0.0,0.0,0.0,434,563,77.1,8313,2899,169,197,85.8,212,248,85.5,51,101,50.5,0.3,-0.1,3,34,2,2,1,7,18,12,7,0.52,6,0,1,0,0,0,0,0,0,0,0,0,0,0,47,31,34,9,4,23,36,63.9,13,18,4,12,59,55,1,714,66,317,351,57,0,714,12,7,58.3,3,25.0,310,1762,1005,9,0,11,2,347,0,18,9,1,0,1,0,45,14,12,53.8
Piero Hincapié,ECU,DF,Leverkusen,Bundesliga,22,2002,12,10,961,10.7,1,0,1,1,0,0,2,0,1.5,1.5,0.4,1.9,18,68,19,0.09,0.0,0.09,0.09,0.09,0.14,0.04,0.17,0.14,0.17,6,1,16.7,0.56,0.09,0.17,1.0,10,0,0.24,-0.5,-0.5,691,770,89.7,11092,3670,338,360,93.9,296,317,93.4,34,58,58.6,1.0,-0.4,3,62,6,1,1,4,14,8,9,0.84,7,0,0,2,0,0,0,0,0,0,0,0,0,0,16,14,7,6,3,10,16,62.5,6,16,8,14,30,26,1,878,71,267,484,128,14,878,3,1,33.3,1,33.3,504,2708,1641,20,1,7,1,629,0,13,15,0,0,0,0,29,13,15,46.4
Jack Hinshelwood,ENG,"MF,DF",Brighton,Premier League,19,2005,10,10,840,9.3,1,0,1,1,0,0,2,0,0.7,0.7,0.3,1.0,10,31,27,0.11,0.0,0.11,0.11,0.11,0.08,0.03,0.11,0.08,0.11,7,3,42.9,0.75,0.32,0.14,0.33,15,0,0.11,0.3,0.3,410,495,82.8,6127,1488,244,264,92.4,125,150,83.3,30,61,49.2,0.7,-0.3,7,17,4,0,0,7,21,5,20,2.15,14,4,0,1,1,0,2,0,2,0,0,0,0,0,12,9,4,6,2,5,11,45.5,6,4,2,4,16,14,1,566,27,172,266,133,11,566,6,1,16.7,5,83.3,268,1154,570,6,1,10,1,367,0,8,2,0,0,0,0,30,5,7,41.7
George Hirst,ENG,FW,Ipswich Town,Premier League,25,1999,8,1,180,2.0,1,1,2,1,0,0,1,0,0.8,0.8,0.3,1.0,3,7,14,0.5,0.5,1.0,0.5,1.0,0.38,0.13,0.51,0.38,0.51,3,2,66.7,1.5,1.0,0.33,0.5,9,0,0.26,0.2,0.2,22,42,52.4,236,94,16,25,64.0,4,10,40.0,0,0,0.0,0.1,0.7,3,0,3,0,0,0,1,2,6,3.0,5,0,0,1,0,0,2,1,1,0,0,1,0,0,1,1,1,0,0,0,1,0.0,1,0,0,0,1,4,0,66,4,9,21,36,10,66,1,0,0.0,1,100.0,37,207,64,1,3,8,7,58,0,4,2,0,0,0,0,3,12,7,63.2
Adam Hložek,CZE,"FW,MF",Hoffenheim,Bundesliga,22,2002,11,9,726,8.1,3,1,4,3,0,0,1,0,2.1,2.1,1.2,3.3,17,28,40,0.37,0.12,0.5,0.37,0.5,0.26,0.15,0.41,0.26,0.41,26,13,50.0,3.22,1.61,0.12,0.23,19,1,0.08,0.9,0.9,130,183,71.0,1946,481,68,89,76.4,45,58,77.6,9,13,69.2,1.1,-0.2,6,12,8,1,0,0,5,7,19,2.36,12,0,3,2,2,0,3,0,2,0,1,0,0,0,13,6,4,3,6,7,13,53.8,6,6,1,0,13,9,0,293,12,34,131,133,31,293,28,12,42.9,14,50.0,173,949,418,11,5,22,17,206,0,10,15,1,0,0,0,20,17,19,47.2
Ki-Jana Hoever,NED,DF,Auxerre,Ligue 1,22,2002,11,11,838,9.3,0,1,1,0,0,0,2,1,0.1,0.1,1.0,1.1,20,31,47,0.0,0.11,0.11,0.0,0.11,0.01,0.11,0.12,0.01,0.12,4,2,50.0,0.43,0.21,0.0,0.0,24,0,0.02,-0.1,-0.1,269,401,67.1,4725,2004,124,161,77.0,109,166,65.7,31,46,67.4,0.9,0.0,11,22,18,11,0,5,34,9,16,1.72,15,0,1,0,0,0,2,0,2,0,0,0,0,0,20,14,13,5,2,11,18,61.1,7,14,1,10,30,25,0,508,30,137,221,157,7,508,13,3,23.1,9,69.2,226,1283,635,23,3,15,4,269,1,13,3,0,0,0,0,34,14,10,58.3
Nicolas Höfler,GER,MF,Freiburg,Bundesliga,34,1990,9,3,364,4.0,0,0,0,0,0,0,2,0,0.1,0.1,0.1,0.2,1,16,2,0.0,0.0,0.0,0.0,0.0,0.02,0.02,0.04,0.02,0.04,3,0,0.0,0.74,0.0,0.0,0.0,22,0,0.03,-0.1,-0.1,165,190,86.8,2719,788,75,87,86.2,78,85,91.8,6,7,85.7,0.3,-0.1,3,11,3,0,0,0,0,2,12,2.97,11,0,0,0,1,0,1,0,1,0,0,0,0,0,12,8,2,9,1,6,12,50.0,6,2,0,8,20,16,1,242,19,65,142,37,1,242,3,3,100.0,0,0.0,112,464,116,2,0,5,5,140,0,5,4,0,0,0,0,11,18,9,66.7
Jonas Hofmann,GER,"MF,DF",Leverkusen,Bundesliga,32,1992,4,3,223,2.5,1,0,1,1,0,0,0,0,0.5,0.5,0.2,0.7,3,7,19,0.4,0.0,0.4,0.4,0.4,0.19,0.1,0.28,0.19,0.28,5,3,60.0,2.02,1.21,0.2,0.33,17,0,0.09,0.5,0.5,99,115,86.1,1264,155,65,72,90.3,27,32,84.4,3,5,60.0,0.4,-0.2,4,3,3,0,1,0,1,0,11,4.44,9,0,0,1,1,0,0,0,0,0,0,0,0,0,0,0,0,0,0,0,1,0.0,1,2,0,0,0,2,0,129,2,14,48,68,11,129,3,2,66.7,1,33.3,74,362,162,1,1,4,1,108,0,1,6,0,0,0,0,9,0,4,0.0
Philipp Hofmann,GER,FW,Bochum,Bundesliga,31,1993,12,10,865,9.6,1,2,3,1,0,0,3,0,1.8,1.8,1.8,3.6,3,18,44,0.1,0.21,0.31,0.1,0.31,0.18,0.19,0.37,0.18,0.37,15,4,26.7,1.56,0.42,0.07,0.25,15,0,0.12,-0.8,-0.8,159,262,60.7,2309,517,85,120,70.8,56,103,54.4,7,15,46.7,1.1,0.2,12,13,3,0,2,1,3,3,21,2.18,17,0,0,1,2,1,2,0,2,0,0,0,0,0,6,4,2,2,2,2,4,50.0,2,5,0,1,7,16,0,354,20,44,213,99,29,354,10,8,80.0,2,20.0,181,617,148,4,1,22,12,275,0,15,11,0,0,1,0,17,66,51,56.4
Lucas Höler,GER,"MF,FW",Freiburg,Bundesliga,30,1994,10,2,306,3.4,2,2,4,2,0,1,0,0,2.5,1.7,0.6,2.3,5,7,22,0.59,0.59,1.18,0.59,1.18,0.73,0.17,0.9,0.5,0.67,10,3,30.0,2.94,0.88,0.2,0.67,13,0,0.17,-0.5,0.3,88,119,73.9,1058,138,57,66,86.4,22,35,62.9,1,1,100.0,0.4,1.4,7,5,2,0,0,0,3,4,11,3.25,8,0,0,2,1,0,1,0,0,0,0,1,0,0,7,4,2,5,0,1,5,20.0,4,6,2,1,8,6,0,163,8,29,65,70,21,162,4,2,50.0,1,25.0,81,425,211,4,3,3,4,113,0,3,10,2,0,0,0,14,6,10,37.5
Mason Holgate,ENG,"FW,DF",Everton,Premier League,28,1996,1,0,6,0.1,0,0,0,0,0,0,0,0,0.0,0.0,0.0,0.0,0,0,0,0.0,0.0,0.0,0.0,0.0,0.0,0.0,0.0,0.0,0.0,0,0,0.0,0.0,0.0,0.0,0.0,0,0,0.0,0.0,0.0,2,2,100.0,55,0,0,0,0.0,1,1,100.0,1,1,100.0,0.0,0.0,0,0,0,0,0,0,0,0,0,0.0,0,0,0,0,0,0,0,0,0,0,0,0,0,0,0,0,0,0,0,0,0,0.0,0,0,0,0,0,0,0,3,0,0,2,1,0,3,0,0,0.0,0,0.0,1,0,0,0,0,1,0,1,0,0,0,0,0,0,0,0,0,1,0.0
Benedict Hollerbach,GER,"MF,FW",Union Berlin,Bundesliga,23,2001,12,11,842,9.4,2,1,3,2,0,0,1,0,1.5,1.5,0.5,2.1,33,20,52,0.21,0.11,0.32,0.21,0.32,0.16,0.06,0.22,0.16,0.22,17,6,35.3,1.82,0.64,0.12,0.33,15,0,0.09,0.5,0.5,143,227,63.0,1887,381,87,111,78.4,33,50,66.0,10,19,52.6,1.1,0.5,7,5,10,1,2,0,28,20,23,2.46,15,0,3,2,2,1,3,0,1,0,1,0,1,0,15,9,4,7,4,8,13,61.5,5,12,0,1,16,3,0,359,4,40,142,184,42,359,40,14,35.0,22,55.0,227,1692,741,13,18,35,36,268,0,8,22,6,1,1,0,29,11,29,27.5
Emil Holm,SWE,DF,Bologna,Serie A,24,2000,6,1,153,1.7,0,0,0,0,0,0,1,0,0.0,0.0,0.1,0.1,5,8,10,0.0,0.0,0.0,0.0,0.0,0.0,0.04,0.04,0.0,0.04,0,0,0.0,0.0,0.0,0.0,0.0,0,0,0.0,0.0,0.0,91,117,77.8,1609,574,37,42,88.1,46,52,88.5,7,19,36.8,0.2,-0.1,2,6,3,2,0,0,8,4,5,2.92,4,0,1,0,0,0,0,0,0,0,0,0,0,0,7,4,3,2,2,5,7,71.4,2,2,1,1,8,3,0,144,6,36,68,42,6,144,6,2,33.3,3,50.0,67,417,202,4,1,8,1,80,0,2,3,1,0,0,0,13,4,0,100.0
Lewis Holtby,GER,MF,Holstein Kiel,Bundesliga,34,1990,9,8,610,6.8,0,1,1,0,0,0,1,0,0.1,0.1,0.6,0.7,6,11,12,0.0,0.15,0.15,0.0,0.15,0.02,0.09,0.11,0.02,0.11,3,0,0.0,0.44,0.0,0.0,0.0,25,1,0.04,-0.1,-0.1,241,312,77.2,4016,1138,115,130,88.5,99,119,83.2,21,47,44.7,0.7,0.4,11,10,2,1,1,2,22,9,16,2.36,5,8,0,0,3,0,2,0,0,1,0,0,1,0,16,7,9,6,1,4,11,36.4,7,6,1,13,29,9,1,376,20,117,188,74,6,376,6,2,33.3,3,50.0,168,701,281,3,1,7,5,202,0,6,12,0,2,0,0,34,5,2,71.4
Gerrit Holtmann,PHI,DF,Bochum,Bundesliga,29,1995,5,2,219,2.4,0,0,0,0,0,0,0,0,0.0,0.0,0.0,0.0,10,5,12,0.0,0.0,0.0,0.0,0.0,0.01,0.0,0.01,0.01,0.01,1,0,0.0,0.41,0.0,0.0,0.0,21,0,0.02,0.0,0.0,50,78,64.1,917,279,28,34,82.4,16,23,69.6,6,12,50.0,0.1,0.0,0,5,2,1,0,0,17,7,2,0.82,1,0,0,0,0,1,0,0,0,0,0,0,0,0,7,6,4,2,1,4,7,57.1,3,3,0,7,14,5,0,105,9,38,29,40,4,105,3,1,33.3,2,66.7,50,433,247,4,1,3,4,44,0,5,1,0,0,0,0,14,2,1,66.7
Franck Honorat,FRA,FW,Gladbach,Bundesliga,28,1996,9,9,726,8.1,2,2,4,2,0,0,0,0,2.9,2.9,2.8,5.7,27,28,62,0.25,0.25,0.5,0.25,0.5,0.36,0.35,0.7,0.36,0.7,17,5,29.4,2.11,0.62,0.12,0.4,15,0,0.17,-0.9,-0.9,208,308,67.5,3257,1137,106,132,80.3,79,115,68.7,15,37,40.5,2.4,-0.8,21,16,10,6,0,1,55,12,35,4.34,22,8,0,5,0,0,2,0,2,0,0,0,0,0,6,2,3,1,2,1,3,33.3,2,6,1,2,8,12,1,374,13,54,125,200,29,374,8,2,25.0,6,75.0,191,1179,669,13,10,9,4,234,0,3,1,2,0,0,0,33,3,6,33.3
Mathias Honsak,AUT,"FW,MF",Heidenheim,Bundesliga,28,1996,9,3,339,3.8,1,1,2,1,0,0,1,0,0.9,0.9,1.1,2.0,12,6,20,0.27,0.27,0.53,0.27,0.53,0.23,0.3,0.53,0.23,0.53,9,3,33.3,2.39,0.8,0.11,0.33,14,0,0.1,0.1,0.1,99,140,70.7,1764,523,43,56,76.8,44,59,74.6,11,20,55.0,1.3,-0.1,7,6,4,4,0,0,19,6,17,4.53,7,4,3,2,1,0,4,1,0,2,2,0,0,0,4,3,2,2,0,3,6,50.0,3,2,1,2,6,9,0,188,12,45,81,64,13,188,7,4,57.1,2,28.6,107,628,264,10,3,11,2,116,0,2,6,1,0,0,0,12,8,2,80.0
Cédric Hountondji,BEN,DF,Angers,Ligue 1,30,1994,3,3,270,3.0,0,0,0,0,0,0,0,0,0.0,0.0,0.0,0.0,0,1,0,0.0,0.0,0.0,0.0,0.0,0.0,0.0,0.0,0.0,0.0,0,0,0.0,0.0,0.0,0.0,0.0,0,0,0.0,0.0,0.0,85,100,85.0,1652,391,25,30,83.3,53,57,93.0,6,12,50.0,0.0,0.0,0,3,0,0,0,0,0,0,1,0.33,1,0,0,0,0,0,0,0,0,0,0,0,0,0,6,4,4,2,0,3,7,42.9,4,3,3,4,10,14,0,127,20,65,58,4,1,127,0,0,0.0,0,0.0,48,201,63,0,0,2,0,64,0,2,1,0,0,0,0,9,5,3,62.5
Ilyes Housni,FRA,FW,Le Havre,Ligue 1,19,2005,3,2,141,1.6,0,0,0,0,0,0,0,0,0.1,0.1,0.2,0.3,4,3,15,0.0,0.0,0.0,0.0,0.0,0.09,0.11,0.2,0.09,0.2,2,0,0.0,1.28,0.0,0.0,0.0,11,0,0.07,-0.1,-0.1,27,41,65.9,370,75,18,23,78.3,8,9,88.9,0,1,0.0,0.3,-0.2,1,1,0,0,0,1,1,6,4,2.55,3,0,0,0,1,0,0,0,0,0,0,0,0,0,5,4,0,3,2,2,4,50.0,2,2,0,1,6,1,0,63,0,6,27,30,8,63,4,0,0.0,2,50.0,41,242,82,2,7,5,4,44,0,3,3,0,0,0,0,3,0,2,0.0
Robin Hranáč,CZE,DF,Hoffenheim,Bundesliga,24,2000,2,1,90,1.0,0,0,0,0,0,0,0,0,0.0,0.0,0.0,0.0,0,3,0,0.0,0.0,0.0,0.0,0.0,0.0,0.0,0.0,0.0,0.0,0,0,0.0,0.0,0.0,0.0,0.0,0,0,0.0,0.0,0.0,34,47,72.3,676,166,8,13,61.5,23,26,88.5,3,8,37.5,0.0,0.0,0,5,0,0,0,0,0,0,1,1.0,1,0,0,0,0,0,0,0,0,0,0,0,0,0,0,0,0,0,0,0,1,0.0,1,1,0,2,2,3,1,56,7,20,36,0,0,56,0,0,0.0,0,0.0,29,113,64,0,0,1,0,35,0,5,0,0,0,0,0,1,3,5,37.5
Callum Hudson-Odoi,ENG,FW,Nott'Ham Forest,Premier League,24,2000,13,11,962,10.7,2,0,2,2,0,0,1,0,1.2,1.2,1.1,2.4,59,28,87,0.19,0.0,0.19,0.19,0.19,0.12,0.1,0.22,0.12,0.22,20,8,40.0,1.87,0.75,0.1,0.25,18,0,0.06,0.8,0.8,296,362,81.8,4316,880,180,199,90.5,84,103,81.6,20,37,54.1,1.2,-1.1,20,9,10,2,1,2,33,11,49,4.58,34,3,7,2,3,0,3,0,1,0,0,0,2,0,11,7,2,6,3,6,8,75.0,2,4,0,5,16,4,1,442,5,41,134,277,37,442,30,20,66.7,8,26.7,276,2311,1493,26,23,17,10,334,0,5,8,6,1,0,0,30,0,8,0.0
Will Hughes,ENG,MF,Crystal Palace,Premier League,29,1995,12,7,711,7.9,0,0,0,0,0,0,6,0,0.4,0.4,0.5,0.9,12,41,13,0.0,0.0,0.0,0.0,0.0,0.06,0.06,0.12,0.06,0.12,7,1,14.3,0.89,0.13,0.0,0.0,21,0,0.06,-0.4,-0.4,271,350,77.4,4323,1531,127,141,90.1,118,140,84.3,14,41,34.1,0.6,-0.5,13,32,7,3,0,1,26,3,27,3.41,21,5,0,1,0,0,0,0,0,0,0,0,0,0,29,15,6,14,9,11,27,40.7,16,7,3,5,34,6,0,426,12,73,231,124,7,426,7,1,14.3,5,71.4,200,1094,538,9,0,10,10,243,0,21,10,0,0,1,0,39,6,5,54.5
Dean Huijsen,ESP,DF,Bournemouth,Premier League,19,2005,7,2,254,2.8,0,0,0,0,0,0,1,0,0.5,0.5,0.3,0.8,3,16,1,0.0,0.0,0.0,0.0,0.0,0.18,0.11,0.29,0.18,0.29,4,0,0.0,1.42,0.0,0.0,0.0,13,0,0.13,-0.5,-0.5,165,197,83.8,3296,1366,50,53,94.3,95,109,87.2,18,29,62.1,0.3,-0.3,5,11,0,0,0,2,2,2,7,2.48,6,0,0,1,0,0,0,0,0,0,0,0,0,0,3,2,2,1,0,0,0,0.0,0,3,2,5,8,12,0,229,24,107,109,16,6,229,1,0,0.0,1,100.0,130,651,440,1,0,0,0,152,0,4,0,1,0,0,0,17,14,7,66.7
Mats Hummels,GER,DF,Roma,Serie A,36,1988,3,1,142,1.6,0,0,0,0,0,0,0,0,0.0,0.0,0.0,0.0,0,4,0,0.0,0.0,0.0,0.0,0.0,0.01,0.0,0.01,0.01,0.01,1,0,0.0,0.63,0.0,0.0,0.0,11,0,0.02,0.0,0.0,55,57,96.5,864,303,29,30,96.7,25,25,100.0,1,2,50.0,0.0,0.0,0,3,0,0,0,0,0,1,0,0.0,0,0,0,0,0,0,0,0,0,0,0,0,0,0,8,4,4,4,0,4,5,80.0,1,4,1,5,13,10,0,88,13,31,55,2,1,88,0,0,0.0,0,0.0,35,166,72,1,0,0,0,40,0,0,1,0,0,0,1,4,5,2,71.4
Omari Hutchinson,ENG,"MF,FW",Ipswich Town,Premier League,21,2003,13,13,1132,12.6,1,1,2,1,0,0,4,0,0.9,0.9,1.4,2.2,39,35,67,0.08,0.08,0.16,0.08,0.16,0.07,0.11,0.18,0.07,0.18,18,7,38.9,1.43,0.56,0.06,0.14,20,2,0.05,0.1,0.1,281,374,75.1,4195,761,149,168,88.7,106,135,78.5,17,28,60.7,1.0,-0.4,11,21,8,3,4,2,30,24,32,2.54,22,0,6,1,2,1,4,0,4,0,0,0,0,0,15,6,7,5,3,9,26,34.6,17,13,1,6,21,5,0,534,8,75,215,253,42,534,65,28,43.1,29,44.6,345,2679,1261,21,19,33,32,388,0,12,18,2,0,0,0,37,5,12,29.4
Elseid Hysaj,ALB,DF,Lazio,Serie A,30,1994,2,0,10,0.1,0,0,0,0,0,0,0,0,0.0,0.0,0.0,0.0,0,1,0,0.0,0.0,0.0,0.0,0.0,0.0,0.0,0.0,0.0,0.0,0,0,0.0,0.0,0.0,0.0,0.0,0,0,0.0,0.0,0.0,14,16,87.5,264,68,7,7,100.0,5,6,83.3,2,2,100.0,0.0,0.0,0,2,0,0,0,1,0,0,0,0.0,0,0,0,0,0,0,0,0,0,0,0,0,0,0,1,1,0,1,0,0,0,0.0,0,0,0,0,1,1,0,19,2,6,11,2,0,19,0,0,0.0,0,0.0,6,47,18,1,0,0,0,7,0,0,0,0,0,0,0,3,0,0,0.0
Hong Hyunseok,KOR,MF,Mainz 05,Bundesliga,25,1999,10,4,286,3.2,0,1,1,0,0,0,0,0,0.5,0.5,0.6,1.1,3,7,13,0.0,0.31,0.31,0.0,0.31,0.16,0.18,0.34,0.16,0.34,5,2,40.0,1.57,0.63,0.0,0.0,10,0,0.1,-0.5,-0.5,76,100,76.0,951,218,51,61,83.6,18,26,69.2,2,5,40.0,0.1,0.4,2,4,2,0,0,0,2,2,12,3.76,10,0,0,2,0,0,2,0,1,0,0,1,0,0,4,1,2,1,1,0,1,0.0,1,3,1,4,8,5,0,132,3,23,65,46,8,132,2,1,50.0,1,50.0,61,298,129,5,0,6,5,80,0,2,2,1,0,0,0,11,0,3,0.0
Pierre Højbjerg,DEN,MF,Marseille,Ligue 1,29,1995,13,13,1165,12.9,2,0,2,2,0,0,2,0,1.2,1.2,0.4,1.6,18,95,15,0.15,0.0,0.15,0.15,0.15,0.1,0.03,0.13,0.1,0.13,15,4,26.7,1.16,0.31,0.13,0.5,19,4,0.08,0.8,0.8,1073,1160,92.5,16802,5231,578,609,94.9,427,451,94.7,49,68,72.1,1.1,-0.4,11,89,10,0,2,3,4,8,35,2.7,29,1,0,2,2,1,2,0,2,0,0,0,0,0,33,25,15,15,3,20,39,51.3,19,15,3,20,53,21,1,1300,56,322,791,197,14,1300,8,2,25.0,6,75.0,796,3553,1671,15,2,20,10,1024,0,10,17,0,0,0,0,90,10,7,58.8
Oscar Højlund,DEN,MF,Eint Frankfurt,Bundesliga,19,2005,2,0,26,0.3,0,0,0,0,0,0,0,0,0.1,0.1,0.4,0.5,2,2,1,0.0,0.0,0.0,0.0,0.0,0.34,1.42,1.76,0.34,1.76,1,1,100.0,3.46,3.46,0.0,0.0,18,0,0.1,-0.1,-0.1,6,10,60.0,113,40,2,2,100.0,4,6,66.7,0,1,0.0,0.0,-0.4,1,1,0,0,0,0,0,0,2,6.92,1,0,0,0,0,1,0,0,0,0,0,0,0,0,3,2,2,1,0,0,0,0.0,0,1,0,1,4,0,0,16,0,4,10,3,1,16,0,0,0.0,0,0.0,9,46,11,1,1,1,2,9,0,0,0,0,0,0,0,1,0,0,0.0
Rasmus Højlund,DEN,FW,Manchester Utd,Premier League,21,2003,8,5,439,4.9,1,0,1,1,0,0,0,0,1.1,1.1,0.3,1.4,8,4,20,0.21,0.0,0.21,0.21,0.21,0.22,0.06,0.28,0.22,0.28,5,3,60.0,1.03,0.62,0.2,0.33,16,0,0.22,-0.1,-0.1,63,78,80.8,643,122,45,53,84.9,5,9,55.6,3,3,100.0,0.2,-0.3,5,5,0,0,0,0,2,1,12,2.46,9,0,2,0,1,0,1,0,0,0,0,0,1,0,1,0,0,0,1,0,1,0.0,1,2,0,0,1,2,0,122,1,6,62,57,13,122,14,5,35.7,8,57.1,81,438,184,2,5,16,7,98,0,4,8,4,1,0,0,14,5,21,19.2
Pablo Ibáñez,ESP,MF,Osasuna,La Liga,26,1998,12,3,426,4.7,0,1,1,0,0,0,1,0,1.0,1.0,1.0,2.0,3,17,10,0.0,0.21,0.21,0.0,0.21,0.22,0.2,0.43,0.22,0.43,8,2,25.0,1.69,0.42,0.0,0.0,17,0,0.13,-1.0,-1.0,92,140,65.7,1470,448,49,64,76.6,36,51,70.6,5,9,55.6,0.2,0.0,1,17,1,1,1,1,4,8,7,1.48,5,0,0,1,1,0,2,0,1,0,0,0,1,0,7,3,4,2,1,3,13,23.1,10,9,3,8,15,9,0,199,8,45,105,52,15,199,6,3,50.0,2,33.3,88,499,140,2,1,4,6,103,0,7,6,0,0,0,0,24,12,14,46.2
Stanis Idumbo,BEL,FW,Sevilla,La Liga,19,2005,4,2,116,1.3,1,0,1,1,0,0,0,0,0.6,0.6,0.0,0.6,4,1,3,0.78,0.0,0.78,0.78,0.78,0.43,0.0,0.43,0.43,0.43,1,1,100.0,0.78,0.78,1.0,1.0,12,0,0.56,0.4,0.4,12,15,80.0,187,44,5,5,100.0,7,9,77.8,0,0,0.0,0.0,0.0,0,0,0,0,1,0,0,1,0,0.0,0,0,0,0,0,0,0,0,0,0,0,0,0,0,4,3,2,1,1,2,3,66.7,1,2,0,3,7,0,0,38,0,9,18,15,3,38,6,4,66.7,2,33.3,26,252,101,1,3,8,6,26,0,0,2,0,0,0,0,5,0,0,0.0
Jay Idzes,IDN,DF,Venezia,Serie A,24,2000,12,12,1057,11.7,0,0,0,0,0,0,1,0,0.4,0.4,0.3,0.7,10,49,9,0.0,0.0,0.0,0.0,0.0,0.04,0.02,0.06,0.04,0.06,6,1,16.7,0.51,0.09,0.0,0.0,15,0,0.07,-0.4,-0.4,633,734,86.2,11074,4416,254,274,92.7,346,383,90.3,27,54,50.0,0.2,-0.3,4,40,3,1,1,3,3,6,13,1.11,10,3,0,0,0,0,0,0,0,0,0,0,0,0,15,10,9,4,2,5,9,55.6,4,21,10,8,23,34,0,841,82,380,395,69,7,841,6,1,16.7,5,83.3,442,2363,1304,8,0,10,3,504,0,19,3,1,0,1,0,41,19,22,46.3
Iglesias,ESP,DF,Getafe,La Liga,26,1998,15,11,1067,11.9,0,0,0,0,0,0,1,0,0.2,0.2,1.0,1.2,13,30,31,0.0,0.0,0.0,0.0,0.0,0.02,0.09,0.1,0.02,0.1,8,1,12.5,0.67,0.08,0.0,0.0,30,0,0.02,-0.2,-0.2,270,490,55.1,5294,2715,120,158,75.9,114,190,60.0,35,110,31.8,1.2,-1.0,11,34,11,7,0,5,41,16,30,2.53,16,9,3,0,2,0,1,0,0,1,0,0,0,0,37,23,19,15,3,19,40,47.5,21,15,2,22,59,45,0,651,37,188,297,174,5,651,16,6,37.5,9,56.3,210,1064,513,15,2,8,6,215,0,20,15,0,0,0,0,43,15,12,55.6
Borja Iglesias,ESP,FW,Celta Vigo,La Liga,31,1993,15,9,748,8.3,4,0,4,4,0,0,0,0,3.7,3.7,0.7,4.4,6,9,38,0.48,0.0,0.48,0.48,0.48,0.45,0.08,0.53,0.45,0.53,17,10,58.8,2.05,1.2,0.24,0.4,13,0,0.22,0.3,0.3,143,187,76.5,2075,259,77,96,80.2,47,52,90.4,7,8,87.5,0.3,-0.7,5,7,2,0,2,2,1,6,12,1.44,9,0,0,1,2,0,1,0,0,0,0,0,1,0,4,4,1,2,1,0,3,0.0,3,5,2,3,7,4,0,266,7,17,133,119,32,266,12,7,58.3,5,41.7,176,617,183,2,3,25,13,199,0,13,12,8,0,0,0,21,2,14,12.5
Igor,BRA,DF,Brighton,Premier League,26,1998,8,6,656,7.3,0,0,0,0,0,0,3,0,0.0,0.0,0.2,0.2,7,30,0,0.0,0.0,0.0,0.0,0.0,0.01,0.02,0.03,0.01,0.03,1,0,0.0,0.14,0.0,0.0,0.0,14,0,0.05,0.0,0.0,444,484,91.7,7992,2641,177,185,95.7,236,248,95.2,29,41,70.7,0.2,-0.2,1,25,2,1,1,2,1,2,5,0.69,5,0,0,0,0,0,0,0,0,0,0,0,0,0,2,2,1,0,1,2,5,40.0,3,18,10,2,4,33,0,547,89,276,249,26,1,547,3,2,66.7,1,33.3,342,1995,1286,9,0,1,0,399,0,6,5,0,0,0,0,31,8,4,66.7
Kelechi Iheanacho,NGA,FW,Sevilla,La Liga,28,1996,7,4,354,3.9,0,0,0,0,0,0,0,0,1.5,1.5,0.3,1.8,6,5,17,0.0,0.0,0.0,0.0,0.0,0.38,0.08,0.46,0.38,0.46,9,2,22.2,2.29,0.51,0.0,0.0,13,0,0.16,-1.5,-1.5,57,76,75.0,804,125,35,43,81.4,14,23,60.9,4,5,80.0,0.2,-0.3,5,1,1,0,0,2,0,1,12,3.05,8,0,1,3,0,0,0,0,0,0,0,0,0,0,1,0,0,1,0,1,2,50.0,1,0,0,0,1,1,0,102,2,9,45,48,14,102,4,2,50.0,2,50.0,57,236,126,3,2,8,4,77,0,4,1,6,0,0,0,7,2,6,25.0
Jonathan Ikone,FRA,"FW,MF",Fiorentina,Serie A,26,1998,9,0,198,2.2,0,0,0,0,0,0,0,0,0.3,0.3,0.1,0.4,9,8,20,0.0,0.0,0.0,0.0,0.0,0.15,0.03,0.18,0.15,0.18,5,3,60.0,2.27,1.36,0.0,0.0,14,0,0.07,-0.3,-0.3,44,54,81.5,622,157,28,31,90.3,13,17,76.5,1,2,50.0,0.2,-0.1,1,5,4,0,0,1,1,2,9,4.09,5,0,2,1,1,0,0,0,0,0,0,0,0,0,3,2,3,0,0,1,3,33.3,2,2,0,0,3,0,0,77,1,12,27,40,9,77,10,4,40.0,5,50.0,54,479,285,3,2,2,4,61,0,2,2,0,0,0,0,10,0,4,0.0
George Ilenikhena,FRA,"FW,MF",Monaco,Ligue 1,18,2006,13,3,418,4.6,1,2,3,1,0,0,0,0,1.6,1.6,1.3,2.9,5,4,31,0.22,0.43,0.65,0.22,0.65,0.35,0.28,0.62,0.35,0.62,7,2,28.6,1.51,0.43,0.14,0.5,13,0,0.23,-0.6,-0.6,43,66,65.2,529,102,25,37,67.6,12,13,92.3,0,0,0.0,0.4,0.7,7,2,1,0,1,0,0,1,10,2.16,7,0,1,1,1,0,2,0,2,0,0,0,0,0,1,1,0,1,0,0,1,0.0,1,0,0,1,2,0,0,97,0,5,35,58,18,97,12,2,16.7,8,66.7,59,258,117,4,3,6,8,82,0,7,5,5,0,0,0,8,12,8,60.0
Ivan Ilić,SRB,MF,Torino,Serie A,23,2001,9,7,580,6.4,1,0,1,1,0,0,3,0,0.9,0.9,0.6,1.6,18,27,32,0.16,0.0,0.16,0.16,0.16,0.14,0.1,0.24,0.14,0.24,9,4,44.4,1.4,0.62,0.11,0.25,20,2,0.1,0.1,0.1,281,333,84.4,4591,1122,129,149,86.6,129,144,89.6,17,25,68.0,0.6,-0.6,6,24,12,2,1,1,19,8,24,3.72,17,4,0,1,2,0,6,0,4,2,0,0,0,0,2,1,0,1,1,0,4,0.0,4,0,0,4,6,3,0,378,5,37,230,113,8,378,8,3,37.5,2,25.0,251,1396,650,14,1,9,8,300,0,6,14,1,0,0,0,18,4,8,33.3
Rareş Ilie,ROU,MF,Nice,Ligue 1,21,2003,1,0,7,0.1,0,0,0,0,0,0,0,0,0.0,0.0,0.2,0.2,0,3,1,0.0,0.0,0.0,0.0,0.0,0.47,2.11,2.58,0.47,2.58,1,0,0.0,12.86,0.0,0.0,0.0,16,0,0.04,0.0,0.0,4,5,80.0,63,38,3,3,100.0,0,0,0.0,1,1,100.0,0.1,-0.2,2,1,2,0,0,0,0,1,4,51.43,2,0,2,0,0,0,0,0,0,0,0,0,0,0,1,1,1,0,0,1,1,100.0,0,0,0,0,1,0,0,7,0,1,1,5,2,7,2,2,100.0,0,0.0,4,23,19,0,0,0,0,4,0,0,0,0,0,0,0,2,0,0,0.0
Samuel Iling-Junior,ENG,"FW,MF",Bologna,Serie A,21,2003,3,0,93,1.0,1,0,1,1,0,0,0,0,0.1,0.1,0.1,0.3,5,7,24,0.97,0.0,0.97,0.97,0.97,0.13,0.11,0.25,0.13,0.25,4,1,25.0,3.87,0.97,0.25,1.0,19,0,0.03,0.9,0.9,54,74,73.0,919,235,25,28,89.3,22,30,73.3,5,10,50.0,0.2,-0.1,1,4,3,1,0,0,8,3,7,6.77,6,0,1,0,0,0,0,0,0,0,0,0,0,0,2,1,1,1,0,0,0,0.0,0,0,0,2,4,0,0,90,0,3,25,63,6,90,7,3,42.9,4,57.1,55,348,186,4,1,2,1,67,0,1,0,0,0,0,0,7,0,1,0.0
Danny Ings,ENG,FW,West Ham,Premier League,32,1992,8,1,162,1.8,1,1,2,1,0,0,0,0,2.1,2.1,0.7,2.8,4,2,18,0.56,0.56,1.11,0.56,1.11,1.15,0.42,1.56,1.15,1.56,11,5,45.5,6.11,2.78,0.09,0.2,11,0,0.19,-1.1,-1.1,39,56,69.6,486,52,28,31,90.3,9,17,52.9,0,3,0.0,0.1,0.3,4,1,0,0,1,0,3,3,10,5.56,5,0,1,3,1,0,2,1,0,0,0,1,1,0,2,1,2,0,0,1,1,100.0,0,0,0,1,3,2,0,84,1,9,28,47,19,84,4,3,75.0,1,25.0,40,225,81,0,2,5,4,63,0,0,1,0,1,0,0,4,6,4,60.0
Alessio Iovine,ITA,"DF,FW",Como,Serie A,33,1991,6,3,294,3.3,0,0,0,0,0,0,2,0,0.0,0.0,0.1,0.1,6,2,4,0.0,0.0,0.0,0.0,0.0,0.01,0.02,0.03,0.01,0.03,1,0,0.0,0.31,0.0,0.0,0.0,26,0,0.02,0.0,0.0,123,165,74.5,2338,638,48,55,87.3,58,70,82.9,16,34,47.1,0.1,-0.1,2,2,2,2,0,1,12,4,4,1.22,1,2,0,0,1,0,0,0,0,0,0,0,0,0,3,1,1,2,0,2,4,50.0,2,6,1,2,5,17,0,198,12,65,91,43,2,198,1,1,100.0,0,0.0,85,420,200,5,1,1,0,108,0,4,5,0,0,0,0,11,1,5,16.7
Tim Iroegbunam,ENG,MF,Everton,Premier League,21,2003,6,4,383,4.3,0,0,0,0,0,0,2,0,0.2,0.2,0.1,0.3,5,10,7,0.0,0.0,0.0,0.0,0.0,0.05,0.02,0.07,0.05,0.07,4,0,0.0,0.94,0.0,0.0,0.0,20,0,0.05,-0.2,-0.2,70,99,70.7,1194,446,33,45,73.3,24,31,77.4,10,13,76.9,0.1,-0.1,2,8,1,0,0,0,0,4,9,2.11,5,0,1,0,1,2,0,0,0,0,0,0,0,0,18,9,9,4,5,7,12,58.3,5,6,0,8,26,5,1,158,9,43,79,41,11,158,12,5,41.7,5,41.7,80,470,232,7,2,6,9,72,0,10,6,0,0,0,0,33,5,1,83.3
Jackson Irvine,AUS,MF,St. Pauli,Bundesliga,31,1993,12,12,1080,12.0,0,3,3,0,0,0,1,0,1.0,1.0,1.8,2.8,10,51,27,0.0,0.25,0.25,0.0,0.25,0.09,0.15,0.24,0.09,0.24,13,3,23.1,1.08,0.25,0.0,0.0,13,0,0.08,-1.0,-1.0,284,407,69.8,4390,1661,155,201,77.1,106,143,74.1,15,31,48.4,1.8,1.2,16,44,10,2,4,2,8,8,26,2.17,24,0,0,1,0,1,3,0,2,0,0,0,0,1,26,12,11,12,3,9,19,47.4,10,11,2,20,46,32,0,550,36,137,303,123,26,550,15,6,40.0,8,53.3,205,921,487,15,4,16,6,300,0,18,9,0,0,0,0,58,36,30,54.5
Andy Irving,SCO,MF,West Ham,Premier League,24,2000,5,0,51,0.6,0,0,0,0,0,0,1,0,0.0,0.0,0.0,0.0,0,4,0,0.0,0.0,0.0,0.0,0.0,0.06,0.0,0.06,0.06,0.06,1,1,100.0,1.76,1.76,0.0,0.0,28,0,0.04,0.0,0.0,46,47,97.9,790,156,22,22,100.0,17,18,94.4,5,5,100.0,0.0,0.0,0,6,0,0,1,0,0,0,1,1.73,1,0,0,0,0,0,0,0,0,0,0,0,0,0,4,3,1,2,1,1,4,25.0,3,1,0,0,4,2,0,59,1,11,40,8,0,59,0,0,0.0,0,0.0,38,139,64,1,0,1,1,46,0,2,0,0,0,0,0,1,0,1,0.0
Alexander Isak,SWE,FW,Newcastle Utd,Premier League,25,1999,11,11,875,9.7,4,2,6,4,0,0,0,0,5.0,5.0,1.3,6.4,20,16,59,0.41,0.21,0.62,0.41,0.62,0.52,0.14,0.65,0.52,0.65,32,10,31.3,3.29,1.03,0.13,0.4,14,1,0.16,-1.0,-1.0,141,187,75.4,2007,366,84,102,82.4,42,50,84.0,7,10,70.0,0.9,0.7,11,13,1,0,1,0,5,7,24,2.47,18,1,0,3,0,2,3,0,2,0,0,0,0,1,4,2,0,2,2,3,5,60.0,2,9,1,1,5,5,0,297,6,19,108,174,56,297,20,5,25.0,14,70.0,177,1028,488,9,13,24,18,207,0,9,4,6,0,0,0,17,10,21,32.3
Gustav Isaksen,DEN,"FW,MF",Lazio,Serie A,23,2001,14,9,734,8.2,1,2,3,1,0,0,4,0,1.4,1.4,0.7,2.1,27,11,101,0.12,0.25,0.37,0.12,0.37,0.17,0.09,0.26,0.17,0.26,16,3,18.8,1.96,0.37,0.06,0.33,18,0,0.09,-0.4,-0.4,181,240,75.4,2910,498,100,110,90.9,64,82,78.0,15,31,48.4,0.8,1.3,12,8,4,3,1,2,43,9,28,3.43,15,4,3,3,3,0,4,0,3,0,1,0,0,0,6,3,2,4,0,2,10,20.0,8,2,0,3,9,5,0,324,3,23,99,206,32,324,29,11,37.9,14,48.3,215,1554,727,17,12,12,15,247,0,8,12,1,0,0,0,20,5,12,29.4
Ismaily,BRA,DF,Lille,Ligue 1,34,1990,1,1,82,0.9,0,0,0,0,0,0,1,0,0.1,0.1,0.1,0.2,0,8,8,0.0,0.0,0.0,0.0,0.0,0.06,0.16,0.22,0.06,0.22,1,1,100.0,1.1,1.1,0.0,0.0,14,0,0.05,-0.1,-0.1,42,49,85.7,585,112,24,28,85.7,16,18,88.9,0,0,0.0,0.2,-0.1,1,2,1,0,0,0,3,1,3,3.29,3,0,0,0,0,0,0,0,0,0,0,0,0,0,2,0,0,1,1,0,1,0.0,1,4,0,0,2,2,0,61,0,9,24,28,6,61,1,0,0.0,1,100.0,33,162,101,0,0,2,0,38,0,1,0,0,0,0,0,5,2,0,100.0
Ardian Ismajli,ALB,DF,Empoli,Serie A,28,1996,14,14,1260,14.0,0,0,0,0,0,0,1,0,0.0,0.0,0.0,0.0,0,18,0,0.0,0.0,0.0,0.0,0.0,0.0,0.0,0.0,0.0,0.0,3,0,0.0,0.21,0.0,0.0,0.0,12,0,0.01,0.0,0.0,403,475,84.8,8116,2922,103,113,91.2,257,286,89.9,42,69,60.9,0.0,0.0,0,4,0,0,0,2,0,2,3,0.21,1,1,0,0,0,1,1,0,1,0,0,0,0,0,11,10,8,3,0,5,8,62.5,3,23,18,29,40,129,0,685,153,460,224,3,3,685,0,0,0.0,0,0.0,283,1216,516,0,0,4,0,314,0,10,16,0,0,0,0,30,47,33,58.8
Yanis Issoufou,FRA,"FW,MF",Montpellier,Ligue 1,18,2006,3,1,73,0.8,0,0,0,0,0,0,0,0,0.0,0.0,0.0,0.0,2,1,2,0.0,0.0,0.0,0.0,0.0,0.04,0.0,0.04,0.04,0.04,1,0,0.0,1.23,0.0,0.0,0.0,9,0,0.03,0.0,0.0,8,15,53.3,89,17,7,8,87.5,1,1,100.0,0,2,0.0,0.0,0.0,0,0,0,0,0,0,2,3,0,0.0,0,0,0,0,0,0,0,0,0,0,0,0,0,0,5,3,4,1,0,3,5,60.0,2,1,0,0,5,1,0,20,2,6,9,5,2,20,1,1,100.0,0,0.0,11,70,42,0,0,1,0,10,0,1,0,0,0,0,0,2,0,1,0.0
Ko Itakura,JPN,DF,Gladbach,Bundesliga,27,1997,12,12,1080,12.0,1,0,1,1,0,0,2,0,0.6,0.6,0.3,0.9,8,27,0,0.08,0.0,0.08,0.08,0.08,0.05,0.02,0.07,0.05,0.07,9,2,22.2,0.75,0.17,0.11,0.5,11,0,0.06,0.4,0.4,694,773,89.8,12193,4031,276,295,93.6,380,403,94.3,32,64,50.0,0.6,-0.3,3,28,2,1,0,1,2,2,7,0.58,6,0,1,0,0,0,0,0,0,0,0,0,0,0,19,13,10,8,1,11,17,64.7,6,11,6,12,31,59,0,901,117,515,358,34,15,901,10,6,60.0,4,40.0,561,2553,1301,8,0,3,5,628,0,16,2,0,0,1,0,44,20,17,54.1
Junya Ito,JPN,FW,Reims,Ligue 1,31,1993,13,13,1137,12.6,3,3,6,3,0,0,0,0,2.0,2.0,3.9,5.9,49,61,99,0.24,0.24,0.47,0.24,0.47,0.16,0.31,0.47,0.16,0.47,12,6,50.0,0.95,0.47,0.25,0.5,14,0,0.17,1.0,1.0,327,509,64.2,5284,2213,173,204,84.8,102,158,64.6,38,96,39.6,4.7,-0.9,41,34,34,13,5,4,109,26,56,4.43,33,15,5,1,1,1,5,0,3,1,0,1,0,0,17,13,5,9,3,5,23,21.7,18,14,0,5,22,2,1,624,3,78,226,336,30,624,48,28,58.3,19,39.6,348,2508,1343,37,12,33,21,420,0,7,12,4,0,0,0,56,10,9,52.6
Marko Ivezić,SRB,DF,Holstein Kiel,Bundesliga,23,2001,8,8,720,8.0,0,0,0,0,0,0,2,0,0.0,0.0,0.2,0.2,1,14,4,0.0,0.0,0.0,0.0,0.0,0.01,0.02,0.03,0.01,0.03,3,0,0.0,0.37,0.0,0.0,0.0,20,0,0.02,0.0,0.0,311,367,84.7,5941,2087,95,106,89.6,188,216,87.0,26,41,63.4,0.2,-0.2,2,12,2,0,1,0,1,3,6,0.75,5,0,0,0,1,0,0,0,0,0,0,0,0,0,17,10,12,4,1,9,18,50.0,9,14,8,11,28,35,1,468,69,248,207,17,6,468,3,0,0.0,2,66.7,209,794,332,4,0,6,3,296,0,12,2,1,0,0,0,27,10,7,58.8
Alex Iwobi,NGA,FW,Fulham,Premier League,28,1996,13,13,1119,12.4,3,3,6,3,0,0,1,0,1.6,1.6,3.3,4.9,45,78,107,0.24,0.24,0.48,0.24,0.48,0.13,0.26,0.39,0.13,0.39,22,12,54.5,1.77,0.97,0.14,0.25,16,0,0.07,1.4,1.4,431,563,76.6,7160,2225,235,257,91.4,156,202,77.2,35,64,54.7,3.3,-0.3,25,43,33,4,10,8,41,20,51,4.1,45,0,2,3,1,0,6,0,6,0,0,0,0,0,19,11,8,8,3,7,11,63.6,4,7,0,5,24,13,0,685,11,84,255,356,47,685,39,17,43.6,21,53.8,511,2781,1582,40,11,20,15,535,0,6,7,1,0,0,0,50,2,17,10.5
Armando Izzo,ITA,DF,Monza,Serie A,32,1992,12,12,1045,11.6,0,1,1,0,0,0,5,0,0.2,0.2,0.3,0.4,9,33,5,0.0,0.09,0.09,0.0,0.09,0.01,0.02,0.04,0.01,0.04,3,1,33.3,0.26,0.09,0.0,0.0,11,0,0.05,-0.2,-0.2,571,646,88.4,10865,3067,191,207,92.3,309,337,91.7,66,91,72.5,0.1,0.7,5,20,2,1,0,5,4,6,8,0.69,8,0,0,0,0,0,1,0,1,0,0,0,0,0,21,11,15,6,0,8,18,44.4,10,20,14,22,43,35,0,764,102,420,301,46,4,764,5,4,80.0,1,20.0,447,1988,990,8,0,8,1,490,0,31,14,0,0,0,0,30,17,18,48.6
Fellipe Jack,BRA,DF,Como,Serie A,18,2006,1,0,13,0.1,0,0,0,0,0,0,0,0,0.0,0.0,0.0,0.0,0,1,0,0.0,0.0,0.0,0.0,0.0,0.0,0.0,0.0,0.0,0.0,0,0,0.0,0.0,0.0,0.0,0.0,0,0,0.0,0.0,0.0,10,10,100.0,115,49,9,9,100.0,1,1,100.0,0,0,0.0,0.0,0.0,0,1,0,0,0,0,0,0,0,0.0,0,0,0,0,0,0,0,0,0,0,0,0,0,0,0,0,0,0,0,0,0,0.0,0,1,1,1,1,2,0,15,3,7,8,0,0,15,0,0,0.0,0,0.0,6,38,27,0,0,0,0,6,0,0,0,0,0,0,0,0,1,0,100.0
Nicolas Jackson,SEN,FW,Chelsea,Premier League,23,2001,13,13,1025,11.4,8,3,11,8,0,0,4,0,7.0,7.0,1.8,8.8,22,16,42,0.7,0.26,0.97,0.7,0.97,0.62,0.15,0.77,0.62,0.77,31,19,61.3,2.72,1.67,0.26,0.42,11,0,0.23,1.0,1.0,136,183,74.3,1824,442,80,102,78.4,42,54,77.8,5,8,62.5,0.6,1.2,14,12,3,1,0,0,2,5,30,2.64,21,0,5,2,2,0,7,0,5,0,1,1,0,0,6,4,0,4,2,0,2,0.0,2,8,1,2,8,9,0,311,10,19,145,149,58,311,25,11,44.0,10,40.0,177,1115,595,11,13,32,14,222,0,13,12,8,0,0,0,17,6,18,25.0
Lee Jae-Sung,KOR,MF,Mainz 05,Bundesliga,32,1992,11,11,921,10.2,3,1,4,3,0,0,1,0,2.1,2.1,1.9,4.1,8,32,58,0.29,0.1,0.39,0.29,0.39,0.21,0.19,0.4,0.21,0.4,18,6,33.3,1.76,0.59,0.17,0.5,11,0,0.12,0.9,0.9,266,344,77.3,3975,918,146,175,83.4,94,118,79.7,17,21,81.0,2.4,-0.9,12,16,10,1,1,1,12,12,26,2.54,22,0,2,0,2,0,2,0,2,0,0,0,0,0,15,7,4,8,3,5,8,62.5,3,12,1,11,26,12,0,460,12,72,197,195,54,460,11,5,45.5,5,45.5,221,690,301,6,1,26,10,329,0,9,14,3,0,1,0,34,18,27,40.0
Kristijan Jakić,CRO,MF,Augsburg,Bundesliga,27,1997,10,9,752,8.4,0,1,1,0,0,0,0,0,0.3,0.3,0.4,0.7,14,38,12,0.0,0.12,0.12,0.0,0.12,0.04,0.04,0.08,0.04,0.08,6,2,33.3,0.72,0.24,0.0,0.0,19,0,0.05,-0.3,-0.3,280,342,81.9,4582,1510,143,163,87.7,110,124,88.7,21,30,70.0,1.0,0.6,4,32,3,0,2,1,5,9,16,1.91,13,0,2,1,0,0,2,0,2,0,0,0,0,0,18,7,5,12,1,6,13,46.2,7,16,2,12,30,15,1,440,18,93,270,81,12,440,9,5,55.6,4,44.4,197,1035,489,5,1,16,5,251,0,9,7,0,0,0,0,47,12,10,54.5
Ismail Jakobs,SEN,DF,Monaco,Ligue 1,25,1999,2,2,180,2.0,0,0,0,0,0,0,0,0,0.0,0.0,0.2,0.2,9,6,17,0.0,0.0,0.0,0.0,0.0,0.0,0.11,0.11,0.0,0.11,0,0,0.0,0.0,0.0,0.0,0.0,0,0,0.0,0.0,0.0,85,105,81.0,1245,497,49,55,89.1,22,30,73.3,8,11,72.7,0.2,-0.2,4,7,5,3,0,0,14,2,8,4.0,6,2,0,0,0,0,1,0,1,0,0,0,0,0,5,5,3,0,2,3,5,60.0,2,0,0,2,7,6,0,121,6,25,50,46,1,121,0,0,0.0,0,0.0,67,503,228,7,1,0,0,77,0,1,3,0,0,0,0,5,1,6,14.3
Jordan James,WAL,MF,Rennes,Ligue 1,20,2004,5,1,165,1.8,0,0,0,0,0,0,1,0,0.3,0.3,0.3,0.6,2,15,2,0.0,0.0,0.0,0.0,0.0,0.14,0.18,0.32,0.14,0.32,5,2,40.0,2.73,1.09,0.0,0.0,20,0,0.05,-0.3,-0.3,113,121,93.4,1840,507,50,53,94.3,48,49,98.0,9,11,81.8,0.2,-0.3,3,10,4,0,0,1,0,2,6,3.27,3,0,1,2,0,0,2,1,1,0,0,1,0,0,4,2,1,2,1,3,5,60.0,2,0,0,2,6,1,0,140,3,21,81,38,3,140,4,1,25.0,3,75.0,63,249,123,1,1,2,2,110,0,3,2,0,0,0,0,11,0,0,0.0
Reece James,ENG,DF,Chelsea,Premier League,25,1999,4,3,241,2.7,0,0,0,0,0,0,0,0,0.0,0.0,0.0,0.0,0,8,1,0.0,0.0,0.0,0.0,0.0,0.0,0.0,0.0,0.0,0.0,0,0,0.0,0.0,0.0,0.0,0.0,0,0,0.0,0.0,0.0,183,221,82.8,3278,1081,86,91,94.5,79,91,86.8,15,35,42.9,0.2,0.0,0,17,1,0,3,1,15,1,3,1.12,3,0,0,0,0,0,0,0,0,0,0,0,0,0,2,2,2,0,0,1,3,33.3,2,4,2,3,5,5,1,238,10,76,117,45,0,238,3,1,33.3,1,33.3,125,400,161,0,0,1,0,148,0,1,4,0,0,0,0,12,9,3,75.0
Vitaly Janelt,GER,MF,Brentford,Premier League,26,1998,13,12,1036,11.5,1,3,4,1,0,0,1,0,0.4,0.4,1.6,2.0,8,38,18,0.09,0.26,0.35,0.09,0.35,0.04,0.14,0.17,0.04,0.17,8,3,37.5,0.69,0.26,0.13,0.33,20,0,0.05,0.6,0.6,414,496,83.5,7413,2174,195,216,90.3,175,199,87.9,40,67,59.7,1.1,1.4,9,39,13,6,2,5,15,4,17,1.48,16,1,0,0,0,0,3,0,3,0,0,0,0,0,17,10,7,6,4,9,15,60.0,6,19,4,10,27,31,0,615,58,221,272,127,11,615,8,3,37.5,4,50.0,326,1566,635,10,1,10,3,389,0,10,5,0,0,0,0,51,8,6,57.1
Adnan Januzaj,BEL,"FW,MF",Las Palmas,La Liga,29,1995,5,3,256,2.8,0,1,1,0,0,0,2,0,0.3,0.3,0.4,0.7,10,17,24,0.0,0.35,0.35,0.0,0.35,0.11,0.14,0.25,0.11,0.25,7,1,14.3,2.46,0.35,0.0,0.0,24,2,0.05,-0.3,-0.3,103,142,72.5,1987,715,45,51,88.2,43,56,76.8,15,28,53.6,0.9,0.6,7,13,4,2,4,3,26,7,15,5.27,7,4,0,2,2,0,3,1,2,0,0,1,0,0,3,2,1,2,0,1,2,50.0,1,2,0,0,3,2,0,178,4,15,81,82,8,178,15,4,26.7,10,66.7,108,650,326,3,4,12,3,131,0,1,6,0,0,0,0,11,1,5,16.7
Ali Jasim,IRQ,"FW,DF",Como,Serie A,20,2004,2,0,10,0.1,0,0,0,0,0,0,0,0,0.0,0.0,0.0,0.0,1,1,1,0.0,0.0,0.0,0.0,0.0,0.0,0.0,0.0,0.0,0.0,0,0,0.0,0.0,0.0,0.0,0.0,0,0,0.0,0.0,0.0,7,9,77.8,71,35,6,6,100.0,1,3,33.3,0,0,0.0,0.0,0.0,0,2,0,0,0,0,1,0,1,9.0,1,0,0,0,0,0,0,0,0,0,0,0,0,0,1,0,1,0,0,1,1,100.0,0,0,0,0,1,0,0,11,0,6,4,1,0,11,0,0,0.0,0,0.0,7,54,36,0,0,0,0,8,0,1,0,0,0,0,0,1,1,0,100.0
Mikel Jauregizar,ESP,MF,Athletic Club,La Liga,21,2003,12,8,698,7.8,1,0,1,1,0,0,3,1,0.3,0.3,0.3,0.6,7,39,11,0.13,0.0,0.13,0.13,0.13,0.03,0.04,0.07,0.03,0.07,6,1,16.7,0.77,0.13,0.17,1.0,21,0,0.04,0.7,0.7,298,364,81.9,5466,1472,125,142,88.0,135,160,84.4,34,49,69.4,0.3,-0.3,8,41,2,0,1,5,13,6,21,2.71,16,3,0,2,0,0,2,0,2,0,0,0,0,0,22,12,6,11,5,13,22,59.1,9,6,1,8,30,7,1,449,10,72,279,102,5,449,11,7,63.6,3,27.3,223,982,440,7,1,12,10,281,0,22,10,0,0,0,0,39,8,12,40.0
Dominik Javorček,SVK,DF,Holstein Kiel,Bundesliga,22,2002,2,1,60,0.7,0,0,0,0,0,0,0,0,0.0,0.0,0.0,0.0,0,0,1,0.0,0.0,0.0,0.0,0.0,0.0,0.0,0.0,0.0,0.0,0,0,0.0,0.0,0.0,0.0,0.0,0,0,0.0,0.0,0.0,15,20,75.0,344,222,3,4,75.0,8,11,72.7,4,5,80.0,0.0,0.0,0,0,0,0,0,0,0,0,0,0.0,0,0,0,0,0,0,0,0,0,0,0,0,0,0,1,0,1,0,0,1,1,100.0,0,1,1,1,2,4,1,28,6,16,9,3,0,28,0,0,0.0,0,0.0,10,28,1,0,0,1,1,14,0,1,1,0,0,0,0,3,0,0,0.0
Gaby Jean,FRA,DF,Lecce,Serie A,24,2000,3,0,55,0.6,0,0,0,0,0,0,0,0,0.0,0.0,0.0,0.0,0,0,0,0.0,0.0,0.0,0.0,0.0,0.0,0.0,0.0,0.0,0.0,0,0,0.0,0.0,0.0,0.0,0.0,0,0,0.0,0.0,0.0,13,17,76.5,215,125,7,7,100.0,5,8,62.5,1,2,50.0,0.0,0.0,0,1,0,0,0,0,0,0,0,0.0,0,0,0,0,0,0,0,0,0,0,0,0,0,0,1,0,1,0,0,0,1,0.0,1,1,1,0,1,6,0,26,5,15,9,2,0,26,0,0,0.0,0,0.0,4,12,5,0,0,0,0,9,0,0,0,0,0,0,0,1,2,2,50.0
Daniel Jebbison,ENG,FW,Bournemouth,Premier League,21,2003,2,0,28,0.3,0,0,0,0,0,0,0,0,0.0,0.0,0.0,0.0,1,0,1,0.0,0.0,0.0,0.0,0.0,0.0,0.07,0.07,0.0,0.07,0,0,0.0,0.0,0.0,0.0,0.0,0,0,0.0,0.0,0.0,3,5,60.0,38,6,3,4,75.0,0,0,0.0,0,0,0.0,0.0,0.0,1,1,0,0,0,0,1,0,2,6.43,2,0,0,0,0,0,0,0,0,0,0,0,0,0,0,0,0,0,0,0,1,0.0,1,0,0,0,0,1,0,7,1,1,3,3,1,7,0,0,0.0,0,0.0,6,40,19,0,1,1,1,8,0,0,1,0,0,0,0,0,0,2,0.0
Fredrik Jensen,FIN,"MF,DF",Augsburg,Bundesliga,27,1997,5,1,117,1.3,0,0,0,0,0,0,0,0,0.1,0.1,0.1,0.2,1,4,10,0.0,0.0,0.0,0.0,0.0,0.06,0.07,0.13,0.06,0.13,3,0,0.0,2.31,0.0,0.0,0.0,16,0,0.03,-0.1,-0.1,29,42,69.0,515,147,16,20,80.0,7,9,77.8,5,8,62.5,0.2,-0.1,2,1,1,0,0,0,4,3,3,2.31,3,0,0,0,0,0,0,0,0,0,0,0,0,0,1,1,0,0,1,1,1,100.0,0,2,0,0,1,1,0,59,1,4,23,34,9,59,2,1,50.0,1,50.0,26,100,50,2,0,1,2,36,0,0,1,0,0,0,0,3,1,2,33.3
Mathias Jensen,DEN,MF,Brentford,Premier League,28,1996,8,6,479,5.3,0,1,1,0,0,0,1,0,0.2,0.2,0.8,1.0,5,33,15,0.0,0.19,0.19,0.0,0.19,0.04,0.15,0.19,0.04,0.19,5,1,20.0,0.94,0.19,0.0,0.0,21,0,0.05,-0.2,-0.2,175,243,72.0,3277,1201,79,95,83.2,71,93,76.3,21,44,47.7,0.6,0.2,8,21,10,2,0,2,21,3,21,3.95,14,6,1,0,0,0,3,0,1,1,1,0,0,0,4,3,2,1,1,2,6,33.3,4,7,1,4,8,6,1,284,13,63,114,107,4,284,8,4,50.0,2,25.0,162,706,365,5,0,4,4,180,0,6,9,0,0,0,0,25,3,2,60.0
Moritz Jenz,GER,DF,Mainz 05,Bundesliga,25,1999,6,6,540,6.0,0,0,0,0,0,0,2,0,0.1,0.1,0.0,0.1,0,14,3,0.0,0.0,0.0,0.0,0.0,0.02,0.0,0.02,0.02,0.02,2,1,50.0,0.33,0.17,0.0,0.0,9,0,0.06,-0.1,-0.1,247,291,84.9,4486,1809,78,91,85.7,148,163,90.8,15,30,50.0,0.1,0.0,1,14,0,0,0,0,0,0,4,0.67,4,0,0,0,0,0,0,0,0,0,0,0,0,0,13,6,6,7,0,4,7,57.1,3,7,6,5,18,45,0,377,61,208,157,14,8,377,2,0,0.0,1,50.0,163,629,258,0,0,4,0,207,0,9,4,0,0,0,0,29,28,15,65.1
Gabriel Jesus,BRA,FW,Arsenal,Premier League,27,1997,11,2,234,2.6,0,0,0,0,0,0,4,0,0.8,0.8,0.5,1.3,7,8,27,0.0,0.0,0.0,0.0,0.0,0.3,0.19,0.49,0.3,0.49,8,2,25.0,3.08,0.77,0.0,0.0,13,0,0.1,-0.8,-0.8,69,88,78.4,833,145,52,60,86.7,15,17,88.2,0,1,0.0,0.1,-0.5,5,5,3,0,0,0,2,7,11,4.21,6,0,1,2,1,1,1,0,0,0,0,1,0,0,4,3,4,0,0,3,5,60.0,2,4,1,3,7,2,0,129,4,16,45,69,21,129,13,3,23.1,7,53.8,87,467,236,3,5,4,6,98,0,6,8,4,0,0,0,19,1,6,14.3
Juan Jesus,BRA,DF,Napoli,Serie A,33,1991,1,1,78,0.9,0,0,0,0,0,0,0,0,0.1,0.1,0.0,0.1,2,7,2,0.0,0.0,0.0,0.0,0.0,0.12,0.0,0.12,0.12,0.12,1,0,0.0,1.15,0.0,0.0,0.0,5,0,0.11,-0.1,-0.1,62,73,84.9,1100,476,24,26,92.3,34,38,89.5,4,7,57.1,0.0,0.0,0,6,0,0,0,0,0,2,0,0.0,0,0,0,0,0,0,0,0,0,0,0,0,0,0,0,0,0,0,0,0,0,0.0,0,0,0,0,0,3,0,76,3,25,50,2,1,76,0,0,0.0,0,0.0,46,240,153,1,0,0,1,59,0,1,0,0,0,0,0,3,5,0,100.0
Raúl Jiménez,MEX,FW,Fulham,Premier League,33,1991,13,10,811,9.0,4,2,6,3,1,1,0,0,4.9,4.1,2.2,6.3,7,19,40,0.44,0.22,0.67,0.33,0.55,0.54,0.24,0.78,0.45,0.7,32,13,40.6,3.55,1.44,0.09,0.23,13,0,0.13,-0.9,-1.1,134,198,67.7,1947,470,75,98,76.5,37,51,72.5,10,17,58.8,1.3,-0.2,9,14,2,0,3,1,9,12,21,2.33,13,1,0,3,3,1,4,0,3,0,0,0,0,1,13,7,1,8,4,2,8,25.0,6,5,1,4,17,5,2,315,8,22,133,164,62,314,12,4,33.3,7,58.3,188,633,262,5,2,29,14,234,0,16,15,9,0,0,0,23,21,33,38.9
João Pedro,BRA,"MF,FW",Brighton,Premier League,23,2001,7,5,441,4.9,4,2,6,4,0,0,1,0,1.7,1.7,1.3,3.1,19,23,26,0.82,0.41,1.22,0.82,1.22,0.36,0.27,0.63,0.36,0.63,12,6,50.0,2.45,1.22,0.33,0.67,15,0,0.15,2.3,2.3,129,171,75.4,1842,562,79,103,76.7,36,45,80.0,8,10,80.0,1.2,0.7,7,12,12,2,2,1,4,4,14,2.86,11,0,1,0,2,0,3,0,3,0,0,0,0,0,6,4,1,4,1,1,3,33.3,2,3,0,3,9,3,0,237,4,22,103,116,27,237,20,10,50.0,10,50.0,167,1010,521,13,9,20,13,194,0,2,12,0,0,0,0,14,10,5,66.7
John Joe,IRL,"MF,FW",Getafe,La Liga,21,2003,3,0,32,0.4,0,0,0,0,0,0,0,0,0.1,0.1,0.0,0.1,1,0,5,0.0,0.0,0.0,0.0,0.0,0.39,0.0,0.39,0.39,0.39,2,0,0.0,5.63,0.0,0.0,0.0,20,0,0.07,-0.1,-0.1,14,17,82.4,175,35,10,11,90.9,2,4,50.0,1,1,100.0,0.0,0.0,0,0,0,0,0,0,0,0,0,0.0,0,0,0,0,0,0,0,0,0,0,0,0,0,0,0,0,0,0,0,0,0,0.0,0,1,1,0,0,1,0,26,1,4,8,14,1,26,4,2,50.0,2,50.0,18,87,39,0,0,1,1,18,0,0,1,0,0,0,0,3,2,2,50.0
Joelinton,BRA,"MF,FW",Newcastle Utd,Premier League,28,1996,13,13,1084,12.0,2,0,2,2,0,0,4,0,1.9,1.9,0.7,2.7,19,53,66,0.17,0.0,0.17,0.17,0.17,0.16,0.06,0.22,0.16,0.22,19,6,31.6,1.58,0.5,0.11,0.33,11,0,0.1,0.1,0.1,396,488,81.1,5682,1505,249,284,87.7,128,151,84.8,15,31,48.4,0.9,-0.7,12,41,6,1,2,1,14,10,27,2.24,21,2,0,2,0,2,1,0,1,0,0,0,0,0,30,19,11,12,7,13,23,56.5,10,17,3,10,40,22,1,640,35,119,317,211,41,640,25,7,28.0,17,68.0,379,1903,858,10,4,22,26,447,0,29,15,2,0,0,0,65,25,17,59.5
Jofre,ESP,"MF,FW",Espanyol,La Liga,23,2001,14,12,941,10.5,2,3,5,2,0,0,4,0,1.5,1.5,1.4,2.9,25,21,65,0.19,0.29,0.48,0.19,0.48,0.14,0.14,0.28,0.14,0.28,19,5,26.3,1.82,0.48,0.11,0.4,20,0,0.08,0.5,0.5,149,209,71.3,2285,681,82,99,82.8,53,74,71.6,9,17,52.9,1.0,1.6,10,6,5,3,1,1,16,9,26,2.49,15,0,4,3,4,0,5,0,4,0,0,0,1,0,7,7,4,3,0,4,9,44.4,5,3,0,8,15,10,0,335,9,48,135,161,33,335,47,15,31.9,26,55.3,216,1629,821,20,14,27,19,226,0,15,26,2,0,0,0,53,1,3,25.0
Þórir Jóhann Helgason,ISL,"FW,MF",Lecce,Serie A,24,2000,1,0,13,0.1,0,0,0,0,0,0,0,0,0.0,0.0,0.0,0.0,1,1,2,0.0,0.0,0.0,0.0,0.0,0.25,0.0,0.25,0.25,0.25,1,0,0.0,6.92,0.0,0.0,0.0,29,1,0.04,0.0,0.0,5,5,100.0,73,5,2,2,100.0,3,3,100.0,0,0,0.0,0.0,0.0,0,0,0,0,0,0,0,0,0,0.0,0,0,0,0,0,0,0,0,0,0,0,0,0,0,2,1,1,1,0,1,1,100.0,0,0,0,0,2,0,0,9,0,2,3,5,1,9,1,1,100.0,0,0.0,4,17,13,1,0,1,0,3,0,1,0,0,0,0,0,1,0,0,0.0
Carl Johansson,SWE,DF,Holstein Kiel,Bundesliga,30,1994,4,4,347,3.9,0,0,0,0,0,0,0,0,0.0,0.0,0.3,0.3,0,8,0,0.0,0.0,0.0,0.0,0.0,0.01,0.08,0.09,0.01,0.09,1,1,100.0,0.26,0.26,0.0,0.0,10,0,0.05,0.0,0.0,193,220,87.7,3394,1161,79,85,92.9,100,111,90.1,13,19,68.4,0.1,-0.3,4,2,2,0,0,0,0,0,5,1.3,5,0,0,0,0,0,0,0,0,0,0,0,0,0,4,2,4,0,0,3,6,50.0,3,7,6,6,10,23,1,268,58,180,80,12,10,268,0,0,0.0,0,0.0,106,320,117,0,0,2,0,154,0,2,0,0,0,1,0,14,16,13,55.2
Ben Johnson,ENG,"DF,FW",Ipswich Town,Premier League,24,2000,6,4,403,4.5,0,1,1,0,0,0,1,0,0.0,0.0,0.4,0.4,6,12,8,0.0,0.22,0.22,0.0,0.22,0.01,0.09,0.09,0.01,0.09,1,1,100.0,0.22,0.22,0.0,0.0,24,0,0.04,0.0,0.0,120,163,73.6,1853,836,69,83,83.1,45,52,86.5,6,16,37.5,0.2,0.6,3,7,1,1,1,0,8,8,7,1.56,4,1,0,0,2,0,2,0,2,0,0,0,0,0,18,9,13,5,0,12,18,66.7,6,6,2,8,26,8,0,230,14,93,79,60,1,230,9,3,33.3,5,55.6,98,589,240,7,0,8,2,103,0,8,3,0,0,0,0,12,5,5,50.0
Brennan Johnson,WAL,FW,Tottenham,Premier League,23,2001,13,11,984,10.9,6,0,6,6,0,0,2,0,6.6,6.6,0.7,7.3,33,29,105,0.55,0.0,0.55,0.55,0.55,0.61,0.06,0.67,0.61,0.67,36,11,30.6,3.29,1.01,0.17,0.55,11,0,0.18,-0.6,-0.6,196,282,69.5,2510,665,119,153,77.8,61,83,73.5,6,12,50.0,0.7,-0.7,9,9,18,3,0,0,22,16,19,1.74,15,0,2,2,0,0,0,0,0,0,0,0,0,0,22,14,4,12,6,9,18,50.0,9,11,1,2,24,8,0,395,5,38,110,251,82,395,18,7,38.9,9,50.0,236,1278,710,10,23,14,7,283,0,12,8,4,0,0,0,29,7,10,41.2
Paul Joly,FRA,DF,Auxerre,Ligue 1,24,2000,8,4,441,4.9,0,1,1,0,0,0,1,0,0.1,0.1,0.9,1.0,15,28,35,0.0,0.2,0.2,0.0,0.2,0.01,0.19,0.2,0.01,0.2,2,1,50.0,0.41,0.2,0.0,0.0,15,0,0.04,-0.1,-0.1,226,320,70.6,4044,1414,99,119,83.2,100,132,75.8,25,54,46.3,0.7,0.1,8,22,7,4,0,5,30,9,15,3.05,14,0,0,0,1,0,2,0,2,0,0,0,0,0,16,11,11,5,0,8,19,42.1,11,5,0,13,29,17,4,401,16,114,194,97,7,401,14,3,21.4,7,50.0,209,1004,544,11,1,10,7,242,0,3,14,0,0,0,0,24,6,6,50.0
Curtis Jones,ENG,MF,Liverpool,Premier League,23,2001,10,5,478,5.3,1,1,2,1,0,0,0,0,1.3,1.3,0.2,1.5,6,30,22,0.19,0.19,0.38,0.19,0.38,0.25,0.03,0.28,0.25,0.28,11,5,45.5,2.07,0.94,0.09,0.2,16,0,0.12,-0.3,-0.3,269,285,94.4,4011,847,148,150,98.7,102,109,93.6,11,14,78.6,0.1,0.8,5,21,5,0,0,0,1,1,9,1.69,8,0,0,0,1,0,2,0,1,0,0,0,1,0,11,6,2,8,1,5,8,62.5,3,8,4,1,12,5,0,343,8,56,191,99,14,343,8,5,62.5,2,25.0,214,1025,437,3,2,6,12,272,0,4,9,0,1,0,0,27,4,3,57.1
Frenkie De Jong,NED,MF,Barcelona,La Liga,27,1997,7,1,204,2.3,1,1,2,1,0,0,0,0,0.2,0.2,1.2,1.4,5,21,6,0.44,0.44,0.88,0.44,0.88,0.11,0.51,0.62,0.11,0.62,2,1,50.0,0.88,0.44,0.5,1.0,19,0,0.12,0.8,0.8,157,169,92.9,2494,804,78,80,97.5,65,70,92.9,8,11,72.7,0.8,-0.2,4,21,0,0,1,0,1,0,9,3.97,8,0,1,0,0,0,4,1,3,0,1,0,0,0,1,1,0,1,0,0,0,0.0,0,2,0,1,2,0,0,182,1,14,136,32,3,182,4,2,50.0,2,50.0,125,748,451,6,0,2,0,150,0,5,3,0,0,0,0,5,1,0,100.0
Joan Jordán,ESP,MF,Alavés,La Liga,30,1994,8,2,343,3.8,0,2,2,0,0,0,1,0,0.5,0.5,0.2,0.8,4,38,8,0.0,0.52,0.52,0.0,0.52,0.14,0.06,0.2,0.14,0.2,6,1,16.7,1.57,0.26,0.0,0.0,23,2,0.09,-0.5,-0.5,177,264,67.0,3631,1470,70,85,82.4,71,92,77.2,31,77,40.3,0.4,1.8,6,34,2,0,0,10,31,3,18,4.71,15,2,0,0,1,0,3,0,2,1,0,0,0,0,11,7,5,4,2,5,11,45.5,6,4,0,2,13,5,0,294,7,46,172,81,4,294,3,2,66.7,1,33.3,140,560,330,3,1,2,0,167,0,7,5,0,0,0,0,17,3,4,42.9
Jorginho,ITA,MF,Arsenal,Premier League,33,1991,5,4,290,3.2,0,0,0,0,0,0,3,0,0.0,0.0,0.2,0.2,3,16,2,0.0,0.0,0.0,0.0,0.0,0.01,0.06,0.07,0.01,0.07,1,0,0.0,0.31,0.0,0.0,0.0,22,0,0.04,0.0,0.0,135,159,84.9,2113,485,70,83,84.3,57,60,95.0,6,11,54.5,0.3,-0.2,2,11,6,0,1,1,0,3,5,1.55,5,0,0,0,0,0,0,0,0,0,0,0,0,0,5,3,1,3,1,5,7,71.4,2,0,0,3,8,1,1,175,2,34,97,47,1,175,1,0,0.0,0,0.0,91,453,227,4,0,3,5,122,0,7,5,0,0,0,0,19,1,3,25.0
Jota,POR,"FW,MF",Rennes,Ligue 1,25,1999,8,3,319,3.5,1,0,1,1,0,0,0,0,1.3,1.3,0.3,1.6,13,16,35,0.28,0.0,0.28,0.28,0.28,0.38,0.08,0.46,0.38,0.46,4,2,50.0,1.13,0.56,0.25,0.5,9,0,0.33,-0.3,-0.3,95,132,72.0,1498,360,45,53,84.9,39,51,76.5,5,13,38.5,0.4,-0.3,5,10,6,2,1,1,16,4,7,1.97,6,0,1,0,0,0,1,0,1,0,0,0,0,0,3,2,1,2,0,3,6,50.0,3,1,0,3,6,2,0,170,1,12,64,95,16,170,13,4,30.8,8,61.5,114,655,334,6,5,7,2,130,0,3,2,3,0,0,0,11,1,1,50.0
Diogo Jota,POR,FW,Liverpool,Premier League,28,1996,7,7,492,5.5,2,2,4,2,0,0,1,0,2.7,2.7,0.8,3.5,13,6,34,0.37,0.37,0.73,0.37,0.73,0.5,0.14,0.64,0.5,0.64,14,3,21.4,2.56,0.55,0.14,0.67,11,0,0.19,-0.7,-0.7,73,109,67.0,1052,249,37,53,69.8,24,30,80.0,5,8,62.5,0.3,1.2,3,6,2,1,0,2,4,7,7,1.28,4,0,0,2,1,0,3,0,2,0,0,0,1,0,3,1,0,2,1,2,6,33.3,4,1,0,3,6,3,0,169,2,9,70,92,31,169,12,2,16.7,9,75.0,91,640,283,10,9,16,10,125,0,8,8,0,1,0,0,12,12,16,42.9
Antoine Joujou,FRA,"MF,FW",Le Havre,Ligue 1,21,2003,9,3,327,3.6,0,0,0,0,0,0,1,0,0.3,0.3,0.3,0.6,18,4,29,0.0,0.0,0.0,0.0,0.0,0.08,0.09,0.18,0.08,0.18,6,1,16.7,1.65,0.28,0.0,0.0,21,0,0.05,-0.3,-0.3,46,83,55.4,656,145,29,46,63.0,9,19,47.4,4,7,57.1,0.4,-0.3,4,4,2,1,1,0,10,6,12,3.3,6,0,4,1,0,1,0,0,0,0,0,0,0,0,6,5,4,1,1,2,4,50.0,2,8,2,3,9,3,0,142,4,17,54,79,15,142,27,15,55.6,12,44.4,89,781,411,9,9,14,5,86,0,2,2,0,0,0,0,18,2,9,18.2
Luka Jović,SRB,FW,Milan,Serie A,27,1997,3,1,79,0.9,0,0,0,0,0,0,1,0,0.1,0.1,0.1,0.1,1,4,7,0.0,0.0,0.0,0.0,0.0,0.08,0.06,0.14,0.08,0.14,1,0,0.0,1.14,0.0,0.0,0.0,10,0,0.07,-0.1,-0.1,15,20,75.0,175,34,13,15,86.7,1,3,33.3,1,1,100.0,0.0,-0.1,1,2,0,0,1,0,1,0,1,1.14,1,0,0,0,0,0,0,0,0,0,0,0,0,0,0,0,0,0,0,0,0,0.0,0,0,0,1,1,0,0,23,0,1,13,9,2,23,1,1,100.0,0,0.0,16,61,13,0,0,1,0,21,0,1,1,0,0,0,0,1,1,2,33.3
Juanmi,ESP,"FW,MF",Betis,La Liga,31,1993,8,2,190,2.1,0,0,0,0,0,0,2,0,0.6,0.6,0.3,0.9,4,2,11,0.0,0.0,0.0,0.0,0.0,0.27,0.14,0.41,0.27,0.41,4,1,25.0,1.89,0.47,0.0,0.0,15,0,0.14,-0.6,-0.6,41,52,78.8,484,88,34,38,89.5,4,6,66.7,2,2,100.0,0.1,-0.3,2,1,0,0,0,0,1,5,3,1.42,2,0,1,0,0,0,0,0,0,0,0,0,0,0,6,3,3,2,1,3,5,60.0,2,4,0,1,7,4,0,78,3,20,32,27,8,78,5,4,80.0,1,20.0,42,242,90,1,1,4,3,50,0,4,5,0,0,0,0,9,4,1,80.0
Juanpe,ESP,DF,Girona,La Liga,33,1991,4,3,271,3.0,0,0,0,0,0,0,1,0,0.0,0.0,0.1,0.1,1,14,0,0.0,0.0,0.0,0.0,0.0,0.0,0.02,0.02,0.0,0.02,0,0,0.0,0.0,0.0,0.0,0.0,0,0,0.0,0.0,0.0,199,219,90.9,3966,1183,52,55,94.5,128,133,96.2,19,28,67.9,0.0,-0.1,2,13,1,0,0,3,1,3,2,0.66,2,0,0,0,0,0,0,0,0,0,0,0,0,0,7,4,4,3,0,6,6,100.0,0,7,3,4,11,20,0,257,35,118,132,9,0,257,0,0,0.0,0,0.0,120,631,349,3,0,0,1,175,0,1,2,0,0,0,0,4,12,4,75.0
Jubal,BRA,DF,Auxerre,Ligue 1,31,1993,11,11,937,10.4,1,0,1,0,1,2,3,0,2.0,0.4,0.4,0.8,0,15,1,0.1,0.0,0.1,0.0,0.0,0.19,0.04,0.23,0.04,0.08,5,2,40.0,0.48,0.19,0.0,0.0,12,0,0.08,-1.0,-0.4,335,389,86.1,6560,2138,96,106,90.6,210,222,94.6,27,54,50.0,0.4,-0.4,1,8,3,0,0,1,0,2,3,0.29,3,0,0,0,0,0,0,0,0,0,0,0,0,0,18,13,16,2,0,11,20,55.0,9,21,7,6,24,52,1,505,74,280,210,17,13,503,1,1,100.0,0,0.0,254,1084,474,1,0,2,1,287,0,8,6,0,0,1,0,27,29,10,74.4
Abdulai Juma Bah,SLE,DF,Valladolid,La Liga,18,2006,7,6,544,6.0,0,0,0,0,0,0,1,0,0.3,0.3,0.0,0.3,0,11,1,0.0,0.0,0.0,0.0,0.0,0.04,0.01,0.05,0.04,0.05,3,1,33.3,0.5,0.17,0.0,0.0,9,0,0.09,-0.3,-0.3,176,227,77.5,3351,1068,53,62,85.5,105,114,92.1,15,45,33.3,0.0,0.0,1,9,0,0,0,1,0,0,2,0.33,2,0,0,0,0,0,0,0,0,0,0,0,0,0,5,4,3,2,0,1,3,33.3,2,7,4,7,12,34,0,294,47,164,121,10,8,294,3,3,100.0,0,0.0,147,587,210,1,0,2,4,165,0,4,4,0,0,0,0,22,23,10,69.7
Anthony Jung,GER,DF,Werder Bremen,Bundesliga,33,1991,11,7,664,7.4,0,0,0,0,0,0,0,0,0.0,0.0,0.1,0.1,5,45,3,0.0,0.0,0.0,0.0,0.0,0.0,0.01,0.01,0.0,0.01,0,0,0.0,0.0,0.0,0.0,0.0,0,0,0.0,0.0,0.0,512,562,91.1,8823,3240,218,229,95.2,252,269,93.7,32,47,68.1,0.3,-0.1,2,46,4,1,0,0,4,2,7,0.95,7,0,0,0,0,0,1,0,1,0,0,0,0,0,10,7,8,2,0,5,7,71.4,2,5,1,10,20,28,0,620,62,297,284,45,1,620,3,3,100.0,0,0.0,410,1790,914,16,0,2,1,441,0,3,2,0,0,0,0,32,11,7,61.1
Hamed Junior Traorè,CIV,MF,Auxerre,Ligue 1,24,2000,11,11,905,10.1,6,1,7,6,0,0,2,0,3.6,3.6,1.3,4.9,31,43,60,0.6,0.1,0.7,0.6,0.7,0.36,0.13,0.49,0.36,0.49,29,11,37.9,2.88,1.09,0.21,0.55,17,1,0.13,2.4,2.4,187,262,71.4,2784,952,106,122,86.9,55,79,69.6,15,36,41.7,0.9,-0.3,11,20,13,3,2,2,27,6,29,2.88,16,2,2,3,5,1,4,0,1,0,2,0,1,0,19,10,5,9,5,5,24,20.8,19,4,0,4,23,7,0,407,5,47,184,184,32,407,47,15,31.9,29,61.7,258,1738,856,21,4,23,20,280,0,10,23,5,1,0,0,53,4,8,33.3
Vinicius Júnior,BRA,FW,Real Madrid,La Liga,24,2000,13,12,1069,11.9,8,5,13,6,2,2,4,0,5.5,4.2,4.7,8.9,81,43,129,0.67,0.42,1.09,0.51,0.93,0.46,0.4,0.86,0.35,0.75,36,9,25.0,3.03,0.76,0.17,0.67,17,0,0.12,2.5,1.8,317,427,74.2,4763,1148,186,224,83.0,89,114,78.1,28,43,65.1,3.6,0.3,29,24,21,3,6,9,30,24,64,5.39,39,0,11,4,8,2,11,0,5,0,4,0,2,0,11,6,4,2,5,3,6,50.0,3,5,0,0,11,1,1,596,2,33,168,406,92,594,94,38,40.4,46,48.9,450,3749,2238,41,50,28,25,506,0,20,40,4,2,0,0,31,1,4,20.0
Josip Juranović,CRO,DF,Union Berlin,Bundesliga,29,1995,1,0,12,0.1,0,0,0,0,0,0,0,0,0.0,0.0,0.1,0.1,1,0,2,0.0,0.0,0.0,0.0,0.0,0.0,0.44,0.44,0.0,0.44,0,0,0.0,0.0,0.0,0.0,0.0,0,0,0.0,0.0,0.0,3,5,60.0,61,29,0,0,0.0,1,1,100.0,1,2,50.0,0.1,-0.1,1,0,0,0,0,0,2,0,1,7.5,0,1,0,0,0,0,0,0,0,0,0,0,0,0,0,0,0,0,0,0,0,0.0,0,0,0,0,0,0,0,5,0,0,3,2,0,5,0,0,0.0,0,0.0,3,16,11,0,0,0,0,3,0,0,0,0,0,0,0,0,0,0,0.0
David Jurásek,CZE,"DF,FW",Hoffenheim,Bundesliga,24,2000,4,1,156,1.7,0,0,0,0,0,0,0,0,0.1,0.1,0.1,0.1,2,7,13,0.0,0.0,0.0,0.0,0.0,0.03,0.05,0.08,0.03,0.08,2,0,0.0,1.15,0.0,0.0,0.0,26,0,0.03,-0.1,-0.1,64,99,64.6,1110,432,33,39,84.6,25,37,67.6,4,16,25.0,0.1,-0.1,1,6,2,1,1,2,11,2,4,2.31,4,0,0,0,0,0,0,0,0,0,0,0,0,0,2,1,1,0,1,0,0,0.0,0,2,0,2,4,5,0,115,5,28,38,49,2,115,2,1,50.0,1,50.0,49,240,90,4,0,2,1,61,0,0,0,1,0,0,0,9,0,1,0.0
Stanko Jurić,CRO,MF,Valladolid,La Liga,28,1996,13,7,786,8.7,0,0,0,0,0,0,4,0,0.7,0.7,0.3,1.0,2,29,2,0.0,0.0,0.0,0.0,0.0,0.08,0.04,0.12,0.08,0.12,4,1,25.0,0.46,0.11,0.0,0.0,10,0,0.18,-0.7,-0.7,259,308,84.1,4270,1172,119,134,88.8,116,132,87.9,16,25,64.0,0.1,-0.3,3,15,1,0,0,0,0,5,4,0.46,3,0,0,0,0,1,0,0,0,0,0,0,0,0,23,12,13,9,1,13,28,46.4,15,14,4,9,32,28,0,408,36,174,200,38,5,408,4,4,100.0,0,0.0,166,826,340,3,1,9,6,223,0,18,3,0,0,0,0,34,20,10,66.7
James Justin,ENG,DF,Leicester City,Premier League,26,1998,13,13,1162,12.9,2,1,3,2,0,0,2,0,0.5,0.5,0.3,0.8,16,34,30,0.15,0.08,0.23,0.15,0.23,0.04,0.02,0.06,0.04,0.06,9,2,22.2,0.7,0.15,0.22,1.0,13,0,0.06,1.5,1.5,478,602,79.4,7236,2494,261,297,87.9,188,218,86.2,17,55,30.9,0.2,0.7,4,40,5,3,0,1,23,13,16,1.24,11,1,0,0,4,0,1,0,1,0,0,0,0,0,31,19,18,10,3,16,29,55.2,13,19,5,19,50,55,0,765,65,286,336,147,16,765,12,2,16.7,5,41.7,342,1317,631,9,2,13,6,407,0,7,19,0,0,0,0,34,24,16,60.0
Mohamed Kaba,FRA,MF,Lecce,Serie A,23,2001,3,0,39,0.4,0,0,0,0,0,0,0,0,0.0,0.0,0.0,0.0,0,0,0,0.0,0.0,0.0,0.0,0.0,0.0,0.0,0.0,0.0,0.0,0,0,0.0,0.0,0.0,0.0,0.0,0,0,0.0,0.0,0.0,9,13,69.2,151,21,5,7,71.4,4,5,80.0,0,0,0.0,0.0,0.0,0,1,0,0,0,0,0,1,1,2.31,0,0,0,0,1,0,0,0,0,0,0,0,0,0,4,1,2,2,0,2,2,100.0,0,1,0,0,4,0,0,21,0,7,11,4,1,21,1,0,0.0,1,100.0,10,50,15,0,0,0,1,15,0,0,1,0,0,0,0,1,0,0,0.0
Yusuf Kabadayı,GER,"FW,MF",Augsburg,Bundesliga,20,2004,5,0,71,0.8,1,0,1,1,0,0,0,0,0.6,0.6,0.0,0.7,2,3,8,1.27,0.0,1.27,1.27,1.27,0.82,0.06,0.89,0.82,0.89,4,1,25.0,5.07,1.27,0.25,1.0,19,0,0.16,0.4,0.4,16,25,64.0,251,69,9,10,90.0,6,10,60.0,1,2,50.0,0.0,0.0,1,0,1,0,0,0,1,1,4,5.07,4,0,0,0,0,0,0,0,0,0,0,0,0,0,1,0,0,1,0,0,0,0.0,0,1,0,0,1,0,0,42,0,2,16,25,2,42,6,2,33.3,3,50.0,29,246,73,4,0,6,0,30,0,1,1,1,0,0,0,6,0,2,0.0
Almugera Kabar,GER,DF,Dortmund,Bundesliga,18,2006,3,0,48,0.5,0,0,0,0,0,0,2,1,0.0,0.0,0.1,0.1,3,2,1,0.0,0.0,0.0,0.0,0.0,0.0,0.23,0.23,0.0,0.23,0,0,0.0,0.0,0.0,0.0,0.0,0,0,0.0,0.0,0.0,33,37,89.2,467,39,20,22,90.9,11,11,100.0,1,3,33.3,0.0,-0.1,2,5,1,0,0,0,0,0,1,1.87,1,0,0,0,0,0,0,0,0,0,0,0,0,0,2,2,0,2,0,0,0,0.0,0,1,0,1,3,2,0,45,0,14,24,8,1,45,0,0,0.0,0,0.0,25,123,71,3,0,0,1,28,1,2,0,0,0,0,0,4,1,1,50.0
Christian Kabasele,BEL,DF,Udinese,Serie A,33,1991,10,7,652,7.2,1,0,1,1,0,0,0,0,0.8,0.8,0.0,0.8,5,32,4,0.14,0.0,0.14,0.14,0.14,0.11,0.01,0.11,0.11,0.11,13,3,23.1,1.79,0.41,0.08,0.33,12,0,0.06,0.2,0.2,312,364,85.7,6040,2170,109,119,91.6,151,168,89.9,45,65,69.2,0.4,0.0,2,28,1,0,0,5,2,2,7,0.97,4,0,1,2,0,0,0,0,0,0,0,0,0,0,9,5,5,4,0,4,5,80.0,1,8,2,7,16,27,1,436,49,186,210,41,17,436,1,1,100.0,0,0.0,251,1274,686,4,0,5,3,279,0,9,8,0,0,1,0,22,24,13,64.9
Yaya Kader Fofana,MLI,"MF,FW",Reims,Ligue 1,20,2004,11,8,611,6.8,1,1,2,1,0,0,4,0,0.5,0.5,1.7,2.2,19,20,26,0.15,0.15,0.29,0.15,0.29,0.07,0.25,0.32,0.07,0.32,12,4,33.3,1.77,0.59,0.08,0.25,20,0,0.04,0.5,0.5,172,222,77.5,2419,743,110,129,85.3,44,61,72.1,10,16,62.5,1.0,-0.7,7,14,9,1,3,0,6,5,22,3.24,16,0,4,0,1,1,5,0,3,0,2,0,0,0,16,11,7,5,4,4,10,40.0,6,10,2,3,19,2,0,302,7,74,152,85,16,302,21,14,66.7,7,33.3,199,1303,770,12,6,13,7,207,0,15,5,0,0,0,0,29,3,10,23.1
Pavel Kadeřábek,CZE,DF,Hoffenheim,Bundesliga,32,1992,10,8,686,7.6,0,0,0,0,0,0,4,0,0.2,0.2,0.5,0.6,2,17,46,0.0,0.0,0.0,0.0,0.0,0.02,0.06,0.08,0.02,0.08,5,1,20.0,0.66,0.13,0.0,0.0,15,0,0.04,-0.2,-0.2,247,368,67.1,3884,1348,137,162,84.6,88,138,63.8,18,46,39.1,0.4,-0.5,7,21,5,3,0,1,29,9,13,1.71,9,2,1,0,0,1,1,0,1,0,0,0,0,0,14,7,7,2,5,8,16,50.0,8,7,2,10,24,20,1,433,22,107,175,151,13,433,3,3,100.0,0,0.0,199,612,251,4,1,2,2,271,0,9,3,0,0,0,0,9,25,17,59.5
Tino Kadewere,ZIM,"MF,FW",Nantes,Ligue 1,28,1996,8,6,475,5.3,1,2,3,1,0,0,1,0,1.6,1.6,1.0,2.5,4,16,25,0.19,0.38,0.57,0.19,0.57,0.3,0.18,0.48,0.3,0.48,7,5,71.4,1.33,0.95,0.14,0.2,16,0,0.22,-0.6,-0.6,110,149,73.8,1608,479,59,77,76.6,42,50,84.0,4,6,66.7,0.5,1.0,8,6,3,0,1,0,2,7,17,3.22,12,1,0,2,0,2,2,0,2,0,0,0,0,0,13,7,4,3,6,6,12,50.0,6,3,0,5,18,8,0,211,5,37,100,79,19,211,14,3,21.4,11,78.6,116,522,212,4,1,10,7,139,0,5,2,2,0,0,0,28,13,12,52.0
Ferdi Kadioglu,TUR,"DF,MF",Brighton,Premier League,25,1999,6,5,385,4.3,1,0,1,1,0,0,1,0,0.4,0.4,0.2,0.6,1,15,27,0.23,0.0,0.23,0.23,0.23,0.1,0.04,0.14,0.1,0.14,4,1,25.0,0.94,0.23,0.25,1.0,15,0,0.11,0.6,0.6,144,175,82.3,2372,698,73,82,89.0,61,74,82.4,9,14,64.3,0.3,-0.2,5,10,9,4,1,0,9,1,13,3.03,11,0,0,0,1,1,2,0,2,0,0,0,0,0,10,6,4,5,1,6,15,40.0,9,2,2,8,18,17,0,231,13,71,91,72,9,231,7,3,42.9,3,42.9,124,479,183,0,0,6,2,144,0,5,3,1,0,0,0,14,3,1,75.0
Arnaud Kalimuendo,FRA,FW,Rennes,Ligue 1,22,2002,12,11,911,10.1,6,0,6,2,4,4,0,0,4.8,1.6,0.5,2.1,11,21,65,0.59,0.0,0.59,0.2,0.2,0.47,0.05,0.52,0.16,0.21,19,7,36.8,1.88,0.69,0.11,0.29,18,0,0.08,1.2,0.4,140,179,78.2,2073,313,72,87,82.8,51,56,91.1,7,8,87.5,1.0,-0.5,4,9,5,1,0,0,6,12,9,0.89,6,0,0,3,0,0,1,0,0,0,0,1,0,0,4,2,0,2,2,2,2,100.0,0,1,0,1,5,0,0,264,0,9,118,141,43,260,21,6,28.6,13,61.9,165,836,295,14,6,21,24,214,0,8,11,6,0,0,0,13,7,21,25.0
Pierre Kalulu,FRA,DF,Juventus,Serie A,24,2000,11,10,897,10.0,0,0,0,0,0,0,0,0,0.1,0.1,0.1,0.2,15,51,6,0.0,0.0,0.0,0.0,0.0,0.01,0.01,0.02,0.01,0.02,2,0,0.0,0.2,0.0,0.0,0.0,13,0,0.04,-0.1,-0.1,828,877,94.4,14406,4416,347,361,96.1,435,451,96.5,41,57,71.9,0.2,-0.1,4,55,2,2,0,1,7,4,13,1.3,12,0,0,0,1,0,0,0,0,0,0,0,0,0,10,6,8,2,0,6,7,85.7,1,12,8,5,15,15,0,932,57,391,494,52,5,932,5,1,20.0,2,40.0,659,3741,2176,10,1,6,1,761,0,8,7,0,0,1,0,31,7,17,29.2
Daichi Kamada,JPN,MF,Crystal Palace,Premier League,28,1996,11,7,620,6.9,0,0,0,0,0,0,2,1,0.6,0.6,0.6,1.2,13,39,29,0.0,0.0,0.0,0.0,0.0,0.08,0.09,0.17,0.08,0.17,8,3,37.5,1.16,0.44,0.0,0.0,18,0,0.07,-0.6,-0.6,244,308,79.2,4074,1161,124,142,87.3,98,119,82.4,18,28,64.3,0.5,-0.6,12,27,6,1,2,2,13,8,23,3.34,18,3,0,1,0,1,1,0,0,1,0,0,0,0,19,9,6,11,2,5,16,31.3,11,9,2,7,26,8,0,385,11,74,199,113,15,385,5,2,40.0,3,60.0,189,1010,554,9,2,7,12,258,0,15,11,2,0,0,0,27,1,4,20.0
Waren Kamanzi,NOR,"DF,MF",Toulouse,Ligue 1,24,2000,12,7,677,7.5,0,0,0,0,0,0,1,0,0.3,0.3,0.3,0.5,14,21,38,0.0,0.0,0.0,0.0,0.0,0.04,0.03,0.07,0.04,0.07,2,0,0.0,0.27,0.0,0.0,0.0,15,0,0.14,-0.3,-0.3,239,299,79.9,3476,964,136,154,88.3,89,106,84.0,8,15,53.3,0.2,-0.3,6,15,5,0,1,0,12,14,14,1.86,12,0,1,0,1,0,1,0,1,0,0,0,0,0,23,11,9,11,3,12,21,57.1,9,2,0,5,28,17,0,380,12,72,196,116,12,380,13,6,46.2,7,53.8,197,1056,518,9,1,9,5,211,0,10,4,1,0,0,0,39,5,0,100.0
Boubacar Kamara,FRA,MF,Aston Villa,Premier League,25,1999,4,1,97,1.1,0,0,0,0,0,0,1,0,0.0,0.0,0.0,0.0,1,3,0,0.0,0.0,0.0,0.0,0.0,0.0,0.0,0.0,0.0,0.0,0,0,0.0,0.0,0.0,0.0,0.0,0,0,0.0,0.0,0.0,41,47,87.2,564,159,24,26,92.3,14,16,87.5,1,3,33.3,0.0,0.0,0,3,1,0,0,0,0,0,0,0.0,0,0,0,0,0,0,0,0,0,0,0,0,0,0,2,1,1,1,0,0,4,0.0,4,2,1,1,3,2,0,57,5,26,28,5,0,57,5,1,20.0,2,40.0,27,104,54,0,0,1,1,35,0,2,4,0,0,0,0,6,2,2,50.0
Glen Kamara,FIN,MF,Rennes,Ligue 1,29,1995,12,8,648,7.2,0,1,1,0,0,0,0,0,0.2,0.2,0.2,0.3,5,34,22,0.0,0.14,0.14,0.0,0.14,0.02,0.02,0.05,0.02,0.05,1,0,0.0,0.14,0.0,0.0,0.0,16,0,0.17,-0.2,-0.2,372,411,90.5,5500,1464,213,234,91.0,130,136,95.6,19,20,95.0,0.7,0.8,5,34,8,0,1,0,0,2,20,2.78,19,0,0,0,0,1,2,0,2,0,0,0,0,0,23,11,10,11,2,11,17,64.7,6,7,0,7,30,7,0,475,11,70,308,101,13,475,8,4,50.0,4,50.0,268,996,356,3,0,7,6,350,0,7,4,0,0,0,0,42,2,6,25.0
Hassane Kamara,CIV,DF,Udinese,Serie A,30,1994,11,8,636,7.1,1,2,3,1,0,0,5,1,0.2,0.2,1.2,1.5,20,21,36,0.14,0.28,0.42,0.14,0.42,0.03,0.18,0.21,0.03,0.21,4,2,50.0,0.57,0.28,0.25,0.5,23,0,0.06,0.8,0.8,268,342,78.4,4878,1649,135,146,92.5,98,118,83.1,34,67,50.7,1.4,0.8,14,20,16,12,0,2,43,6,23,3.25,17,2,0,0,1,3,4,0,2,0,0,0,1,1,14,10,5,7,2,3,9,33.3,6,9,2,9,23,15,0,412,24,131,146,139,6,412,17,5,29.4,10,58.8,208,1223,631,16,0,7,5,245,1,6,8,0,0,0,0,21,4,2,66.7
Willy Kambwala,FRA,DF,Villarreal,La Liga,20,2004,1,1,90,1.0,0,0,0,0,0,0,0,0,0.0,0.0,0.0,0.0,0,2,0,0.0,0.0,0.0,0.0,0.0,0.0,0.0,0.0,0.0,0.0,0,0,0.0,0.0,0.0,0.0,0.0,0,0,0.0,0.0,0.0,30,41,73.2,678,245,8,13,61.5,15,17,88.2,7,11,63.6,0.0,0.0,0,1,0,0,0,0,0,0,0,0.0,0,0,0,0,0,0,0,0,0,0,0,0,0,0,4,2,3,0,1,2,2,100.0,0,1,1,0,4,6,0,50,13,31,18,1,0,50,0,0,0.0,0,0.0,20,72,21,0,0,0,0,25,0,0,0,0,0,0,0,2,6,0,100.0
Jakub Kamiński,POL,"DF,MF",Wolfsburg,Bundesliga,22,2002,9,7,653,7.3,0,1,1,0,0,0,2,0,0.6,0.6,1.9,2.4,15,21,27,0.0,0.14,0.14,0.0,0.14,0.08,0.26,0.33,0.08,0.33,7,1,14.3,0.96,0.14,0.0,0.0,17,0,0.08,-0.6,-0.6,196,254,77.2,2942,860,114,130,87.7,54,71,76.1,18,34,52.9,1.9,-0.9,12,13,6,2,0,2,22,5,24,3.31,15,6,2,1,0,0,3,0,1,1,0,1,0,0,11,5,5,2,4,5,16,31.3,11,12,6,8,19,11,1,326,16,59,143,130,15,326,10,4,40.0,5,50.0,154,939,504,12,7,12,7,167,0,7,1,0,0,0,1,23,3,13,18.8
Kevin Kampl,SVN,MF,Rb Leipzig,Bundesliga,34,1990,9,7,658,7.3,1,0,1,1,0,0,2,0,0.5,0.5,1.1,1.7,4,48,13,0.14,0.0,0.14,0.14,0.14,0.07,0.16,0.23,0.07,0.23,4,2,50.0,0.55,0.27,0.25,0.5,19,0,0.13,0.5,0.5,483,541,89.3,7524,2162,249,259,96.1,202,222,91.0,22,41,53.7,1.8,-1.1,10,45,9,2,2,1,23,5,22,3.01,17,4,1,0,0,0,2,0,2,0,0,0,0,0,10,7,2,4,4,6,11,54.5,5,8,1,11,21,10,0,605,15,104,396,110,5,605,12,7,58.3,5,41.7,358,1714,856,14,0,7,5,436,0,7,5,0,0,0,0,44,2,5,28.6
Nordine Kandil,FRA,MF,Strasbourg,Ligue 1,23,2001,1,0,10,0.1,0,0,0,0,0,0,0,0,0.0,0.0,0.0,0.0,1,0,0,0.0,0.0,0.0,0.0,0.0,0.0,0.0,0.0,0.0,0.0,0,0,0.0,0.0,0.0,0.0,0.0,0,0,0.0,0.0,0.0,3,6,50.0,51,6,1,2,50.0,2,2,100.0,0,1,0.0,0.0,0.0,0,0,0,0,0,0,0,0,0,0.0,0,0,0,0,0,0,0,0,0,0,0,0,0,0,0,0,0,0,0,0,0,0.0,0,0,0,0,0,1,0,8,1,2,6,0,0,8,1,1,100.0,0,0.0,5,31,21,0,0,0,0,7,0,2,0,0,0,0,0,0,1,1,50.0
Harry Kane,ENG,FW,Bayern Munich,Bundesliga,31,1993,12,12,961,10.7,14,6,20,9,5,5,1,0,9.9,6.0,2.2,8.3,14,35,61,1.31,0.56,1.87,0.84,1.4,0.93,0.21,1.14,0.57,0.77,41,15,36.6,3.84,1.4,0.22,0.6,16,2,0.15,4.1,3.0,212,260,81.5,3831,822,91,106,85.8,94,108,87.0,23,34,67.6,2.5,3.8,18,23,17,1,8,3,7,7,46,4.31,27,1,5,9,4,0,13,1,7,0,1,2,3,0,2,2,0,1,1,0,2,0.0,2,3,0,0,2,5,0,357,5,25,133,201,69,352,21,12,57.1,9,42.9,202,1024,400,9,11,16,7,290,0,3,7,7,2,0,0,27,10,9,52.6
Lee Kang-In,KOR,"FW,MF",Paris S-G,Ligue 1,23,2001,13,7,755,8.4,6,1,7,6,0,0,0,0,2.4,2.4,2.5,4.9,22,66,73,0.72,0.12,0.83,0.72,0.83,0.29,0.3,0.59,0.29,0.59,22,8,36.4,2.62,0.95,0.27,0.75,16,0,0.11,3.6,3.6,538,616,87.3,7902,1914,325,347,93.7,146,165,88.5,45,68,66.2,3.2,-1.5,29,43,23,4,4,4,47,8,48,5.72,35,11,2,0,0,0,1,0,1,0,0,0,0,0,12,9,5,3,4,10,17,58.8,7,2,0,1,13,3,0,697,9,52,256,392,45,697,21,11,52.4,9,42.9,440,2128,993,20,13,8,13,558,0,9,11,1,0,0,0,31,1,5,16.7
Yann Karamoh,FRA,"FW,MF",Torino,Serie A,26,1998,9,0,102,1.1,0,0,0,0,0,0,0,0,0.1,0.1,0.6,0.7,4,7,10,0.0,0.0,0.0,0.0,0.0,0.09,0.49,0.58,0.09,0.58,3,2,66.7,2.65,1.76,0.0,0.0,21,0,0.03,-0.1,-0.1,24,41,58.5,405,96,15,23,65.2,4,9,44.4,4,5,80.0,0.6,-0.6,3,1,3,1,1,0,6,2,4,3.46,4,0,0,0,0,0,0,0,0,0,0,0,0,0,1,0,0,0,1,1,3,33.3,2,2,1,0,1,0,0,52,0,7,12,33,6,52,4,2,50.0,1,25.0,30,224,106,4,0,1,2,42,0,0,3,0,0,0,0,2,2,2,50.0
Atakan Karazor,0,MF,Stuttgart,Bundesliga,28,1996,12,11,871,9.7,0,1,1,0,0,0,4,1,0.2,0.2,1.0,1.3,5,34,9,0.0,0.1,0.1,0.0,0.1,0.02,0.11,0.13,0.02,0.13,4,0,0.0,0.41,0.0,0.0,0.0,22,0,0.05,-0.2,-0.2,588,665,88.4,8819,2631,324,350,92.6,208,230,90.4,32,43,74.4,1.0,0.0,7,46,2,0,2,4,2,12,15,1.55,12,1,0,1,1,0,2,0,1,0,0,1,0,0,22,8,5,10,7,12,21,57.1,9,12,1,11,33,8,1,744,25,147,458,145,4,744,10,8,80.0,1,10.0,363,1352,543,13,1,7,6,510,1,12,25,0,0,0,0,50,11,13,45.8
Jesper Karlsson,SWE,FW,Bologna,Serie A,26,1998,7,3,298,3.3,1,0,1,1,0,0,1,0,0.7,0.7,0.1,0.8,6,6,31,0.3,0.0,0.3,0.3,0.3,0.22,0.03,0.25,0.22,0.25,6,2,33.3,1.81,0.6,0.17,0.5,20,1,0.12,0.3,0.3,72,96,75.0,962,159,42,53,79.2,27,31,87.1,1,4,25.0,0.1,-0.1,2,2,2,1,0,0,4,6,9,2.72,9,0,0,0,0,0,1,0,1,0,0,0,0,0,1,0,0,0,1,0,2,0.0,2,4,0,0,1,3,0,128,1,14,48,68,6,128,6,2,33.3,3,50.0,97,557,207,8,0,6,9,106,0,6,4,1,0,0,0,8,2,4,33.3
Jesper Karlström,SWE,MF,Udinese,Serie A,29,1995,14,13,1176,13.1,0,1,1,0,0,0,2,0,0.2,0.2,0.7,0.8,10,52,20,0.0,0.08,0.08,0.0,0.08,0.01,0.05,0.06,0.01,0.06,6,0,0.0,0.46,0.0,0.0,0.0,21,0,0.03,-0.2,-0.2,497,593,83.8,8491,2825,217,242,89.7,223,245,91.0,39,71,54.9,0.7,0.3,8,58,10,2,0,2,8,11,17,1.3,15,1,0,0,0,1,1,0,1,0,0,0,0,0,25,13,12,10,3,9,20,45.0,11,9,5,19,44,31,1,706,39,211,411,87,12,706,5,1,20.0,4,80.0,390,1959,916,10,1,12,7,465,0,9,7,1,0,0,0,49,12,17,41.4
Lior Kasa,ISR,MF,Genoa,Serie A,19,2005,1,0,22,0.2,0,0,0,0,0,0,0,0,0.0,0.0,0.1,0.1,0,1,0,0.0,0.0,0.0,0.0,0.0,0.09,0.29,0.38,0.09,0.38,1,1,100.0,4.09,4.09,0.0,0.0,24,0,0.02,0.0,0.0,7,8,87.5,201,81,2,3,66.7,2,2,100.0,3,3,100.0,0.1,-0.1,2,1,1,0,0,0,2,0,3,12.27,2,1,0,0,0,0,0,0,0,0,0,0,0,0,0,0,0,0,0,0,0,0.0,0,0,0,1,1,0,0,11,0,0,5,6,0,11,1,0,0.0,0,0.0,8,36,15,0,0,0,1,8,0,0,1,0,0,0,0,0,0,0,0.0
Grigoris Kastanos,CYP,"MF,FW",Hellas Verona,Serie A,26,1998,11,6,446,5.0,1,1,2,1,0,0,1,0,0.3,0.3,0.7,0.9,5,13,16,0.2,0.2,0.4,0.2,0.4,0.05,0.13,0.18,0.05,0.18,5,2,40.0,1.01,0.4,0.2,0.5,21,0,0.05,0.7,0.7,89,134,66.4,1297,380,52,68,76.5,25,38,65.8,7,13,53.8,0.2,0.3,3,10,3,0,1,0,4,3,8,1.61,7,1,0,0,0,0,2,0,1,1,0,0,0,0,10,5,3,2,5,4,9,44.4,5,10,1,5,15,2,0,188,3,31,95,63,4,188,8,0,0.0,8,100.0,102,485,175,4,0,6,6,120,0,5,7,0,0,0,0,20,7,10,41.2
Mikkel Kaufmann,DEN,FW,Heidenheim,Bundesliga,23,2001,7,3,281,3.1,0,0,0,0,0,0,1,0,0.5,0.5,0.1,0.6,2,9,13,0.0,0.0,0.0,0.0,0.0,0.15,0.03,0.19,0.15,0.19,2,2,100.0,0.64,0.64,0.0,0.0,11,0,0.24,-0.5,-0.5,35,74,47.3,580,171,15,35,42.9,12,23,52.2,4,7,57.1,0.3,-0.1,3,5,5,0,1,1,1,4,9,2.89,5,0,0,1,3,0,1,0,0,0,0,0,1,0,5,3,1,2,2,1,3,33.3,2,4,1,1,6,7,0,106,6,14,51,41,8,106,4,1,25.0,2,50.0,63,268,122,4,2,10,1,80,0,1,11,0,1,0,0,9,12,13,48.0
Michael Kayode,ITA,"DF,FW",Fiorentina,Serie A,20,2004,4,0,37,0.4,0,0,0,0,0,0,0,0,0.1,0.1,0.2,0.3,2,1,1,0.0,0.0,0.0,0.0,0.0,0.25,0.45,0.7,0.25,0.7,1,0,0.0,2.43,0.0,0.0,0.0,11,0,0.1,-0.1,-0.1,10,16,62.5,198,60,2,4,50.0,7,7,100.0,1,5,20.0,0.0,-0.2,1,1,1,0,0,0,0,0,3,7.3,1,0,2,0,0,0,0,0,0,0,0,0,0,0,1,1,1,0,0,0,0,0.0,0,2,1,0,1,4,0,28,3,11,10,7,1,28,3,3,100.0,0,0.0,8,63,29,0,1,0,3,10,0,0,1,0,0,0,0,2,1,0,100.0
Moise Kean,ITA,FW,Fiorentina,Serie A,24,2000,12,12,1001,11.1,9,1,10,9,0,1,2,0,9.0,8.2,1.0,9.2,15,11,56,0.81,0.09,0.9,0.81,0.9,0.81,0.09,0.9,0.73,0.83,47,19,40.4,4.23,1.71,0.19,0.47,14,0,0.17,0.0,0.8,99,139,71.2,1581,251,50,65,76.9,37,51,72.5,7,9,77.8,0.6,0.0,8,4,4,0,1,4,5,5,26,2.34,12,0,8,4,1,1,2,0,1,0,1,0,0,0,4,2,0,2,2,1,2,50.0,1,4,0,0,4,8,1,281,8,15,120,153,58,280,36,18,50.0,15,41.7,175,966,430,10,9,34,24,220,0,15,19,24,0,1,0,20,20,21,48.8
Michael Keane,ENG,DF,Everton,Premier League,31,1993,9,9,810,9.0,2,0,2,2,0,0,4,0,0.4,0.4,0.1,0.5,1,12,3,0.22,0.0,0.22,0.22,0.22,0.05,0.01,0.06,0.05,0.06,8,3,37.5,0.89,0.33,0.25,0.67,14,0,0.05,1.6,1.6,253,308,82.1,5832,1865,74,83,89.2,119,131,90.8,58,77,75.3,0.0,-0.1,2,17,0,0,0,11,1,5,6,0.67,6,0,0,0,0,0,0,0,0,0,0,0,0,0,10,7,7,2,1,7,10,70.0,3,9,6,10,20,50,0,407,78,226,165,18,14,407,0,0,0.0,0,0.0,186,733,234,1,0,0,2,235,0,9,0,0,0,0,0,23,19,14,57.6
Yassine Kechta,MAR,"MF,FW",Le Havre,Ligue 1,22,2002,13,10,888,9.9,0,0,0,0,0,0,2,0,0.8,0.8,0.3,1.1,20,37,46,0.0,0.0,0.0,0.0,0.0,0.08,0.03,0.12,0.08,0.12,12,5,41.7,1.22,0.51,0.0,0.0,27,0,0.07,-0.8,-0.8,258,324,79.6,4152,1287,136,158,86.1,93,115,80.9,22,29,75.9,0.6,-0.3,9,28,7,3,2,2,7,8,25,2.53,13,0,0,2,8,2,1,0,0,0,0,0,1,0,27,17,13,11,3,14,35,40.0,21,11,2,9,36,6,0,419,10,85,226,116,11,419,7,2,28.6,3,42.9,212,1246,694,13,1,17,13,268,0,12,19,2,0,0,0,51,3,13,18.8
Thilo Kehrer,GER,DF,Monaco,Ligue 1,28,1996,10,10,900,10.0,2,0,2,2,0,0,0,0,0.8,0.8,0.1,0.9,8,55,1,0.2,0.0,0.2,0.2,0.2,0.08,0.01,0.09,0.08,0.09,5,5,100.0,0.5,0.5,0.4,0.4,7,0,0.16,1.2,1.2,635,714,88.9,11683,5291,230,246,93.5,350,376,93.1,49,80,61.3,0.3,-0.1,2,44,1,0,1,5,1,4,9,0.9,7,1,0,1,0,0,2,0,1,0,0,1,0,0,20,15,14,6,0,12,21,57.1,9,4,3,7,27,48,1,820,77,366,431,28,7,820,2,0,0.0,1,50.0,477,2398,1383,3,0,3,1,553,0,6,12,1,0,0,0,55,25,12,67.6
Abdoulaye Keita,ESP,MF,Getafe,La Liga,22,2002,1,0,28,0.3,0,0,0,0,0,0,0,0,0.0,0.0,0.0,0.0,0,1,0,0.0,0.0,0.0,0.0,0.0,0.0,0.0,0.0,0.0,0.0,0,0,0.0,0.0,0.0,0.0,0.0,0,0,0.0,0.0,0.0,2,7,28.6,71,13,0,2,0.0,1,1,100.0,1,3,33.3,0.0,0.0,0,1,0,0,0,1,0,1,0,0.0,0,0,0,0,0,0,0,0,0,0,0,0,0,0,0,0,0,0,0,0,0,0.0,0,1,0,0,0,0,0,9,0,4,5,0,0,9,0,0,0.0,0,0.0,1,1,0,0,0,1,0,2,0,2,0,0,0,0,0,1,1,1,50.0
Mandela Keita,BEL,MF,Parma,Serie A,22,2002,8,4,275,3.1,0,0,0,0,0,0,4,1,0.0,0.0,0.1,0.1,2,7,1,0.0,0.0,0.0,0.0,0.0,0.01,0.04,0.05,0.01,0.05,1,0,0.0,0.33,0.0,0.0,0.0,28,0,0.02,0.0,0.0,116,125,92.8,1987,564,55,56,98.2,53,57,93.0,7,9,77.8,0.1,-0.1,3,13,1,0,0,0,0,2,7,2.29,7,0,0,0,0,0,0,0,0,0,0,0,0,0,7,2,1,5,1,1,4,25.0,3,4,2,4,11,5,1,154,7,41,92,26,0,154,4,2,50.0,1,25.0,93,506,189,3,0,8,3,102,1,6,4,0,0,0,0,18,2,1,66.7
Andu Kelati,GER,MF,Holstein Kiel,Bundesliga,22,2002,2,1,99,1.1,0,1,1,0,0,0,2,1,0.2,0.2,0.7,1.0,2,7,1,0.0,0.91,0.91,0.0,0.91,0.21,0.66,0.87,0.21,0.87,3,0,0.0,2.73,0.0,0.0,0.0,16,0,0.08,-0.2,-0.2,34,43,79.1,776,245,10,12,83.3,15,17,88.2,9,11,81.8,0.2,0.3,2,8,2,2,1,0,3,2,3,2.73,3,0,0,0,0,0,1,0,1,0,0,0,0,0,1,1,1,0,0,0,1,0.0,1,1,0,2,3,1,0,54,1,12,33,10,4,54,1,1,100.0,0,0.0,28,119,53,0,0,2,0,36,1,4,4,0,0,0,0,6,0,1,0.0
Lloyd Kelly,ENG,DF,Newcastle Utd,Premier League,26,1998,8,4,298,3.3,0,1,1,0,0,0,2,0,0.4,0.4,0.5,0.8,0,9,2,0.0,0.3,0.3,0.0,0.3,0.11,0.14,0.25,0.11,0.25,2,0,0.0,0.6,0.0,0.0,0.0,5,0,0.18,-0.4,-0.4,138,169,81.7,2538,839,52,58,89.7,75,83,90.4,10,24,41.7,0.1,0.5,2,5,1,1,0,0,1,4,2,0.6,2,0,0,0,0,0,1,0,1,0,0,0,0,0,5,4,4,1,0,1,1,100.0,0,6,4,1,6,16,0,201,26,102,89,13,2,201,3,2,66.7,1,33.3,116,465,201,1,0,3,2,121,0,4,5,1,0,0,0,18,5,1,83.3
Aljoscha Kemlein,GER,MF,Union Berlin,Bundesliga,20,2004,8,7,557,6.2,1,0,1,1,0,0,2,0,0.7,0.7,0.3,1.0,3,22,16,0.16,0.0,0.16,0.16,0.16,0.12,0.05,0.17,0.12,0.17,9,3,33.3,1.45,0.48,0.11,0.33,17,1,0.08,0.3,0.3,209,291,71.8,3666,947,95,114,83.3,81,107,75.7,25,44,56.8,0.5,-0.3,6,18,5,1,0,4,5,6,13,2.1,10,2,0,0,0,1,2,0,1,0,0,0,0,1,7,2,3,3,1,4,10,40.0,6,8,1,4,11,8,0,341,9,75,191,78,14,341,5,4,80.0,1,20.0,146,508,250,2,1,7,1,195,0,11,2,1,0,0,0,37,14,8,63.6
Marc-Oliver Kempf,GER,DF,Como,Serie A,29,1995,11,11,990,11.0,0,0,0,0,0,0,1,0,0.5,0.5,0.7,1.1,8,35,1,0.0,0.0,0.0,0.0,0.0,0.04,0.06,0.1,0.04,0.1,9,1,11.1,0.82,0.09,0.0,0.0,12,0,0.05,-0.5,-0.5,627,710,88.3,10761,3910,276,301,91.7,300,319,94.0,42,73,57.5,0.1,-0.7,4,48,3,0,1,3,0,2,19,1.73,15,0,0,4,0,0,1,0,1,0,0,0,0,0,10,8,3,6,1,4,7,57.1,3,9,4,21,31,43,1,816,105,384,406,33,9,816,1,0,0.0,1,100.0,486,2265,1103,3,1,2,3,548,0,5,4,0,0,0,0,46,44,14,75.9
Kenedy,BRA,"MF,FW",Valladolid,La Liga,28,1996,2,0,9,0.1,0,0,0,0,0,0,0,0,0.0,0.0,0.0,0.0,1,0,2,0.0,0.0,0.0,0.0,0.0,0.29,0.0,0.29,0.29,0.29,1,0,0.0,10.0,0.0,0.0,0.0,7,0,0.03,0.0,0.0,1,2,50.0,10,0,1,2,50.0,0,0,0.0,0,0,0.0,0.0,0.0,0,0,0,0,0,0,0,0,0,0.0,0,0,0,0,0,0,0,0,0,0,0,0,0,0,0,0,0,0,0,0,0,0.0,0,1,0,0,0,0,0,5,0,0,1,4,2,5,1,0,0.0,1,100.0,4,15,4,0,0,0,1,3,0,0,0,0,0,0,0,1,0,0,0.0
Luca Kerber,GER,"MF,DF",Heidenheim,Bundesliga,22,2002,5,0,98,1.1,0,0,0,0,0,0,1,0,0.2,0.2,0.0,0.2,1,2,3,0.0,0.0,0.0,0.0,0.0,0.16,0.0,0.16,0.16,0.16,2,1,50.0,1.84,0.92,0.0,0.0,12,0,0.09,-0.2,-0.2,16,18,88.9,233,68,10,11,90.9,4,4,100.0,1,1,100.0,0.0,0.0,0,1,1,0,0,1,0,0,1,0.92,0,0,0,1,0,0,1,0,0,0,0,1,0,0,3,2,2,1,0,2,3,66.7,1,3,1,0,3,5,0,40,11,19,12,9,2,40,0,0,0.0,0,0.0,8,45,24,0,1,1,0,13,0,6,1,0,0,0,0,3,1,5,16.7
Milos Kerkez,HUN,DF,Bournemouth,Premier League,21,2003,13,13,1097,12.2,1,2,3,1,0,0,2,0,0.2,0.2,1.3,1.5,35,54,52,0.08,0.16,0.25,0.08,0.25,0.02,0.11,0.13,0.01,0.12,8,1,12.5,0.66,0.08,0.13,1.0,22,0,0.02,0.8,0.8,414,524,79.0,6581,2200,231,256,90.2,155,189,82.0,24,61,39.3,1.1,0.7,12,23,11,7,0,0,33,10,29,2.38,25,1,1,0,0,2,4,0,3,0,1,0,0,0,18,8,4,12,2,8,13,61.5,5,13,5,13,31,30,0,638,36,157,267,221,21,638,12,6,50.0,2,16.7,321,2035,1258,20,4,15,3,353,0,11,13,0,0,0,0,54,6,18,25.0
Reda Khadra,GER,"MF,FW",Reims,Ligue 1,23,2001,4,0,78,0.9,0,0,0,0,0,0,0,0,0.0,0.0,0.0,0.0,4,4,7,0.0,0.0,0.0,0.0,0.0,0.0,0.03,0.03,0.0,0.03,0,0,0.0,0.0,0.0,0.0,0.0,0,0,0.0,0.0,0.0,22,30,73.3,338,98,13,13,100.0,9,12,75.0,0,4,0.0,0.0,0.0,1,1,1,0,1,0,3,0,2,2.25,2,0,0,0,0,0,0,0,0,0,0,0,0,0,1,1,1,0,0,0,1,0.0,1,0,0,0,1,1,0,38,1,8,12,22,1,38,7,4,57.1,2,28.6,28,305,185,6,0,1,0,25,0,0,3,0,0,0,0,7,0,0,0.0
Bilal El Khannouss,MAR,"MF,FW",Leicester City,Premier League,20,2004,9,4,353,3.9,1,1,2,1,0,0,0,0,0.2,0.2,1.4,1.6,11,22,14,0.25,0.25,0.51,0.25,0.51,0.05,0.36,0.41,0.05,0.41,3,1,33.3,0.76,0.25,0.33,1.0,17,0,0.06,0.8,0.8,140,181,77.3,2294,642,73,79,92.4,42,53,79.2,18,32,56.3,0.8,-0.4,8,17,5,1,2,1,10,2,10,2.56,8,2,0,0,0,0,1,0,1,0,0,0,0,0,7,4,3,2,2,2,5,40.0,3,2,0,3,10,2,0,217,0,23,117,80,5,217,10,5,50.0,5,50.0,128,682,285,7,1,9,6,146,0,11,1,0,0,0,0,11,4,3,57.1
Wahbi Khazri,TUN,"FW,MF",Montpellier,Ligue 1,33,1991,12,7,571,6.3,1,1,2,1,0,0,2,0,1.1,1.1,0.7,1.8,12,18,26,0.16,0.16,0.32,0.16,0.32,0.17,0.12,0.29,0.17,0.29,16,3,18.8,2.52,0.47,0.06,0.33,25,2,0.07,-0.1,-0.1,121,185,65.4,2038,625,67,84,79.8,32,51,62.7,15,32,46.9,0.7,0.3,12,14,5,3,0,3,27,8,23,3.64,13,5,1,1,2,1,1,0,0,0,1,0,0,0,12,8,4,6,2,3,8,37.5,5,4,1,4,16,4,0,253,9,35,109,115,16,253,12,5,41.7,7,58.3,133,806,373,8,5,10,16,162,0,8,12,1,0,0,0,22,3,10,23.1
Rani Khedira,GER,MF,Union Berlin,Bundesliga,30,1994,12,12,1059,11.8,0,0,0,0,0,0,3,0,0.1,0.1,0.1,0.2,4,31,9,0.0,0.0,0.0,0.0,0.0,0.01,0.01,0.02,0.01,0.02,2,0,0.0,0.17,0.0,0.0,0.0,20,0,0.05,-0.1,-0.1,282,390,72.3,3971,1230,158,184,85.9,90,122,73.8,12,32,37.5,0.4,-0.1,2,30,3,1,0,0,9,9,12,1.02,11,0,0,0,0,1,1,0,1,0,0,0,0,0,20,13,6,12,2,9,14,64.3,5,11,3,19,39,12,0,489,18,118,293,78,11,489,2,1,50.0,1,50.0,182,775,291,3,1,8,1,249,0,21,5,0,0,1,0,42,13,11,54.2
Abdukodir Khusanov,UZB,DF,Lens,Ligue 1,20,2004,11,9,795,8.8,0,0,0,0,0,0,2,1,0.2,0.2,0.3,0.5,2,31,6,0.0,0.0,0.0,0.0,0.0,0.02,0.04,0.06,0.02,0.06,5,3,60.0,0.57,0.34,0.0,0.0,23,1,0.04,-0.2,-0.2,354,410,86.3,6544,2750,131,144,91.0,178,196,90.8,35,52,67.3,0.2,-0.3,2,27,3,1,0,3,4,2,10,1.13,8,0,0,2,0,0,0,0,0,0,0,0,0,0,13,9,7,5,1,6,9,66.7,3,15,9,24,37,46,0,527,70,279,223,30,4,527,0,0,0.0,0,0.0,257,1123,445,3,0,5,1,276,0,10,3,0,0,1,0,45,24,10,70.6
Kialonda,ANG,DF,Lecce,Serie A,27,1997,14,14,1260,14.0,0,1,1,0,0,0,3,0,1.0,1.0,0.3,1.3,3,17,2,0.0,0.07,0.07,0.0,0.07,0.07,0.02,0.09,0.07,0.09,10,0,0.0,0.71,0.0,0.0,0.0,7,0,0.1,-1.0,-1.0,513,601,85.4,10867,3727,134,150,89.3,301,329,91.5,75,109,68.8,0.5,0.7,4,12,0,0,0,3,2,3,9,0.64,7,0,0,2,0,0,1,0,1,0,0,0,0,0,22,6,17,5,0,9,11,81.8,2,29,20,16,38,71,0,775,144,512,234,35,24,775,6,5,83.3,1,16.7,369,1519,709,1,1,8,1,493,0,5,12,0,0,1,0,29,53,23,69.7
Kiké,ESP,FW,Alavés,La Liga,35,1989,14,8,762,8.5,3,0,3,3,0,0,4,1,1.6,1.6,0.4,2.0,3,19,35,0.35,0.0,0.35,0.35,0.35,0.19,0.05,0.24,0.19,0.24,18,8,44.4,2.13,0.94,0.17,0.38,16,0,0.09,1.4,1.4,102,156,65.4,1685,371,46,64,71.9,38,54,70.4,10,19,52.6,0.6,-0.4,6,7,4,0,2,2,3,6,15,1.77,14,0,0,0,1,0,2,0,2,0,0,0,0,0,4,4,1,3,0,1,2,50.0,1,0,0,0,4,9,0,234,8,18,110,110,35,234,14,7,50.0,6,42.9,140,518,157,3,1,21,14,188,1,21,18,6,0,0,0,24,37,36,50.7
Max Kilman,ENG,DF,West Ham,Premier League,27,1997,14,14,1260,14.0,0,1,1,0,0,0,3,0,0.9,0.9,0.4,1.2,12,63,2,0.0,0.07,0.07,0.0,0.07,0.06,0.03,0.09,0.06,0.09,6,1,16.7,0.43,0.07,0.0,0.0,8,0,0.14,-0.9,-0.9,631,727,86.8,12257,4282,213,229,93.0,349,379,92.1,65,106,61.3,0.2,0.6,8,51,2,0,0,9,0,4,11,0.79,9,0,2,0,0,0,3,0,2,0,1,0,0,0,12,6,5,5,2,9,13,69.2,4,23,13,19,31,76,2,883,169,464,383,43,10,883,11,9,81.8,0,0.0,491,2037,1186,5,0,8,1,586,0,6,4,0,0,0,0,72,35,18,66.0
Joshua Kimmich,GER,"MF,DF",Bayern Munich,Bundesliga,29,1995,12,12,1080,12.0,0,2,2,0,0,0,0,0,0.6,0.6,2.0,2.6,23,148,33,0.0,0.17,0.17,0.0,0.17,0.05,0.16,0.22,0.05,0.22,13,4,30.8,1.08,0.33,0.0,0.0,23,2,0.05,-0.6,-0.6,1309,1440,90.9,23002,6505,603,629,95.9,586,628,93.3,113,156,72.4,2.9,0.0,27,168,16,2,12,14,50,12,55,4.58,39,14,1,1,0,0,6,0,4,1,1,0,0,0,20,14,6,12,2,13,21,61.9,8,6,0,9,29,12,2,1515,28,196,969,362,9,1515,8,5,62.5,2,25.0,956,5170,2195,40,0,9,2,1212,0,5,7,2,0,0,0,81,4,5,44.4
Joshua King,NOR,"FW,MF",Toulouse,Ligue 1,32,1992,11,8,656,7.3,4,1,5,4,0,0,1,0,2.8,2.8,1.1,3.8,16,16,43,0.55,0.14,0.69,0.55,0.69,0.38,0.15,0.53,0.38,0.53,20,9,45.0,2.74,1.23,0.2,0.44,17,0,0.14,1.2,1.2,106,143,74.1,1333,294,68,84,81.0,28,37,75.7,3,6,50.0,0.9,-0.1,8,8,4,0,0,0,4,3,13,1.78,10,0,0,1,1,1,3,0,2,0,0,0,1,0,5,5,2,2,1,2,4,50.0,2,5,2,2,7,10,0,225,10,25,100,105,41,225,20,12,60.0,8,40.0,114,715,364,10,6,18,12,153,0,11,8,4,1,0,0,21,17,25,40.5
Cédric Kipré,CIV,DF,Reims,Ligue 1,28,1996,10,8,702,7.8,0,1,1,0,0,0,1,0,0.3,0.3,0.6,0.9,2,18,0,0.0,0.13,0.13,0.0,0.13,0.04,0.08,0.11,0.04,0.11,5,1,20.0,0.64,0.13,0.0,0.0,15,0,0.06,-0.3,-0.3,355,401,88.5,6484,2395,137,147,93.2,189,208,90.9,25,37,67.6,0.6,0.4,5,19,1,0,2,1,1,0,11,1.41,8,1,0,1,0,1,1,0,1,0,0,0,0,0,19,13,16,3,0,17,21,81.0,4,13,5,9,28,45,0,489,72,292,186,14,7,489,3,3,100.0,0,0.0,281,1432,755,2,0,3,1,329,0,6,2,0,0,0,0,22,10,9,52.6
Jakub Kiwior,POL,DF,Arsenal,Premier League,24,2000,6,0,147,1.6,0,0,0,0,0,0,0,0,0.0,0.0,0.0,0.0,0,3,0,0.0,0.0,0.0,0.0,0.0,0.0,0.0,0.0,0.0,0.0,0,0,0.0,0.0,0.0,0.0,0.0,0,0,0.0,0.0,0.0,38,50,76.0,661,188,17,21,81.0,19,24,79.2,2,5,40.0,0.0,0.0,0,2,0,0,0,1,0,0,0,0.0,0,0,0,0,0,0,0,0,0,0,0,0,0,0,2,0,2,0,0,2,3,66.7,1,4,2,0,2,10,0,67,15,38,25,4,0,67,2,1,50.0,1,50.0,20,55,12,0,0,0,0,30,0,5,1,0,0,0,0,2,1,1,50.0
Tim Kleindienst,GER,FW,Gladbach,Bundesliga,29,1995,12,12,1051,11.7,8,4,12,7,1,1,1,0,6.2,5.4,3.8,9.2,19,22,65,0.69,0.34,1.03,0.6,0.94,0.53,0.32,0.85,0.46,0.79,36,18,50.0,3.08,1.54,0.19,0.39,13,0,0.15,1.8,1.6,183,293,62.5,2390,568,116,155,74.8,55,85,64.7,3,11,27.3,2.6,0.2,16,9,9,1,4,2,7,20,37,3.17,28,0,0,5,2,2,7,0,6,0,0,0,0,1,10,5,1,5,4,3,13,23.1,10,15,2,4,14,25,0,444,25,38,219,191,69,443,20,5,25.0,15,75.0,238,987,410,8,11,27,20,319,0,32,11,11,0,0,0,23,45,51,46.9
Lukas Klostermann,GER,DF,Rb Leipzig,Bundesliga,28,1996,10,8,702,7.8,0,0,0,0,0,0,2,0,0.0,0.0,0.0,0.0,9,35,10,0.0,0.0,0.0,0.0,0.0,0.0,0.0,0.0,0.0,0.0,1,0,0.0,0.13,0.0,0.0,0.0,24,0,0.03,0.0,0.0,487,553,88.1,8450,2902,200,219,91.3,253,275,92.0,28,45,62.2,0.2,0.0,0,39,2,0,0,1,5,7,6,0.77,5,1,0,0,0,0,2,0,2,0,0,0,0,0,11,7,7,3,1,5,8,62.5,3,16,8,10,21,34,1,639,63,244,351,47,2,639,4,3,75.0,1,25.0,346,1346,710,3,1,4,0,446,0,4,1,0,0,0,0,34,8,10,44.4
Justin Kluivert,NED,"MF,FW",Bournemouth,Premier League,25,1999,13,10,775,8.6,5,2,7,1,4,4,4,0,4.7,1.5,1.8,3.4,18,32,60,0.58,0.23,0.81,0.12,0.35,0.54,0.21,0.76,0.18,0.39,20,10,50.0,2.32,1.16,0.05,0.1,20,0,0.08,0.3,-0.5,159,225,70.7,2571,633,84,108,77.8,61,80,76.3,12,19,63.2,1.1,0.2,15,13,8,2,2,2,25,11,29,3.37,28,0,1,0,0,0,5,0,5,0,0,0,0,0,10,5,3,5,2,2,5,40.0,3,10,0,5,15,11,0,328,9,36,114,186,49,324,19,6,31.6,12,63.2,181,1037,539,10,15,17,5,204,0,20,7,4,0,0,0,23,4,11,26.7
Ansgar Knauff,GER,"MF,DF",Eint Frankfurt,Bundesliga,22,2002,11,5,511,5.7,1,3,4,1,0,0,1,0,0.7,0.7,2.1,2.8,14,19,29,0.18,0.53,0.7,0.18,0.7,0.12,0.37,0.49,0.12,0.49,6,2,33.3,1.06,0.35,0.17,0.5,17,0,0.11,0.3,0.3,111,169,65.7,1607,769,60,83,72.3,40,60,66.7,5,13,38.5,1.2,0.9,9,6,5,1,1,0,9,5,17,2.99,11,0,2,1,2,1,5,0,2,0,1,1,0,1,17,9,9,4,4,4,5,80.0,1,10,1,4,21,7,0,251,11,70,97,90,23,251,20,5,25.0,14,70.0,118,801,484,10,6,19,4,133,0,9,6,0,0,0,0,27,7,9,43.8
Magnus Knudsen,NOR,MF,Holstein Kiel,Bundesliga,23,2001,11,11,870,9.7,0,0,0,0,0,0,5,0,0.1,0.1,0.2,0.4,7,28,8,0.0,0.0,0.0,0.0,0.0,0.01,0.02,0.04,0.01,0.04,3,0,0.0,0.31,0.0,0.0,0.0,21,0,0.04,-0.1,-0.1,350,402,87.1,6099,1665,157,172,91.3,161,176,91.5,28,44,63.6,0.4,-0.2,3,19,3,0,1,1,0,1,16,1.66,12,0,1,2,1,0,1,0,1,0,0,0,0,0,27,16,14,8,5,16,23,69.6,7,10,4,8,35,15,0,488,31,167,292,33,2,488,7,6,85.7,1,14.3,223,1105,494,5,2,10,4,307,0,16,4,0,0,0,0,44,5,15,25.0
Robin Koch,GER,DF,Eint Frankfurt,Bundesliga,28,1996,12,12,1062,11.8,0,0,0,0,0,0,1,0,0.2,0.2,0.0,0.2,1,39,1,0.0,0.0,0.0,0.0,0.0,0.02,0.0,0.02,0.02,0.02,3,0,0.0,0.25,0.0,0.0,0.0,17,1,0.07,-0.2,-0.2,623,686,90.8,11872,4263,231,243,95.1,316,335,94.3,73,96,76.0,0.1,0.0,1,39,2,0,0,4,0,6,7,0.59,6,0,0,1,0,0,2,0,2,0,0,0,0,0,7,3,4,3,0,3,8,37.5,5,25,15,10,17,67,2,818,168,436,366,17,12,818,2,1,50.0,1,50.0,472,2112,1146,2,0,3,0,536,0,9,3,1,0,1,0,44,30,17,63.8
Magnus Kofod Andersen,DEN,MF,Venezia,Serie A,25,1999,9,5,479,5.3,1,1,2,1,0,0,1,0,0.2,0.2,0.4,0.5,7,15,16,0.19,0.19,0.38,0.19,0.38,0.03,0.07,0.1,0.03,0.1,5,1,20.0,0.94,0.19,0.2,1.0,25,0,0.03,0.8,0.8,191,234,81.6,3219,842,81,92,88.0,87,93,93.5,17,34,50.0,0.5,0.6,7,12,1,0,0,1,14,2,13,2.45,7,5,0,1,0,0,2,0,0,1,0,1,0,0,9,2,2,6,1,2,5,40.0,3,2,1,5,14,7,0,272,7,57,148,73,5,272,3,2,66.7,1,33.3,172,741,386,4,0,6,2,180,0,6,3,0,0,0,0,24,6,4,60.0
Derrick Köhn,GER,DF,Werder Bremen,Bundesliga,25,1999,10,5,536,6.0,1,0,1,1,0,0,2,0,0.6,0.6,0.4,1.0,14,18,55,0.17,0.0,0.17,0.17,0.17,0.1,0.06,0.16,0.1,0.16,8,3,37.5,1.34,0.5,0.13,0.33,13,0,0.07,0.4,0.4,226,264,85.6,3308,698,126,136,92.6,85,101,84.2,6,9,66.7,0.9,-0.4,5,6,9,2,0,2,14,5,21,3.53,15,1,2,1,2,0,0,0,0,0,0,0,0,0,7,4,3,3,1,3,4,75.0,1,10,4,4,11,13,0,354,18,76,137,143,17,354,26,10,38.5,12,46.2,223,1094,588,5,5,16,4,232,0,8,9,2,0,0,0,21,4,6,40.0
Dominik Kohr,GER,"DF,MF",Mainz 05,Bundesliga,30,1994,11,11,972,10.8,0,0,0,0,0,0,6,0,0.3,0.3,0.3,0.6,12,42,10,0.0,0.0,0.0,0.0,0.0,0.02,0.03,0.06,0.02,0.06,6,2,33.3,0.56,0.19,0.0,0.0,25,0,0.04,-0.3,-0.3,432,540,80.0,7973,3081,160,182,87.9,217,242,89.7,42,89,47.2,0.5,-0.3,5,27,3,1,1,2,5,8,15,1.39,13,0,1,1,0,0,1,0,1,0,0,0,0,0,24,18,15,6,3,14,23,60.9,9,19,9,13,37,51,0,669,81,335,280,58,8,669,6,4,66.7,2,33.3,296,1297,706,5,2,8,3,397,0,21,12,0,0,1,0,41,12,15,44.4
Koke,ESP,MF,Atlético Madrid,La Liga,32,1992,15,12,1062,11.8,1,0,1,1,0,0,3,0,1.0,1.0,1.0,2.0,10,58,8,0.08,0.0,0.08,0.08,0.08,0.08,0.09,0.17,0.08,0.17,7,3,42.9,0.59,0.25,0.14,0.33,19,0,0.14,0.0,0.0,716,830,86.3,11212,3303,372,412,90.3,267,292,91.4,47,75,62.7,1.1,-1.0,6,63,12,3,1,4,7,12,22,1.86,22,0,0,0,0,0,3,0,3,0,0,0,0,0,25,18,10,10,5,13,25,52.0,12,12,0,11,36,15,0,934,28,243,544,158,7,934,14,6,42.9,7,50.0,522,2270,995,11,0,11,3,658,0,14,8,0,0,0,1,75,6,6,50.0
Sead Kolašinac,BIH,DF,Atalanta,Serie A,31,1993,8,8,674,7.5,0,0,0,0,0,0,3,0,0.4,0.4,0.5,1.0,17,46,22,0.0,0.0,0.0,0.0,0.0,0.06,0.07,0.13,0.06,0.13,5,1,20.0,0.67,0.13,0.0,0.0,19,0,0.09,-0.4,-0.4,430,481,89.4,6776,2169,225,240,93.8,178,194,91.8,17,27,63.0,0.7,-0.5,2,42,4,0,0,0,3,7,10,1.34,9,0,0,0,1,0,0,0,0,0,0,0,0,0,12,7,5,7,0,4,8,50.0,4,3,0,9,21,13,0,532,20,166,275,94,10,532,4,2,50.0,2,50.0,306,1267,868,20,2,3,7,388,0,18,10,2,0,0,1,40,14,7,66.7
Randal Kolo Muani,FRA,FW,Paris S-G,Ligue 1,26,1998,9,2,329,3.7,2,1,3,1,1,1,0,0,4.0,3.2,0.4,3.6,7,4,32,0.55,0.27,0.82,0.27,0.55,1.08,0.12,1.2,0.87,0.99,12,5,41.7,3.28,1.37,0.08,0.2,11,0,0.26,-2.0,-2.2,54,72,75.0,721,108,36,48,75.0,13,14,92.9,2,3,66.7,0.4,0.6,3,0,2,0,0,1,0,3,11,3.01,5,0,1,3,1,1,3,0,1,0,0,1,1,0,4,4,1,1,2,0,2,0.0,2,0,0,0,4,5,0,120,5,9,38,74,26,119,14,7,50.0,7,50.0,69,319,132,4,5,11,8,93,0,6,6,1,1,0,0,7,7,3,70.0
Marco Komenda,CRO,DF,Holstein Kiel,Bundesliga,28,1996,5,3,198,2.2,0,0,0,0,0,0,1,0,0.1,0.1,0.1,0.2,2,4,4,0.0,0.0,0.0,0.0,0.0,0.03,0.05,0.07,0.03,0.07,2,0,0.0,0.91,0.0,0.0,0.0,24,0,0.03,-0.1,-0.1,78,107,72.9,1446,734,25,33,75.8,46,57,80.7,6,15,40.0,0.2,-0.1,2,10,2,2,0,0,3,1,4,1.82,4,0,0,0,0,0,0,0,0,0,0,0,0,0,6,4,3,2,1,4,4,100.0,0,3,1,0,6,10,0,132,14,52,65,15,4,132,0,0,0.0,0,0.0,38,204,150,2,0,1,0,75,0,3,6,0,0,0,0,6,5,6,45.5
Mert Kömür,GER,MF,Augsburg,Bundesliga,19,2005,4,0,87,1.0,0,0,0,0,0,0,1,0,0.2,0.2,0.0,0.2,2,2,10,0.0,0.0,0.0,0.0,0.0,0.2,0.0,0.2,0.2,0.2,2,1,50.0,2.07,1.03,0.0,0.0,18,0,0.1,-0.2,-0.2,23,27,85.2,325,55,12,13,92.3,9,9,100.0,1,1,100.0,0.0,0.0,0,0,0,0,0,0,0,2,1,1.02,0,0,0,1,0,0,0,0,0,0,0,0,0,0,1,0,1,0,0,0,0,0.0,0,3,2,3,4,1,1,44,1,9,21,14,2,44,0,0,0.0,0,0.0,23,98,31,2,0,3,1,25,0,1,1,0,0,0,0,5,1,1,50.0
Ibrahima Konaté,FRA,DF,Liverpool,Premier League,25,1999,12,11,974,10.8,1,1,2,1,0,0,4,0,0.8,0.8,0.2,1.0,5,35,1,0.09,0.09,0.18,0.09,0.18,0.08,0.02,0.1,0.08,0.1,8,2,25.0,0.74,0.18,0.13,0.5,9,0,0.11,0.2,0.2,678,742,91.4,12262,4567,248,262,94.7,397,413,96.1,29,57,50.9,0.2,0.8,3,47,4,0,0,1,0,3,8,0.74,6,0,0,2,0,0,2,0,2,0,0,0,0,0,14,10,10,3,1,9,12,75.0,3,13,5,4,18,44,1,836,96,392,413,33,9,836,1,1,100.0,0,0.0,509,2252,1243,2,0,3,1,623,0,9,5,0,0,0,0,37,28,6,82.4
Ismael Konate,CIV,FW,Empoli,Serie A,18,2006,1,0,5,0.1,0,0,0,0,0,0,0,0,0.0,0.0,0.0,0.0,0,0,0,0.0,0.0,0.0,0.0,0.0,0.0,0.0,0.0,0.0,0.0,0,0,0.0,0.0,0.0,0.0,0.0,0,0,0.0,0.0,0.0,1,3,33.3,13,0,1,3,33.3,0,0,0.0,0,0,0.0,0.0,0.0,0,0,0,0,0,0,0,0,0,0.0,0,0,0,0,0,0,0,0,0,0,0,0,0,0,0,0,0,0,0,0,0,0.0,0,0,0,0,0,0,0,3,0,0,0,3,1,3,0,0,0.0,0,0.0,1,0,0,0,0,0,0,3,0,0,0,0,0,0,0,0,1,0,100.0
Geoffrey Kondogbia,CTA,"DF,MF",Marseille,Ligue 1,31,1993,11,10,920,10.2,0,0,0,0,0,0,1,0,0.2,0.2,0.0,0.3,7,42,2,0.0,0.0,0.0,0.0,0.0,0.02,0.0,0.03,0.02,0.03,3,0,0.0,0.29,0.0,0.0,0.0,17,0,0.08,-0.2,-0.2,659,718,91.8,10549,3567,326,343,95.0,294,306,96.1,28,50,56.0,0.5,0.0,1,56,8,1,2,1,1,4,8,0.78,7,0,0,1,0,0,0,0,0,0,0,0,0,0,28,15,17,11,0,17,20,85.0,3,7,1,10,38,32,2,818,63,274,468,78,5,818,8,5,62.5,2,25.0,515,2516,1310,16,0,7,5,622,0,7,7,0,0,0,0,42,8,6,57.1
Abdoul Koné,FRA,DF,Reims,Ligue 1,19,2005,2,1,111,1.2,0,0,0,0,0,0,0,0,0.0,0.0,0.0,0.0,0,3,0,0.0,0.0,0.0,0.0,0.0,0.0,0.0,0.0,0.0,0.0,0,0,0.0,0.0,0.0,0.0,0.0,0,0,0.0,0.0,0.0,32,48,66.7,690,164,11,13,84.6,16,20,80.0,5,9,55.6,0.0,0.0,0,1,0,0,0,0,0,6,0,0.0,0,0,0,0,0,0,0,0,0,0,0,0,0,0,5,3,4,1,0,3,5,60.0,2,2,1,1,6,4,0,65,9,31,29,5,0,65,2,1,50.0,1,50.0,29,119,17,0,0,4,1,29,0,2,2,0,0,0,0,7,1,0,100.0
Amadou Koné,MLI,MF,Reims,Ligue 1,19,2005,8,4,284,3.2,0,0,0,0,0,0,1,1,0.1,0.1,0.0,0.1,8,21,2,0.0,0.0,0.0,0.0,0.0,0.03,0.01,0.04,0.03,0.04,4,1,25.0,1.27,0.32,0.0,0.0,26,0,0.02,-0.1,-0.1,140,155,90.3,2595,726,57,66,86.4,63,66,95.5,15,16,93.8,0.1,0.0,2,17,1,0,0,1,0,0,6,1.9,4,0,0,1,1,0,1,0,0,0,0,1,0,0,13,8,7,6,0,8,11,72.7,3,4,1,4,17,1,0,191,8,45,126,23,1,191,5,4,80.0,0,0.0,120,853,404,2,0,4,2,137,0,5,9,0,0,0,0,10,4,5,44.4
Ismaël Koné,CAN,"MF,FW",Marseille,Ligue 1,22,2002,7,3,315,3.5,0,0,0,0,0,0,0,0,0.2,0.2,0.3,0.5,2,8,8,0.0,0.0,0.0,0.0,0.0,0.07,0.08,0.15,0.07,0.15,3,0,0.0,0.86,0.0,0.0,0.0,23,0,0.08,-0.2,-0.2,119,139,85.6,1823,332,63,74,85.1,47,54,87.0,5,6,83.3,0.1,-0.3,3,7,0,0,0,0,3,1,5,1.43,2,1,0,1,1,0,0,0,0,0,0,0,0,0,6,3,3,2,1,2,3,66.7,1,4,1,3,9,2,1,175,6,42,86,48,5,175,7,2,28.6,5,71.4,105,486,160,3,2,4,5,131,0,3,10,1,0,0,0,10,2,5,28.6
Manu Koné,FRA,MF,Roma,Serie A,23,2001,12,9,804,8.9,1,0,1,1,0,0,2,0,0.7,0.7,1.0,1.6,23,40,13,0.11,0.0,0.11,0.11,0.11,0.07,0.11,0.18,0.07,0.18,12,3,25.0,1.34,0.34,0.08,0.33,22,0,0.05,0.3,0.3,378,427,88.5,5753,1176,191,210,91.0,164,178,92.1,13,16,81.3,0.7,-1.0,8,32,4,1,2,0,1,7,29,3.25,19,1,2,1,5,1,1,0,1,0,0,0,0,0,14,8,7,4,3,9,15,60.0,6,4,0,9,23,6,0,514,11,60,315,147,9,514,17,5,29.4,6,35.3,323,2039,1029,21,3,17,12,386,0,12,29,0,0,0,0,33,9,11,45.0
Ezri Konsa,ENG,DF,Aston Villa,Premier League,27,1997,11,11,911,10.1,1,0,1,1,0,0,0,0,0.4,0.4,0.1,0.5,8,33,5,0.1,0.0,0.1,0.1,0.1,0.03,0.01,0.05,0.03,0.05,3,2,66.7,0.3,0.2,0.33,0.5,9,0,0.12,0.6,0.6,484,525,92.2,8205,2510,200,208,96.2,258,267,96.6,19,36,52.8,0.3,-0.1,2,41,1,0,6,0,2,7,8,0.79,6,0,1,1,0,0,1,0,1,0,0,0,0,0,14,9,9,3,2,8,10,80.0,2,4,1,8,22,34,0,605,60,284,275,49,7,605,8,4,50.0,3,37.5,374,1980,969,7,1,5,1,430,0,1,17,0,0,0,0,25,8,3,72.7
Teun Koopmeiners,NED,"MF,FW",Juventus,Serie A,26,1998,10,8,740,8.2,0,2,2,0,0,0,2,0,2.0,2.0,0.7,2.8,13,35,52,0.0,0.24,0.24,0.0,0.24,0.25,0.09,0.34,0.25,0.34,18,4,22.2,2.19,0.49,0.0,0.0,17,0,0.11,-2.0,-2.0,322,393,81.9,5483,1175,152,168,90.5,141,156,90.4,25,55,45.5,0.8,1.3,16,26,8,2,0,2,41,4,21,2.55,17,3,0,1,0,0,2,0,2,0,0,0,0,0,11,9,1,8,2,5,11,45.5,6,4,2,3,14,5,0,464,9,67,214,186,23,464,6,4,66.7,2,33.3,234,1135,527,12,2,17,6,333,0,11,5,2,0,0,0,20,6,10,37.5
Odilon Kossounou,CIV,DF,Atalanta,Serie A,23,2001,7,5,435,4.8,0,0,0,0,0,0,1,0,0.2,0.2,0.0,0.2,5,17,4,0.0,0.0,0.0,0.0,0.0,0.05,0.0,0.05,0.05,0.05,4,3,75.0,0.83,0.62,0.0,0.0,19,0,0.06,-0.2,-0.2,238,267,89.1,4565,1583,87,100,87.0,122,128,95.3,27,34,79.4,0.1,0.0,0,21,1,0,0,2,1,2,3,0.62,2,0,1,0,0,0,0,0,0,0,0,0,0,0,8,5,6,2,0,3,6,50.0,3,6,2,4,12,8,0,307,22,116,161,31,5,307,4,1,25.0,3,75.0,176,795,416,2,2,4,2,207,0,7,3,0,0,0,0,25,10,6,62.5
Christian Kouamé,CIV,"FW,MF",Fiorentina,Serie A,27,1997,11,4,498,5.5,0,1,1,0,0,0,0,0,0.6,0.6,1.5,2.1,6,14,31,0.0,0.18,0.18,0.0,0.18,0.12,0.27,0.38,0.12,0.38,7,1,14.3,1.27,0.18,0.0,0.0,15,0,0.09,-0.6,-0.6,116,161,72.0,1740,353,62,79,78.5,36,49,73.5,11,16,68.8,0.7,-0.5,9,7,4,1,0,0,5,1,21,3.8,17,0,2,1,1,0,0,0,0,0,0,0,0,0,10,6,4,3,3,0,3,0.0,3,2,0,2,12,8,0,231,8,23,111,97,22,231,14,3,21.4,9,64.3,118,584,238,4,3,12,11,162,0,8,11,2,0,0,0,18,24,16,60.0
Henri Koudossou,GER,DF,Augsburg,Bundesliga,25,1999,8,1,243,2.7,0,0,0,0,0,0,0,0,0.0,0.0,0.1,0.1,3,7,14,0.0,0.0,0.0,0.0,0.0,0.0,0.02,0.02,0.0,0.02,0,0,0.0,0.0,0.0,0.0,0.0,0,0,0.0,0.0,0.0,87,117,74.4,1331,493,51,56,91.1,28,40,70.0,6,14,42.9,0.1,-0.1,2,2,3,1,0,0,6,5,4,1.48,3,0,0,0,0,1,0,0,0,0,0,0,0,0,6,5,2,3,1,5,7,71.4,2,2,1,2,8,13,0,149,12,52,59,38,0,149,6,2,33.3,4,66.7,67,262,104,3,0,3,0,71,0,1,0,0,0,0,0,18,1,2,33.3
Konstantinos Koulierakis,GRE,DF,Wolfsburg,Bundesliga,21,2003,10,8,746,8.3,0,2,2,0,0,0,1,0,0.2,0.2,0.7,0.9,7,29,4,0.0,0.24,0.24,0.0,0.24,0.02,0.09,0.11,0.02,0.11,6,0,0.0,0.72,0.0,0.0,0.0,16,0,0.03,-0.2,-0.2,386,465,83.0,8081,2728,114,123,92.7,216,242,89.3,51,89,57.3,0.3,1.3,4,22,4,2,1,12,5,3,10,1.21,8,0,0,2,0,0,3,0,2,0,0,1,0,0,14,6,9,3,2,8,13,61.5,5,15,9,10,24,43,0,575,81,263,279,35,7,575,3,2,66.7,1,33.3,288,1656,945,9,0,6,2,352,0,10,6,0,0,0,0,24,20,13,60.6
Jules Koundé,FRA,DF,Barcelona,La Liga,26,1998,16,14,1255,13.9,1,2,3,1,0,0,2,0,0.4,0.4,1.8,2.2,23,73,83,0.07,0.14,0.22,0.07,0.22,0.03,0.13,0.16,0.03,0.16,8,2,25.0,0.57,0.14,0.13,0.5,16,0,0.05,0.6,0.6,823,954,86.3,13207,4068,396,429,92.3,375,430,87.2,35,62,56.5,1.4,0.2,13,60,12,4,5,8,28,11,22,1.58,21,0,1,0,0,0,3,0,3,0,0,0,0,0,33,22,14,14,5,27,35,77.1,8,16,3,7,40,34,2,1108,49,305,511,299,32,1108,28,13,46.4,14,50.0,539,2248,1243,20,3,22,8,708,0,12,8,5,0,0,0,53,11,10,52.4
Boubakar Kouyaté,MLI,DF,Montpellier,Ligue 1,27,1997,2,1,111,1.2,0,0,0,0,0,0,1,0,0.2,0.2,0.0,0.2,0,1,0,0.0,0.0,0.0,0.0,0.0,0.12,0.0,0.12,0.12,0.12,1,0,0.0,0.81,0.0,0.0,0.0,6,0,0.15,-0.2,-0.2,21,28,75.0,443,186,7,9,77.8,9,10,90.0,5,7,71.4,0.0,0.0,0,0,0,0,0,0,0,0,0,0.0,0,0,0,0,0,0,0,0,0,0,0,0,0,0,4,1,3,1,0,3,5,60.0,2,0,0,3,7,5,0,43,5,27,15,1,1,43,0,0,0.0,0,0.0,18,93,31,0,0,0,0,19,0,3,1,0,0,0,0,4,3,1,75.0
Mateo Kovačić,CRO,MF,Manchester City,Premier League,30,1994,11,10,879,9.8,3,0,3,3,0,0,3,0,1.0,1.0,1.5,2.5,32,59,11,0.31,0.0,0.31,0.31,0.31,0.1,0.15,0.25,0.1,0.25,20,5,25.0,2.05,0.51,0.15,0.6,21,0,0.05,2.0,2.0,723,773,93.5,10880,2763,393,412,95.4,295,310,95.2,23,31,74.2,1.3,-1.5,14,71,13,0,2,1,0,7,33,3.38,26,0,3,3,1,0,4,0,2,0,1,1,0,0,22,14,5,12,5,11,25,44.0,14,11,0,5,27,6,0,860,16,112,447,315,10,860,25,15,60.0,7,28.0,581,3376,1600,37,2,8,14,704,0,8,7,0,0,0,0,44,5,0,100.0
Mateusz Kowalski,POL,MF,Parma,Serie A,19,2005,1,1,56,0.6,0,0,0,0,0,0,0,0,0.4,0.4,0.0,0.4,0,0,2,0.0,0.0,0.0,0.0,0.0,0.69,0.0,0.69,0.69,0.69,1,0,0.0,1.61,0.0,0.0,0.0,3,0,0.43,-0.4,-0.4,8,12,66.7,95,24,5,8,62.5,2,3,66.7,0,0,0.0,0.0,0.0,0,1,0,0,0,0,0,1,0,0.0,0,0,0,0,0,0,0,0,0,0,0,0,0,0,0,0,0,0,0,0,0,0.0,0,1,0,0,0,1,0,18,1,2,10,6,2,18,0,0,0.0,0,0.0,9,31,10,0,0,2,2,14,0,1,0,0,0,0,0,0,0,3,0.0
Caleb Kporha,ENG,DF,Crystal Palace,Premier League,18,2006,1,0,3,0.0,0,0,0,0,0,0,0,0,0.0,0.0,0.0,0.0,1,0,0,0.0,0.0,0.0,0.0,0.0,0.0,0.0,0.0,0.0,0.0,0,0,0.0,0.0,0.0,0.0,0.0,0,0,0.0,0.0,0.0,3,5,60.0,53,19,2,2,100.0,0,2,0.0,1,1,100.0,0.0,0.0,0,0,1,1,0,0,2,0,0,0.0,0,0,0,0,0,0,0,0,0,0,0,0,0,0,0,0,0,0,0,0,0,0.0,0,0,0,0,0,0,0,5,0,0,2,3,0,5,0,0,0.0,0,0.0,2,37,35,1,0,0,0,1,0,0,0,0,0,0,0,1,0,0,0.0
Emil Krafth,SWE,DF,Newcastle Utd,Premier League,30,1994,3,2,241,2.7,0,0,0,0,0,0,0,0,0.0,0.0,0.1,0.1,0,1,0,0.0,0.0,0.0,0.0,0.0,0.01,0.03,0.05,0.01,0.05,1,0,0.0,0.37,0.0,0.0,0.0,14,0,0.03,0.0,0.0,59,74,79.7,1018,485,26,33,78.8,29,33,87.9,4,6,66.7,0.0,-0.1,1,3,0,0,0,0,0,1,3,1.12,2,0,0,1,0,0,0,0,0,0,0,0,0,0,2,1,0,1,1,1,2,50.0,1,5,4,2,4,10,0,100,23,64,30,6,3,100,0,0,0.0,0,0.0,49,167,35,1,0,2,1,51,0,2,1,0,0,0,0,11,4,3,57.1
Alex Král,CZE,MF,Espanyol,La Liga,26,1998,14,13,1204,13.4,0,0,0,0,0,0,0,0,0.4,0.4,0.5,0.9,18,44,27,0.0,0.0,0.0,0.0,0.0,0.03,0.04,0.07,0.03,0.07,8,0,0.0,0.6,0.0,0.0,0.0,14,0,0.05,-0.4,-0.4,261,354,73.7,4351,1219,127,151,84.1,106,131,80.9,22,45,48.9,0.6,-0.5,3,34,7,2,2,4,14,10,16,1.2,14,0,0,1,0,1,0,0,0,0,0,0,0,0,34,23,19,15,0,8,13,61.5,5,18,8,15,49,22,0,503,38,126,284,102,21,503,27,16,59.3,9,33.3,266,1753,851,8,4,21,17,296,0,10,9,0,0,0,0,60,7,12,36.8
Andrej Kramarić,CRO,MF,Hoffenheim,Bundesliga,33,1991,11,11,933,10.4,5,1,6,4,1,1,3,0,4.6,3.9,1.3,5.2,31,55,80,0.48,0.1,0.58,0.39,0.48,0.45,0.13,0.58,0.37,0.5,19,6,31.6,1.83,0.58,0.21,0.67,16,1,0.2,0.4,0.1,345,438,78.8,5415,1355,189,219,86.3,117,143,81.8,25,42,59.5,2.2,-0.3,16,40,13,4,3,4,35,14,33,3.18,26,3,1,2,1,0,4,0,3,0,0,0,1,0,5,2,1,4,0,3,5,60.0,2,4,2,0,5,6,0,519,6,50,247,228,43,518,18,8,44.4,9,50.0,342,2028,1045,21,10,21,14,396,0,6,17,3,0,0,0,46,1,4,20.0
Frans Krätzig,GER,DF,Stuttgart,Bundesliga,21,2003,1,1,56,0.6,0,0,0,0,0,0,0,0,0.0,0.0,0.0,0.0,0,2,2,0.0,0.0,0.0,0.0,0.0,0.0,0.0,0.0,0.0,0.0,0,0,0.0,0.0,0.0,0.0,0.0,0,0,0.0,0.0,0.0,36,41,87.8,510,123,23,23,100.0,12,16,75.0,1,2,50.0,0.0,0.0,0,3,0,0,0,0,1,0,0,0.0,0,0,0,0,0,0,0,0,0,0,0,0,0,0,2,1,1,0,1,1,3,33.3,2,2,1,0,2,1,0,48,4,12,22,14,0,48,0,0,0.0,0,0.0,30,85,39,0,0,1,0,33,0,1,0,0,0,0,0,3,1,0,100.0
Ladislav Krejčí,CZE,DF,Girona,La Liga,25,1999,8,7,640,7.1,2,0,2,2,0,0,3,0,1.1,1.1,0.0,1.2,14,45,1,0.28,0.0,0.28,0.28,0.28,0.16,0.0,0.16,0.16,0.16,6,4,66.7,0.84,0.56,0.33,0.5,11,0,0.19,0.9,0.9,593,663,89.4,10632,3550,225,238,94.5,330,344,95.9,31,69,44.9,0.2,0.0,1,56,4,0,0,4,5,4,5,0.7,4,0,0,0,1,0,2,0,1,0,0,0,1,0,6,3,5,1,0,3,8,37.5,5,7,5,13,19,23,0,719,63,318,373,31,5,719,1,0,0.0,1,100.0,433,2382,1448,5,1,4,1,572,0,8,3,0,1,0,0,27,13,5,72.2
Rasmus Kristensen,DEN,"DF,MF",Eint Frankfurt,Bundesliga,27,1997,9,9,757,8.4,0,0,0,0,0,0,0,0,0.0,0.0,0.9,1.0,20,45,23,0.0,0.0,0.0,0.0,0.0,0.0,0.11,0.11,0.0,0.11,1,0,0.0,0.12,0.0,0.0,0.0,13,0,0.04,0.0,0.0,326,417,78.2,5779,2464,155,168,92.3,132,173,76.3,34,55,61.8,1.9,-0.9,7,40,10,1,2,2,10,9,17,2.02,16,0,0,0,1,0,1,0,1,0,0,0,0,0,19,10,15,2,2,15,27,55.6,12,11,3,7,26,26,0,509,39,191,220,105,8,509,10,5,50.0,4,40.0,290,1309,739,14,3,15,3,296,0,7,7,0,0,0,0,41,14,6,70.0
Thomas Kristensen,DEN,DF,Udinese,Serie A,22,2002,4,2,233,2.6,0,0,0,0,0,0,2,0,0.0,0.0,0.0,0.0,0,5,0,0.0,0.0,0.0,0.0,0.0,0.0,0.0,0.0,0.0,0.0,0,0,0.0,0.0,0.0,0.0,0.0,0,0,0.0,0.0,0.0,118,138,85.5,2376,870,41,48,85.4,58,64,90.6,19,24,79.2,0.0,0.0,0,5,0,0,0,0,0,1,1,0.39,1,0,0,0,0,0,0,0,0,0,0,0,0,0,2,1,1,1,0,1,2,50.0,1,1,1,1,3,9,0,155,20,89,64,3,1,155,0,0,0.0,0,0.0,84,374,178,1,0,2,0,100,0,3,0,0,0,0,0,9,10,3,76.9
Nikola Krstović,MNE,FW,Lecce,Serie A,24,2000,14,14,1192,13.2,2,1,3,2,0,0,0,0,4.4,4.4,1.1,5.6,15,17,52,0.15,0.08,0.23,0.15,0.23,0.33,0.09,0.42,0.33,0.42,57,17,29.8,4.3,1.28,0.04,0.12,18,4,0.08,-2.4,-2.4,170,253,67.2,2532,652,102,138,73.9,53,69,76.8,11,25,44.0,0.9,-0.1,11,17,4,0,2,1,3,11,42,3.17,26,0,5,7,2,2,2,0,2,0,0,0,0,0,11,5,4,3,4,5,10,50.0,5,6,3,5,16,9,0,418,13,32,202,190,56,418,35,11,31.4,22,62.9,230,1141,480,8,10,31,14,298,0,20,24,4,0,0,0,35,38,48,44.2
Lukas Kübler,GER,DF,Freiburg,Bundesliga,32,1992,12,12,934,10.4,2,0,2,2,0,0,1,0,0.9,0.9,0.3,1.2,10,34,24,0.19,0.0,0.19,0.19,0.19,0.09,0.03,0.12,0.09,0.12,10,5,50.0,0.96,0.48,0.2,0.4,17,0,0.09,1.1,1.1,377,491,76.8,6593,1983,160,191,83.8,173,214,80.8,36,63,57.1,0.4,-0.3,3,31,6,2,0,0,13,5,10,0.96,9,0,0,1,0,0,3,0,2,0,0,1,0,0,19,7,10,7,2,12,19,63.2,7,21,8,25,44,25,2,597,36,175,310,117,11,597,3,0,0.0,2,66.7,249,1098,469,8,1,6,3,322,0,11,11,0,0,0,0,30,18,8,69.2
Takefusa Kubo,JPN,"MF,FW",Real Sociedad,La Liga,23,2001,15,11,1018,11.3,3,0,3,3,0,0,1,0,1.8,1.8,2.0,3.8,64,53,99,0.27,0.0,0.27,0.27,0.27,0.16,0.18,0.34,0.16,0.34,19,7,36.8,1.68,0.62,0.16,0.43,16,0,0.1,1.2,1.2,279,392,71.2,3994,1258,165,196,84.2,68,90,75.6,22,43,51.2,1.4,-2.0,20,31,19,5,3,1,32,20,47,4.15,28,4,7,0,5,3,3,0,1,0,2,0,0,0,19,12,7,6,6,11,22,50.0,11,24,1,6,25,5,1,551,4,63,206,290,49,551,64,29,45.3,29,45.3,360,2902,1708,22,25,32,26,401,0,10,28,4,0,0,0,53,4,8,33.3
Mohammed Kudus,GHA,"MF,FW",West Ham,Premier League,24,2000,9,9,741,8.2,2,0,2,2,0,0,0,1,3.0,3.0,1.1,4.1,38,26,84,0.24,0.0,0.24,0.24,0.24,0.36,0.14,0.5,0.36,0.5,30,11,36.7,3.64,1.34,0.07,0.18,15,0,0.1,-1.0,-1.0,200,242,82.6,3455,611,101,116,87.1,77,83,92.8,19,26,73.1,1.2,-1.1,9,17,9,6,1,4,28,10,33,4.01,23,0,7,2,0,1,0,0,0,0,0,0,0,0,10,8,3,4,3,4,11,36.4,7,11,1,1,11,1,0,362,5,39,138,197,46,362,66,34,51.5,25,37.9,248,1747,915,19,17,20,28,294,0,9,15,5,0,0,0,30,3,9,25.0
Dejan Kulusevski,SWE,"MF,FW",Tottenham,Premier League,24,2000,13,11,972,10.8,2,3,5,2,0,0,3,0,1.5,1.5,3.6,5.1,48,57,84,0.19,0.28,0.46,0.19,0.46,0.14,0.33,0.47,0.14,0.47,18,6,33.3,1.67,0.56,0.11,0.33,15,0,0.08,0.5,0.5,263,367,71.7,3725,1285,164,191,85.9,71,97,73.2,15,39,38.5,2.3,-0.6,33,28,27,2,4,0,51,22,61,5.65,48,6,5,0,2,0,5,0,4,0,1,0,0,0,13,8,3,2,8,3,15,20.0,12,14,3,7,20,7,0,513,11,54,157,312,68,513,45,17,37.8,24,53.3,309,2453,1389,29,14,26,28,344,0,19,17,4,0,0,0,50,4,6,40.0
Sael Kumbedi,FRA,DF,Lyon,Ligue 1,19,2005,3,2,177,2.0,0,0,0,0,0,0,0,0,0.0,0.0,0.1,0.1,4,6,8,0.0,0.0,0.0,0.0,0.0,0.0,0.03,0.03,0.0,0.03,0,0,0.0,0.0,0.0,0.0,0.0,0,0,0.0,0.0,0.0,77,92,83.7,1149,304,44,46,95.7,31,37,83.8,2,6,33.3,0.1,-0.1,1,5,1,1,1,0,5,2,2,1.02,2,0,0,0,0,0,0,0,0,0,0,0,0,0,5,2,1,3,1,4,5,80.0,1,0,0,4,9,5,0,112,4,33,40,39,2,112,4,1,25.0,3,75.0,47,203,125,1,0,4,1,65,0,3,2,0,0,0,0,9,0,1,0.0
Marash Kumbulla,ALB,DF,Espanyol,La Liga,24,2000,13,12,1012,11.2,1,0,1,1,0,0,4,0,0.7,0.7,0.0,0.7,6,29,0,0.09,0.0,0.09,0.09,0.09,0.06,0.0,0.07,0.06,0.07,3,1,33.3,0.27,0.09,0.33,1.0,7,0,0.23,0.3,0.3,404,478,84.5,7930,3188,137,149,91.9,214,224,95.5,49,93,52.7,0.1,0.0,1,24,2,1,0,1,3,1,9,0.8,8,0,0,0,1,0,1,0,1,0,0,0,0,0,16,10,12,3,1,8,15,53.3,7,24,17,12,28,73,0,628,112,374,239,17,5,628,5,1,20.0,2,40.0,349,1741,943,4,0,5,0,392,0,16,19,0,0,0,0,27,21,15,58.3
Daler Kuzyaev,RUS,MF,Le Havre,Ligue 1,31,1993,11,5,515,5.7,1,0,1,1,0,0,1,0,0.2,0.2,0.6,0.8,4,31,8,0.17,0.0,0.17,0.17,0.17,0.04,0.1,0.14,0.04,0.14,4,3,75.0,0.7,0.52,0.25,0.33,22,0,0.05,0.8,0.8,196,241,81.3,3000,903,106,122,86.9,71,90,78.9,11,19,57.9,0.7,-0.6,2,12,3,0,1,0,6,2,4,0.7,2,1,1,0,0,0,0,0,0,0,0,0,0,0,12,7,6,4,2,2,9,22.2,7,7,4,9,21,7,0,296,15,91,149,57,4,296,2,1,50.0,1,50.0,132,610,312,3,0,5,2,184,0,8,3,0,0,0,0,26,7,4,63.6
Khvicha Kvaratskhelia,GEO,"FW,MF",Napoli,Serie A,23,2001,14,13,996,11.1,5,3,8,4,1,1,1,0,3.9,3.1,3.3,6.4,57,45,65,0.45,0.27,0.72,0.36,0.63,0.35,0.3,0.65,0.28,0.57,39,13,33.3,3.52,1.17,0.1,0.31,19,2,0.08,1.1,0.9,283,364,77.7,4867,1392,158,172,91.9,84,102,82.4,36,62,58.1,2.5,-0.3,23,23,18,3,6,5,33,14,46,4.16,33,8,2,1,2,0,6,0,5,0,1,0,0,0,12,8,3,8,1,4,11,36.4,7,11,0,2,14,7,0,527,2,47,219,271,61,526,56,15,26.8,34,60.7,328,2668,1513,42,32,24,19,386,0,10,25,0,0,0,0,32,1,5,16.7
Moritz-Broni Kwarteng,GHA,MF,Bochum,Bundesliga,26,1998,6,0,153,1.7,0,0,0,0,0,0,1,0,0.2,0.2,0.2,0.4,3,12,13,0.0,0.0,0.0,0.0,0.0,0.1,0.11,0.21,0.1,0.21,5,1,20.0,2.94,0.59,0.0,0.0,24,0,0.04,-0.2,-0.2,55,71,77.5,839,206,24,27,88.9,21,24,87.5,5,6,83.3,0.1,-0.2,4,6,6,0,0,0,1,7,9,5.26,7,0,1,1,0,0,0,0,0,0,0,0,0,0,2,2,0,1,1,0,1,0.0,1,0,0,0,2,1,0,88,1,8,43,38,2,88,6,6,100.0,0,0.0,54,267,112,1,1,4,2,66,0,3,0,0,0,0,0,7,0,1,0.0
Giorgos Kyriakopoulos,GRE,DF,Monza,Serie A,28,1996,14,14,1260,14.0,1,3,4,1,0,0,1,0,0.3,0.3,1.7,2.0,33,39,50,0.07,0.21,0.29,0.07,0.29,0.02,0.12,0.14,0.02,0.14,10,4,40.0,0.71,0.29,0.1,0.25,22,1,0.03,0.7,0.7,445,596,74.7,7378,2719,220,247,89.1,171,220,77.7,43,95,45.3,1.4,1.3,20,41,7,5,2,0,67,21,40,2.86,20,10,3,2,5,0,4,0,2,1,1,0,0,0,25,16,11,12,2,15,29,51.7,14,19,5,13,38,41,0,743,45,223,301,228,14,743,22,7,31.8,7,31.8,336,2066,1157,15,5,13,10,379,0,11,22,0,0,0,0,40,11,13,45.8
Rémy Labeau Lascary,GLP,"FW,MF",Lens,Ligue 1,21,2003,12,4,497,5.5,1,0,1,1,0,0,5,0,2.2,2.2,0.6,2.8,10,3,49,0.18,0.0,0.18,0.18,0.18,0.4,0.1,0.5,0.4,0.5,11,4,36.4,1.99,0.72,0.09,0.25,13,0,0.21,-1.2,-1.2,90,126,71.4,1136,147,57,70,81.4,25,37,67.6,2,4,50.0,0.4,-0.6,3,3,3,1,1,0,11,1,10,1.81,4,0,4,2,0,0,2,0,1,0,1,0,0,0,9,3,3,4,2,3,8,37.5,5,3,0,0,9,5,0,198,1,23,73,106,23,198,20,9,45.0,10,50.0,124,674,199,3,6,26,6,147,0,20,5,10,0,0,0,13,6,6,50.0
Gaëtan Laborde,FRA,FW,Nice,Ligue 1,30,1994,7,1,211,2.3,1,1,2,1,0,0,0,0,1.0,1.0,0.1,1.0,6,7,28,0.43,0.43,0.85,0.43,0.85,0.41,0.03,0.45,0.41,0.45,8,3,37.5,3.41,1.28,0.13,0.33,17,0,0.12,0.0,0.0,48,67,71.6,670,143,31,36,86.1,10,15,66.7,4,6,66.7,0.3,0.9,1,2,2,1,0,1,6,1,5,2.13,3,0,0,2,0,0,1,0,1,0,0,0,0,0,4,2,3,1,0,4,8,50.0,4,2,0,2,6,1,0,95,3,10,44,43,15,95,4,1,25.0,3,75.0,47,269,164,3,3,6,2,70,0,2,0,1,0,0,0,5,4,6,40.0
Alexandre Lacazette,FRA,FW,Lyon,Ligue 1,33,1991,12,10,857,9.5,5,2,7,4,1,2,1,0,6.3,4.8,2.1,6.9,9,33,75,0.53,0.21,0.74,0.42,0.63,0.66,0.22,0.88,0.5,0.73,21,13,61.9,2.21,1.37,0.19,0.31,13,0,0.23,-1.3,-0.8,162,234,69.2,2209,639,104,135,77.0,43,62,69.4,8,17,47.1,2.3,-0.1,12,12,15,3,2,4,9,8,28,2.94,21,0,2,3,2,0,4,0,2,0,0,2,0,0,5,2,1,3,1,3,9,33.3,6,4,0,2,7,1,0,323,2,13,116,198,68,321,18,6,33.3,10,55.6,170,549,198,6,6,26,6,257,0,17,12,5,0,0,0,12,8,12,40.0
Maxence Lacroix,FRA,DF,Crystal Palace,Premier League,24,2000,11,11,990,11.0,0,1,1,0,0,0,3,0,0.7,0.7,0.3,1.0,3,27,1,0.0,0.09,0.09,0.0,0.09,0.06,0.03,0.09,0.06,0.09,9,0,0.0,0.82,0.0,0.0,0.0,11,0,0.08,-0.7,-0.7,395,500,79.0,8269,3502,114,139,82.0,227,254,89.4,51,93,54.8,0.4,0.7,3,33,0,0,1,3,3,3,13,1.18,12,0,0,1,0,0,2,0,2,0,0,0,0,0,24,16,18,5,1,10,18,55.6,8,14,5,22,46,50,1,629,81,367,237,29,11,629,8,6,75.0,1,12.5,328,1625,868,1,0,8,2,368,0,13,5,1,0,0,0,53,22,16,57.9
Konrad Laimer,AUT,DF,Bayern Munich,Bundesliga,27,1997,10,3,324,3.6,0,0,0,0,0,0,2,0,0.3,0.3,0.6,0.9,18,29,25,0.0,0.0,0.0,0.0,0.0,0.08,0.16,0.24,0.08,0.24,4,1,25.0,1.11,0.28,0.0,0.0,20,0,0.07,-0.3,-0.3,219,248,88.3,3117,696,133,146,91.1,80,88,90.9,3,4,75.0,0.4,-0.6,2,22,4,1,1,1,6,6,8,2.22,8,0,0,0,0,0,0,0,0,0,0,0,0,0,10,6,2,6,2,4,11,36.4,7,3,0,1,11,5,0,284,6,38,147,99,14,284,7,2,28.6,5,71.4,172,976,581,13,3,4,5,216,0,6,2,0,0,0,0,16,1,5,16.7
Stefan Lainer,AUT,DF,Gladbach,Bundesliga,32,1992,7,2,299,3.3,0,0,0,0,0,0,1,0,0.0,0.0,0.1,0.1,4,13,7,0.0,0.0,0.0,0.0,0.0,0.01,0.02,0.03,0.01,0.03,1,0,0.0,0.3,0.0,0.0,0.0,8,0,0.03,0.0,0.0,161,192,83.9,2680,864,76,86,88.4,77,89,86.5,7,13,53.8,0.0,-0.1,1,11,0,0,1,0,3,1,2,0.6,2,0,0,0,0,0,1,0,1,0,0,0,0,0,8,3,6,2,0,3,3,100.0,0,4,3,4,12,11,0,229,18,76,114,40,1,229,5,3,60.0,2,40.0,125,652,311,5,0,1,4,134,0,4,2,0,0,0,1,8,0,4,0.0
Kenny Lala,MAD,DF,Brest,Ligue 1,33,1991,11,10,976,10.8,2,1,3,0,2,2,2,0,2.0,0.4,0.4,0.9,22,46,23,0.18,0.09,0.28,0.0,0.09,0.19,0.04,0.23,0.04,0.08,3,2,66.7,0.28,0.18,0.0,0.0,28,2,0.15,0.0,-0.4,519,670,77.5,10234,3821,202,232,87.1,230,283,81.3,81,134,60.4,1.2,0.6,10,43,15,5,1,8,44,15,19,1.75,13,3,1,1,0,1,2,0,1,0,0,1,0,0,30,19,17,10,3,22,35,62.9,13,16,6,11,41,22,0,767,40,254,353,163,4,765,10,7,70.0,2,20.0,380,2313,1227,16,0,8,6,456,0,8,4,0,0,0,0,59,2,3,40.0
Adam Lallana,ENG,MF,Southampton,Premier League,36,1988,8,5,315,3.5,0,2,2,0,0,0,4,0,0.2,0.2,0.9,1.0,5,22,8,0.0,0.57,0.57,0.0,0.57,0.05,0.25,0.3,0.05,0.3,3,0,0.0,0.86,0.0,0.0,0.0,18,0,0.06,-0.2,-0.2,200,228,87.7,2612,842,134,147,91.2,54,57,94.7,3,7,42.9,0.4,1.1,3,19,8,2,1,0,2,3,7,2.0,6,0,0,0,1,0,2,0,2,0,0,0,0,0,6,5,3,3,0,2,8,25.0,6,4,1,4,10,5,0,275,16,79,138,59,6,275,9,5,55.6,2,22.2,158,766,335,7,0,8,6,218,0,7,7,0,0,0,0,17,1,2,33.3
Mathis Lambourde,FRA,"FW,MF",Hellas Verona,Serie A,18,2006,4,0,40,0.4,1,0,1,1,0,0,1,0,0.1,0.1,0.1,0.2,1,0,3,2.25,0.0,2.25,2.25,2.25,0.16,0.2,0.36,0.16,0.36,1,1,100.0,2.25,2.25,1.0,1.0,13,0,0.07,0.9,0.9,5,7,71.4,57,16,4,4,100.0,1,2,50.0,0,1,0.0,0.1,-0.1,1,0,0,0,0,0,1,0,2,4.39,1,0,1,0,0,0,1,2,0,0,1,0,0,0,3,1,2,1,0,1,3,33.3,2,1,0,0,3,0,0,12,1,7,2,3,2,12,1,1,100.0,0,0.0,9,43,9,1,1,1,5,8,0,3,0,0,0,0,0,2,0,2,0.0
Mohamed Lamine Bayo,GUI,"FW,MF",Lille,Ligue 1,26,1998,10,3,214,2.4,2,0,2,2,0,0,1,0,2.2,2.2,0.2,2.4,3,2,14,0.84,0.0,0.84,0.84,0.84,0.93,0.09,1.02,0.93,1.02,9,3,33.3,3.79,1.26,0.22,0.67,12,0,0.25,-0.2,-0.2,29,42,69.0,350,61,19,23,82.6,8,12,66.7,0,1,0.0,0.1,-0.2,2,1,0,0,0,0,0,2,8,3.36,5,0,0,3,0,0,1,0,0,0,0,1,0,0,0,0,0,0,0,0,0,0.0,0,0,0,0,0,1,0,69,1,4,36,29,13,69,2,1,50.0,1,50.0,42,201,79,3,3,8,4,51,0,6,1,0,0,0,0,5,4,4,50.0
Tariq Lamptey,GHA,DF,Brighton,Premier League,24,2000,2,1,82,0.9,0,2,2,0,0,0,0,0,0.0,0.0,0.2,0.2,4,1,4,0.0,2.2,2.2,0.0,2.2,0.0,0.22,0.22,0.0,0.22,0,0,0.0,0.0,0.0,0.0,0.0,0,0,0.0,0.0,0.0,27,31,87.1,436,81,14,14,100.0,9,11,81.8,3,5,60.0,0.1,1.8,2,0,1,1,0,0,2,0,2,2.2,2,0,0,0,0,0,2,2,2,0,0,0,0,0,2,2,1,1,0,0,2,0.0,2,4,1,1,3,2,0,44,4,17,22,6,0,44,2,0,0.0,2,100.0,24,170,100,1,0,1,0,22,0,0,0,0,0,0,0,3,0,0,0.0
Will Lankshear,ENG,"FW,MF",Tottenham,Premier League,19,2005,1,0,1,0.0,0,0,0,0,0,0,0,0,0.0,0.0,0.0,0.0,0,0,0,0.0,0.0,0.0,0.0,0.0,0.0,0.0,0.0,0.0,0.0,0,0,0.0,0.0,0.0,0.0,0.0,0,0,0.0,0.0,0.0,0,0,0.0,0,0,0,0,0.0,0,0,0.0,0,0,0.0,0.0,0.0,0,0,0,0,0,0,0,0,0,0.0,0,0,0,0,0,0,0,0,0,0,0,0,0,0,0,0,0,0,0,0,0,0.0,0,0,0,0,0,0,0,0,0,0,0,0,0,0,0,0,0.0,0,0.0,0,0,0,0,0,0,0,0,0,0,0,0,0,0,0,0,0,0,0.0
Gianluca Lapadula,PER,"FW,MF",Cagliari,Serie A,34,1990,9,1,241,2.7,0,0,0,0,0,0,1,0,0.8,0.8,0.0,0.8,3,6,10,0.0,0.0,0.0,0.0,0.0,0.3,0.02,0.32,0.3,0.32,10,1,10.0,3.73,0.37,0.0,0.0,13,0,0.08,-0.8,-0.8,25,47,53.2,281,57,19,28,67.9,4,9,44.4,0,3,0.0,0.2,0.0,2,2,1,0,0,0,3,3,10,3.73,4,0,1,5,0,0,0,0,0,0,0,0,0,0,2,0,1,0,1,0,0,0.0,0,0,0,0,2,1,0,70,1,2,26,42,14,70,1,1,100.0,0,0.0,32,170,69,1,1,4,1,51,0,7,1,0,0,0,0,4,10,6,62.5
Cyle Larin,CAN,FW,Mallorca,La Liga,29,1995,13,10,734,8.2,2,2,4,2,0,0,2,0,1.8,1.8,1.1,2.9,7,5,40,0.25,0.25,0.49,0.25,0.49,0.22,0.13,0.35,0.22,0.35,14,5,35.7,1.72,0.61,0.14,0.4,12,0,0.13,0.2,0.2,96,138,69.6,1091,142,66,87,75.9,19,31,61.3,2,3,66.7,0.2,0.9,4,5,0,0,0,0,1,5,12,1.47,7,0,0,3,2,0,1,0,0,0,0,1,0,0,4,2,1,2,1,0,2,0.0,2,6,0,1,5,4,0,220,6,22,106,94,24,220,9,2,22.2,7,77.8,121,571,182,4,3,22,25,173,0,11,11,10,0,0,0,20,18,38,32.1
Hugo Larsson,SWE,MF,Eint Frankfurt,Bundesliga,20,2004,12,10,836,9.3,2,0,2,2,0,0,1,0,1.8,1.8,0.3,2.0,3,36,5,0.22,0.0,0.22,0.22,0.22,0.19,0.03,0.22,0.19,0.22,6,3,50.0,0.65,0.32,0.33,0.67,16,0,0.29,0.2,0.2,309,349,88.5,4870,1533,155,163,95.1,123,136,90.4,21,35,60.0,0.5,-0.3,6,24,5,0,0,3,1,3,16,1.72,15,0,0,1,0,0,0,0,0,0,0,0,0,0,14,6,8,5,1,10,23,43.5,13,17,6,13,27,16,1,436,37,148,219,71,5,436,5,3,60.0,2,40.0,213,770,336,6,0,8,4,273,0,8,1,0,0,1,0,37,6,3,66.7
Juanmi Latasa,ESP,FW,Valladolid,La Liga,23,2001,11,4,494,5.5,0,0,0,0,0,0,4,0,1.0,1.0,0.2,1.2,1,9,19,0.0,0.0,0.0,0.0,0.0,0.18,0.04,0.22,0.18,0.22,12,0,0.0,2.19,0.0,0.0,0.0,13,0,0.08,-1.0,-1.0,54,98,55.1,788,170,33,52,63.5,16,31,51.6,3,5,60.0,0.2,-0.2,4,5,1,0,0,0,2,1,10,1.82,7,0,0,2,1,0,0,0,0,0,0,0,0,0,1,0,0,1,0,0,2,0.0,2,2,1,0,1,5,1,146,10,14,71,63,23,146,5,3,60.0,1,20.0,63,231,55,2,0,12,12,116,0,21,13,3,0,0,0,11,41,24,63.1
Toni Lato,ESP,DF,Mallorca,La Liga,27,1997,5,3,263,2.9,0,0,0,0,0,0,0,1,0.0,0.0,0.3,0.3,7,11,18,0.0,0.0,0.0,0.0,0.0,0.0,0.09,0.09,0.0,0.09,0,0,0.0,0.0,0.0,0.0,0.0,0,0,0.0,0.0,0.0,112,156,71.8,2014,754,52,63,82.5,51,66,77.3,9,22,40.9,0.5,-0.3,4,8,8,7,0,0,16,3,11,3.76,9,1,0,0,0,1,1,0,1,0,0,0,0,0,7,5,2,1,4,3,5,60.0,2,3,0,3,10,10,0,187,8,48,64,75,3,187,3,0,0.0,3,100.0,78,430,206,5,1,3,1,90,0,5,1,0,0,0,0,12,2,4,33.3
Roméo Lavia,BEL,MF,Chelsea,Premier League,20,2004,8,6,432,4.8,0,1,1,0,0,0,2,0,0.2,0.2,0.6,0.8,2,15,6,0.0,0.21,0.21,0.0,0.21,0.04,0.13,0.16,0.04,0.16,1,0,0.0,0.21,0.0,0.0,0.0,16,0,0.18,-0.2,-0.2,215,236,91.1,3522,881,111,124,89.5,93,96,96.9,8,11,72.7,0.3,0.4,5,25,3,0,2,2,0,1,7,1.46,7,0,0,0,0,0,1,0,1,0,0,0,0,0,12,6,4,6,2,6,13,46.2,7,5,0,8,20,5,0,277,10,72,163,45,1,277,9,6,66.7,3,33.3,165,760,311,6,0,0,6,200,0,8,1,0,0,1,0,21,5,1,83.3
Valentino Lazaro,AUT,DF,Torino,Serie A,28,1996,14,12,1054,11.7,0,4,4,0,0,0,3,0,0.6,0.6,1.8,2.4,16,36,63,0.0,0.34,0.34,0.0,0.34,0.05,0.15,0.2,0.05,0.2,8,1,12.5,0.68,0.09,0.0,0.0,18,2,0.07,-0.6,-0.6,477,614,77.7,8193,2286,222,245,90.6,209,258,81.0,38,85,44.7,2.0,2.2,15,26,11,7,0,0,67,10,20,1.71,13,5,0,2,0,0,5,0,3,2,0,0,0,0,17,7,9,6,2,10,14,71.4,4,11,3,3,20,17,1,706,26,137,318,254,12,706,17,5,29.4,10,58.8,365,1446,687,13,4,15,7,456,0,16,6,2,0,1,0,40,7,11,38.9
Darko Lazović,SRB,"MF,FW",Hellas Verona,Serie A,34,1990,14,12,972,10.8,1,3,4,0,1,1,0,0,1.9,1.1,1.5,2.6,15,24,52,0.09,0.28,0.37,0.0,0.28,0.18,0.14,0.32,0.1,0.24,13,2,15.4,1.2,0.19,0.0,0.0,17,0,0.09,-0.9,-1.1,172,286,60.1,2914,1159,86,105,81.9,68,113,60.2,15,51,29.4,0.5,1.5,7,13,7,4,2,0,45,12,11,1.02,7,2,0,1,1,0,4,0,1,1,0,1,1,0,16,8,4,10,2,8,17,47.1,9,12,1,7,23,24,0,382,25,83,142,161,17,381,17,6,35.3,10,58.8,184,958,448,10,4,6,5,227,0,7,4,4,1,0,0,35,4,11,26.7
Manuel Lazzari,ITA,DF,Lazio,Serie A,31,1993,11,10,752,8.4,0,1,1,0,0,0,1,0,0.0,0.0,0.9,1.0,41,43,64,0.0,0.12,0.12,0.0,0.12,0.0,0.11,0.11,0.0,0.11,1,0,0.0,0.12,0.0,0.0,0.0,32,0,0.01,0.0,0.0,358,451,79.4,5721,1563,172,193,89.1,157,188,83.5,17,36,47.2,1.1,0.1,14,23,16,12,1,0,63,16,23,2.76,21,0,0,0,1,1,2,0,2,0,0,0,0,0,11,10,5,5,1,7,11,63.6,4,3,3,4,15,8,0,513,9,84,239,197,8,513,13,6,46.2,5,38.5,310,2045,1210,39,2,18,1,333,0,5,19,0,0,0,0,27,3,11,21.4
Julien Le Cardinal,FRA,DF,Brest,Ligue 1,27,1997,8,8,703,7.8,0,1,1,0,0,0,1,0,0.3,0.3,0.2,0.6,3,19,1,0.0,0.13,0.13,0.0,0.13,0.04,0.03,0.07,0.04,0.07,7,3,42.9,0.9,0.38,0.0,0.0,10,0,0.05,-0.3,-0.3,333,390,85.4,7053,2699,110,122,90.2,162,172,94.2,57,88,64.8,0.1,0.8,3,19,0,0,0,6,2,0,8,1.02,6,0,0,0,1,1,2,0,1,0,0,0,0,1,13,8,7,6,0,6,10,60.0,4,11,8,23,36,34,0,488,70,272,202,17,10,488,2,1,50.0,1,50.0,248,1368,623,2,0,1,3,305,0,7,3,0,0,0,1,24,15,9,62.5
Jérémy Le Douaron,FRA,FW,Brest,Ligue 1,26,1998,2,1,102,1.1,0,0,0,0,0,0,0,0,0.2,0.2,0.0,0.2,1,1,7,0.0,0.0,0.0,0.0,0.0,0.14,0.0,0.14,0.14,0.14,2,1,50.0,1.76,0.88,0.0,0.0,11,0,0.08,-0.2,-0.2,11,14,78.6,181,36,6,8,75.0,4,5,80.0,1,1,100.0,0.0,0.0,0,0,0,0,0,0,0,0,0,0.0,0,0,0,0,0,0,0,0,0,0,0,0,0,0,1,0,0,0,1,0,1,0.0,1,1,0,0,1,0,0,23,0,0,9,14,3,23,1,0,0.0,1,100.0,13,64,27,0,1,1,1,19,0,2,0,2,0,0,0,2,3,2,60.0
Enzo Le Fée,FRA,MF,Roma,Serie A,24,2000,5,3,257,2.9,0,0,0,0,0,0,0,0,0.2,0.2,0.1,0.3,14,24,1,0.0,0.0,0.0,0.0,0.0,0.08,0.04,0.12,0.08,0.12,4,2,50.0,1.4,0.7,0.0,0.0,24,0,0.06,-0.2,-0.2,199,231,86.1,3379,803,88,98,89.8,98,108,90.7,10,19,52.6,0.2,-0.1,3,22,2,0,1,1,6,1,9,3.15,7,1,1,0,0,0,0,0,0,0,0,0,0,0,6,3,4,2,0,2,6,33.3,4,7,2,3,9,1,0,259,3,38,167,57,6,259,5,2,40.0,1,20.0,186,1087,623,10,1,4,3,196,0,4,4,0,0,0,0,19,2,3,40.0
Robin Le Normand,ESP,DF,Atlético Madrid,La Liga,28,1996,7,7,630,7.0,0,0,0,0,0,0,2,0,0.3,0.3,0.1,0.4,4,28,2,0.0,0.0,0.0,0.0,0.0,0.04,0.01,0.05,0.04,0.05,3,0,0.0,0.43,0.0,0.0,0.0,9,0,0.1,-0.3,-0.3,381,424,89.9,6880,2153,133,140,95.0,220,229,96.1,22,45,48.9,0.0,-0.1,1,19,1,0,0,2,0,1,2,0.29,1,0,0,1,0,0,0,0,0,0,0,0,0,0,11,8,11,0,0,3,5,60.0,2,3,2,2,13,25,0,476,54,223,240,13,3,476,1,1,100.0,0,0.0,307,1408,755,1,0,4,2,361,0,14,7,1,0,0,0,23,11,7,61.1
Rafael Leão,POR,FW,Milan,Serie A,25,1999,12,9,823,9.1,3,3,6,3,0,0,1,0,4.5,4.5,2.1,6.5,47,38,103,0.33,0.33,0.66,0.33,0.66,0.49,0.23,0.71,0.49,0.71,32,15,46.9,3.5,1.64,0.09,0.2,17,0,0.14,-1.5,-1.5,255,330,77.3,4289,1098,130,156,83.3,97,119,81.5,23,36,63.9,2.0,0.9,22,17,20,3,6,2,21,12,49,5.36,27,1,12,4,4,1,8,0,3,0,2,1,2,0,7,6,1,4,2,5,9,55.6,4,6,0,4,11,0,0,437,0,20,177,251,62,437,52,29,55.8,19,36.5,312,2266,1226,25,31,16,10,359,0,4,17,2,1,0,0,28,7,2,77.8
Pierre Lees-Melou,FRA,MF,Brest,Ligue 1,31,1993,6,4,350,3.9,0,0,0,0,0,0,2,0,0.3,0.3,0.1,0.4,11,34,9,0.0,0.0,0.0,0.0,0.0,0.09,0.02,0.11,0.09,0.11,9,5,55.6,2.31,1.29,0.0,0.0,23,0,0.04,-0.3,-0.3,225,256,87.9,4278,1331,99,108,91.7,85,92,92.4,38,43,88.4,0.3,-0.1,2,22,4,0,0,2,6,7,11,2.83,8,0,0,2,1,0,1,0,0,0,0,1,0,0,11,7,3,5,3,7,10,70.0,3,4,2,4,15,2,0,301,8,64,186,57,10,301,8,3,37.5,4,50.0,167,1054,574,9,1,6,3,215,0,10,4,0,0,0,0,40,1,1,50.0
Jordan Lefort,FRA,DF,Angers,Ligue 1,31,1993,13,13,1170,13.0,0,1,1,0,0,0,1,0,0.0,0.0,0.9,1.0,1,40,7,0.0,0.08,0.08,0.0,0.08,0.0,0.07,0.08,0.0,0.08,1,0,0.0,0.08,0.0,0.0,0.0,15,0,0.04,0.0,0.0,609,734,83.0,11412,5465,244,263,92.8,299,329,90.9,63,121,52.1,0.6,0.1,7,37,6,3,1,1,6,9,14,1.08,12,0,0,0,1,1,1,0,1,0,0,0,0,0,23,16,17,5,1,13,23,56.5,10,21,10,14,37,64,1,873,108,507,323,47,6,873,9,3,33.3,4,44.4,482,2330,1504,2,0,6,1,581,0,7,7,0,0,1,0,45,18,10,64.3
Diogo Leite,POR,DF,Union Berlin,Bundesliga,25,1999,11,11,908,10.1,0,1,1,0,0,0,1,0,0.6,0.6,0.3,0.9,10,34,8,0.0,0.1,0.1,0.0,0.1,0.06,0.03,0.09,0.06,0.09,11,4,36.4,1.09,0.4,0.0,0.0,16,0,0.05,-0.6,-0.6,367,489,75.1,6825,3243,166,201,82.6,137,177,77.4,50,85,58.8,0.9,0.7,7,31,5,1,0,3,2,7,9,0.89,7,0,1,0,1,0,0,0,0,0,0,0,0,0,31,15,21,8,2,13,24,54.2,11,24,8,20,51,41,0,639,56,268,300,81,18,639,9,5,55.6,3,33.3,266,1162,623,11,0,7,3,332,0,10,13,1,0,0,0,43,24,20,54.5
Maxim Leitsch,GER,DF,Mainz 05,Bundesliga,26,1998,8,6,549,6.1,1,0,1,1,0,0,0,0,1.1,1.1,0.2,1.3,4,21,2,0.16,0.0,0.16,0.16,0.16,0.19,0.03,0.22,0.19,0.22,5,1,20.0,0.82,0.16,0.2,1.0,12,0,0.23,-0.1,-0.1,226,294,76.9,3793,1268,105,123,85.4,101,124,81.5,16,39,41.0,0.1,-0.2,2,24,0,0,0,0,2,2,7,1.15,6,0,0,1,0,0,0,0,0,0,0,0,0,0,11,3,6,3,2,7,8,87.5,1,9,4,8,19,32,1,372,54,178,171,23,9,372,1,0,0.0,0,0.0,128,577,251,5,0,4,3,184,0,8,2,0,0,0,0,31,15,18,45.5
Florian Lejeune,FRA,DF,Rayo Vallecano,La Liga,33,1991,14,14,1255,13.9,0,1,1,0,0,0,2,0,0.7,0.7,0.2,0.9,13,54,4,0.0,0.07,0.07,0.0,0.07,0.05,0.01,0.06,0.05,0.06,19,5,26.3,1.36,0.36,0.0,0.0,25,8,0.04,-0.7,-0.7,569,699,81.4,12704,5640,140,166,84.3,328,354,92.7,98,163,60.1,0.2,0.8,4,61,0,0,0,9,1,7,8,0.57,7,0,0,1,0,0,0,0,0,0,0,0,0,0,21,13,12,7,2,7,13,53.8,6,14,11,7,28,61,0,841,113,439,362,42,13,841,3,3,100.0,0,0.0,458,2614,1663,6,1,7,1,513,0,18,7,0,0,0,0,53,33,18,64.7
Iñigo Lekue,ESP,DF,Athletic Club,La Liga,31,1993,7,4,373,4.1,0,0,0,0,0,0,1,0,0.0,0.0,0.1,0.1,7,20,11,0.0,0.0,0.0,0.0,0.0,0.0,0.02,0.02,0.0,0.02,0,0,0.0,0.0,0.0,0.0,0.0,0,0,0.0,0.0,0.0,173,227,76.2,2778,1006,84,97,86.6,76,93,81.7,9,27,33.3,0.1,-0.1,3,17,0,0,0,0,9,4,6,1.44,4,1,0,0,0,1,0,0,0,0,0,0,0,0,6,4,4,2,0,3,6,50.0,3,2,1,3,9,14,2,260,16,79,114,68,1,260,3,1,33.3,2,66.7,125,531,265,4,0,1,1,141,0,3,1,0,0,0,0,18,2,0,100.0
Nunzio Lella,ITA,MF,Venezia,Serie A,24,2000,1,0,5,0.1,0,0,0,0,0,0,0,0,0.0,0.0,0.0,0.0,0,0,0,0.0,0.0,0.0,0.0,0.0,0.0,0.0,0.0,0.0,0.0,0,0,0.0,0.0,0.0,0.0,0.0,0,0,0.0,0.0,0.0,1,1,100.0,6,0,1,1,100.0,0,0,0.0,0,0,0.0,0.0,0.0,0,0,0,0,0,0,0,0,1,15.0,0,0,0,0,1,0,0,0,0,0,0,0,0,0,0,0,0,0,0,0,0,0.0,0,0,0,0,0,0,0,1,0,0,1,0,0,1,0,0,0.0,0,0.0,2,2,0,0,0,0,0,3,0,1,1,0,0,0,0,0,0,0,0.0
Thomas Lemar,FRA,MF,Atlético Madrid,La Liga,29,1995,1,0,7,0.1,0,0,0,0,0,0,0,0,0.0,0.0,0.0,0.0,0,2,0,0.0,0.0,0.0,0.0,0.0,0.0,0.3,0.3,0.0,0.3,0,0,0.0,0.0,0.0,0.0,0.0,0,0,0.0,0.0,0.0,6,6,100.0,152,63,0,0,0.0,4,4,100.0,2,2,100.0,0.0,0.0,1,0,1,0,0,0,0,0,1,12.86,1,0,0,0,0,0,0,0,0,0,0,0,0,0,0,0,0,0,0,0,1,0.0,1,0,0,0,0,0,0,8,0,1,6,1,0,8,1,0,0.0,1,100.0,6,25,7,0,0,0,0,7,0,0,1,0,0,0,0,0,0,0,0.0
Félix Lemaréchal,FRA,"MF,FW",Strasbourg,Ligue 1,21,2003,8,3,278,3.1,0,1,1,0,0,0,0,0,0.0,0.0,0.3,0.3,6,7,10,0.0,0.32,0.32,0.0,0.32,0.0,0.1,0.1,0.0,0.1,0,0,0.0,0.0,0.0,0.0,0.0,0,0,0.0,0.0,0.0,79,99,79.8,1075,197,49,56,87.5,19,26,73.1,5,9,55.6,0.1,0.7,4,2,2,0,0,0,3,2,7,2.27,7,0,0,0,0,0,2,0,2,0,0,0,0,0,8,6,1,5,2,2,3,66.7,1,6,0,4,12,2,0,135,0,18,74,43,5,135,7,3,42.9,3,42.9,56,370,177,3,2,10,2,82,0,4,2,0,0,0,0,9,0,7,0.0
Mario Lemina,GAB,"MF,DF",Wolves,Premier League,31,1993,13,12,1062,11.8,1,3,4,1,0,0,3,0,1.1,1.1,1.0,2.0,5,36,15,0.08,0.25,0.34,0.08,0.34,0.09,0.08,0.17,0.09,0.17,12,4,33.3,1.02,0.34,0.08,0.25,21,0,0.09,-0.1,-0.1,375,459,81.7,7360,2307,133,158,84.2,194,220,88.2,43,65,66.2,1.0,2.0,8,34,9,3,4,4,8,4,20,1.69,16,0,2,1,0,1,4,0,4,0,0,0,0,0,39,24,21,14,4,16,21,76.2,5,8,4,25,64,40,2,614,74,260,292,73,13,614,15,10,66.7,3,20.0,284,1482,773,8,1,18,6,358,0,15,5,2,0,1,0,57,17,9,65.4
Clément Lenglet,FRA,DF,Atlético Madrid,La Liga,29,1995,6,6,485,5.4,1,0,1,1,0,0,4,0,1.3,1.3,0.1,1.4,7,25,0,0.19,0.0,0.19,0.19,0.19,0.24,0.01,0.25,0.24,0.25,3,1,33.3,0.56,0.19,0.33,1.0,6,0,0.43,-0.3,-0.3,278,319,87.1,5381,2092,90,98,91.8,162,170,95.3,25,45,55.6,0.1,-0.1,2,19,0,0,0,4,0,4,5,0.93,4,0,1,0,0,0,0,0,0,0,0,0,0,0,2,2,1,1,0,1,2,50.0,1,5,3,7,9,25,0,370,38,165,190,16,5,370,1,1,100.0,0,0.0,253,1514,991,6,0,1,0,278,0,13,6,1,0,0,0,19,13,17,43.3
Giovanni Leoni,ITA,DF,Parma,Serie A,18,2006,2,2,134,1.5,0,0,0,0,0,0,0,0,0.0,0.0,0.0,0.0,0,1,0,0.0,0.0,0.0,0.0,0.0,0.0,0.0,0.0,0.0,0.0,0,0,0.0,0.0,0.0,0.0,0.0,0,0,0.0,0.0,0.0,26,32,81.3,489,182,10,11,90.9,13,15,86.7,3,6,50.0,0.0,0.0,0,1,0,0,0,1,0,0,0,0.0,0,0,0,0,0,0,0,0,0,0,0,0,0,0,0,0,0,0,0,0,0,0.0,0,4,2,3,3,4,0,45,6,25,20,0,0,45,0,0,0.0,0,0.0,23,107,37,0,0,1,0,24,0,1,2,0,0,0,0,2,3,1,75.0
Esteban Lepaul,FRA,FW,Angers,Ligue 1,24,2000,9,1,172,1.9,1,0,1,1,0,0,0,0,0.1,0.1,0.0,0.1,5,3,9,0.52,0.0,0.52,0.52,0.52,0.08,0.0,0.08,0.08,0.08,3,2,66.7,1.57,1.05,0.33,0.5,14,0,0.05,0.9,0.9,31,45,68.9,452,81,16,19,84.2,15,20,75.0,0,1,0.0,0.0,0.0,0,3,0,0,0,0,4,3,2,1.05,2,0,0,0,0,0,1,0,1,0,0,0,0,0,1,1,0,0,1,0,5,0.0,5,5,1,2,3,2,0,62,2,10,35,18,3,62,0,0,0.0,0,0.0,32,200,121,3,0,4,1,42,0,1,0,1,0,0,0,7,3,7,30.0
Johann Lepenant,FRA,MF,Nantes,Ligue 1,22,2002,10,8,714,7.9,2,1,3,2,0,0,1,0,0.6,0.6,0.7,1.3,10,29,29,0.25,0.13,0.38,0.25,0.38,0.07,0.09,0.16,0.07,0.16,9,3,33.3,1.13,0.38,0.22,0.67,16,0,0.06,1.4,1.4,199,257,77.4,3019,758,110,128,85.9,72,86,83.7,10,20,50.0,1.2,0.3,3,21,4,0,0,0,6,11,14,1.76,12,0,2,0,0,0,4,0,3,0,1,0,0,0,21,9,8,10,3,6,22,27.3,16,8,2,9,30,7,0,337,8,59,177,101,13,337,9,6,66.7,3,33.3,158,827,348,8,1,11,6,206,0,16,11,0,0,0,0,26,5,7,41.7
Jefferson Lerma,COL,MF,Crystal Palace,Premier League,30,1994,10,6,577,6.4,0,0,0,0,0,0,4,0,0.2,0.2,0.9,1.1,4,37,14,0.0,0.0,0.0,0.0,0.0,0.03,0.14,0.17,0.03,0.17,8,0,0.0,1.25,0.0,0.0,0.0,25,0,0.02,-0.2,-0.2,259,327,79.2,4683,1697,118,134,88.1,113,135,83.7,25,46,54.3,0.7,-0.9,5,34,6,0,2,1,1,3,8,1.25,7,0,0,1,0,0,0,0,0,0,0,0,0,0,8,3,2,5,1,4,7,57.1,3,11,5,12,20,14,0,390,25,109,234,52,5,390,2,0,0.0,1,50.0,186,773,409,3,0,2,5,237,0,11,10,0,0,0,0,47,13,19,40.6
Louis Leroux,FRA,"MF,FW",Nantes,Ligue 1,18,2006,2,0,18,0.2,0,0,0,0,0,0,0,0,0.0,0.0,0.1,0.1,1,1,1,0.0,0.0,0.0,0.0,0.0,0.0,0.5,0.5,0.0,0.5,0,0,0.0,0.0,0.0,0.0,0.0,0,0,0.0,0.0,0.0,10,11,90.9,160,31,6,6,100.0,2,3,66.7,1,1,100.0,0.0,-0.1,1,2,1,0,0,0,1,0,3,15.0,2,0,0,0,0,1,1,5,1,0,0,0,0,0,1,1,1,0,0,1,1,100.0,0,0,0,0,1,0,0,11,0,3,7,3,0,11,0,0,0.0,0,0.0,8,100,50,1,0,0,0,6,0,0,0,0,0,0,0,2,0,0,0.0
Robert Lewandowski,POL,FW,Barcelona,La Liga,36,1988,15,15,1248,13.9,15,2,17,13,2,3,1,0,14.1,11.7,2.1,13.8,13,27,75,1.08,0.14,1.23,0.94,1.08,1.02,0.15,1.17,0.85,1.0,48,25,52.1,3.46,1.8,0.27,0.52,14,2,0.24,0.9,1.3,203,277,73.3,2739,604,129,161,80.1,49,61,80.3,10,18,55.6,0.7,-0.1,15,18,5,0,1,5,2,14,33,2.38,22,0,4,4,3,0,1,0,1,0,0,0,0,0,6,3,1,4,1,2,5,40.0,3,9,2,1,7,16,0,432,21,38,176,225,79,429,20,14,70.0,6,30.0,236,961,329,7,6,36,21,339,0,9,19,9,0,0,0,28,12,17,41.4
Jamie Leweling,GER,"FW,MF",Stuttgart,Bundesliga,23,2001,9,9,658,7.3,1,0,1,1,0,0,2,0,0.5,0.5,1.5,1.9,25,26,75,0.14,0.0,0.14,0.14,0.14,0.06,0.2,0.26,0.06,0.26,12,8,66.7,1.64,1.09,0.08,0.13,20,0,0.04,0.5,0.5,182,254,71.7,2745,649,109,128,85.2,62,82,75.6,9,22,40.9,1.1,-1.5,10,12,12,6,0,0,25,16,21,2.88,14,0,4,1,2,0,2,0,1,0,0,1,0,0,5,2,2,0,3,3,9,33.3,6,10,0,4,9,7,0,340,7,33,140,174,30,340,40,21,52.5,18,45.0,231,1873,888,16,9,15,15,264,0,9,9,1,1,0,0,30,3,1,75.0
Rico Lewis,ENG,"MF,DF",Manchester City,Premier League,20,2004,12,11,923,10.3,0,2,2,0,0,0,2,0,0.9,0.9,0.3,1.2,24,49,45,0.0,0.2,0.2,0.0,0.2,0.09,0.03,0.11,0.09,0.11,6,0,0.0,0.59,0.0,0.0,0.0,15,0,0.15,-0.9,-0.9,490,536,91.4,6879,1166,302,323,93.5,165,175,94.3,14,18,77.8,0.6,1.7,5,42,8,0,1,0,2,10,18,1.76,17,0,0,0,1,0,2,0,2,0,0,0,0,0,22,12,10,9,3,7,9,77.8,2,13,2,10,32,22,1,624,24,101,296,232,33,624,10,5,50.0,5,50.0,345,1829,973,14,7,11,12,434,0,5,18,0,0,0,0,47,3,3,50.0
Keane Lewis-Potter,ENG,"DF,FW",Brentford,Premier League,23,2001,13,11,945,10.5,0,1,1,0,0,0,2,0,0.9,0.9,1.1,2.0,32,31,56,0.0,0.1,0.1,0.0,0.1,0.08,0.11,0.19,0.08,0.19,12,6,50.0,1.14,0.57,0.0,0.0,20,1,0.07,-0.9,-0.9,249,312,79.8,4106,963,145,159,91.2,81,101,80.2,20,33,60.6,1.7,-0.1,10,15,12,3,0,3,24,10,24,2.29,17,0,2,1,4,0,5,0,4,0,0,0,1,0,18,8,6,9,3,9,15,60.0,6,8,3,5,23,19,0,423,29,102,151,175,34,423,34,12,35.3,18,52.9,246,1807,914,20,18,22,8,269,0,4,9,3,1,0,0,42,6,13,31.6
Myles Lewis-Skelly,ENG,DF,Arsenal,Premier League,18,2006,2,0,16,0.2,0,0,0,0,0,0,1,0,0.0,0.0,0.0,0.0,1,2,1,0.0,0.0,0.0,0.0,0.0,0.0,0.0,0.0,0.0,0.0,0,0,0.0,0.0,0.0,0.0,0.0,0,0,0.0,0.0,0.0,9,12,75.0,133,79,7,8,87.5,2,3,66.7,0,0,0.0,0.0,0.0,0,2,0,0,0,0,0,0,0,0.0,0,0,0,0,0,0,0,0,0,0,0,0,0,0,1,1,1,0,0,0,0,0.0,0,0,0,0,1,1,0,15,1,8,2,5,1,15,0,0,0.0,0,0.0,5,26,22,0,0,0,0,8,0,0,0,0,0,0,0,1,0,0,0.0
Philipp Lienhart,AUT,DF,Freiburg,Bundesliga,28,1996,12,12,1010,11.2,1,0,1,1,0,0,3,0,0.3,0.3,0.4,0.7,17,53,1,0.09,0.0,0.09,0.09,0.09,0.03,0.04,0.06,0.03,0.06,5,1,20.0,0.45,0.09,0.2,1.0,12,0,0.06,0.7,0.7,810,925,87.6,15332,5856,276,293,94.2,451,482,93.6,72,125,57.6,0.3,-0.4,1,62,3,0,0,8,2,5,5,0.45,4,0,0,0,0,1,0,0,0,0,0,0,0,0,10,8,7,3,0,7,13,53.8,6,11,8,15,25,34,1,1016,94,507,479,32,8,1016,4,2,50.0,2,50.0,593,3739,2097,10,0,5,0,723,0,5,7,1,0,0,0,39,21,11,65.6
Matthijs De Ligt,NED,DF,Manchester Utd,Premier League,25,1999,13,10,906,10.1,1,0,1,1,0,0,2,0,1.1,1.1,0.1,1.2,3,16,1,0.1,0.0,0.1,0.1,0.1,0.11,0.01,0.12,0.11,0.12,6,5,83.3,0.6,0.5,0.17,0.2,5,0,0.19,-0.1,-0.1,566,610,92.8,9676,2393,206,219,94.1,340,350,97.1,16,34,47.1,0.0,-0.1,2,21,0,0,0,0,2,4,5,0.5,5,0,0,0,0,0,0,0,0,0,0,0,0,0,11,5,8,3,0,8,12,66.7,4,11,8,16,27,31,0,698,80,373,311,16,10,698,0,0,0.0,0,0.0,484,2171,940,1,0,1,2,520,0,9,5,0,0,1,0,28,21,15,58.3
Victor Lindelöf,SWE,"DF,MF",Manchester Utd,Premier League,30,1994,4,0,62,0.7,0,0,0,0,0,0,1,0,0.0,0.0,0.0,0.0,0,5,1,0.0,0.0,0.0,0.0,0.0,0.0,0.03,0.03,0.0,0.03,0,0,0.0,0.0,0.0,0.0,0.0,0,0,0.0,0.0,0.0,33,36,91.7,504,171,15,18,83.3,16,16,100.0,1,1,100.0,0.0,0.0,1,4,2,1,0,0,1,0,2,2.95,2,0,0,0,0,0,0,0,0,0,0,0,0,0,3,0,3,0,0,1,1,100.0,0,1,0,2,5,3,0,48,4,23,19,6,2,48,0,0,0.0,0,0.0,19,121,73,0,0,0,0,28,0,2,0,0,0,0,0,2,2,3,40.0
Jesper Lindstrøm,DEN,FW,Everton,Premier League,24,2000,9,6,486,5.4,0,0,0,0,0,0,0,0,1.4,1.4,0.8,2.2,15,7,35,0.0,0.0,0.0,0.0,0.0,0.26,0.15,0.41,0.26,0.41,19,7,36.8,3.52,1.3,0.0,0.0,21,5,0.07,-1.4,-1.4,114,174,65.5,1779,528,76,89,85.4,25,43,58.1,10,24,41.7,0.8,-0.8,9,5,2,2,1,0,35,9,22,4.08,13,5,1,2,1,0,0,0,0,0,0,0,0,0,15,6,5,10,0,6,18,33.3,12,9,3,3,18,3,0,255,6,35,87,135,15,255,14,2,14.3,11,78.6,111,689,405,8,2,11,12,146,0,2,3,1,0,0,0,22,3,1,75.0
Karol Linetty,POL,MF,Torino,Serie A,29,1995,12,10,827,9.2,1,0,1,1,0,0,3,0,0.2,0.2,0.1,0.4,8,24,9,0.11,0.0,0.11,0.11,0.11,0.03,0.01,0.04,0.03,0.04,5,1,20.0,0.54,0.11,0.2,1.0,23,0,0.05,0.8,0.8,287,331,86.7,5018,1156,134,145,92.4,114,130,87.7,32,41,78.0,0.3,-0.1,5,27,6,1,1,1,2,5,12,1.31,10,0,1,0,0,1,0,0,0,0,0,0,0,0,17,11,7,10,0,9,18,50.0,9,12,4,5,22,16,1,419,28,109,255,63,2,419,11,3,27.3,6,54.5,229,1182,507,12,1,9,6,273,0,16,10,0,0,0,0,40,3,10,23.1
Samuel Lino,BRA,"MF,DF",Atlético Madrid,La Liga,25,1999,12,9,651,7.2,0,1,1,0,0,0,1,0,3.0,3.0,1.4,4.4,23,33,75,0.0,0.14,0.14,0.0,0.14,0.41,0.2,0.61,0.41,0.61,19,7,36.8,2.63,0.97,0.0,0.0,13,0,0.16,-3.0,-3.0,276,346,79.8,4267,1054,157,174,90.2,89,108,82.4,20,31,64.5,0.7,-0.4,7,19,14,2,1,2,14,18,17,2.35,15,0,0,2,0,0,1,0,0,0,0,1,0,0,9,3,6,2,1,6,20,30.0,14,10,1,4,13,4,0,423,8,78,192,157,33,423,19,10,52.6,8,42.1,275,1621,891,21,11,13,9,307,0,6,6,1,0,0,0,40,4,5,44.4
Pol Lirola,ESP,DF,Marseille,Ligue 1,27,1997,7,4,342,3.8,1,1,2,1,0,0,0,0,0.5,0.5,0.2,0.6,4,7,21,0.26,0.26,0.53,0.26,0.53,0.13,0.04,0.17,0.13,0.17,4,1,25.0,1.05,0.26,0.25,1.0,14,0,0.12,0.5,0.5,134,174,77.0,2038,376,73,85,85.9,51,62,82.3,4,12,33.3,0.1,0.8,3,2,2,1,0,0,6,4,6,1.58,3,2,0,1,0,0,1,0,1,0,0,0,0,0,8,5,4,4,0,3,9,33.3,6,4,2,0,8,4,0,205,9,56,94,56,7,205,2,1,50.0,1,50.0,104,446,197,0,2,3,3,127,0,5,5,0,0,0,0,10,2,4,33.3
Dailon Livramento,CPV,"FW,MF",Hellas Verona,Serie A,23,2001,9,5,422,4.7,1,1,2,1,0,0,1,1,0.9,0.9,0.6,1.4,10,7,27,0.21,0.21,0.43,0.21,0.43,0.18,0.13,0.31,0.18,0.31,7,1,14.3,1.49,0.21,0.14,1.0,12,0,0.12,0.1,0.1,38,72,52.8,490,138,20,33,60.6,12,19,63.2,1,5,20.0,0.3,0.4,3,3,2,1,0,0,10,7,8,1.71,5,0,1,0,1,1,2,0,1,0,1,0,0,0,9,7,1,3,5,3,6,50.0,3,4,0,2,11,3,0,123,2,11,48,69,12,123,8,1,12.5,6,75.0,69,524,256,5,3,8,9,85,0,9,2,5,0,0,0,10,14,24,36.8
Valentino Livramento,ENG,DF,Newcastle Utd,Premier League,22,2002,13,10,890,9.9,0,0,0,0,0,0,0,0,0.0,0.0,0.5,0.5,20,43,40,0.0,0.0,0.0,0.0,0.0,0.0,0.05,0.05,0.0,0.05,0,0,0.0,0.0,0.0,0.0,0.0,0,0,0.0,0.0,0.0,391,482,81.1,6003,1966,214,246,87.0,159,187,85.0,16,33,48.5,0.3,-0.5,7,30,9,4,0,0,19,11,12,1.21,12,0,0,0,0,0,0,0,0,0,0,0,0,0,19,12,14,4,1,13,20,65.0,7,14,4,12,31,34,1,589,45,216,233,149,5,589,15,8,53.3,3,20.0,300,1767,868,11,1,5,17,304,0,3,15,0,0,0,0,63,12,12,50.0
Diego Llorente,ESP,DF,Betis,La Liga,31,1993,14,14,1224,13.6,0,0,0,0,0,0,0,0,0.5,0.5,0.2,0.7,1,38,2,0.0,0.0,0.0,0.0,0.0,0.04,0.01,0.05,0.04,0.05,4,1,25.0,0.29,0.07,0.0,0.0,14,0,0.12,-0.5,-0.5,725,837,86.6,14148,4566,210,234,89.7,441,469,94.0,67,123,54.5,0.2,-0.2,4,37,1,0,0,5,1,0,6,0.44,4,0,0,1,0,1,1,0,0,0,0,0,0,1,17,7,10,7,0,9,16,56.3,7,16,11,24,41,66,1,986,129,535,436,18,8,986,4,4,100.0,0,0.0,581,2660,1460,3,1,4,1,656,0,11,11,0,0,1,1,39,33,23,58.9
Marcos Llorente,ESP,"DF,MF",Atlético Madrid,La Liga,29,1995,10,9,764,8.5,2,2,4,2,0,0,0,1,0.2,0.2,2.4,2.6,20,35,61,0.24,0.24,0.47,0.24,0.47,0.03,0.28,0.31,0.03,0.31,7,4,57.1,0.82,0.47,0.29,0.5,19,0,0.03,1.8,1.8,381,456,83.6,5627,1534,213,233,91.4,135,162,83.3,18,30,60.0,1.7,-0.4,9,25,11,7,0,1,20,11,20,2.36,18,1,1,0,0,0,4,0,4,0,0,0,0,0,19,14,12,5,2,12,17,70.6,5,6,1,7,26,15,1,527,22,147,230,154,17,527,11,4,36.4,5,45.5,312,1453,801,17,3,10,2,366,0,7,7,2,0,0,0,42,4,6,40.0
Gautier Lloris,FRA,DF,Le Havre,Ligue 1,29,1995,13,13,1169,13.0,1,0,1,1,0,0,2,0,0.4,0.4,0.5,0.9,6,54,5,0.08,0.0,0.08,0.08,0.08,0.03,0.04,0.07,0.03,0.07,4,1,25.0,0.31,0.08,0.25,1.0,13,0,0.1,0.6,0.6,536,622,86.2,9726,3810,215,237,90.7,280,302,92.7,35,70,50.0,0.3,-0.5,2,39,2,0,0,3,2,2,6,0.46,6,0,0,0,0,0,1,0,1,0,0,0,0,0,34,24,24,10,0,20,30,66.7,10,11,5,6,40,74,0,770,93,390,355,32,12,770,4,3,75.0,1,25.0,417,1792,1025,5,0,6,1,487,0,10,4,2,0,1,0,49,27,16,62.8
Giovani Lo Celso,ARG,MF,Betis,La Liga,28,1996,9,6,617,6.9,5,1,6,4,1,1,1,0,2.2,1.4,2.3,3.8,9,64,36,0.73,0.15,0.88,0.58,0.73,0.32,0.34,0.66,0.21,0.55,17,9,52.9,2.48,1.31,0.24,0.44,21,0,0.08,2.8,2.6,345,434,79.5,5991,2087,152,176,86.4,134,157,85.4,42,72,58.3,2.5,-1.3,19,48,18,0,5,5,51,6,47,6.84,32,13,0,0,2,0,4,0,4,0,0,0,0,0,17,11,4,7,6,9,13,69.2,4,4,0,1,18,1,0,526,2,39,258,234,26,525,31,11,35.5,14,45.2,314,1494,606,13,3,17,12,371,0,6,37,0,0,0,0,35,3,5,37.5
Stanislav Lobotka,SVK,MF,Napoli,Serie A,30,1994,10,9,818,9.1,0,0,0,0,0,0,2,0,0.2,0.2,0.6,0.8,10,43,16,0.0,0.0,0.0,0.0,0.0,0.02,0.06,0.08,0.02,0.08,2,0,0.0,0.22,0.0,0.0,0.0,23,0,0.09,-0.2,-0.2,484,536,90.3,8339,2060,224,250,89.6,220,228,96.5,35,45,77.8,0.5,-0.6,6,34,6,0,1,3,0,6,20,2.2,20,0,0,0,0,0,3,0,3,0,0,0,0,0,18,10,2,10,6,6,8,75.0,2,7,2,5,23,10,0,593,21,139,360,101,5,593,8,5,62.5,3,37.5,327,1529,669,9,1,6,3,444,0,11,8,0,0,0,0,66,1,2,33.3
Manuel Locatelli,ITA,MF,Juventus,Serie A,26,1998,13,13,1043,11.6,0,0,0,0,0,0,4,0,0.2,0.2,0.4,0.6,11,105,9,0.0,0.0,0.0,0.0,0.0,0.02,0.03,0.05,0.02,0.05,6,1,16.7,0.52,0.09,0.0,0.0,25,0,0.03,-0.2,-0.2,848,936,90.6,16102,4928,330,349,94.6,406,445,91.2,102,125,81.6,0.9,-0.4,9,112,11,1,0,13,4,4,34,2.93,30,2,0,0,0,2,4,0,2,1,0,0,0,1,27,21,14,12,1,11,20,55.0,9,23,8,7,34,24,0,1037,57,279,661,102,2,1037,4,3,75.0,1,25.0,594,2946,1590,13,0,5,1,800,0,19,7,1,0,0,0,50,12,8,60.0
Ruben Loftus-Cheek,ENG,MF,Milan,Serie A,28,1996,12,6,629,7.0,0,0,0,0,0,0,1,0,0.5,0.5,1.2,1.6,17,34,26,0.0,0.0,0.0,0.0,0.0,0.07,0.16,0.23,0.07,0.23,6,2,33.3,0.86,0.29,0.0,0.0,14,0,0.08,-0.5,-0.5,226,257,87.9,3454,676,126,141,89.4,82,92,89.1,12,15,80.0,0.5,-1.2,10,27,4,1,1,1,5,2,23,3.3,19,0,1,1,2,0,2,0,1,0,0,0,1,0,14,6,3,7,4,4,7,57.1,3,1,0,2,16,9,0,318,9,38,185,100,20,318,10,5,50.0,4,40.0,197,1233,708,11,7,10,4,254,0,11,16,0,0,0,0,24,11,7,61.1
Enzo Loiodice,FRA,MF,Las Palmas,La Liga,24,2000,7,2,257,2.9,0,0,0,0,0,0,1,0,0.0,0.0,0.1,0.1,2,11,1,0.0,0.0,0.0,0.0,0.0,0.01,0.02,0.03,0.01,0.03,1,0,0.0,0.35,0.0,0.0,0.0,15,0,0.03,0.0,0.0,151,186,81.2,2486,608,79,91,86.8,57,71,80.3,11,16,68.8,0.1,-0.1,2,13,0,0,0,0,7,5,6,2.1,2,3,0,0,1,0,0,0,0,0,0,0,0,0,4,2,3,1,0,1,5,20.0,4,3,0,3,7,2,0,220,6,33,159,28,3,220,3,0,0.0,2,66.7,128,437,191,2,0,5,7,163,0,5,2,1,0,0,0,8,2,3,40.0
Sean Longstaff,ENG,MF,Newcastle Utd,Premier League,27,1997,12,7,586,6.5,0,0,0,0,0,0,2,0,0.5,0.5,0.1,0.7,3,30,15,0.0,0.0,0.0,0.0,0.0,0.08,0.02,0.1,0.08,0.1,4,1,25.0,0.61,0.15,0.0,0.0,11,0,0.13,-0.5,-0.5,200,236,84.7,2976,731,114,130,87.7,71,76,93.4,12,17,70.6,0.2,-0.1,2,16,1,0,1,2,4,9,10,1.54,9,0,0,1,0,0,2,0,1,0,0,1,0,0,25,16,9,8,8,16,23,69.6,7,13,2,5,30,4,0,298,17,83,131,87,13,298,4,1,25.0,2,50.0,168,810,299,7,1,6,7,209,0,6,4,0,0,0,0,26,6,7,46.2
Ademola Lookman,NGA,"MF,FW",Atalanta,Serie A,27,1997,11,10,737,8.2,7,4,11,6,1,1,1,0,4.5,3.7,2.8,6.5,51,30,111,0.85,0.49,1.34,0.73,1.22,0.55,0.34,0.89,0.45,0.79,31,12,38.7,3.79,1.47,0.19,0.5,15,0,0.12,2.5,2.3,272,365,74.5,3998,1236,164,184,89.1,80,111,72.1,19,41,46.3,3.2,1.2,29,14,14,4,2,1,44,12,64,7.82,37,13,9,4,1,0,9,1,7,0,1,1,0,0,14,7,7,5,2,6,10,60.0,4,11,0,1,15,0,1,479,0,26,156,304,67,478,37,16,43.2,20,54.1,287,1881,1111,28,24,20,16,362,0,9,8,10,0,0,0,24,5,4,55.6
David López,ESP,DF,Girona,La Liga,35,1989,14,13,1207,13.4,0,0,0,0,0,0,2,0,0.2,0.2,0.0,0.2,8,52,2,0.0,0.0,0.0,0.0,0.0,0.01,0.0,0.02,0.01,0.02,4,0,0.0,0.3,0.0,0.0,0.0,13,0,0.05,-0.2,-0.2,1007,1099,91.6,19053,6770,324,342,94.7,594,615,96.6,81,127,63.8,0.2,0.0,2,67,2,0,0,11,1,3,8,0.6,6,0,0,2,0,0,1,0,0,0,0,1,0,0,13,7,8,3,2,9,18,50.0,9,16,9,9,22,51,1,1212,160,602,586,27,5,1212,8,5,62.5,2,25.0,724,4284,2393,6,0,6,5,909,0,4,9,1,0,0,0,42,16,17,48.5
Diego López,ESP,"MF,FW",Valencia,La Liga,22,2002,13,11,936,10.4,2,1,3,2,0,0,1,0,0.9,0.9,1.4,2.3,28,26,72,0.19,0.1,0.29,0.19,0.29,0.09,0.13,0.22,0.09,0.22,12,4,33.3,1.15,0.38,0.17,0.5,15,0,0.08,1.1,1.1,207,299,69.2,3256,851,116,143,81.1,75,100,75.0,13,21,61.9,1.4,-0.4,8,17,7,2,1,1,26,21,17,1.63,15,0,1,0,1,0,1,0,1,0,0,0,0,0,9,6,1,5,3,5,18,27.8,13,7,0,3,12,2,0,392,1,33,144,221,33,392,28,8,28.6,19,67.9,210,1321,698,15,8,24,9,280,0,8,9,7,0,0,0,33,7,16,30.4
Fermin López,ESP,"MF,FW",Barcelona,La Liga,21,2003,10,3,308,3.4,0,0,0,0,0,0,2,0,0.7,0.7,0.4,1.2,10,15,25,0.0,0.0,0.0,0.0,0.0,0.21,0.13,0.34,0.21,0.34,9,2,22.2,2.63,0.58,0.0,0.0,18,0,0.08,-0.7,-0.7,113,133,85.0,1654,315,72,81,88.9,34,41,82.9,4,4,100.0,0.6,-0.4,2,12,4,2,1,1,5,2,3,0.88,3,0,0,0,0,0,0,0,0,0,0,0,0,0,6,5,3,1,2,2,7,28.6,5,1,0,2,8,1,0,170,3,16,85,73,10,170,8,2,25.0,5,62.5,103,619,300,6,1,7,2,137,0,5,6,2,0,0,0,17,3,6,33.3
Javi López,ESP,DF,Real Sociedad,La Liga,22,2002,11,8,716,8.0,0,0,0,0,0,0,1,0,0.0,0.0,0.3,0.4,16,25,19,0.0,0.0,0.0,0.0,0.0,0.01,0.04,0.05,0.01,0.05,3,0,0.0,0.38,0.0,0.0,0.0,24,0,0.01,0.0,0.0,324,396,81.8,5269,1683,180,194,92.8,116,149,77.9,23,36,63.9,0.7,-0.3,2,15,3,1,0,5,14,5,7,0.88,4,1,1,0,1,0,0,0,0,0,0,0,0,0,14,7,8,5,1,7,12,58.3,5,5,2,3,17,23,1,472,24,150,221,104,3,472,12,5,41.7,7,58.3,218,1261,556,13,3,11,6,265,0,9,7,0,0,0,0,42,4,7,36.4
Roberto López,ESP,MF,Leganés,La Liga,24,2000,9,3,358,4.0,0,1,1,0,0,0,0,0,0.5,0.5,0.7,1.2,3,20,9,0.0,0.25,0.25,0.0,0.25,0.12,0.19,0.3,0.12,0.3,5,0,0.0,1.26,0.0,0.0,0.0,29,0,0.09,-0.5,-0.5,144,193,74.6,2363,718,74,88,84.1,42,49,85.7,18,36,50.0,0.4,0.3,8,22,2,1,0,3,21,5,13,3.27,6,5,1,0,0,1,1,0,0,1,0,0,0,0,7,5,4,3,0,4,13,30.8,9,4,0,1,8,7,2,221,4,40,118,65,1,221,4,2,50.0,2,50.0,109,501,238,3,0,3,4,130,0,0,3,0,0,0,0,26,1,5,16.7
Unai López,ESP,MF,Rayo Vallecano,La Liga,29,1995,12,9,664,7.4,2,0,2,2,0,0,5,1,0.4,0.4,0.3,0.7,7,41,15,0.27,0.0,0.27,0.27,0.27,0.06,0.04,0.1,0.06,0.1,9,5,55.6,1.22,0.68,0.22,0.4,22,1,0.05,1.6,1.6,381,446,85.4,6363,1668,183,198,92.4,168,183,91.8,26,52,50.0,0.5,-0.3,6,39,5,1,2,2,10,5,19,2.58,17,2,0,0,0,0,0,0,0,0,0,0,0,0,8,6,4,2,2,3,11,27.3,8,7,1,12,20,7,0,516,17,125,296,102,6,516,6,4,66.7,0,0.0,299,1282,524,8,1,10,7,369,0,9,8,1,0,0,0,51,4,6,40.0
Iker Losada,ESP,"MF,FW",Betis,La Liga,23,2001,10,3,336,3.7,0,0,0,0,0,0,0,0,0.5,0.5,0.3,0.8,9,14,16,0.0,0.0,0.0,0.0,0.0,0.13,0.08,0.21,0.13,0.21,5,1,20.0,1.34,0.27,0.0,0.0,18,0,0.1,-0.5,-0.5,107,142,75.4,1421,331,73,87,83.9,25,34,73.5,4,8,50.0,0.2,-0.3,6,4,5,1,2,1,4,6,8,2.14,7,0,0,1,0,0,0,0,0,0,0,0,0,0,10,7,2,4,4,5,10,50.0,5,2,0,3,13,2,0,180,1,30,73,80,6,180,6,2,33.3,4,66.7,101,569,294,6,1,6,5,130,0,1,2,0,0,0,0,19,3,4,42.9
Anthony Losilla,FRA,MF,Bochum,Bundesliga,38,1986,11,10,819,9.1,0,0,0,0,0,0,0,0,0.1,0.1,0.4,0.5,1,29,8,0.0,0.0,0.0,0.0,0.0,0.01,0.05,0.06,0.01,0.06,3,0,0.0,0.33,0.0,0.0,0.0,23,0,0.03,-0.1,-0.1,222,279,79.6,3583,1247,93,110,84.5,97,122,79.5,15,25,60.0,0.5,-0.4,7,13,4,3,0,1,3,2,17,1.87,16,0,0,0,1,0,1,0,1,0,0,0,0,0,22,15,12,9,1,12,24,50.0,12,14,6,11,33,11,1,355,19,97,198,62,2,355,3,1,33.3,2,66.7,154,542,190,1,0,8,4,199,0,12,6,1,0,0,0,29,13,13,50.0
Jordan Lotomba,SUI,"MF,DF",Nice,Ligue 1,26,1998,2,0,35,0.4,0,0,0,0,0,0,0,0,0.0,0.0,0.0,0.0,4,3,2,0.0,0.0,0.0,0.0,0.0,0.0,0.0,0.0,0.0,0.0,0,0,0.0,0.0,0.0,0.0,0.0,0,0,0.0,0.0,0.0,17,21,81.0,249,51,10,10,100.0,7,10,70.0,0,1,0.0,0.0,0.0,0,1,0,0,0,0,2,0,2,5.14,2,0,0,0,0,0,0,0,0,0,0,0,0,0,0,0,0,0,0,0,0,0.0,0,0,0,0,0,1,0,24,2,3,15,6,0,24,3,1,33.3,2,66.7,19,144,110,0,0,0,1,17,0,2,0,1,0,0,0,2,0,0,0.0
Tom Louchet,FRA,"DF,MF",Nice,Ligue 1,21,2003,8,3,321,3.6,1,0,1,1,0,0,1,0,0.1,0.1,0.7,0.8,6,11,17,0.28,0.0,0.28,0.28,0.28,0.03,0.19,0.21,0.03,0.21,3,1,33.3,0.84,0.28,0.33,1.0,17,0,0.03,0.9,0.9,163,207,78.7,2720,1021,89,99,89.9,62,77,80.5,12,22,54.5,0.6,-0.7,7,11,4,2,0,0,18,5,12,3.36,10,0,1,0,0,1,0,0,0,0,0,0,0,0,14,9,9,2,3,10,11,90.9,1,5,1,5,19,9,0,268,14,79,116,73,11,268,6,1,16.7,4,66.7,115,437,206,4,1,9,4,148,0,7,5,0,0,0,0,16,6,2,75.0
Sandi Lovrić,SVN,MF,Udinese,Serie A,26,1998,13,11,796,8.8,1,1,2,1,0,0,0,0,1.3,1.3,0.6,1.9,26,40,37,0.11,0.11,0.23,0.11,0.23,0.15,0.07,0.22,0.15,0.22,19,4,21.1,2.15,0.45,0.05,0.25,21,1,0.07,-0.3,-0.3,267,342,78.1,4740,1265,119,136,87.5,106,132,80.3,33,53,62.3,0.8,0.4,9,35,5,2,0,3,29,9,34,3.84,24,4,2,3,1,0,6,0,5,1,0,0,0,0,19,10,11,5,3,9,16,56.3,7,14,1,11,30,5,0,457,9,77,236,154,23,457,19,8,42.1,10,52.6,256,1624,703,16,5,23,11,299,0,18,12,0,0,0,0,44,0,8,0.0
Pol Lozano,ESP,MF,Espanyol,La Liga,25,1999,10,8,635,7.1,0,0,0,0,0,0,4,0,0.0,0.0,0.3,0.3,0,30,4,0.0,0.0,0.0,0.0,0.0,0.0,0.04,0.04,0.0,0.04,1,0,0.0,0.14,0.0,0.0,0.0,28,0,0.02,0.0,0.0,212,266,79.7,3998,1233,84,98,85.7,98,118,83.1,25,35,71.4,0.5,-0.3,9,30,2,1,1,6,8,7,15,2.07,9,5,0,0,0,1,1,0,1,0,0,0,0,0,20,15,9,8,3,9,20,45.0,11,10,2,8,28,10,0,337,16,101,187,52,0,337,4,0,0.0,2,50.0,156,710,221,1,0,9,5,185,0,18,4,0,0,0,0,30,4,6,40.0
Lorenzo Lucca,ITA,FW,Udinese,Serie A,24,2000,14,10,836,9.3,4,0,4,4,0,0,4,0,1.8,1.8,0.2,2.0,5,8,37,0.43,0.0,0.43,0.43,0.43,0.19,0.02,0.21,0.19,0.21,20,6,30.0,2.15,0.65,0.2,0.67,15,0,0.09,2.2,2.2,100,152,65.8,1468,162,47,71,66.2,35,45,77.8,7,12,58.3,0.2,-0.2,5,6,0,0,0,0,3,6,11,1.19,8,0,1,2,0,0,1,0,0,0,1,0,0,0,7,4,1,2,4,3,5,60.0,2,6,0,2,9,6,0,232,6,15,125,95,38,232,10,6,60.0,4,40.0,117,538,186,5,4,21,7,169,0,21,15,3,0,0,0,18,22,23,48.9
Jhon Lucumí,COL,DF,Bologna,Serie A,26,1998,10,8,754,8.4,0,1,1,0,0,0,2,1,0.1,0.1,0.1,0.2,10,33,4,0.0,0.12,0.12,0.0,0.12,0.01,0.01,0.02,0.01,0.02,3,0,0.0,0.36,0.0,0.0,0.0,17,0,0.04,-0.1,-0.1,555,608,91.3,10248,3518,211,226,93.4,279,292,95.5,55,78,70.5,0.1,0.9,3,33,0,0,0,6,2,3,10,1.19,10,0,0,0,0,0,2,0,2,0,0,0,0,0,13,7,6,7,0,3,9,33.3,6,12,6,3,16,25,1,679,72,267,391,26,3,679,1,0,0.0,0,0.0,392,2215,1244,5,0,6,3,445,0,8,1,0,0,0,0,55,8,12,40.0
Yannik Lührs,GER,DF,Dortmund,Bundesliga,21,2003,1,0,32,0.4,0,0,0,0,0,0,0,0,0.0,0.0,0.0,0.0,0,0,0,0.0,0.0,0.0,0.0,0.0,0.0,0.0,0.0,0.0,0.0,0,0,0.0,0.0,0.0,0.0,0.0,0,0,0.0,0.0,0.0,19,24,79.2,325,55,7,8,87.5,12,15,80.0,0,0,0.0,0.0,0.0,0,0,0,0,0,0,0,0,0,0.0,0,0,0,0,0,0,0,0,0,0,0,0,0,0,1,1,1,0,0,0,0,0.0,0,0,0,1,2,3,0,30,4,19,11,0,0,30,0,0,0.0,0,0.0,15,38,4,0,0,0,0,18,0,0,0,0,0,0,0,2,2,0,100.0
José Luis Gayà,ESP,DF,Valencia,La Liga,29,1995,4,3,279,3.1,0,1,1,0,0,0,1,0,0.0,0.0,0.6,0.6,8,9,29,0.0,0.32,0.32,0.0,0.32,0.0,0.21,0.21,0.0,0.21,0,0,0.0,0.0,0.0,0.0,0.0,0,0,0.0,0.0,0.0,118,161,73.3,2171,761,53,62,85.5,49,61,80.3,15,30,50.0,0.5,0.4,5,9,5,4,0,0,14,4,9,2.9,8,0,1,0,0,0,2,0,2,0,0,0,0,0,6,5,1,4,1,5,9,55.6,4,0,0,4,10,9,0,191,5,40,96,57,1,191,5,1,20.0,3,60.0,108,627,329,10,1,3,0,114,0,3,4,1,0,0,0,16,3,2,60.0
José Luis Palomino,ARG,DF,Cagliari,Serie A,34,1990,7,2,285,3.2,1,0,1,1,0,0,1,0,0.5,0.5,0.0,0.5,0,8,0,0.32,0.0,0.32,0.32,0.32,0.15,0.0,0.15,0.15,0.15,1,1,100.0,0.32,0.32,1.0,1.0,4,0,0.46,0.5,0.5,156,184,84.8,3318,1103,37,40,92.5,102,116,87.9,17,26,65.4,0.0,0.0,0,8,1,0,0,0,0,0,3,0.95,3,0,0,0,0,0,0,0,0,0,0,0,0,0,5,4,0,3,2,2,3,66.7,1,4,4,6,11,8,0,206,34,125,74,8,1,206,1,0,0.0,1,100.0,102,476,191,0,0,1,1,133,0,2,1,0,0,1,0,10,4,5,44.4
Douglas Luiz,BRA,MF,Juventus,Serie A,26,1998,7,2,272,3.0,0,0,0,0,0,0,1,0,0.4,0.4,0.5,0.9,12,17,7,0.0,0.0,0.0,0.0,0.0,0.14,0.16,0.29,0.14,0.29,4,2,50.0,1.32,0.66,0.0,0.0,19,0,0.11,-0.4,-0.4,193,223,86.5,3507,771,86,92,93.5,82,90,91.1,23,37,62.2,0.4,-0.5,8,9,3,1,0,1,16,1,12,3.96,7,4,0,1,0,0,0,0,0,0,0,0,0,0,6,2,2,3,1,4,5,80.0,1,2,0,2,8,0,0,245,5,33,138,76,5,245,11,9,81.8,2,18.2,137,952,595,6,0,5,3,181,0,4,3,0,0,1,0,14,2,2,50.0
Romelu Lukaku,BEL,FW,Napoli,Serie A,31,1993,12,11,879,9.8,5,4,9,4,1,1,1,0,4.6,3.8,1.5,5.3,9,10,73,0.51,0.41,0.92,0.41,0.82,0.47,0.15,0.62,0.39,0.54,19,8,42.1,1.95,0.82,0.21,0.5,12,0,0.2,0.4,0.2,113,159,71.1,1315,206,73,88,83.0,27,40,67.5,2,4,50.0,0.8,2.5,11,5,1,0,4,0,0,10,20,2.05,16,0,0,2,2,0,4,0,4,0,0,0,0,0,1,1,0,1,0,0,2,0.0,2,1,1,0,1,8,0,239,9,17,98,125,37,238,11,3,27.3,8,72.7,115,474,193,5,5,21,18,192,0,15,15,9,0,0,0,13,9,13,40.9
Castello Lukeba,FRA,DF,Rb Leipzig,Bundesliga,22,2002,9,9,732,8.1,0,0,0,0,0,0,1,0,0.0,0.0,0.1,0.1,5,30,2,0.0,0.0,0.0,0.0,0.0,0.0,0.02,0.02,0.0,0.02,1,0,0.0,0.12,0.0,0.0,0.0,30,0,0.01,0.0,0.0,505,582,86.8,8894,3857,225,245,91.8,243,269,90.3,36,56,64.3,0.3,-0.1,2,34,4,1,0,7,2,6,9,1.11,8,0,1,0,0,0,1,0,1,0,0,0,0,0,17,7,7,7,3,6,9,66.7,3,13,6,4,21,29,0,666,64,300,337,35,5,666,9,5,55.6,3,33.3,385,1603,977,4,0,10,3,478,0,5,7,0,0,0,0,29,9,5,64.3
Dodi Lukebakio,BEL,FW,Sevilla,La Liga,27,1997,15,14,1181,13.1,6,0,6,5,1,1,1,0,4.7,4.0,1.1,5.0,62,26,82,0.46,0.0,0.46,0.38,0.38,0.36,0.08,0.44,0.3,0.38,42,17,40.5,3.2,1.3,0.12,0.29,20,0,0.09,1.3,1.0,287,388,74.0,4196,912,180,210,85.7,75,103,72.8,22,49,44.9,1.6,-1.1,17,9,11,4,1,4,41,14,38,2.9,18,5,9,3,2,1,0,0,0,0,0,0,0,0,8,6,3,3,2,4,10,40.0,6,7,0,1,9,7,1,555,3,65,192,308,63,554,69,36,52.2,31,44.9,362,2780,1724,37,33,39,21,414,0,13,18,10,0,0,0,48,6,6,50.0
Saša Lukić,SRB,MF,Fulham,Premier League,28,1996,9,9,698,7.8,0,0,0,0,0,0,5,0,0.0,0.0,0.4,0.4,11,37,3,0.0,0.0,0.0,0.0,0.0,0.0,0.05,0.05,0.0,0.05,0,0,0.0,0.0,0.0,0.0,0.0,0,0,0.0,0.0,0.0,363,405,89.6,5915,1545,175,186,94.1,153,167,91.6,26,31,83.9,0.3,-0.4,5,34,5,1,0,2,12,8,15,1.93,11,3,0,0,0,1,0,0,0,0,0,0,0,0,20,9,8,11,1,5,17,29.4,12,6,3,11,31,7,0,464,17,102,284,81,1,464,3,1,33.3,2,66.7,282,1588,765,15,3,4,2,298,0,23,10,0,0,0,0,37,7,3,70.0
Milos Lukovic,SRB,"FW,MF",Strasbourg,Ligue 1,19,2005,2,0,12,0.1,0,0,0,0,0,0,0,0,0.0,0.0,0.0,0.0,0,0,0,0.0,0.0,0.0,0.0,0.0,0.0,0.0,0.0,0.0,0.0,0,0,0.0,0.0,0.0,0.0,0.0,0,0,0.0,0.0,0.0,2,3,66.7,43,0,0,0,0.0,2,3,66.7,0,0,0.0,0.0,0.0,0,0,0,0,0,0,0,0,0,0.0,0,0,0,0,0,0,0,0,0,0,0,0,0,0,0,0,0,0,0,0,0,0.0,0,0,0,0,0,0,0,4,0,0,2,2,0,4,0,0,0.0,0,0.0,3,2,0,0,0,1,0,3,0,0,0,0,0,0,0,0,0,0,0.0
Daniel Luna,COL,MF,Mallorca,La Liga,21,2003,2,0,20,0.2,0,0,0,0,0,0,0,0,0.0,0.0,0.0,0.0,1,0,2,0.0,0.0,0.0,0.0,0.0,0.0,0.0,0.0,0.0,0.0,0,0,0.0,0.0,0.0,0.0,0.0,0,0,0.0,0.0,0.0,8,13,61.5,88,16,5,6,83.3,2,5,40.0,0,1,0.0,0.0,0.0,0,1,0,0,0,0,3,0,1,4.5,1,0,0,0,0,0,0,0,0,0,0,0,0,0,0,0,0,0,0,0,0,0.0,0,1,0,0,0,0,0,17,0,0,5,12,1,17,3,1,33.3,1,33.3,11,36,15,0,1,0,0,11,0,0,1,0,0,0,0,2,0,0,0.0
Massimo Luongo,AUS,MF,Ipswich Town,Premier League,32,1992,5,2,143,1.6,0,0,0,0,0,0,0,0,0.0,0.0,0.0,0.0,0,4,1,0.0,0.0,0.0,0.0,0.0,0.0,0.0,0.0,0.0,0.0,0,0,0.0,0.0,0.0,0.0,0.0,0,0,0.0,0.0,0.0,32,45,71.1,454,120,19,22,86.4,9,14,64.3,2,5,40.0,0.0,0.0,0,1,0,0,0,0,0,1,0,0.0,0,0,0,0,0,0,0,0,0,0,0,0,0,0,5,3,5,0,0,4,6,66.7,2,3,2,2,7,2,0,60,8,29,20,11,0,60,0,0,0.0,0,0.0,31,114,21,0,0,2,2,34,0,1,2,0,0,0,0,10,1,0,100.0
Sebastiano Luperto,ITA,DF,Cagliari,Serie A,28,1996,14,14,1260,14.0,0,3,3,0,0,0,1,0,0.9,0.9,1.2,2.1,11,45,4,0.0,0.21,0.21,0.0,0.21,0.06,0.08,0.15,0.06,0.15,11,2,18.2,0.79,0.14,0.0,0.0,11,0,0.08,-0.9,-0.9,574,683,84.0,11098,3692,169,187,90.4,351,385,91.2,51,101,50.5,0.5,1.8,6,39,2,0,0,0,4,4,19,1.36,14,0,0,5,0,0,3,0,1,0,0,2,0,0,17,8,12,4,1,5,10,50.0,5,8,6,13,30,62,1,826,108,439,346,43,15,826,2,0,0.0,2,100.0,444,2086,1173,7,0,4,0,530,0,9,7,1,0,1,0,47,34,26,56.7
Zito Luvumbo,ANG,"FW,MF",Cagliari,Serie A,22,2002,14,11,908,10.1,1,1,2,1,0,0,1,0,1.1,1.1,1.6,2.7,34,21,70,0.1,0.1,0.2,0.1,0.2,0.11,0.16,0.27,0.11,0.27,15,2,13.3,1.49,0.2,0.07,0.5,17,0,0.07,-0.1,-0.1,116,188,61.7,1726,423,74,94,78.7,36,59,61.0,6,16,37.5,1.0,-0.6,10,10,8,3,0,0,36,10,21,2.08,15,1,2,1,2,0,2,0,2,0,0,0,0,0,4,2,1,3,0,2,9,22.2,7,2,0,0,4,4,0,283,2,26,97,163,38,283,38,17,44.7,14,36.8,198,1441,709,11,19,28,17,217,0,27,28,5,0,0,0,20,5,9,35.7
Charalambos Lykogiannis,GRE,DF,Bologna,Serie A,31,1993,5,5,402,4.5,0,1,1,0,0,0,0,0,0.0,0.0,0.3,0.3,4,28,15,0.0,0.22,0.22,0.0,0.22,0.01,0.06,0.07,0.01,0.07,2,1,50.0,0.45,0.22,0.0,0.0,21,0,0.02,0.0,0.0,212,276,76.8,3931,1079,74,84,88.1,118,146,80.8,16,36,44.4,0.5,0.7,6,22,4,4,0,1,32,6,12,2.69,7,5,0,0,0,0,1,0,1,0,0,0,0,0,5,2,3,2,0,3,7,42.9,4,1,1,3,8,13,0,305,13,86,145,75,3,305,1,1,100.0,0,0.0,153,567,289,3,1,2,0,210,0,3,2,2,0,0,0,11,7,5,58.3
Senne Lynen,BEL,MF,Werder Bremen,Bundesliga,25,1999,11,11,968,10.8,0,0,0,0,0,0,3,0,0.3,0.3,0.4,0.6,6,30,8,0.0,0.0,0.0,0.0,0.0,0.02,0.04,0.06,0.02,0.06,6,1,16.7,0.56,0.09,0.0,0.0,20,0,0.04,-0.3,-0.3,406,487,83.4,6393,1666,191,214,89.3,171,194,88.1,23,44,52.3,0.6,-0.4,5,24,6,0,1,2,3,3,14,1.3,12,0,0,1,0,1,0,0,0,0,0,0,0,0,27,13,12,11,4,17,22,77.3,5,19,4,18,45,19,4,607,33,165,339,106,6,607,14,6,42.9,6,42.9,336,1292,482,5,2,12,3,361,0,12,12,0,0,0,0,64,5,7,41.7
Othmane Maamma,MAR,"FW,MF",Montpellier,Ligue 1,19,2005,3,0,59,0.7,0,1,1,0,0,0,0,0,0.0,0.0,0.2,0.2,1,1,6,0.0,1.53,1.53,0.0,1.53,0.0,0.23,0.23,0.0,0.23,0,0,0.0,0.0,0.0,0.0,0.0,0,0,0.0,0.0,0.0,10,12,83.3,192,33,6,6,100.0,1,2,50.0,3,4,75.0,0.5,0.8,1,1,1,1,0,0,3,0,1,1.53,1,0,0,0,0,0,1,1,1,0,0,0,0,0,0,0,0,0,0,0,1,0.0,1,2,0,0,0,1,0,29,1,3,9,17,1,29,10,2,20.0,8,80.0,22,237,46,4,1,2,3,22,0,1,3,0,0,0,0,2,0,1,0.0
Ian Maatsen,NED,DF,Aston Villa,Premier League,22,2002,10,1,229,2.5,0,0,0,0,0,0,1,0,0.1,0.1,1.0,1.1,6,12,22,0.0,0.0,0.0,0.0,0.0,0.03,0.4,0.43,0.03,0.43,3,1,33.3,1.18,0.39,0.0,0.0,31,0,0.02,-0.1,-0.1,135,163,82.8,2230,672,66,77,85.7,55,61,90.2,10,13,76.9,0.7,-1.0,8,4,7,1,0,0,14,6,20,7.86,14,2,1,2,0,1,4,1,4,0,0,0,0,0,6,4,2,4,0,2,4,50.0,2,2,0,1,7,5,1,192,7,40,77,77,12,192,7,3,42.9,4,57.1,93,496,254,4,3,7,4,108,0,2,1,2,0,0,0,19,4,0,100.0
Alexis Mac Allister,ARG,MF,Liverpool,Premier League,26,1998,13,11,896,10.0,0,0,0,0,0,0,4,0,0.3,0.3,1.3,1.6,12,53,29,0.0,0.0,0.0,0.0,0.0,0.03,0.13,0.16,0.03,0.16,7,4,57.1,0.7,0.4,0.0,0.0,17,0,0.05,-0.3,-0.3,446,518,86.1,6971,1881,232,258,89.9,172,189,91.0,26,35,74.3,1.5,-1.3,13,45,11,1,2,3,4,13,36,3.62,30,3,0,1,1,1,2,0,2,0,0,0,0,0,32,24,9,19,4,19,38,50.0,19,25,0,4,36,8,0,624,25,110,349,167,22,624,13,3,23.1,10,76.9,311,1153,550,10,1,11,13,438,0,17,13,0,0,0,0,53,7,8,46.7
Deiver Machado,COL,"DF,MF",Lens,Ligue 1,31,1993,10,5,533,5.9,0,0,0,0,0,0,1,1,1.3,1.3,0.5,1.8,13,11,21,0.0,0.0,0.0,0.0,0.0,0.23,0.08,0.3,0.23,0.3,9,3,33.3,1.52,0.51,0.0,0.0,19,0,0.15,-1.3,-1.3,209,259,80.7,2750,784,136,146,93.2,56,74,75.7,5,15,33.3,0.8,-0.5,6,4,9,7,0,0,18,4,15,2.53,8,2,0,4,0,1,2,0,1,0,0,1,0,0,13,10,8,4,1,9,10,90.0,1,7,1,5,18,7,0,327,11,80,134,116,7,327,12,7,58.3,5,41.7,163,1001,547,6,0,9,8,180,0,9,3,3,0,0,0,26,6,4,60.0
Shuto Machino,JPN,"FW,MF",Holstein Kiel,Bundesliga,25,1999,11,6,526,5.8,4,0,4,3,1,1,1,0,2.4,1.6,0.3,1.9,7,17,27,0.68,0.0,0.68,0.51,0.51,0.41,0.05,0.46,0.27,0.33,13,7,53.8,2.22,1.2,0.23,0.43,17,0,0.12,1.6,1.4,127,194,65.5,2330,835,62,71,87.3,43,62,69.4,20,44,45.5,0.3,-0.3,5,12,4,1,0,0,8,7,17,2.91,15,2,0,0,0,0,3,0,3,0,0,0,0,0,2,2,1,0,1,2,5,40.0,3,2,0,3,5,2,0,238,5,37,103,98,13,237,2,2,100.0,0,0.0,118,550,226,5,3,10,9,159,0,3,5,3,0,0,0,13,8,7,53.3
Darwin Machís,VEN,"FW,MF",Valladolid,La Liga,31,1993,5,5,268,3.0,0,0,0,0,0,0,0,0,0.6,0.6,0.1,0.7,3,11,11,0.0,0.0,0.0,0.0,0.0,0.21,0.02,0.24,0.21,0.24,6,0,0.0,2.01,0.0,0.0,0.0,19,1,0.11,-0.6,-0.6,54,94,57.4,1004,334,24,29,82.8,21,36,58.3,7,20,35.0,0.3,-0.1,2,6,0,0,0,2,18,3,4,1.34,1,2,0,1,0,0,0,0,0,0,0,0,0,0,0,0,0,0,0,0,4,0.0,4,2,0,1,1,3,0,115,4,15,54,46,3,115,4,1,25.0,3,75.0,59,359,144,3,0,4,2,80,0,2,3,2,0,0,0,11,1,0,100.0
Yvann Macon,FRA,DF,Saint-Étienne,Ligue 1,26,1998,4,4,286,3.2,0,0,0,0,0,0,1,0,0.1,0.1,0.1,0.2,8,15,23,0.0,0.0,0.0,0.0,0.0,0.02,0.03,0.06,0.02,0.06,2,0,0.0,0.63,0.0,0.0,0.0,20,0,0.04,-0.1,-0.1,123,166,74.1,2076,599,63,72,87.5,49,68,72.1,10,22,45.5,0.1,-0.1,4,12,2,0,0,1,9,3,4,1.26,4,0,0,0,0,0,0,0,0,0,0,0,0,0,4,3,0,3,1,1,5,20.0,4,7,2,0,4,6,1,199,10,41,97,62,7,199,5,3,60.0,1,20.0,100,564,271,5,2,5,2,130,0,8,2,0,0,0,0,14,1,5,16.7
James Maddison,ENG,MF,Tottenham,Premier League,28,1996,13,11,858,9.5,5,3,8,5,0,0,2,0,3.4,3.4,1.9,5.3,19,75,49,0.52,0.31,0.84,0.52,0.84,0.36,0.2,0.55,0.36,0.55,22,13,59.1,2.31,1.36,0.23,0.38,15,4,0.15,1.6,1.6,485,600,80.8,7839,2322,244,270,90.4,193,223,86.5,34,82,41.5,3.7,1.1,20,49,19,5,7,4,60,7,49,5.15,34,7,1,3,4,0,9,0,7,1,0,1,0,0,15,9,4,8,3,7,20,35.0,13,6,3,7,22,14,0,708,15,101,297,316,43,708,33,16,48.5,13,39.4,485,2408,1074,20,6,10,15,536,0,11,29,1,0,0,0,34,5,4,55.6
Eros Maddy,NED,DF,Auxerre,Ligue 1,23,2001,1,0,8,0.1,0,0,0,0,0,0,0,0,0.0,0.0,0.0,0.0,1,0,4,0.0,0.0,0.0,0.0,0.0,0.0,0.0,0.0,0.0,0.0,0,0,0.0,0.0,0.0,0.0,0.0,0,0,0.0,0.0,0.0,3,3,100.0,36,9,2,2,100.0,1,1,100.0,0,0,0.0,0.0,0.0,0,0,0,0,0,0,0,0,0,0.0,0,0,0,0,0,0,0,0,0,0,0,0,0,0,0,0,0,0,0,0,0,0.0,0,0,0,0,0,0,0,5,0,0,2,3,0,5,1,0,0.0,1,100.0,4,26,11,1,0,1,1,4,0,2,0,0,0,0,0,0,0,0,0.0
Noni Madueke,ENG,FW,Chelsea,Premier League,22,2002,12,11,858,9.5,4,1,5,4,0,0,3,0,3.4,3.4,1.8,5.1,60,33,92,0.42,0.1,0.52,0.42,0.52,0.35,0.19,0.54,0.35,0.54,35,15,42.9,3.67,1.57,0.11,0.27,15,0,0.1,0.6,0.6,209,266,78.6,3041,778,129,149,86.6,61,79,77.2,10,13,76.9,1.2,-0.8,13,5,15,3,0,1,19,9,29,3.04,19,0,5,3,2,0,4,0,2,0,0,1,1,0,13,10,6,6,1,8,18,44.4,10,7,0,3,16,4,0,379,4,39,111,238,68,379,36,18,50.0,16,44.4,253,2137,1372,25,30,22,12,292,0,9,11,1,0,0,0,39,6,5,54.5
Pablo Maffeo,ESP,DF,Mallorca,La Liga,27,1997,12,11,916,10.2,0,1,1,0,0,0,2,0,0.2,0.2,1.9,2.0,17,27,48,0.0,0.1,0.1,0.0,0.1,0.02,0.18,0.2,0.02,0.2,4,1,25.0,0.39,0.1,0.0,0.0,17,0,0.04,-0.2,-0.2,307,437,70.3,5418,2285,147,169,87.0,119,160,74.4,37,84,44.0,1.4,-0.9,14,24,15,12,1,0,39,14,29,2.85,20,4,3,1,0,1,2,0,2,0,0,0,0,0,19,11,13,5,1,11,16,68.8,5,14,6,11,30,28,1,552,34,179,217,170,8,552,30,17,56.7,10,33.3,252,1469,729,18,5,20,8,272,0,7,12,0,0,0,0,37,7,6,53.8
Gabriel Magalhães,BRA,DF,Arsenal,Premier League,27,1997,13,13,1088,12.1,3,0,3,3,0,0,1,0,1.7,1.7,0.4,2.1,4,40,8,0.25,0.0,0.25,0.25,0.25,0.14,0.03,0.17,0.14,0.17,14,5,35.7,1.16,0.41,0.21,0.6,8,0,0.12,1.3,1.3,631,712,88.6,10986,3275,263,276,95.3,319,347,91.9,40,71,56.3,0.5,-0.4,4,45,3,0,0,4,6,5,13,1.08,10,0,0,2,1,0,1,0,0,0,0,0,1,0,8,4,4,4,0,4,7,57.1,3,24,18,7,15,42,1,815,98,331,398,90,18,815,3,3,100.0,0,0.0,469,1839,1070,5,0,1,1,597,0,9,7,0,1,0,0,26,22,12,64.7
Soungoutou Magassa,FRA,MF,Monaco,Ligue 1,21,2003,10,6,484,5.4,0,0,0,0,0,0,2,0,0.2,0.2,0.0,0.3,4,27,6,0.0,0.0,0.0,0.0,0.0,0.05,0.0,0.05,0.05,0.05,3,1,33.3,0.56,0.19,0.0,0.0,21,0,0.08,-0.2,-0.2,264,304,86.8,4598,1257,118,130,90.8,124,131,94.7,19,33,57.6,0.2,0.0,1,32,4,0,2,3,2,5,6,1.11,6,0,0,0,0,0,0,0,0,0,0,0,0,0,20,11,5,13,2,14,24,58.3,10,4,0,9,29,9,1,363,17,75,256,35,3,363,14,8,57.1,4,28.6,215,897,366,4,0,6,8,248,0,9,12,0,0,0,0,36,6,13,31.6
Giangiacomo Magnani,ITA,DF,Hellas Verona,Serie A,29,1995,13,9,844,9.4,1,0,1,1,0,0,2,0,1.0,1.0,0.0,1.1,3,25,5,0.11,0.0,0.11,0.11,0.11,0.11,0.0,0.11,0.11,0.11,10,2,20.0,1.07,0.21,0.1,0.5,11,0,0.11,0.0,0.0,247,304,81.3,4881,1743,85,99,85.9,139,152,91.4,23,48,47.9,0.0,0.0,1,18,0,0,0,2,1,2,4,0.43,2,1,0,1,0,0,0,0,0,0,0,0,0,0,18,13,12,6,0,6,6,100.0,0,14,8,10,28,54,0,415,59,204,189,24,12,415,1,0,0.0,1,100.0,200,836,406,3,0,2,1,212,0,6,7,0,0,0,0,29,23,17,57.5
Hugo Magnetti,FRA,MF,Brest,Ligue 1,26,1998,12,9,839,9.3,0,0,0,0,0,0,1,0,0.4,0.4,0.4,0.8,3,24,9,0.0,0.0,0.0,0.0,0.0,0.04,0.04,0.08,0.04,0.08,5,2,40.0,0.54,0.21,0.0,0.0,23,0,0.07,-0.4,-0.4,306,373,82.0,4799,1001,164,186,88.2,123,143,86.0,14,30,46.7,0.3,-0.4,5,26,1,0,0,2,6,8,10,1.07,9,1,0,0,0,0,2,0,2,0,0,0,0,0,16,9,4,11,1,6,14,42.9,8,8,2,6,22,11,0,456,12,103,277,78,7,456,12,5,41.7,7,58.3,228,1063,411,7,2,10,5,302,0,8,8,0,0,0,0,46,4,5,44.4
Frank Magri,CMR,FW,Toulouse,Ligue 1,25,1999,11,4,337,3.7,0,0,0,0,0,0,1,1,0.9,0.9,0.2,1.2,6,9,23,0.0,0.0,0.0,0.0,0.0,0.25,0.06,0.31,0.25,0.31,12,3,25.0,3.2,0.8,0.0,0.0,10,0,0.08,-0.9,-0.9,45,65,69.2,620,108,23,29,79.3,18,25,72.0,1,2,50.0,0.2,-0.2,2,5,2,0,1,0,2,3,9,2.4,4,0,1,3,1,0,0,0,0,0,0,0,0,0,1,0,0,0,1,1,4,25.0,3,8,0,1,2,4,0,110,4,8,57,46,18,110,5,2,40.0,3,60.0,59,305,134,0,4,10,6,77,0,3,4,1,0,0,0,3,13,15,46.4
Harry Maguire,ENG,DF,Manchester Utd,Premier League,31,1993,6,3,277,3.1,0,0,0,0,0,0,3,0,0.0,0.0,0.0,0.1,1,11,0,0.0,0.0,0.0,0.0,0.0,0.01,0.01,0.02,0.01,0.02,1,0,0.0,0.32,0.0,0.0,0.0,10,0,0.04,0.0,0.0,180,206,87.4,3045,976,72,76,94.7,95,106,89.6,8,16,50.0,0.0,0.0,1,9,1,0,0,2,1,1,3,0.97,3,0,0,0,0,0,0,0,0,0,0,0,0,0,2,1,2,0,0,2,2,100.0,0,2,2,6,8,10,0,227,30,112,108,10,4,227,3,2,66.7,1,33.3,150,955,374,3,1,1,0,162,0,5,0,0,0,0,0,10,9,4,69.2
Jon Magunacelaya,ESP,MF,Real Sociedad,La Liga,24,2000,2,0,7,0.1,0,0,0,0,0,0,0,0,0.0,0.0,0.0,0.0,0,1,0,0.0,0.0,0.0,0.0,0.0,0.0,0.0,0.0,0.0,0.0,0,0,0.0,0.0,0.0,0.0,0.0,0,0,0.0,0.0,0.0,7,13,53.8,117,30,3,7,42.9,4,4,100.0,0,0,0.0,0.1,0.0,0,0,0,0,1,0,0,1,1,12.86,1,0,0,0,0,0,1,12,1,0,0,0,0,0,1,1,1,0,0,0,0,0.0,0,0,0,0,1,0,0,16,0,5,9,4,0,16,0,0,0.0,0,0.0,9,28,9,0,0,0,0,9,0,1,1,0,0,0,0,5,3,0,100.0
Arne Maier,GER,MF,Augsburg,Bundesliga,25,1999,10,4,372,4.1,0,0,0,0,0,0,0,0,0.8,0.8,0.7,1.6,6,18,17,0.0,0.0,0.0,0.0,0.0,0.2,0.18,0.38,0.2,0.38,8,1,12.5,1.94,0.24,0.0,0.0,28,3,0.1,-0.8,-0.8,182,232,78.4,3395,993,81,91,89.0,70,82,85.4,27,43,62.8,1.1,-0.7,14,15,4,1,1,2,30,7,20,4.85,9,10,0,1,0,0,1,0,1,0,0,0,0,0,6,2,1,5,0,4,5,80.0,1,8,1,1,7,4,1,277,4,36,122,121,8,277,5,0,0.0,5,100.0,147,625,263,8,2,8,1,182,0,0,5,0,0,0,0,24,2,1,66.7
Patrick Mainka,GER,DF,Heidenheim,Bundesliga,30,1994,12,12,1080,12.0,0,0,0,0,0,0,2,0,0.4,0.4,0.3,0.7,10,34,5,0.0,0.0,0.0,0.0,0.0,0.04,0.02,0.06,0.04,0.06,7,1,14.3,0.58,0.08,0.0,0.0,13,0,0.06,-0.4,-0.4,443,524,84.5,9086,4120,121,144,84.0,274,305,89.8,47,65,72.3,0.2,-0.3,3,31,1,0,0,0,2,2,10,0.83,9,0,0,1,0,0,1,0,0,0,0,1,0,0,19,8,13,6,0,11,18,61.1,7,25,15,21,40,53,0,664,88,376,261,31,13,664,3,0,0.0,2,66.7,373,2068,1138,3,0,6,4,376,0,5,8,2,0,0,0,55,37,20,64.9
Kobbie Mainoo,ENG,MF,Manchester Utd,Premier League,19,2005,8,8,650,7.2,0,0,0,0,0,0,5,0,0.2,0.2,0.7,0.8,5,27,11,0.0,0.0,0.0,0.0,0.0,0.02,0.09,0.12,0.02,0.12,5,1,20.0,0.69,0.14,0.0,0.0,25,0,0.03,-0.2,-0.2,303,340,89.1,4111,1183,192,207,92.8,77,87,88.5,15,17,88.2,0.6,-0.7,3,30,4,0,2,2,1,6,8,1.11,8,0,0,0,0,0,1,0,1,0,0,0,0,0,16,13,12,3,1,10,15,66.7,5,6,2,15,31,3,1,424,14,92,249,85,7,424,20,14,70.0,5,25.0,264,1202,490,7,3,13,15,304,0,13,12,1,0,0,0,34,6,9,40.0
Ainsley Maitland-Niles,ENG,"DF,MF",Lyon,Ligue 1,27,1997,13,9,844,9.4,1,1,2,1,0,0,0,0,0.8,0.8,1.6,2.5,13,39,43,0.11,0.11,0.21,0.11,0.21,0.09,0.17,0.26,0.09,0.26,11,3,27.3,1.17,0.32,0.09,0.33,18,0,0.08,0.2,0.2,366,455,80.4,5780,1800,189,213,88.7,147,174,84.5,19,37,51.4,1.4,-0.6,12,24,13,2,2,1,21,11,19,2.03,16,1,1,0,0,1,1,0,1,0,0,0,0,0,33,20,13,11,9,21,29,72.4,8,13,2,12,45,21,3,568,31,153,235,186,31,568,18,8,44.4,9,50.0,228,1043,508,11,4,10,11,312,0,5,5,1,0,0,0,38,5,9,35.7
Lovro Majer,CRO,MF,Wolfsburg,Bundesliga,26,1998,4,2,145,1.6,2,0,2,1,1,1,1,0,1.1,0.4,0.0,0.4,2,2,6,1.24,0.0,1.24,0.62,0.62,0.71,0.01,0.72,0.22,0.23,2,1,50.0,1.24,0.62,0.5,1.0,21,0,0.18,0.9,0.6,30,45,66.7,371,138,22,25,88.0,4,7,57.1,1,6,16.7,0.0,0.0,1,2,0,0,0,1,2,1,3,1.86,1,1,0,1,0,0,1,0,1,0,0,0,0,0,0,0,0,0,0,0,2,0.0,2,2,0,0,0,1,0,58,0,9,21,29,5,57,4,3,75.0,0,0.0,42,230,72,2,1,2,4,44,0,5,3,0,0,0,0,4,2,4,33.3
Jordy Makengo,FRA,"DF,MF",Freiburg,Bundesliga,23,2001,5,0,42,0.5,0,0,0,0,0,0,0,0,0.0,0.0,0.1,0.1,2,0,3,0.0,0.0,0.0,0.0,0.0,0.0,0.32,0.32,0.0,0.32,0,0,0.0,0.0,0.0,0.0,0.0,0,0,0.0,0.0,0.0,23,23,100.0,399,133,10,10,100.0,11,11,100.0,2,2,100.0,0.2,-0.1,1,0,1,1,0,0,1,0,2,4.29,2,0,0,0,0,0,0,0,0,0,0,0,0,0,4,3,3,1,0,2,2,100.0,0,0,0,0,4,4,0,36,4,13,12,11,0,36,2,0,0.0,1,50.0,13,86,33,0,0,1,1,17,0,0,1,0,0,0,0,1,0,2,0.0
Antoine Makoumbou,CGO,MF,Cagliari,Serie A,26,1998,10,8,602,6.7,0,1,1,0,0,0,2,1,0.2,0.2,0.0,0.2,1,21,5,0.0,0.15,0.15,0.0,0.15,0.02,0.01,0.03,0.02,0.03,5,0,0.0,0.75,0.0,0.0,0.0,23,0,0.03,-0.2,-0.2,295,336,87.8,4695,1195,139,147,94.6,141,153,92.2,11,26,42.3,0.2,1.0,1,15,3,1,1,0,3,2,6,0.9,6,0,0,0,0,0,3,0,3,0,0,0,0,0,10,5,7,3,0,2,4,50.0,2,11,2,6,16,4,0,390,12,129,204,60,1,390,4,2,50.0,2,50.0,239,1142,418,6,0,7,8,275,1,8,7,0,0,0,0,34,0,3,0.0
Nikola Maksimović,SRB,DF,Montpellier,Ligue 1,33,1991,4,4,357,4.0,0,0,0,0,0,0,1,0,0.0,0.0,0.0,0.0,0,5,0,0.0,0.0,0.0,0.0,0.0,0.0,0.01,0.01,0.0,0.01,1,0,0.0,0.25,0.0,0.0,0.0,13,0,0.02,0.0,0.0,194,212,91.5,4020,1349,55,58,94.8,109,114,95.6,28,36,77.8,0.1,0.0,1,8,2,0,0,1,0,1,5,1.26,3,2,0,0,0,0,0,0,0,0,0,0,0,0,4,3,2,2,0,2,2,100.0,0,1,1,5,9,15,1,245,32,151,90,5,2,245,2,2,100.0,0,0.0,147,629,321,0,0,2,1,178,0,2,3,0,0,0,0,8,6,6,50.0
Julián Malatini,ARG,DF,Werder Bremen,Bundesliga,23,2001,7,5,429,4.8,1,1,2,1,0,0,1,0,0.1,0.1,0.4,0.5,4,19,2,0.21,0.21,0.42,0.21,0.42,0.03,0.09,0.11,0.03,0.11,2,1,50.0,0.42,0.21,0.5,1.0,8,0,0.07,0.9,0.9,226,263,85.9,3801,1080,95,104,91.3,117,127,92.1,11,24,45.8,0.4,0.6,1,13,2,0,1,0,0,4,3,0.63,2,0,0,1,0,0,2,0,2,0,0,0,0,0,10,9,4,5,1,4,10,40.0,6,6,3,7,17,16,0,318,22,143,140,36,3,318,3,2,66.7,1,33.3,200,897,380,6,0,2,1,218,0,9,5,0,0,0,0,16,7,5,58.3
Daniel Maldini,ITA,MF,Monza,Serie A,23,2001,13,10,815,9.1,1,0,1,1,0,0,4,0,2.3,2.3,0.4,2.7,20,26,44,0.11,0.0,0.11,0.11,0.11,0.25,0.05,0.3,0.25,0.3,23,10,43.5,2.54,1.1,0.04,0.1,22,4,0.1,-1.3,-1.3,172,243,70.8,2843,665,86,106,81.1,66,89,74.2,14,32,43.8,0.9,-0.4,5,9,6,2,0,2,27,4,24,2.65,12,3,3,3,3,0,3,0,2,0,0,1,0,0,12,5,4,8,0,5,8,62.5,3,6,2,3,15,10,2,377,11,55,182,147,18,377,40,17,42.5,20,50.0,251,1625,705,20,2,26,21,272,0,10,28,0,0,0,0,30,11,13,45.8
Youssef Maleh,MAR,MF,Empoli,Serie A,26,1998,10,8,682,7.6,0,0,0,0,0,0,1,0,0.4,0.4,0.4,0.8,4,28,18,0.0,0.0,0.0,0.0,0.0,0.05,0.06,0.1,0.05,0.1,10,2,20.0,1.32,0.26,0.0,0.0,25,0,0.04,-0.4,-0.4,152,213,71.4,2427,891,86,102,84.3,46,67,68.7,14,27,51.9,0.2,-0.4,3,29,3,2,1,0,10,6,10,1.32,7,0,1,1,1,0,0,0,0,0,0,0,0,0,10,7,5,5,0,2,9,22.2,7,16,5,6,16,10,0,290,7,69,164,63,4,290,7,1,14.3,4,57.1,123,460,269,3,0,12,4,175,0,19,13,0,0,0,0,41,4,7,36.4
Donyell Malen,NED,"FW,MF",Dortmund,Bundesliga,25,1999,11,5,506,5.6,2,0,2,2,0,0,0,0,2.1,2.1,0.0,2.1,15,9,51,0.36,0.0,0.36,0.36,0.36,0.37,0.0,0.37,0.37,0.37,12,4,33.3,2.13,0.71,0.17,0.5,14,0,0.17,-0.1,-0.1,104,146,71.2,1317,305,73,89,82.0,26,38,68.4,3,7,42.9,0.3,0.0,0,3,3,1,1,2,10,7,8,1.43,5,0,2,1,0,0,2,0,2,0,0,0,0,0,0,0,0,0,0,0,0,0.0,0,2,0,3,3,6,0,222,2,18,72,136,32,222,30,9,30.0,19,63.3,143,699,313,7,10,15,8,165,0,1,6,2,0,0,0,13,1,3,25.0
Ruslan Malinovskyi,UKR,"MF,FW",Genoa,Serie A,31,1993,5,2,224,2.5,0,0,0,0,0,0,1,0,0.1,0.1,0.5,0.7,1,19,6,0.0,0.0,0.0,0.0,0.0,0.06,0.21,0.26,0.06,0.26,6,2,33.3,2.41,0.8,0.0,0.0,30,3,0.02,-0.1,-0.1,105,118,89.0,1818,559,53,57,93.0,42,46,91.3,9,12,75.0,0.1,-0.5,3,16,3,0,0,1,0,2,8,3.21,4,1,0,2,1,0,0,0,0,0,0,0,0,0,8,6,2,5,1,2,3,66.7,1,1,0,1,9,3,0,144,5,34,83,27,0,144,2,1,50.0,1,50.0,78,394,151,5,0,2,2,82,0,7,2,0,0,0,0,11,5,1,83.3
Lennard Maloney,USA,MF,Heidenheim,Bundesliga,25,1999,10,9,670,7.4,0,0,0,0,0,0,1,0,0.3,0.3,0.0,0.4,1,12,0,0.0,0.0,0.0,0.0,0.0,0.04,0.0,0.05,0.04,0.05,3,0,0.0,0.4,0.0,0.0,0.0,10,0,0.11,-0.3,-0.3,179,249,71.9,3441,1159,68,85,80.0,87,103,84.5,21,46,45.7,0.1,0.0,1,9,0,0,0,2,0,6,7,0.94,6,0,0,1,0,0,0,0,0,0,0,0,0,0,17,8,11,5,1,11,16,68.8,5,9,2,11,28,37,0,348,37,170,158,22,5,348,4,1,25.0,3,75.0,134,455,185,1,0,11,1,148,0,11,4,1,0,0,0,34,16,12,57.1
Dennis Man,ROU,"FW,MF",Parma,Serie A,26,1998,14,13,1069,11.9,4,3,7,4,0,0,0,0,2.6,2.6,2.8,5.4,35,36,81,0.34,0.25,0.59,0.34,0.59,0.22,0.24,0.45,0.22,0.45,28,10,35.7,2.36,0.84,0.14,0.4,16,0,0.09,1.4,1.4,331,414,80.0,4822,1366,208,244,85.2,95,112,84.8,19,30,63.3,1.4,0.2,30,22,15,3,2,2,19,15,57,4.8,42,6,5,2,1,1,6,0,4,1,0,1,0,0,5,3,3,1,1,4,14,28.6,10,4,1,7,12,6,0,534,4,57,213,271,53,534,43,18,41.9,22,51.2,324,2200,865,18,15,24,15,384,0,6,10,2,0,0,0,42,2,10,16.7
Hianga Mananga Mbock,FRA,MF,Brest,Ligue 1,25,1999,1,0,21,0.2,0,0,0,0,0,0,0,0,0.0,0.0,0.0,0.0,0,0,0,0.0,0.0,0.0,0.0,0.0,0.07,0.0,0.07,0.07,0.07,1,1,100.0,4.29,4.29,0.0,0.0,36,0,0.02,0.0,0.0,14,17,82.4,232,77,8,9,88.9,6,7,85.7,0,1,0.0,0.0,0.0,0,0,0,0,0,0,0,0,0,0.0,0,0,0,0,0,0,0,0,0,0,0,0,0,0,0,0,0,0,0,0,0,0.0,0,0,0,1,1,0,0,19,0,0,13,6,0,19,0,0,0.0,0,0.0,14,66,19,1,0,0,0,15,0,1,0,0,0,0,0,0,1,0,100.0
Gianluca Mancini,ITA,DF,Roma,Serie A,28,1996,14,14,1179,13.1,0,0,0,0,0,0,3,0,0.6,0.6,0.7,1.2,30,70,10,0.0,0.0,0.0,0.0,0.0,0.04,0.05,0.09,0.04,0.09,9,2,22.2,0.69,0.15,0.0,0.0,12,0,0.06,-0.6,-0.6,716,833,86.0,12840,4128,274,295,92.9,382,417,91.6,49,94,52.1,0.4,-0.7,9,68,12,3,1,1,19,10,19,1.45,17,0,0,1,1,0,1,0,1,0,0,0,0,0,16,8,8,6,2,10,12,83.3,2,9,6,15,31,21,0,927,52,310,486,134,22,927,5,0,0.0,3,60.0,582,2694,1656,29,3,8,1,693,0,18,12,2,0,0,0,35,15,15,50.0
Reinildo Mandava,MOZ,DF,Atlético Madrid,La Liga,30,1994,13,7,647,7.2,0,0,0,0,0,0,3,0,0.1,0.1,0.1,0.2,8,22,6,0.0,0.0,0.0,0.0,0.0,0.01,0.02,0.03,0.01,0.03,1,1,100.0,0.14,0.14,0.0,0.0,9,0,0.07,-0.1,-0.1,361,435,83.0,5614,2085,185,200,92.5,154,187,82.4,15,34,44.1,0.1,-0.1,2,17,2,0,0,1,3,5,7,0.98,6,0,0,0,0,1,1,0,0,0,0,0,0,1,16,10,8,7,1,9,16,56.3,7,7,3,10,26,25,0,506,37,218,222,68,4,506,7,2,28.6,3,42.9,290,1180,594,9,0,5,4,323,0,13,8,1,0,0,0,34,6,10,37.5
Aïssa Mandi,ALG,DF,Lille,Ligue 1,33,1991,9,8,705,7.8,0,0,0,0,0,0,2,0,0.1,0.1,0.1,0.2,7,35,10,0.0,0.0,0.0,0.0,0.0,0.01,0.02,0.02,0.01,0.02,2,1,50.0,0.26,0.13,0.0,0.0,8,0,0.03,-0.1,-0.1,411,456,90.1,8138,2592,145,157,92.4,204,217,94.0,57,68,83.8,0.2,-0.1,1,45,4,2,0,7,3,2,10,1.28,9,0,0,1,0,0,1,0,1,0,0,0,0,0,12,7,3,7,2,6,10,60.0,4,12,8,5,17,18,0,520,42,166,297,57,6,520,2,1,50.0,1,50.0,274,1089,624,8,0,4,1,360,0,4,5,1,0,0,0,23,5,9,35.7
Rolando Mandragora,ITA,MF,Fiorentina,Serie A,27,1997,8,4,304,3.4,0,0,0,0,0,0,3,0,0.2,0.2,0.7,0.8,4,13,3,0.0,0.0,0.0,0.0,0.0,0.05,0.2,0.25,0.05,0.25,7,3,42.9,2.07,0.89,0.0,0.0,27,1,0.02,-0.2,-0.2,131,165,79.4,2494,752,57,65,87.7,63,78,80.8,11,20,55.0,0.6,-0.7,5,15,3,2,0,3,3,1,10,2.96,6,1,0,0,2,1,0,0,0,0,0,0,0,0,2,0,1,0,1,0,1,0.0,1,3,1,6,8,5,1,192,8,41,114,37,2,192,1,0,0.0,0,0.0,108,542,272,5,0,0,1,136,0,6,9,0,0,0,0,10,4,0,100.0
Orel Mangala,BEL,MF,Everton,Premier League,26,1998,10,5,498,5.5,0,0,0,0,0,0,0,0,0.3,0.3,0.4,0.7,3,20,9,0.0,0.0,0.0,0.0,0.0,0.06,0.08,0.13,0.06,0.13,6,1,16.7,1.08,0.18,0.0,0.0,22,0,0.05,-0.3,-0.3,200,225,88.9,3168,797,94,105,89.5,96,103,93.2,6,8,75.0,0.5,-0.4,3,19,3,0,0,0,2,4,14,2.53,9,1,2,1,1,0,1,0,0,0,0,0,1,0,11,5,1,10,0,4,6,66.7,2,0,0,12,23,4,0,273,6,51,157,67,5,273,10,8,80.0,2,20.0,142,807,299,4,2,4,5,181,0,12,9,0,0,0,0,26,1,5,16.7
Orel Mangala,BEL,MF,Lyon,Ligue 1,26,1998,1,1,67,0.7,0,0,0,0,0,0,0,0,0.1,0.1,0.0,0.1,1,7,3,0.0,0.0,0.0,0.0,0.0,0.07,0.03,0.1,0.07,0.1,1,0,0.0,1.34,0.0,0.0,0.0,21,0,0.05,-0.1,-0.1,29,32,90.6,535,176,10,10,100.0,11,11,100.0,6,6,100.0,0.1,0.0,1,5,0,0,0,0,1,2,3,4.03,3,0,0,0,0,0,0,0,0,0,0,0,0,0,1,0,0,0,1,0,1,0.0,1,2,0,0,1,1,0,42,1,5,27,10,2,42,3,0,0.0,3,100.0,26,128,62,0,0,0,0,29,0,0,0,0,0,0,0,6,0,0,0.0
Ryan Manning,IRL,"DF,FW",Southampton,Premier League,28,1996,6,6,419,4.7,0,0,0,0,0,0,1,0,0.1,0.1,0.7,0.7,4,3,31,0.0,0.0,0.0,0.0,0.0,0.02,0.14,0.16,0.02,0.16,2,0,0.0,0.43,0.0,0.0,0.0,17,0,0.04,-0.1,-0.1,139,180,77.2,2312,586,67,72,93.1,58,69,84.1,10,28,35.7,0.7,-0.7,8,1,2,2,0,1,24,4,12,2.58,5,6,0,0,0,1,0,0,0,0,0,0,0,0,7,4,2,3,2,4,5,80.0,1,8,5,3,10,9,0,224,22,59,85,83,11,224,9,5,55.6,4,44.4,116,428,219,3,2,5,1,147,0,5,8,0,0,0,0,7,4,1,80.0
Javier Manquillo,ESP,DF,Celta Vigo,La Liga,30,1994,9,7,494,5.5,0,0,0,0,0,0,1,0,0.0,0.0,0.0,0.0,3,21,5,0.0,0.0,0.0,0.0,0.0,0.0,0.0,0.0,0.0,0.0,0,0,0.0,0.0,0.0,0.0,0.0,0,0,0.0,0.0,0.0,298,336,88.7,4941,1395,141,154,91.6,144,153,94.1,11,21,52.4,0.1,0.0,0,17,2,0,1,0,3,5,1,0.18,1,0,0,0,0,0,0,0,0,0,0,0,0,0,7,5,4,3,0,2,9,22.2,7,5,3,7,14,13,0,375,18,151,194,31,1,375,1,0,0.0,1,100.0,229,968,433,5,1,1,0,279,0,9,1,0,0,0,0,16,5,8,38.5
Johan Manzambi,SUI,FW,Freiburg,Bundesliga,19,2005,1,0,10,0.1,0,0,0,0,0,0,0,0,0.0,0.0,0.0,0.0,0,1,1,0.0,0.0,0.0,0.0,0.0,0.0,0.0,0.0,0.0,0.0,0,0,0.0,0.0,0.0,0.0,0.0,0,0,0.0,0.0,0.0,5,5,100.0,90,27,2,2,100.0,2,2,100.0,1,1,100.0,0.0,0.0,0,0,0,0,0,0,0,0,1,9.0,1,0,0,0,0,0,0,0,0,0,0,0,0,0,0,0,0,0,0,0,0,0.0,0,0,0,0,0,0,0,6,0,1,4,1,0,6,0,0,0.0,0,0.0,4,24,7,0,0,1,0,5,0,0,1,0,0,0,0,0,0,0,0.0
Alberto Manzoni,ITA,MF,Atalanta,Serie A,19,2005,1,0,6,0.1,0,0,0,0,0,0,0,0,0.1,0.1,0.0,0.1,0,0,0,0.0,0.0,0.0,0.0,0.0,0.94,0.0,0.94,0.94,0.94,1,0,0.0,15.0,0.0,0.0,0.0,23,0,0.06,-0.1,-0.1,11,12,91.7,196,29,5,6,83.3,6,6,100.0,0,0,0.0,0.0,0.0,0,4,0,0,0,0,0,0,1,15.0,0,0,0,0,1,0,0,0,0,0,0,0,0,0,0,0,0,0,0,0,0,0.0,0,0,0,0,0,0,0,14,0,3,10,1,0,14,0,0,0.0,0,0.0,8,25,12,0,0,0,0,13,0,1,1,0,0,0,0,0,1,0,100.0
Sekou Mara,FRA,"FW,MF",Strasbourg,Ligue 1,22,2002,12,4,492,5.5,1,1,2,1,0,0,2,0,0.9,0.9,1.0,1.9,5,7,26,0.18,0.18,0.37,0.18,0.37,0.16,0.18,0.34,0.16,0.34,12,3,25.0,2.2,0.55,0.08,0.33,16,0,0.08,0.1,0.1,75,105,71.4,1086,223,44,56,78.6,27,34,79.4,2,4,50.0,0.2,0.0,5,8,2,0,2,0,1,6,8,1.46,4,0,1,3,0,0,2,0,0,0,0,2,0,0,7,4,0,4,3,2,6,33.3,4,3,0,3,10,2,0,177,3,16,102,61,15,177,20,7,35.0,11,55.0,122,538,174,4,2,20,11,135,0,15,9,3,0,0,0,14,13,11,54.2
Alessandro Marcandalli,ITA,DF,Genoa,Serie A,22,2002,2,1,46,0.5,0,0,0,0,0,0,0,0,0.0,0.0,0.0,0.0,0,1,0,0.0,0.0,0.0,0.0,0.0,0.0,0.0,0.0,0.0,0.0,0,0,0.0,0.0,0.0,0.0,0.0,0,0,0.0,0.0,0.0,12,20,60.0,236,47,3,4,75.0,8,13,61.5,1,1,100.0,0.0,0.0,0,0,0,0,0,0,0,1,0,0.0,0,0,0,0,0,0,0,0,0,0,0,0,0,0,1,0,1,0,0,0,0,0.0,0,0,0,0,1,2,0,24,6,17,6,1,0,24,0,0,0.0,0,0.0,11,20,4,1,0,0,0,11,0,0,0,0,0,0,0,3,2,0,100.0
Marcão,BRA,DF,Sevilla,La Liga,28,1996,8,5,456,5.1,0,0,0,0,0,0,4,1,0.0,0.0,0.0,0.0,0,17,0,0.0,0.0,0.0,0.0,0.0,0.0,0.0,0.0,0.0,0.0,0,0,0.0,0.0,0.0,0.0,0.0,0,0,0.0,0.0,0.0,223,254,87.8,3831,1541,104,107,97.2,103,113,91.2,15,27,55.6,0.0,0.0,0,11,0,0,0,0,0,4,1,0.2,1,0,0,0,0,0,0,0,0,0,0,0,0,0,9,6,6,3,0,2,3,66.7,1,9,6,6,15,23,1,313,45,186,123,5,2,313,3,0,0.0,1,33.3,169,775,329,0,0,4,3,195,1,7,8,0,0,1,0,22,13,5,72.2
Filip Marchwiński,POL,MF,Lecce,Serie A,22,2002,1,0,15,0.2,0,0,0,0,0,0,0,0,0.0,0.0,0.0,0.0,0,0,0,0.0,0.0,0.0,0.0,0.0,0.0,0.0,0.0,0.0,0.0,0,0,0.0,0.0,0.0,0.0,0.0,0,0,0.0,0.0,0.0,4,5,80.0,60,6,2,3,66.7,2,2,100.0,0,0,0.0,0.0,0.0,0,0,0,0,0,0,0,1,0,0.0,0,0,0,0,0,0,0,0,0,0,0,0,0,0,0,0,0,0,0,0,0,0.0,0,0,0,0,0,0,0,5,0,0,2,3,0,5,0,0,0.0,0,0.0,3,6,1,0,0,0,0,4,0,0,1,0,0,0,0,1,0,0,0.0
Óscar De Marcos,ESP,DF,Athletic Club,La Liga,35,1989,11,9,808,9.0,0,4,4,0,0,0,0,0,0.0,0.0,1.3,1.4,12,50,39,0.0,0.45,0.45,0.0,0.45,0.01,0.15,0.15,0.01,0.15,1,0,0.0,0.11,0.0,0.0,0.0,16,0,0.05,0.0,0.0,414,531,78.0,7202,2843,187,213,87.8,191,228,83.8,36,74,48.6,1.0,2.7,9,50,9,5,2,1,26,11,19,2.12,17,2,0,0,0,0,6,0,6,0,0,0,0,0,19,10,10,8,1,13,23,56.5,10,10,1,10,29,18,0,605,21,167,310,130,7,605,7,1,14.3,6,85.7,227,868,402,7,1,5,6,313,0,9,2,0,0,0,0,47,6,6,50.0
Alberto Marí,ESP,FW,Valencia,La Liga,23,2001,1,0,7,0.1,0,0,0,0,0,0,0,0,0.0,0.0,0.0,0.0,0,1,2,0.0,0.0,0.0,0.0,0.0,0.0,0.0,0.0,0.0,0.0,0,0,0.0,0.0,0.0,0.0,0.0,0,0,0.0,0.0,0.0,2,4,50.0,33,7,1,1,100.0,1,1,100.0,0,1,0.0,0.0,0.0,0,0,0,0,0,0,0,0,1,12.86,1,0,0,0,0,0,0,0,0,0,0,0,0,0,0,0,0,0,0,0,0,0.0,0,0,0,0,0,0,0,4,0,0,3,1,0,4,0,0,0.0,0,0.0,2,11,10,0,0,0,0,4,0,1,0,0,0,0,0,0,0,0,0.0
Pablo Marí,ESP,DF,Monza,Serie A,31,1993,14,14,1260,14.0,0,0,0,0,0,0,2,0,0.2,0.2,0.1,0.2,4,30,1,0.0,0.0,0.0,0.0,0.0,0.01,0.01,0.02,0.01,0.02,2,0,0.0,0.14,0.0,0.0,0.0,9,0,0.08,-0.2,-0.2,753,838,89.9,14603,5339,239,249,96.0,425,443,95.9,80,129,62.0,0.1,-0.1,2,33,0,0,0,2,1,1,12,0.86,11,0,0,0,0,1,1,0,1,0,0,0,0,0,16,9,10,6,0,7,16,43.8,9,19,18,29,45,70,1,985,189,600,379,9,3,985,5,5,100.0,0,0.0,566,2356,1127,4,0,4,4,663,0,21,3,0,0,0,0,35,30,15,66.7
José María Giménez,URU,DF,Atlético Madrid,La Liga,29,1995,13,10,1018,11.3,0,0,0,0,0,0,1,0,0.3,0.3,0.0,0.3,0,28,0,0.0,0.0,0.0,0.0,0.0,0.03,0.0,0.03,0.03,0.03,4,1,25.0,0.35,0.09,0.0,0.0,9,0,0.08,-0.3,-0.3,605,665,91.0,12818,4758,155,168,92.3,361,376,96.0,83,110,75.5,0.1,0.0,0,33,0,0,1,14,0,2,3,0.27,3,0,0,0,0,0,0,0,0,0,0,0,0,0,10,7,6,4,0,8,15,53.3,7,15,11,14,24,51,1,774,152,422,339,15,8,774,0,0,0.0,0,0.0,459,1898,938,1,0,3,3,531,0,4,5,0,0,0,1,37,14,19,42.4
Luca Marianucci,ITA,DF,Empoli,Serie A,20,2004,2,0,27,0.3,0,0,0,0,0,0,0,0,0.0,0.0,0.0,0.0,1,1,0,0.0,0.0,0.0,0.0,0.0,0.0,0.0,0.0,0.0,0.0,0,0,0.0,0.0,0.0,0.0,0.0,0,0,0.0,0.0,0.0,14,14,100.0,216,66,7,7,100.0,7,7,100.0,0,0,0.0,0.0,0.0,0,3,0,0,0,0,0,0,1,3.33,1,0,0,0,0,0,0,0,0,0,0,0,0,0,2,1,2,0,0,1,3,33.3,2,0,0,0,2,3,0,19,3,10,8,1,0,19,1,1,100.0,0,0.0,9,30,25,0,0,0,0,12,0,1,0,0,0,0,0,2,1,1,50.0
Mirko Marić,CRO,FW,Monza,Serie A,29,1995,4,1,73,0.8,0,0,0,0,0,0,0,0,0.2,0.2,0.0,0.2,0,1,4,0.0,0.0,0.0,0.0,0.0,0.22,0.0,0.22,0.22,0.22,1,0,0.0,1.23,0.0,0.0,0.0,16,0,0.18,-0.2,-0.2,17,28,60.7,232,66,12,20,60.0,5,6,83.3,0,0,0.0,0.0,0.0,0,1,0,0,0,0,0,1,1,1.22,1,0,0,0,0,0,0,0,0,0,0,0,0,0,0,0,0,0,0,0,0,0.0,0,1,1,1,1,1,0,38,1,7,20,11,3,38,0,0,0.0,0,0.0,13,48,18,0,0,3,1,28,0,1,1,0,0,0,0,2,6,8,42.9
Pablo Marín,ESP,MF,Real Sociedad,La Liga,21,2003,4,0,81,0.9,0,0,0,0,0,0,0,0,0.0,0.0,0.0,0.0,1,3,7,0.0,0.0,0.0,0.0,0.0,0.0,0.01,0.01,0.0,0.01,0,0,0.0,0.0,0.0,0.0,0.0,0,0,0.0,0.0,0.0,25,41,61.0,403,75,13,17,76.5,9,18,50.0,3,4,75.0,0.1,0.0,1,1,2,0,0,0,1,1,1,1.11,1,0,0,0,0,0,0,0,0,0,0,0,0,0,3,2,1,2,0,1,2,50.0,1,0,0,0,3,1,0,52,1,8,26,19,0,52,3,3,100.0,0,0.0,23,129,51,2,0,4,1,29,0,5,1,0,0,0,0,8,3,3,50.0
Răzvan Marin,ROU,MF,Cagliari,Serie A,28,1996,13,9,807,9.0,3,0,3,1,2,2,4,0,2.2,0.6,2.0,2.6,14,39,18,0.33,0.0,0.33,0.11,0.11,0.24,0.22,0.47,0.07,0.29,13,5,38.5,1.45,0.56,0.08,0.2,23,1,0.05,0.8,0.4,307,405,75.8,5649,1813,144,168,85.7,121,141,85.8,39,84,46.4,2.2,-2.0,23,34,9,1,3,2,48,8,40,4.46,21,14,1,4,0,0,0,0,0,0,0,0,0,0,12,8,5,6,1,7,15,46.7,8,4,0,2,14,14,1,469,16,102,254,119,16,467,10,6,60.0,4,40.0,235,1221,591,9,3,5,9,279,0,15,6,0,0,0,0,40,8,7,53.3
Guillermo Maripán,CHI,DF,Torino,Serie A,30,1994,6,5,360,4.0,0,0,0,0,0,0,0,1,0.1,0.1,0.0,0.1,4,22,0,0.0,0.0,0.0,0.0,0.0,0.02,0.0,0.02,0.02,0.02,1,1,100.0,0.25,0.25,0.0,0.0,9,0,0.09,-0.1,-0.1,259,288,89.9,5290,1855,55,66,83.3,176,183,96.2,27,34,79.4,0.1,0.0,0,17,0,0,0,1,0,0,2,0.5,2,0,0,0,0,0,0,0,0,0,0,0,0,0,6,2,3,2,1,3,4,75.0,1,3,0,8,14,21,0,329,32,143,181,8,3,329,0,0,0.0,0,0.0,189,967,602,3,1,0,1,235,0,4,1,1,0,0,0,15,14,6,70.0
Mika Màrmol,ESP,DF,Las Palmas,La Liga,22,2002,9,7,599,6.7,0,0,0,0,0,0,2,0,0.1,0.1,0.2,0.3,3,26,9,0.0,0.0,0.0,0.0,0.0,0.01,0.03,0.05,0.01,0.05,3,0,0.0,0.45,0.0,0.0,0.0,12,0,0.03,-0.1,-0.1,335,410,81.7,5854,2267,149,160,93.1,154,179,86.0,27,56,48.2,0.6,-0.2,4,27,6,4,0,2,11,8,9,1.35,9,0,0,0,0,0,2,0,2,0,0,0,0,0,14,4,8,5,1,6,10,60.0,4,14,6,10,24,22,0,480,48,210,224,47,5,480,2,2,100.0,0,0.0,252,1263,815,4,0,2,1,311,0,8,2,0,0,1,0,22,3,5,37.5
Omar Marmoush,EGY,"FW,MF",Eint Frankfurt,Bundesliga,25,1999,12,12,1003,11.1,13,7,20,11,2,2,2,0,6.8,5.2,5.0,10.2,54,30,84,1.17,0.63,1.79,0.99,1.62,0.61,0.45,1.06,0.47,0.92,51,26,51.0,4.58,2.33,0.22,0.42,18,4,0.1,6.2,5.8,192,271,70.8,3313,1189,95,118,80.5,55,77,71.4,32,55,58.2,2.9,2.0,25,18,14,1,5,0,44,6,66,5.93,27,13,11,8,6,1,18,1,6,2,6,2,2,0,7,4,0,3,4,1,3,33.3,2,7,1,1,8,2,0,446,1,34,160,266,76,444,70,32,45.7,31,44.3,303,2352,1264,40,37,50,30,331,0,4,39,6,1,0,0,35,5,8,38.5
Mario Maroto,ESP,MF,Valladolid,La Liga,21,2003,1,0,19,0.2,0,1,1,0,0,0,0,0,0.0,0.0,0.1,0.1,0,1,0,0.0,4.74,4.74,0.0,4.74,0.0,0.32,0.32,0.0,0.32,0,0,0.0,0.0,0.0,0.0,0.0,0,0,0.0,0.0,0.0,11,15,73.3,200,65,6,6,100.0,3,4,75.0,2,2,100.0,0.0,0.9,1,2,0,0,0,0,0,1,2,9.47,2,0,0,0,0,0,1,4,1,0,0,0,0,0,0,0,0,0,0,0,1,0.0,1,0,0,2,2,1,0,19,1,4,11,4,1,19,1,1,100.0,0,0.0,5,16,3,0,0,0,0,7,0,0,0,0,0,0,0,1,1,1,50.0
Marquinhos,BRA,DF,Paris S-G,Ligue 1,30,1994,10,9,808,9.0,0,0,0,0,0,0,3,0,0.4,0.4,0.2,0.5,19,73,2,0.0,0.0,0.0,0.0,0.0,0.04,0.02,0.06,0.04,0.06,4,0,0.0,0.45,0.0,0.0,0.0,12,0,0.09,-0.4,-0.4,871,916,95.1,16440,4827,281,288,97.6,499,513,97.3,84,102,82.4,0.3,-0.2,3,104,1,1,1,3,1,3,15,1.67,13,0,1,0,0,1,0,0,0,0,0,0,0,0,15,11,5,7,3,11,14,78.6,3,14,6,5,20,24,0,981,76,278,640,68,6,981,3,3,100.0,0,0.0,658,3312,2239,16,0,1,0,791,0,10,4,1,0,0,0,53,16,10,61.5
Aarón Martín,ESP,DF,Genoa,Serie A,27,1997,13,13,1096,12.2,0,1,1,0,0,0,4,0,0.4,0.4,1.4,1.8,21,35,56,0.0,0.08,0.08,0.0,0.08,0.03,0.12,0.15,0.03,0.15,9,3,33.3,0.74,0.25,0.0,0.0,25,2,0.04,-0.4,-0.4,378,545,69.4,7105,2591,144,164,87.8,174,223,78.0,52,134,38.8,2.7,-0.4,27,31,13,10,0,1,111,7,44,3.61,22,18,1,1,2,0,3,0,2,1,0,0,0,0,29,21,14,13,2,13,19,68.4,6,12,4,6,35,20,1,642,29,142,268,240,12,642,13,7,53.8,5,38.5,294,1756,871,11,2,8,7,352,0,20,10,1,0,1,0,44,8,6,57.1
Carlos Martín,ESP,"FW,MF",Alavés,La Liga,22,2002,9,5,443,4.9,1,0,1,1,0,0,1,0,1.3,1.3,0.3,1.6,6,6,30,0.2,0.0,0.2,0.2,0.2,0.26,0.06,0.32,0.26,0.32,9,4,44.4,1.83,0.81,0.11,0.25,12,0,0.14,-0.3,-0.3,61,100,61.0,867,244,30,46,65.2,28,35,80.0,0,4,0.0,0.2,-0.3,2,2,2,1,0,0,7,10,6,1.22,2,0,2,1,1,0,0,0,0,0,0,0,0,0,11,4,4,5,2,3,19,15.8,16,8,1,0,11,6,0,163,5,33,65,66,18,163,8,2,25.0,6,75.0,88,357,122,2,1,7,10,100,0,11,11,1,0,0,0,17,4,7,36.4
Gerard Martín,ESP,DF,Barcelona,La Liga,22,2002,11,4,390,4.3,0,1,1,0,0,0,2,0,0.0,0.0,0.4,0.4,6,16,33,0.0,0.23,0.23,0.0,0.23,0.0,0.1,0.1,0.0,0.1,0,0,0.0,0.0,0.0,0.0,0.0,0,0,0.0,0.0,0.0,229,278,82.4,3732,1154,112,127,88.2,100,116,86.2,12,21,57.1,0.8,0.6,4,9,6,1,1,0,10,8,8,1.85,8,0,0,0,0,0,1,0,1,0,0,0,0,0,10,4,4,3,3,7,10,70.0,3,9,2,4,14,9,0,322,12,78,155,89,2,322,2,0,0.0,2,100.0,119,391,227,4,0,3,1,205,0,6,2,0,0,0,0,10,6,2,75.0
Iván Martín,ESP,MF,Girona,La Liga,25,1999,11,10,832,9.2,1,0,1,1,0,0,0,0,0.6,0.6,0.8,1.4,20,57,28,0.11,0.0,0.11,0.11,0.11,0.07,0.08,0.15,0.07,0.15,2,1,50.0,0.22,0.11,0.5,1.0,14,0,0.32,0.4,0.4,572,623,91.8,9069,1726,295,309,95.5,228,249,91.6,36,41,87.8,1.0,-0.8,10,45,3,0,1,0,4,5,20,2.16,20,0,0,0,0,0,2,0,2,0,0,0,0,0,13,8,8,4,1,5,15,33.3,10,11,1,5,18,3,1,691,10,127,413,161,5,691,21,12,57.1,7,33.3,457,2797,1289,18,0,14,10,553,0,6,6,0,0,0,0,56,2,2,50.0
Jon Martin,ESP,DF,Real Sociedad,La Liga,18,2006,2,0,90,1.0,0,0,0,0,0,0,1,0,0.1,0.1,0.0,0.1,0,2,0,0.0,0.0,0.0,0.0,0.0,0.08,0.0,0.08,0.08,0.08,2,0,0.0,2.0,0.0,0.0,0.0,12,0,0.04,-0.1,-0.1,20,30,66.7,466,146,1,3,33.3,17,19,89.5,2,5,40.0,0.0,0.0,0,1,0,0,0,0,0,1,1,1.0,0,0,0,1,0,0,0,0,0,0,0,0,0,0,0,0,0,0,0,0,0,0.0,0,1,1,1,1,6,0,44,8,28,13,3,2,44,0,0,0.0,0,0.0,18,58,31,1,0,0,0,20,0,6,0,0,0,0,0,3,7,3,70.0
Jonas Martin,FRA,MF,Brest,Ligue 1,34,1990,12,5,458,5.1,1,0,1,1,0,0,2,0,0.3,0.3,0.3,0.7,8,19,7,0.2,0.0,0.2,0.2,0.2,0.07,0.07,0.13,0.07,0.13,2,1,50.0,0.39,0.2,0.5,1.0,4,0,0.17,0.7,0.7,240,273,87.9,3811,941,128,139,92.1,90,99,90.9,15,21,71.4,0.4,-0.3,3,17,3,2,0,1,3,6,8,1.57,8,0,0,0,0,0,2,0,2,0,0,0,0,0,11,5,8,2,1,5,10,50.0,5,3,0,6,17,11,1,322,18,84,188,51,4,322,4,2,50.0,1,25.0,145,694,336,5,0,4,4,220,0,7,10,0,0,1,0,28,5,9,35.7
Mario Martín,ESP,MF,Valladolid,La Liga,20,2004,12,7,642,7.1,0,1,1,0,0,0,3,1,0.3,0.3,0.3,0.6,5,27,8,0.0,0.14,0.14,0.0,0.14,0.04,0.04,0.08,0.04,0.08,8,4,50.0,1.12,0.56,0.0,0.0,25,0,0.04,-0.3,-0.3,232,274,84.7,4342,1121,100,116,86.2,94,103,91.3,30,40,75.0,0.5,0.7,3,27,0,0,0,2,2,4,15,2.1,7,1,1,1,5,0,1,0,1,0,0,0,0,0,22,12,11,10,1,10,22,45.5,12,9,1,7,29,18,3,368,27,113,195,63,10,368,16,10,62.5,5,31.3,200,1195,499,4,2,17,13,222,0,17,18,0,0,0,0,27,13,14,48.1
Gabriel Martinelli,BRA,"MF,FW",Arsenal,Premier League,23,2001,11,8,682,7.6,3,2,5,3,0,0,0,0,2.1,2.1,1.7,3.8,39,15,89,0.4,0.26,0.66,0.4,0.66,0.27,0.23,0.5,0.27,0.5,13,7,53.8,1.72,0.92,0.23,0.43,13,0,0.16,0.9,0.9,152,213,71.4,2268,480,94,116,81.0,49,67,73.1,7,13,53.8,1.8,0.3,12,3,10,5,0,1,24,12,21,2.77,18,0,2,1,0,0,2,0,2,0,0,0,0,0,9,7,1,3,5,4,11,36.4,7,4,0,1,10,9,0,295,7,37,77,188,51,295,35,14,40.0,13,37.1,182,1508,876,16,16,15,13,209,0,5,6,2,0,0,0,27,7,8,46.7
Arnau Martinez,ESP,DF,Girona,La Liga,21,2003,12,10,888,9.9,1,1,2,1,0,0,2,0,0.4,0.4,0.9,1.3,12,69,39,0.1,0.1,0.2,0.1,0.2,0.04,0.09,0.13,0.04,0.13,5,2,40.0,0.51,0.2,0.2,0.5,16,0,0.07,0.6,0.6,649,744,87.2,10488,3008,326,344,94.8,280,319,87.8,35,61,57.4,0.8,0.1,7,68,7,2,3,2,27,7,18,1.82,13,1,1,1,1,1,1,0,1,0,0,0,0,0,18,11,10,4,4,12,17,70.6,5,4,2,4,22,25,2,822,29,234,429,169,18,822,11,6,54.5,4,36.4,449,2370,1086,10,2,9,5,588,0,6,12,0,0,1,0,34,9,10,47.4
Iñigo Martínez,ESP,DF,Barcelona,La Liga,33,1991,15,15,1330,14.8,0,1,1,0,0,0,3,0,0.3,0.3,1.6,1.9,31,114,2,0.0,0.07,0.07,0.0,0.07,0.02,0.11,0.13,0.02,0.13,7,1,14.3,0.47,0.07,0.0,0.0,15,0,0.04,-0.3,-0.3,1238,1367,90.6,23812,7967,452,481,94.0,651,686,94.9,127,175,72.6,0.8,-0.6,11,105,3,1,1,26,1,9,26,1.76,21,1,0,3,1,0,4,0,3,1,0,0,0,0,15,8,12,3,0,9,9,100.0,0,8,5,10,25,51,1,1473,87,549,881,49,15,1473,0,0,0.0,0,0.0,955,5586,4014,15,0,5,2,1122,0,10,16,0,0,0,0,57,36,17,67.9
Javi Martínez,ESP,MF,Osasuna,La Liga,25,1999,1,0,6,0.1,0,0,0,0,0,0,0,0,0.0,0.0,0.0,0.0,0,1,0,0.0,0.0,0.0,0.0,0.0,0.0,0.0,0.0,0.0,0.0,0,0,0.0,0.0,0.0,0.0,0.0,0,0,0.0,0.0,0.0,9,9,100.0,126,55,6,6,100.0,3,3,100.0,0,0,0.0,0.0,0.0,0,1,0,0,0,0,0,0,0,0.0,0,0,0,0,0,0,0,0,0,0,0,0,0,0,0,0,0,0,0,0,0,0.0,0,0,0,0,0,0,0,10,0,2,8,0,0,10,0,0,0.0,0,0.0,6,16,2,0,0,0,0,10,0,0,0,0,0,0,0,0,0,0,0.0
Lautaro Martínez,ARG,FW,Inter,Serie A,27,1997,11,11,896,10.0,5,2,7,5,0,0,0,0,3.9,3.9,1.3,5.2,8,20,59,0.5,0.2,0.7,0.5,0.7,0.39,0.13,0.52,0.39,0.52,32,12,37.5,3.21,1.21,0.16,0.42,13,0,0.12,1.1,1.1,139,192,72.4,2134,527,81,101,80.2,42,57,73.7,11,19,57.9,1.4,0.7,14,17,4,1,4,2,4,6,24,2.41,20,0,1,3,0,0,4,0,2,0,1,1,0,0,7,3,2,3,2,3,5,60.0,2,5,1,3,10,3,0,293,4,19,127,150,48,293,13,4,30.8,8,61.5,184,814,276,6,2,18,18,224,0,14,15,7,0,0,0,26,9,10,47.4
Lisandro Martínez,ARG,DF,Manchester Utd,Premier League,26,1998,11,11,976,10.8,0,0,0,0,0,0,5,0,0.8,0.8,0.1,0.9,7,64,5,0.0,0.0,0.0,0.0,0.0,0.07,0.01,0.09,0.07,0.09,7,3,42.9,0.65,0.28,0.0,0.0,15,0,0.12,-0.8,-0.8,695,774,89.8,11759,4253,299,316,94.6,362,387,93.5,30,60,50.0,0.4,-0.1,3,45,4,0,3,0,3,4,11,1.01,10,0,0,0,0,1,0,0,0,0,0,0,0,0,22,13,15,5,2,11,20,55.0,9,11,3,24,46,32,1,877,93,429,407,47,6,877,4,3,75.0,1,25.0,577,2806,1643,8,1,0,0,614,0,11,3,0,0,0,0,44,10,9,52.6
Lucas Martínez Quarta,ARG,DF,Fiorentina,Serie A,28,1996,8,4,351,3.9,1,0,1,1,0,0,1,0,0.7,0.7,0.0,0.7,3,14,2,0.26,0.0,0.26,0.26,0.26,0.19,0.01,0.19,0.19,0.19,3,1,33.3,0.77,0.26,0.33,1.0,12,0,0.24,0.3,0.3,226,255,88.6,4391,1769,78,83,94.0,121,132,91.7,26,36,72.2,0.1,0.0,1,15,0,0,0,3,0,1,4,1.03,4,0,0,0,0,0,0,0,0,0,0,0,0,0,12,7,9,3,0,8,13,61.5,5,5,2,3,15,25,1,316,39,157,139,21,6,316,2,2,100.0,0,0.0,181,1010,589,2,1,5,1,208,0,8,2,0,0,0,0,13,12,10,54.5
Toni Martínez,ESP,FW,Alavés,La Liga,27,1997,12,5,492,5.5,3,0,3,3,0,0,0,0,1.5,1.5,0.5,2.0,4,4,26,0.55,0.0,0.55,0.55,0.55,0.28,0.08,0.36,0.28,0.36,25,9,36.0,4.57,1.65,0.12,0.33,18,0,0.06,1.5,1.5,61,110,55.5,768,119,36,50,72.0,19,38,50.0,2,6,33.3,0.8,-0.5,7,3,3,1,2,2,4,1,16,2.93,10,0,1,2,2,1,1,0,0,0,0,1,0,0,5,3,0,3,2,0,1,0.0,1,5,2,0,5,7,0,183,7,11,71,103,40,183,4,3,75.0,1,25.0,70,273,91,3,3,17,2,121,0,10,5,2,0,1,0,16,36,30,54.5
Kevin Martins,ITA,DF,Monza,Serie A,19,2005,1,0,4,0.0,0,0,0,0,0,0,0,0,0.0,0.0,0.0,0.0,0,0,0,0.0,0.0,0.0,0.0,0.0,0.0,0.0,0.0,0.0,0.0,0,0,0.0,0.0,0.0,0.0,0.0,0,0,0.0,0.0,0.0,5,5,100.0,65,12,3,3,100.0,2,2,100.0,0,0,0.0,0.0,0.0,0,1,0,0,0,0,0,0,0,0.0,0,0,0,0,0,0,0,0,0,0,0,0,0,0,0,0,0,0,0,0,0,0.0,0,0,0,0,0,0,0,6,0,1,5,0,0,6,0,0,0.0,0,0.0,5,22,1,0,0,1,0,5,0,0,0,0,0,0,0,0,1,0,100.0
Javi Martón,ESP,"FW,MF",Athletic Club,La Liga,25,1999,3,0,53,0.6,0,0,0,0,0,0,1,0,0.0,0.0,0.0,0.0,0,0,3,0.0,0.0,0.0,0.0,0.0,0.0,0.0,0.0,0.0,0.0,0,0,0.0,0.0,0.0,0.0,0.0,0,0,0.0,0.0,0.0,6,7,85.7,68,2,4,5,80.0,2,2,100.0,0,0,0.0,0.0,0.0,0,1,0,0,0,0,0,0,1,1.73,1,0,0,0,0,0,0,0,0,0,0,0,0,0,0,0,0,0,0,0,0,0.0,0,0,0,0,0,0,0,14,0,1,8,5,0,14,0,0,0.0,0,0.0,6,8,1,0,0,5,0,8,0,1,0,1,0,0,0,2,2,1,66.7
Adam Marušić,MNE,DF,Lazio,Serie A,32,1992,13,6,671,7.5,0,0,0,0,0,0,1,0,0.1,0.1,0.1,0.2,5,24,26,0.0,0.0,0.0,0.0,0.0,0.01,0.02,0.02,0.01,0.02,2,1,50.0,0.27,0.13,0.0,0.0,26,0,0.03,-0.1,-0.1,325,382,85.1,4980,1605,170,186,91.4,130,154,84.4,14,25,56.0,0.1,-0.1,3,15,6,3,0,0,18,5,3,0.4,2,1,0,0,0,0,0,0,0,0,0,0,0,0,13,6,8,5,0,6,11,54.5,5,5,2,5,18,21,0,432,24,139,197,101,2,432,6,4,66.7,2,33.3,182,629,302,5,0,3,6,263,0,3,6,0,0,0,0,29,9,6,60.0
Marvin,ESP,"DF,FW",Las Palmas,La Liga,24,2000,7,5,427,4.7,0,0,0,0,0,0,1,0,0.0,0.0,0.6,0.6,17,11,24,0.0,0.0,0.0,0.0,0.0,0.0,0.12,0.12,0.0,0.12,0,0,0.0,0.0,0.0,0.0,0.0,0,0,0.0,0.0,0.0,146,199,73.4,2517,675,70,79,88.6,62,87,71.3,12,22,54.5,0.4,-0.6,2,11,5,4,0,0,21,7,4,0.84,3,1,0,0,0,0,0,0,0,0,0,0,0,0,10,5,5,3,2,5,17,29.4,12,4,1,5,15,14,0,245,15,64,118,66,7,245,3,1,33.3,2,66.7,119,902,465,11,1,8,2,118,0,8,8,0,0,1,0,25,2,6,25.0
Omar Mascarell,EQG,MF,Mallorca,La Liga,31,1993,13,6,639,7.1,0,0,0,0,0,0,2,0,0.2,0.2,0.0,0.2,5,22,2,0.0,0.0,0.0,0.0,0.0,0.02,0.01,0.03,0.02,0.03,3,1,33.3,0.42,0.14,0.0,0.0,19,0,0.05,-0.2,-0.2,245,282,86.9,4293,1197,116,124,93.5,91,98,92.9,30,45,66.7,0.1,0.0,1,21,1,0,0,7,0,3,2,0.28,1,0,0,0,1,0,0,0,0,0,0,0,0,0,14,7,7,7,0,8,14,57.1,6,11,6,14,28,22,2,365,33,127,213,27,1,365,6,4,66.7,1,16.7,159,801,330,6,1,3,3,213,0,9,5,0,0,0,0,30,9,9,50.0
Adam Masina,MAR,DF,Torino,Serie A,30,1994,13,12,1123,12.5,1,2,3,1,0,0,3,0,0.2,0.2,0.3,0.4,11,53,4,0.08,0.16,0.24,0.08,0.24,0.01,0.02,0.03,0.01,0.03,2,1,50.0,0.16,0.08,0.5,1.0,8,0,0.08,0.8,0.8,669,784,85.3,12142,4578,262,288,91.0,347,388,89.4,53,98,54.1,0.5,1.7,3,41,5,2,1,5,9,2,14,1.12,11,0,2,0,1,0,4,0,2,0,1,0,1,0,21,10,14,6,1,16,28,57.1,12,19,12,11,32,48,1,907,101,387,477,47,6,907,6,2,33.3,4,66.7,515,2425,1429,7,1,5,2,618,0,14,9,1,1,0,0,43,39,12,76.5
Patrizio Masini,ITA,"MF,FW",Genoa,Serie A,23,2001,4,0,73,0.8,0,0,0,0,0,0,0,0,0.2,0.2,0.0,0.2,2,2,1,0.0,0.0,0.0,0.0,0.0,0.19,0.02,0.2,0.19,0.2,1,0,0.0,1.23,0.0,0.0,0.0,14,0,0.15,-0.2,-0.2,11,18,61.1,179,72,4,6,66.7,5,6,83.3,1,2,50.0,0.0,0.0,1,1,0,0,0,0,1,2,3,3.7,2,0,0,0,1,0,0,0,0,0,0,0,0,0,6,3,2,4,0,1,1,100.0,0,4,0,0,6,3,0,38,3,7,22,11,6,38,1,0,0.0,0,0.0,13,79,44,1,0,3,0,13,0,2,2,0,0,0,0,5,1,2,33.3
Erhan Mašović,SRB,"DF,MF",Bochum,Bundesliga,26,1998,7,7,555,6.2,0,1,1,0,0,0,1,0,0.3,0.3,0.8,1.1,1,24,0,0.0,0.16,0.16,0.0,0.16,0.05,0.13,0.18,0.05,0.18,5,3,60.0,0.81,0.49,0.0,0.0,12,0,0.06,-0.3,-0.3,204,248,82.3,4548,1858,46,50,92.0,125,142,88.0,33,50,66.0,0.4,0.2,2,16,0,0,1,2,0,4,4,0.65,4,0,0,0,0,0,1,0,1,0,0,0,0,0,7,6,5,2,0,6,14,42.9,8,11,7,8,15,27,0,312,42,159,145,9,6,312,0,0,0.0,0,0.0,176,758,373,1,0,2,2,190,0,7,3,0,0,0,0,20,8,5,61.5
Clinton Mata,ANG,DF,Lyon,Ligue 1,32,1992,10,9,817,9.1,0,3,3,0,0,0,2,0,0.1,0.1,1.0,1.1,9,36,13,0.0,0.33,0.33,0.0,0.33,0.01,0.11,0.12,0.01,0.12,3,0,0.0,0.33,0.0,0.0,0.0,20,0,0.03,-0.1,-0.1,421,510,82.5,7390,2649,186,202,92.1,196,229,85.6,37,67,55.2,1.5,2.0,7,31,10,5,0,2,21,6,13,1.43,12,0,1,0,0,0,5,0,4,0,1,0,0,0,16,9,9,6,1,13,14,92.9,1,8,4,17,33,18,2,592,53,229,285,88,9,592,17,8,47.1,8,47.1,311,1726,1062,10,0,8,2,375,0,12,13,0,0,0,0,38,9,5,64.3
Jaime Mata,ESP,FW,Las Palmas,La Liga,36,1988,13,2,265,2.9,0,0,0,0,0,0,3,0,0.9,0.9,0.0,0.9,4,2,13,0.0,0.0,0.0,0.0,0.0,0.3,0.01,0.31,0.3,0.31,6,1,16.7,2.04,0.34,0.0,0.0,12,0,0.15,-0.9,-0.9,46,67,68.7,727,89,24,32,75.0,17,22,77.3,3,7,42.9,0.1,0.0,1,3,2,1,0,0,7,4,5,1.68,3,0,1,1,0,0,1,0,1,0,0,0,0,0,3,0,1,2,0,2,6,33.3,4,3,1,1,4,1,0,96,3,7,48,41,13,96,3,2,66.7,1,33.3,49,223,99,2,2,6,1,70,0,6,6,4,0,0,0,8,5,13,27.8
Igor Matanovic,CRO,FW,Eint Frankfurt,Bundesliga,21,2003,10,2,242,2.7,1,0,1,1,0,0,0,0,0.7,0.7,0.0,0.8,2,5,16,0.37,0.0,0.37,0.37,0.37,0.28,0.01,0.29,0.28,0.29,8,4,50.0,2.98,1.49,0.13,0.25,16,0,0.09,0.3,0.3,47,64,73.4,680,131,29,35,82.9,14,19,73.7,3,4,75.0,0.1,0.0,1,4,1,0,1,0,0,3,6,2.23,3,1,1,1,0,0,0,0,0,0,0,0,0,0,1,0,0,1,0,0,1,0.0,1,2,0,1,2,7,0,106,7,14,56,37,11,106,5,3,60.0,2,40.0,64,324,112,3,1,16,8,84,0,6,8,1,0,0,0,7,6,8,42.9
Pape Matar Sarr,SEN,MF,Tottenham,Premier League,22,2002,13,6,618,6.9,0,2,2,0,0,0,2,0,0.7,0.7,1.2,1.9,11,40,27,0.0,0.29,0.29,0.0,0.29,0.1,0.17,0.27,0.1,0.27,11,4,36.4,1.6,0.58,0.0,0.0,25,0,0.07,-0.7,-0.7,347,403,86.1,5471,1194,186,209,89.0,136,150,90.7,20,26,76.9,0.4,0.8,5,47,4,1,0,2,3,8,16,2.33,13,1,0,1,0,1,4,0,3,0,0,1,0,0,19,13,7,11,1,4,9,44.4,5,12,2,9,28,9,0,478,16,78,278,131,7,478,10,3,30.0,7,70.0,295,1779,788,15,0,6,5,338,0,11,15,0,0,0,0,48,13,8,61.9
Eliot Matazo,BEL,MF,Monaco,Ligue 1,22,2002,1,0,4,0.0,0,0,0,0,0,0,0,0,0.0,0.0,0.0,0.0,0,2,2,0.0,0.0,0.0,0.0,0.0,0.0,0.0,0.0,0.0,0.0,0,0,0.0,0.0,0.0,0.0,0.0,0,0,0.0,0.0,0.0,5,6,83.3,83,32,2,3,66.7,3,3,100.0,0,0,0.0,0.0,0.0,0,0,0,0,0,0,0,0,0,0.0,0,0,0,0,0,0,0,0,0,0,0,0,0,0,0,0,0,0,0,0,0,0.0,0,0,0,0,0,0,0,7,0,0,6,1,0,7,1,0,0.0,1,100.0,2,10,0,0,0,0,0,4,0,0,0,0,0,0,0,2,0,0,0.0
Jean-Philippe Mateta,FRA,FW,Crystal Palace,Premier League,27,1997,14,12,1024,11.4,4,1,5,3,1,1,2,0,4.3,3.5,1.5,5.0,14,21,49,0.35,0.09,0.44,0.26,0.35,0.38,0.13,0.51,0.31,0.44,26,7,26.9,2.29,0.62,0.12,0.43,14,0,0.13,-0.3,-0.5,113,178,63.5,1484,400,72,96,75.0,33,50,66.0,2,10,20.0,0.6,-0.5,13,10,4,0,2,0,14,6,21,1.85,16,0,1,3,1,0,2,0,1,0,1,0,0,0,6,5,2,3,1,0,5,0.0,5,6,0,1,7,13,0,279,13,27,120,137,37,278,8,3,37.5,5,62.5,125,626,295,8,5,25,9,194,0,12,8,6,0,0,0,25,24,41,36.9
Nemanja Matić,SRB,MF,Lyon,Ligue 1,36,1988,10,9,756,8.4,0,0,0,0,0,0,0,0,0.0,0.0,0.5,0.5,16,64,8,0.0,0.0,0.0,0.0,0.0,0.01,0.05,0.06,0.01,0.06,1,1,100.0,0.12,0.12,0.0,0.0,5,0,0.04,0.0,0.0,442,507,87.2,7708,2287,199,218,91.3,188,205,91.7,42,57,73.7,0.6,-0.5,7,72,2,0,1,5,3,8,20,2.38,19,0,0,1,0,0,2,0,2,0,0,0,0,0,15,13,5,9,1,7,15,46.7,8,11,6,6,21,13,0,563,23,112,362,94,8,563,4,3,75.0,1,25.0,306,1563,856,17,2,4,7,391,0,8,2,0,0,0,0,57,5,6,45.5
Chrislain Matsima,FRA,DF,Augsburg,Bundesliga,22,2002,8,6,587,6.5,0,0,0,0,0,0,2,0,0.2,0.2,0.0,0.2,3,15,5,0.0,0.0,0.0,0.0,0.0,0.03,0.0,0.03,0.03,0.03,3,0,0.0,0.46,0.0,0.0,0.0,14,0,0.06,-0.2,-0.2,196,244,80.3,3245,1297,95,113,84.1,89,97,91.8,9,27,33.3,0.1,0.0,0,13,1,0,0,0,1,3,0,0.0,0,0,0,0,0,0,0,0,0,0,0,0,0,0,3,3,3,0,0,2,6,33.3,4,16,8,16,19,36,0,328,54,173,136,24,3,328,3,3,100.0,0,0.0,163,774,430,6,0,8,5,164,0,5,4,0,0,0,0,37,17,10,63.0
Jean Mattéo Bahoya,FRA,MF,Eint Frankfurt,Bundesliga,19,2005,6,1,152,1.7,0,1,1,0,0,0,0,0,0.1,0.1,0.4,0.5,5,5,18,0.0,0.59,0.59,0.0,0.59,0.06,0.22,0.29,0.06,0.29,1,0,0.0,0.59,0.0,0.0,0.0,15,0,0.11,-0.1,-0.1,40,53,75.5,642,170,16,21,76.2,18,23,78.3,3,3,100.0,0.3,0.6,2,2,3,0,1,1,3,2,5,2.98,3,0,0,1,1,0,2,1,1,0,0,0,1,0,5,5,3,2,0,4,8,50.0,4,1,0,1,6,0,0,76,2,15,29,32,7,76,6,3,50.0,3,50.0,42,193,99,2,3,5,4,48,0,1,2,0,0,0,0,3,1,0,100.0
Alan Matturro,URU,DF,Genoa,Serie A,20,2004,7,6,562,6.2,0,0,0,0,0,0,1,0,0.1,0.1,0.2,0.3,6,12,8,0.0,0.0,0.0,0.0,0.0,0.02,0.03,0.05,0.02,0.05,3,3,100.0,0.48,0.48,0.0,0.0,16,0,0.05,-0.1,-0.1,155,206,75.2,3080,1186,45,59,76.3,91,105,86.7,17,31,54.8,0.3,-0.2,2,7,4,2,0,1,5,4,6,0.96,6,0,0,0,0,0,0,0,0,0,0,0,0,0,8,4,3,5,0,3,12,25.0,9,5,2,9,17,17,0,262,28,125,105,34,7,262,2,1,50.0,1,50.0,122,659,349,3,0,5,2,141,0,7,5,1,0,0,0,18,10,14,41.7
Azor Matusiwa,NED,MF,Rennes,Ligue 1,26,1998,12,11,922,10.2,0,0,0,0,0,0,1,0,0.2,0.2,0.6,0.8,5,68,7,0.0,0.0,0.0,0.0,0.0,0.02,0.06,0.08,0.02,0.08,5,0,0.0,0.49,0.0,0.0,0.0,24,0,0.05,-0.2,-0.2,447,512,87.3,7476,2245,219,246,89.0,188,204,92.2,35,41,85.4,0.8,-0.6,8,50,12,1,2,4,1,8,20,1.95,18,1,0,0,1,0,1,0,1,0,0,0,0,0,34,19,17,16,1,18,23,78.3,5,13,4,16,50,17,0,614,30,140,378,100,3,614,8,7,87.5,1,12.5,286,1208,459,6,1,6,4,364,0,18,12,0,0,1,0,63,10,7,58.8
Neal Maupay,FRA,FW,Marseille,Ligue 1,28,1996,9,6,452,5.0,2,3,5,2,0,0,3,1,1.8,1.8,1.5,3.3,4,16,30,0.4,0.6,1.0,0.4,1.0,0.36,0.3,0.66,0.36,0.66,11,5,45.5,2.19,1.0,0.18,0.4,9,0,0.16,0.2,0.2,120,146,82.2,1684,318,70,80,87.5,35,44,79.5,8,9,88.9,0.6,1.5,7,5,5,0,0,0,1,6,11,2.19,11,0,0,0,0,0,3,0,3,0,0,0,0,0,6,3,1,4,1,2,2,100.0,0,4,0,0,6,0,0,194,2,13,100,82,23,194,6,2,33.3,4,66.7,106,386,142,5,2,18,7,148,1,5,5,1,0,0,0,9,2,7,22.2
Stephy Mavididi,ENG,"FW,MF",Leicester City,Premier League,26,1998,13,7,673,7.5,2,0,2,2,0,0,2,0,1.0,1.0,0.9,1.9,34,31,58,0.27,0.0,0.27,0.27,0.27,0.14,0.12,0.26,0.14,0.26,11,3,27.3,1.47,0.4,0.18,0.67,14,0,0.09,1.0,1.0,185,250,74.0,2705,725,95,104,91.3,59,85,69.4,11,21,52.4,2.0,-0.9,11,12,13,1,4,0,22,9,26,3.47,21,2,2,1,0,0,5,0,4,0,1,0,0,0,15,10,7,5,3,7,19,36.8,12,14,1,1,16,4,0,364,9,52,150,171,25,364,45,18,40.0,24,53.3,252,1751,899,14,9,19,22,265,0,10,9,0,0,0,0,38,6,8,42.9
Konstantinos Mavropanos,GRE,DF,West Ham,Premier League,27,1997,11,8,774,8.6,0,0,0,0,0,0,1,0,0.6,0.6,0.2,0.9,10,26,2,0.0,0.0,0.0,0.0,0.0,0.07,0.03,0.1,0.07,0.1,9,2,22.2,1.05,0.23,0.0,0.0,16,0,0.07,-0.6,-0.6,393,464,84.7,7453,2559,143,157,91.1,213,237,89.9,33,57,57.9,0.3,-0.2,1,31,1,1,0,10,2,6,9,1.05,6,0,0,2,0,1,0,0,0,0,0,0,0,0,15,12,11,3,1,6,10,60.0,4,13,9,16,31,42,0,561,83,261,274,30,9,561,10,6,60.0,3,30.0,316,1631,968,5,1,3,0,360,0,6,5,2,0,0,0,28,21,4,84.0
Christian Mawissa,FRA,DF,Monaco,Ligue 1,19,2005,6,4,391,4.3,0,0,0,0,0,0,0,0,0.0,0.0,0.0,0.0,5,9,4,0.0,0.0,0.0,0.0,0.0,0.0,0.0,0.0,0.0,0.0,0,0,0.0,0.0,0.0,0.0,0.0,0,0,0.0,0.0,0.0,179,220,81.4,2684,1076,101,110,91.8,72,85,84.7,6,19,31.6,0.0,0.0,0,9,0,0,0,0,2,5,3,0.69,2,0,0,0,1,0,0,0,0,0,0,0,0,0,15,8,6,7,2,10,17,58.8,7,8,1,11,26,4,0,275,17,104,152,24,2,275,14,6,42.9,6,42.9,163,698,320,2,0,6,4,171,0,2,5,0,0,1,0,17,5,4,55.6
Keke Maximilian Topp,GER,"FW,MF",Werder Bremen,Bundesliga,20,2004,11,1,194,2.2,1,1,2,1,0,0,1,0,0.7,0.7,1.3,2.0,6,3,15,0.46,0.46,0.93,0.46,0.93,0.35,0.6,0.94,0.35,0.94,4,3,75.0,1.86,1.39,0.25,0.33,9,0,0.19,0.3,0.3,27,53,50.9,341,94,17,27,63.0,8,15,53.3,0,0,0.0,0.5,-0.3,7,3,4,2,0,0,5,7,7,3.25,7,0,0,0,0,0,1,0,1,0,0,0,0,0,2,1,0,1,1,1,2,50.0,1,0,0,1,3,1,0,87,1,4,31,53,20,87,5,0,0.0,4,80.0,56,257,119,2,2,10,9,68,0,5,5,2,0,0,0,10,7,13,35.0
Borja Mayoral,ESP,FW,Getafe,La Liga,27,1997,5,0,130,1.4,1,0,1,0,1,1,0,0,1.2,0.4,0.3,0.8,0,0,7,0.69,0.0,0.69,0.0,0.0,0.83,0.24,1.07,0.28,0.52,3,1,33.3,2.08,0.69,0.0,0.0,23,0,0.14,-0.2,-0.4,20,37,54.1,252,47,10,12,83.3,3,8,37.5,2,4,50.0,0.0,-0.3,1,0,0,0,0,1,4,2,2,1.38,2,0,0,0,0,0,0,0,0,0,0,0,0,0,1,1,1,0,0,0,0,0.0,0,1,0,0,1,1,0,55,1,3,26,28,7,54,3,3,100.0,0,0.0,32,115,33,1,1,4,4,37,0,1,1,2,0,0,0,6,6,7,46.2
Senny Mayulu,FRA,"MF,DF",Paris S-G,Ligue 1,18,2006,7,2,192,2.1,1,0,1,1,0,0,0,0,1.5,1.5,0.7,2.1,4,10,19,0.47,0.0,0.47,0.47,0.47,0.69,0.3,1.0,0.69,1.0,9,3,33.3,4.22,1.41,0.11,0.33,17,0,0.17,-0.5,-0.5,70,87,80.5,1012,142,34,42,81.0,28,30,93.3,2,4,50.0,0.7,-0.7,4,7,2,0,0,0,3,2,7,3.26,6,0,0,1,0,0,1,0,1,0,0,0,0,0,9,5,4,4,1,3,6,50.0,3,5,3,2,11,3,0,128,6,26,50,52,10,128,8,3,37.5,5,62.5,67,287,119,1,2,5,4,91,0,9,3,0,0,0,0,5,0,3,0.0
Noussair Mazraoui,MAR,DF,Manchester Utd,Premier League,27,1997,13,12,967,10.7,0,1,1,0,0,0,1,0,0.2,0.2,0.2,0.5,14,47,16,0.0,0.09,0.09,0.0,0.09,0.02,0.02,0.04,0.02,0.04,5,2,40.0,0.47,0.19,0.0,0.0,20,0,0.04,-0.2,-0.2,598,693,86.3,9143,3386,327,365,89.6,236,258,91.5,25,43,58.1,1.0,0.8,5,47,5,2,3,1,7,14,15,1.4,14,0,0,0,1,0,1,0,1,0,0,0,0,0,43,23,23,14,6,22,34,64.7,12,12,2,12,55,34,0,811,52,319,399,108,11,811,24,17,70.8,5,20.8,459,2201,1139,9,2,5,7,494,0,15,11,1,0,0,0,58,21,8,72.4
Luca Mazzitelli,ITA,MF,Como,Serie A,29,1995,8,3,288,3.2,1,1,2,1,0,0,0,0,0.2,0.2,0.6,0.7,1,22,9,0.31,0.31,0.62,0.31,0.62,0.05,0.18,0.23,0.05,0.23,6,3,50.0,1.87,0.94,0.17,0.33,18,0,0.03,0.8,0.8,137,170,80.6,2448,834,67,72,93.1,48,60,80.0,18,27,66.7,0.6,0.4,6,20,4,0,1,2,9,2,13,4.06,10,0,1,1,0,1,1,0,1,0,0,0,0,0,9,6,4,5,0,5,7,71.4,2,5,2,2,11,10,0,206,9,53,118,39,8,206,5,4,80.0,1,20.0,108,462,185,4,0,3,3,144,0,5,4,0,0,0,0,14,2,6,25.0
Pasquale Mazzocchi,ITA,"DF,FW",Napoli,Serie A,29,1995,9,4,391,4.3,0,0,0,0,0,0,2,0,0.1,0.1,0.4,0.5,12,17,31,0.0,0.0,0.0,0.0,0.0,0.03,0.09,0.12,0.03,0.12,2,1,50.0,0.46,0.23,0.0,0.0,14,0,0.07,-0.1,-0.1,122,156,78.2,1776,700,74,81,91.4,42,53,79.2,4,11,36.4,0.4,-0.4,5,3,7,2,1,0,8,5,13,2.98,13,0,0,0,0,0,0,0,0,0,0,0,0,0,5,2,3,1,1,2,6,33.3,4,3,1,3,8,12,0,202,18,52,70,84,6,202,11,5,45.5,4,36.4,109,718,353,6,2,6,10,116,0,4,3,1,0,0,0,19,1,4,20.0
Samuel Mbangula,BEL,FW,Juventus,Serie A,20,2004,9,4,339,3.8,1,2,3,1,0,0,0,0,0.2,0.2,0.6,0.9,12,7,18,0.27,0.53,0.8,0.27,0.8,0.07,0.17,0.24,0.07,0.24,3,1,33.3,0.8,0.27,0.33,1.0,19,0,0.08,0.8,0.8,103,119,86.6,1319,212,69,77,89.6,26,32,81.3,3,3,100.0,0.3,1.4,8,7,4,0,0,0,5,2,12,3.2,10,0,1,0,1,0,3,0,2,0,0,0,1,0,11,8,7,3,1,5,8,62.5,3,4,0,0,11,2,0,163,2,29,74,61,6,163,13,2,15.4,8,61.5,102,677,355,7,2,7,3,123,0,2,4,0,1,0,0,13,1,3,25.0
Ethan Mbappé,FRA,"MF,FW",Lille,Ligue 1,18,2006,3,1,77,0.9,0,0,0,0,0,0,1,0,0.7,0.7,0.0,0.7,1,4,9,0.0,0.0,0.0,0.0,0.0,0.86,0.0,0.86,0.86,0.86,4,2,50.0,4.68,2.34,0.0,0.0,16,0,0.18,-0.7,-0.7,35,42,83.3,532,132,18,22,81.8,15,16,93.8,1,1,100.0,0.1,0.0,0,3,2,0,0,0,0,1,3,3.55,2,0,0,1,0,0,1,1,0,0,0,1,0,0,1,0,0,1,0,0,2,0.0,2,4,0,0,1,0,0,58,1,3,25,30,7,58,4,1,25.0,3,75.0,30,228,76,1,1,3,3,43,0,3,0,0,0,0,0,4,1,1,50.0
Kylian Mbappé,FRA,FW,Real Madrid,La Liga,26,1998,13,13,1109,12.3,8,1,9,5,3,3,1,0,10.3,7.9,1.5,9.5,60,60,154,0.65,0.08,0.73,0.41,0.49,0.84,0.12,0.96,0.64,0.77,59,26,44.1,4.79,2.11,0.08,0.19,15,1,0.13,-2.3,-2.9,334,400,83.5,4909,905,190,216,88.0,101,108,93.5,20,26,76.9,1.2,-0.5,14,37,20,0,2,7,9,13,40,3.25,23,0,11,5,1,0,3,0,2,0,1,0,0,0,1,1,0,1,0,0,0,0.0,0,2,0,0,1,0,0,570,0,14,182,380,127,567,82,35,42.7,40,48.8,394,2778,1520,32,45,33,17,496,0,7,14,21,0,0,0,17,1,2,33.3
Ibrahim Mbaye,FRA,"FW,MF",Paris S-G,Ligue 1,16,2008,5,1,87,1.0,0,0,0,0,0,0,0,0,0.3,0.3,0.0,0.3,3,3,15,0.0,0.0,0.0,0.0,0.0,0.27,0.0,0.27,0.27,0.27,2,2,100.0,2.07,2.07,0.0,0.0,12,0,0.13,-0.3,-0.3,30,35,85.7,501,68,11,14,78.6,16,16,100.0,2,3,66.7,0.0,0.0,0,1,1,0,0,0,1,0,1,1.03,1,0,0,0,0,0,1,1,1,0,0,0,0,0,0,0,0,0,0,0,3,0.0,3,0,0,0,0,0,0,51,0,4,18,30,4,51,6,0,0.0,6,100.0,45,255,92,5,1,4,5,44,0,2,1,0,0,0,0,6,0,1,0.0
Bryan Mbeumo,CMR,FW,Brentford,Premier League,25,1999,13,13,1164,12.9,8,1,9,6,2,2,2,0,3.9,2.3,2.2,4.5,35,39,128,0.62,0.08,0.7,0.46,0.54,0.3,0.17,0.47,0.18,0.35,20,10,50.0,1.55,0.77,0.3,0.6,18,2,0.12,4.1,3.7,300,436,68.8,4920,1361,154,191,80.6,117,152,77.0,23,60,38.3,2.9,-1.2,21,19,18,6,4,3,61,18,46,3.56,33,8,3,1,1,0,5,0,5,0,0,0,0,0,15,9,6,6,3,6,9,66.7,3,7,2,3,18,19,0,584,18,99,185,311,41,582,35,14,40.0,16,45.7,349,2151,1039,20,17,36,18,388,0,9,15,6,0,0,0,64,11,31,26.2
James Mcatee,ENG,FW,Manchester City,Premier League,22,2002,1,0,1,0.0,0,0,0,0,0,0,0,0,0.0,0.0,0.0,0.0,0,0,0,0.0,0.0,0.0,0.0,0.0,0.0,0.0,0.0,0.0,0.0,0,0,0.0,0.0,0.0,0.0,0.0,0,0,0.0,0.0,0.0,4,4,100.0,45,18,3,3,100.0,1,1,100.0,0,0,0.0,0.0,0.0,0,0,0,0,0,0,0,0,0,0.0,0,0,0,0,0,0,0,0,0,0,0,0,0,0,0,0,0,0,0,0,0,0.0,0,1,0,0,0,0,0,6,0,0,1,5,1,6,0,0,0.0,0,0.0,2,5,0,0,0,0,0,4,0,0,0,0,0,0,0,0,0,1,0.0
Kasey Mcateer,IRL,"FW,MF",Leicester City,Premier League,23,2001,7,2,183,2.0,0,1,1,0,0,0,0,0,0.5,0.5,0.1,0.6,8,3,16,0.0,0.49,0.49,0.0,0.49,0.25,0.05,0.3,0.25,0.3,5,1,20.0,2.46,0.49,0.0,0.0,15,0,0.1,-0.5,-0.5,47,66,71.2,647,128,32,39,82.1,11,14,78.6,2,5,40.0,0.0,0.9,1,4,0,0,0,0,5,3,4,1.97,4,0,0,0,0,0,1,0,1,0,0,0,0,0,9,6,6,2,1,5,9,55.6,4,6,1,0,9,6,0,101,10,31,40,35,8,101,3,1,33.3,1,33.3,53,371,205,5,4,3,2,53,0,3,4,2,0,0,0,17,4,10,28.6
Oliver Mcburnie,SCO,FW,Las Palmas,La Liga,28,1996,14,7,714,7.9,0,3,3,0,0,0,0,0,1.0,1.0,1.6,2.6,2,14,40,0.0,0.38,0.38,0.0,0.38,0.12,0.2,0.32,0.12,0.32,11,4,36.4,1.39,0.5,0.0,0.0,12,0,0.09,-1.0,-1.0,141,198,71.2,1673,356,102,132,77.3,27,43,62.8,3,4,75.0,0.5,1.4,13,10,6,1,0,0,1,2,22,2.77,18,0,1,2,1,0,3,0,3,0,0,0,0,0,5,4,2,2,1,2,4,50.0,2,4,1,3,8,9,0,275,9,23,160,94,35,275,13,7,53.8,6,46.2,145,502,133,1,1,17,14,207,0,12,9,2,0,0,0,13,33,31,51.6
John Mcginn,SCO,"FW,MF",Aston Villa,Premier League,30,1994,11,9,710,7.9,0,1,1,0,0,0,2,0,1.3,1.3,1.8,3.1,12,32,35,0.0,0.13,0.13,0.0,0.13,0.16,0.23,0.39,0.16,0.39,14,0,0.0,1.77,0.0,0.0,0.0,17,0,0.09,-1.3,-1.3,186,233,79.8,3277,1026,78,87,89.7,83,99,83.8,22,33,66.7,1.1,-0.8,9,17,11,2,3,0,20,7,23,2.91,18,1,0,2,1,1,1,0,1,0,0,0,0,0,10,6,3,6,1,4,7,57.1,3,8,0,3,13,3,0,308,7,51,140,118,19,308,14,6,42.9,3,21.4,161,916,390,5,2,10,13,224,0,11,24,2,0,0,0,27,7,5,58.3
Scott Mckenna,SCO,DF,Las Palmas,La Liga,28,1996,11,10,908,10.1,0,0,0,0,0,0,1,0,0.8,0.8,0.2,0.9,3,10,0,0.0,0.0,0.0,0.0,0.0,0.07,0.02,0.09,0.07,0.09,5,0,0.0,0.5,0.0,0.0,0.0,10,0,0.15,-0.8,-0.8,432,510,84.7,7687,2693,164,176,93.2,236,266,88.7,24,50,48.0,0.0,-0.2,1,17,0,0,0,1,1,5,5,0.5,3,0,1,1,0,0,0,0,0,0,0,0,0,0,8,7,6,2,0,4,5,80.0,1,17,13,3,11,57,2,613,121,390,209,16,8,613,1,1,100.0,0,0.0,327,1405,597,4,1,3,4,397,0,5,1,0,0,0,1,26,24,9,72.7
Weston Mckennie,USA,"MF,FW",Juventus,Serie A,26,1998,9,5,450,5.0,1,2,3,1,0,0,1,0,0.3,0.3,0.7,1.0,4,14,34,0.2,0.4,0.6,0.2,0.6,0.07,0.14,0.21,0.07,0.21,4,2,50.0,0.8,0.4,0.25,0.5,13,0,0.08,0.7,0.7,154,189,81.5,2109,432,89,102,87.3,54,64,84.4,3,9,33.3,1.1,1.3,4,9,2,0,1,0,1,2,12,2.41,10,0,0,1,1,0,3,0,3,0,0,0,0,0,5,3,2,3,0,1,2,50.0,1,3,0,2,7,1,0,226,2,38,108,83,16,226,5,1,20.0,3,60.0,130,566,223,4,1,10,4,166,0,6,4,0,0,0,0,23,5,2,71.4
Mark Mckenzie,USA,DF,Toulouse,Ligue 1,25,1999,11,11,964,10.7,0,0,0,0,0,0,1,0,0.0,0.0,0.0,0.0,1,28,3,0.0,0.0,0.0,0.0,0.0,0.0,0.0,0.0,0.0,0.0,0,0,0.0,0.0,0.0,0.0,0.0,0,0,0.0,0.0,0.0,408,474,86.1,7482,2882,159,174,91.4,209,238,87.8,35,53,66.0,0.1,0.0,1,24,0,0,0,1,0,1,5,0.47,5,0,0,0,0,0,0,0,0,0,0,0,0,0,19,12,11,8,0,13,20,65.0,7,13,9,6,25,47,0,583,66,267,298,21,4,583,5,2,40.0,3,60.0,303,1153,618,3,0,3,1,324,0,12,3,0,0,1,0,52,13,13,50.0
Dwight Mcneil,ENG,"MF,FW",Everton,Premier League,25,1999,12,12,1067,11.9,3,3,6,3,0,0,1,0,0.8,0.8,3.2,4.0,27,58,61,0.25,0.25,0.51,0.25,0.51,0.07,0.27,0.34,0.07,0.34,21,8,38.1,1.77,0.67,0.14,0.38,22,0,0.04,2.2,2.2,358,478,74.9,6885,2393,157,179,87.7,133,162,82.1,61,110,55.5,3.9,-0.2,30,31,31,10,8,5,86,13,56,4.72,32,16,4,1,2,1,6,0,3,1,1,0,0,1,10,6,5,3,2,7,16,43.8,9,7,0,5,15,1,1,579,2,57,250,284,18,579,35,19,54.3,15,42.9,340,2068,834,26,4,22,21,384,0,6,13,1,0,0,0,60,3,14,17.6
Scott Mctominay,SCO,MF,Manchester Utd,Premier League,28,1996,2,0,19,0.2,0,0,0,0,0,0,0,0,0.1,0.1,0.0,0.1,0,1,2,0.0,0.0,0.0,0.0,0.0,0.33,0.0,0.33,0.33,0.33,1,0,0.0,4.74,0.0,0.0,0.0,10,0,0.07,-0.1,-0.1,10,10,100.0,186,99,5,5,100.0,3,3,100.0,2,2,100.0,0.0,0.0,0,2,0,0,0,0,0,0,1,4.74,0,0,0,1,0,0,0,0,0,0,0,0,0,0,0,0,0,0,0,0,1,0.0,1,0,0,0,0,1,0,14,1,3,8,3,1,14,1,0,0.0,1,100.0,10,68,44,0,0,1,1,9,0,0,0,0,0,0,0,1,1,0,100.0
Scott Mctominay,SCO,MF,Napoli,Serie A,28,1996,11,10,917,10.2,3,1,4,3,0,0,0,0,1.9,1.9,0.6,2.5,21,27,39,0.29,0.1,0.39,0.29,0.39,0.19,0.05,0.24,0.19,0.24,21,8,38.1,2.06,0.79,0.14,0.38,15,0,0.09,1.1,1.1,246,286,86.0,3971,811,129,141,91.5,90,102,88.2,21,30,70.0,0.2,0.4,5,23,3,0,2,1,1,4,13,1.28,9,0,1,3,0,0,2,0,1,0,0,1,0,0,15,10,4,10,1,10,19,52.6,9,7,0,9,24,13,0,403,15,69,236,109,28,403,31,12,38.7,16,51.6,209,1294,627,13,4,15,15,296,0,16,16,2,0,0,0,49,12,14,46.2
Jakov Medić,CRO,DF,Bochum,Bundesliga,26,1998,10,10,885,9.8,0,0,0,0,0,0,1,0,0.0,0.0,0.1,0.1,1,9,1,0.0,0.0,0.0,0.0,0.0,0.0,0.01,0.01,0.0,0.01,2,0,0.0,0.2,0.0,0.0,0.0,21,0,0.02,0.0,0.0,320,370,86.5,6555,1873,87,97,89.7,197,217,90.8,36,52,69.2,0.3,-0.1,1,9,1,0,1,1,0,0,3,0.31,3,0,0,0,0,0,0,0,0,0,0,0,0,0,7,6,4,2,1,4,8,50.0,4,23,15,12,19,52,2,473,103,289,171,14,6,473,0,0,0.0,0,0.0,237,1108,450,0,0,2,2,254,0,4,4,0,0,0,0,32,15,14,51.7
Facundo Medina,ARG,"DF,MF",Lens,Ligue 1,25,1999,12,12,1062,11.8,0,0,0,0,0,0,4,0,0.9,0.9,0.3,1.2,21,66,7,0.0,0.0,0.0,0.0,0.0,0.07,0.03,0.1,0.07,0.1,11,2,18.2,0.93,0.17,0.0,0.0,17,0,0.08,-0.9,-0.9,624,724,86.2,10596,3737,281,302,93.0,289,312,92.6,44,84,52.4,1.0,-0.3,7,52,11,2,2,3,5,6,24,2.03,22,0,0,1,0,1,2,0,2,0,0,0,0,0,24,15,12,11,1,10,18,55.6,8,13,4,15,39,27,0,850,47,313,434,110,11,850,9,2,22.2,7,77.8,518,2695,1369,15,0,15,4,572,0,12,13,0,0,1,0,71,16,8,66.7
Ben Mee,ENG,"DF,FW",Brentford,Premier League,35,1989,2,0,5,0.1,0,0,0,0,0,0,0,0,0.0,0.0,0.0,0.0,0,0,0,0.0,0.0,0.0,0.0,0.0,0.0,0.0,0.0,0.0,0.0,0,0,0.0,0.0,0.0,0.0,0.0,0,0,0.0,0.0,0.0,1,4,25.0,33,0,0,0,0.0,0,0,0.0,1,3,33.3,0.0,0.0,0,0,0,0,0,0,0,0,0,0.0,0,0,0,0,0,0,0,0,0,0,0,0,0,0,1,1,0,1,0,1,1,100.0,0,1,1,1,2,0,0,7,2,4,3,0,0,7,0,0,0.0,0,0.0,3,7,1,0,0,0,0,3,0,0,0,0,0,0,0,2,0,0,0.0
Henrik Meister,DEN,FW,Rennes,Ligue 1,21,2003,4,0,63,0.7,1,0,1,1,0,0,0,0,0.1,0.1,0.3,0.3,2,1,4,1.43,0.0,1.43,1.43,1.43,0.09,0.37,0.45,0.09,0.45,2,1,50.0,2.86,1.43,0.5,1.0,17,0,0.03,0.9,0.9,11,14,78.6,94,32,9,9,100.0,0,1,0.0,0,0,0.0,0.0,-0.3,2,1,0,0,0,0,0,0,3,4.29,3,0,0,0,0,0,1,1,1,0,0,0,0,0,2,0,0,2,0,0,0,0.0,0,4,0,1,3,0,0,31,0,3,15,13,3,31,0,0,0.0,0,0.0,12,97,48,1,1,7,2,14,0,3,1,0,0,0,0,7,2,3,40.0
Bamo Meïté,CIV,"DF,MF",Marseille,Ligue 1,23,2001,3,0,26,0.3,0,0,0,0,0,0,0,0,0.0,0.0,0.0,0.0,0,0,0,0.0,0.0,0.0,0.0,0.0,0.0,0.0,0.0,0.0,0.0,0,0,0.0,0.0,0.0,0.0,0.0,0,0,0.0,0.0,0.0,26,28,92.9,333,121,18,19,94.7,7,7,100.0,0,0,0.0,0.0,0.0,0,2,0,0,0,0,0,1,0,0.0,0,0,0,0,0,0,0,0,0,0,0,0,0,0,0,0,0,0,0,0,0,0.0,0,0,0,0,0,1,0,31,1,22,9,0,0,31,1,0,0.0,1,100.0,21,42,20,0,0,0,0,24,0,1,1,0,0,0,0,0,0,0,0.0
Mohamed Meité,FRA,FW,Rennes,Ligue 1,17,2007,1,0,11,0.1,0,0,0,0,0,0,0,0,0.0,0.0,0.0,0.0,0,0,0,0.0,0.0,0.0,0.0,0.0,0.0,0.0,0.0,0.0,0.0,0,0,0.0,0.0,0.0,0.0,0.0,0,0,0.0,0.0,0.0,1,1,100.0,6,1,1,1,100.0,0,0,0.0,0,0,0.0,0.0,0.0,0,0,0,0,0,0,0,0,0,0.0,0,0,0,0,0,0,0,0,0,0,0,0,0,0,0,0,0,0,0,0,0,0.0,0,0,0,0,0,0,0,1,0,0,1,0,0,1,0,0,0.0,0,0.0,0,0,0,0,0,0,0,0,0,1,0,0,0,0,0,0,0,2,0.0
Mateo Mejía,ESP,FW,Sevilla,La Liga,21,2003,1,0,11,0.1,0,0,0,0,0,0,0,0,0.0,0.0,0.0,0.0,0,0,0,0.0,0.0,0.0,0.0,0.0,0.0,0.0,0.0,0.0,0.0,0,0,0.0,0.0,0.0,0.0,0.0,0,0,0.0,0.0,0.0,0,1,0.0,0,0,0,1,0.0,0,0,0.0,0,0,0.0,0.0,0.0,0,0,0,0,0,0,0,0,1,8.18,0,0,0,0,1,0,0,0,0,0,0,0,0,0,0,0,0,0,0,0,0,0.0,0,0,0,0,0,0,0,2,0,0,1,1,0,2,1,0,0.0,0,0.0,1,2,0,0,0,0,0,1,0,0,1,0,0,0,0,0,1,0,100.0
Farid El Melali,ALG,FW,Angers,Ligue 1,27,1997,12,10,872,9.7,1,2,3,1,0,0,1,0,1.4,1.4,2.2,3.6,33,15,48,0.1,0.21,0.31,0.1,0.31,0.15,0.23,0.37,0.15,0.37,21,8,38.1,2.17,0.83,0.05,0.13,23,3,0.07,-0.4,-0.4,174,245,71.0,2560,705,104,121,86.0,51,69,73.9,13,36,36.1,1.9,-0.2,12,6,5,1,0,0,34,9,33,3.4,17,6,4,1,4,1,6,0,2,1,0,0,2,1,16,8,6,5,5,6,19,31.6,13,8,1,7,23,7,1,375,6,73,127,189,28,375,50,31,62.0,19,38.0,212,1874,941,20,14,30,16,236,0,10,22,3,2,0,0,44,4,10,28.6
Filippo Melegoni,ITA,"MF,FW",Genoa,Serie A,25,1999,3,1,89,1.0,0,1,1,0,0,0,0,0,0.0,0.0,0.5,0.5,0,1,2,0.0,1.01,1.01,0.0,1.01,0.04,0.51,0.55,0.04,0.55,1,0,0.0,1.01,0.0,0.0,0.0,21,0,0.04,0.0,0.0,9,16,56.3,197,105,2,2,100.0,6,8,75.0,1,2,50.0,0.2,0.5,1,1,1,0,1,0,2,3,1,1.01,1,0,0,0,0,0,1,1,1,0,0,0,0,0,1,1,1,0,0,0,4,0.0,4,0,0,0,1,2,0,27,2,12,8,7,1,27,2,1,50.0,1,50.0,13,67,28,1,0,3,1,15,0,0,1,0,0,0,0,2,1,0,100.0
Nuno Mendes,POR,DF,Paris S-G,Ligue 1,22,2002,7,6,479,5.3,0,1,1,0,0,0,1,0,0.5,0.5,0.8,1.3,17,37,27,0.0,0.19,0.19,0.0,0.19,0.09,0.15,0.24,0.09,0.24,6,4,66.7,1.13,0.75,0.0,0.0,19,0,0.08,-0.5,-0.5,419,472,88.8,6924,1855,194,209,92.8,197,217,90.8,24,32,75.0,0.7,0.2,6,32,9,5,1,3,20,9,23,4.32,18,1,1,3,0,0,2,0,2,0,0,0,0,0,7,5,2,4,1,6,11,54.5,5,8,4,5,12,6,0,525,19,98,286,149,8,525,11,7,63.6,3,27.3,324,1647,1078,15,0,7,10,392,0,3,10,1,0,1,0,31,4,2,66.7
Brais Méndez,ESP,MF,Real Sociedad,La Liga,27,1997,12,9,771,8.6,1,1,2,1,0,0,3,0,1.6,1.6,1.6,3.2,17,45,43,0.12,0.12,0.23,0.12,0.23,0.19,0.18,0.37,0.19,0.37,15,5,33.3,1.75,0.58,0.07,0.2,19,4,0.11,-0.6,-0.6,314,393,79.9,4756,1304,178,197,90.4,107,132,81.1,19,42,45.2,1.3,-0.6,13,40,5,1,1,6,20,5,22,2.57,19,2,0,0,1,0,1,0,1,0,0,0,0,0,9,6,3,3,3,4,12,33.3,8,9,1,3,12,8,0,492,8,62,272,159,31,492,17,3,17.6,12,70.6,277,1371,562,9,3,14,16,372,0,22,23,5,0,0,0,33,5,10,33.3
Antoine Mendy,FRA,DF,Nice,Ligue 1,20,2004,8,4,402,4.5,0,0,0,0,0,0,1,0,0.4,0.4,0.0,0.4,5,14,7,0.0,0.0,0.0,0.0,0.0,0.09,0.0,0.09,0.09,0.09,3,0,0.0,0.67,0.0,0.0,0.0,9,0,0.14,-0.4,-0.4,188,233,80.7,3212,1091,81,88,92.0,90,107,84.1,16,35,45.7,0.1,0.0,0,16,3,2,1,1,6,1,3,0.67,2,0,0,0,1,0,1,0,1,0,0,0,0,0,19,13,10,9,0,12,18,66.7,6,6,2,4,23,15,0,295,26,120,153,25,4,295,8,2,25.0,4,50.0,147,703,340,3,0,4,3,175,0,4,6,0,0,0,0,27,8,7,53.3
Ferland Mendy,FRA,DF,Real Madrid,La Liga,29,1995,9,8,664,7.4,0,0,0,0,0,0,1,1,0.0,0.0,0.0,0.0,6,25,26,0.0,0.0,0.0,0.0,0.0,0.0,0.0,0.0,0.0,0.0,0,0,0.0,0.0,0.0,0.0,0.0,0,0,0.0,0.0,0.0,417,448,93.1,6299,1785,248,259,95.8,138,145,95.2,26,31,83.9,0.1,0.0,1,29,1,0,0,1,1,7,2,0.27,1,0,0,0,0,1,0,0,0,0,0,0,0,0,15,12,6,5,4,8,10,80.0,2,7,2,8,23,6,1,499,22,144,280,78,1,499,3,1,33.3,2,66.7,298,1113,443,7,1,8,5,359,0,5,5,0,0,0,0,23,2,2,50.0
Nampalys Mendy,SEN,MF,Lens,Ligue 1,32,1992,4,1,110,1.2,0,0,0,0,0,0,0,0,0.0,0.0,0.0,0.0,0,7,0,0.0,0.0,0.0,0.0,0.0,0.0,0.0,0.0,0.0,0.0,0,0,0.0,0.0,0.0,0.0,0.0,0,0,0.0,0.0,0.0,71,77,92.2,1125,311,41,42,97.6,23,24,95.8,5,8,62.5,0.1,0.0,0,15,0,0,0,1,0,1,2,1.64,2,0,0,0,0,0,0,0,0,0,0,0,0,0,4,2,3,1,0,2,5,40.0,3,2,1,1,5,0,0,88,0,15,62,11,0,88,0,0,0.0,0,0.0,54,195,82,2,0,2,3,61,0,1,3,0,0,0,0,5,0,1,0.0
Gideon Mensah,GHA,DF,Auxerre,Ligue 1,26,1998,8,7,655,7.3,0,1,1,0,0,0,1,0,0.0,0.0,0.8,0.9,19,32,30,0.0,0.14,0.14,0.0,0.14,0.0,0.11,0.12,0.0,0.12,1,0,0.0,0.14,0.0,0.0,0.0,18,0,0.04,0.0,0.0,282,358,78.8,4900,2020,141,153,92.2,110,135,81.5,26,51,51.0,0.5,0.2,5,21,8,4,1,5,24,6,16,2.2,14,1,0,0,0,1,3,0,3,0,0,0,0,0,21,15,12,6,3,9,21,42.9,12,4,0,14,35,22,0,446,24,148,220,88,3,446,17,13,76.5,4,23.5,239,1513,860,10,0,13,10,245,0,10,10,1,0,1,0,46,9,11,45.0
Mikel Merino,ESP,"MF,FW",Arsenal,Premier League,28,1996,6,4,370,4.1,1,0,1,1,0,0,1,0,1.1,1.1,0.5,1.5,2,21,21,0.24,0.0,0.24,0.24,0.24,0.26,0.11,0.37,0.26,0.37,7,2,28.6,1.7,0.49,0.14,0.5,14,0,0.15,-0.1,-0.1,122,160,76.3,1819,570,75,85,88.2,40,54,74.1,5,9,55.6,0.3,-0.5,3,14,7,0,2,1,3,8,9,2.19,7,0,0,1,1,0,0,0,0,0,0,0,0,0,14,10,5,4,5,4,10,40.0,6,10,5,8,22,5,1,212,11,45,108,63,13,212,2,2,100.0,0,0.0,114,440,180,3,1,7,5,143,0,12,5,2,0,0,0,23,12,9,57.1
Quentin Merlin,FRA,"DF,MF",Marseille,Ligue 1,22,2002,6,5,404,4.5,0,1,1,0,0,0,1,0,0.1,0.1,0.4,0.5,5,31,38,0.0,0.22,0.22,0.0,0.22,0.02,0.09,0.11,0.02,0.11,4,2,50.0,0.89,0.45,0.0,0.0,17,0,0.03,-0.1,-0.1,304,360,84.4,4994,1086,149,164,90.9,129,146,88.4,18,35,51.4,0.4,0.6,3,28,6,3,0,1,18,6,15,3.34,12,2,0,1,0,0,4,0,3,0,0,1,0,0,4,3,2,1,1,1,5,20.0,4,2,1,7,11,4,1,402,2,76,217,111,8,402,7,1,14.3,5,71.4,241,991,414,7,1,8,0,310,0,3,7,0,0,0,0,17,3,6,33.3
Víctor Meseguer,ESP,MF,Valladolid,La Liga,25,1999,12,2,381,4.2,0,0,0,0,0,0,0,0,0.4,0.4,0.0,0.5,2,21,21,0.0,0.0,0.0,0.0,0.0,0.1,0.01,0.11,0.1,0.11,5,0,0.0,1.18,0.0,0.0,0.0,11,0,0.09,-0.4,-0.4,137,174,78.7,2071,658,73,86,84.9,50,61,82.0,6,10,60.0,0.3,0.0,1,16,1,1,1,1,3,6,8,1.89,5,0,0,2,1,0,1,0,1,0,0,0,0,0,10,6,4,4,2,2,10,20.0,8,3,0,2,12,3,1,212,4,49,115,48,10,212,3,1,33.3,2,66.7,93,324,149,1,0,7,2,141,0,6,5,0,0,0,0,23,8,7,53.3
Rafik Messali,FRA,MF,Toulouse,Ligue 1,21,2003,1,0,1,0.0,0,0,0,0,0,0,0,0,0.0,0.0,0.0,0.0,0,0,0,0.0,0.0,0.0,0.0,0.0,0.0,0.0,0.0,0.0,0.0,0,0,0.0,0.0,0.0,0.0,0.0,0,0,0.0,0.0,0.0,0,0,0.0,0,0,0,0,0.0,0,0,0.0,0,0,0.0,0.0,0.0,0,0,0,0,0,0,0,0,0,0.0,0,0,0,0,0,0,0,0,0,0,0,0,0,0,0,0,0,0,0,0,0,0.0,0,0,0,0,0,0,0,0,0,0,0,0,0,0,0,0,0.0,0,0.0,1,5,0,0,0,0,1,1,0,0,0,0,0,0,0,0,0,0,0.0
Junior Messias,BRA,"MF,FW",Genoa,Serie A,33,1991,5,3,310,3.4,1,0,1,1,0,1,0,0,1.9,1.0,0.2,1.2,11,10,19,0.29,0.0,0.29,0.29,0.29,0.56,0.06,0.62,0.29,0.35,9,3,33.3,2.61,0.87,0.11,0.33,18,0,0.11,-0.9,0.0,53,71,74.6,942,279,21,23,91.3,28,39,71.8,4,8,50.0,0.0,-0.2,4,6,0,0,0,1,5,0,14,4.06,6,0,2,2,4,0,1,0,0,0,0,1,0,0,4,1,3,1,0,1,2,50.0,1,1,1,4,8,7,0,127,7,20,63,49,9,126,14,4,28.6,7,50.0,69,522,350,12,1,8,4,78,0,1,8,0,0,0,0,10,5,10,33.3
Connor Metcalfe,AUS,MF,St. Pauli,Bundesliga,25,1999,4,2,227,2.5,0,0,0,0,0,0,0,0,0.4,0.4,0.1,0.5,5,6,8,0.0,0.0,0.0,0.0,0.0,0.14,0.05,0.19,0.14,0.19,3,2,66.7,1.19,0.79,0.0,0.0,21,0,0.12,-0.4,-0.4,54,88,61.4,879,352,29,38,76.3,20,24,83.3,5,18,27.8,0.1,-0.1,2,5,0,0,0,0,6,3,5,1.98,1,2,0,0,2,0,0,0,0,0,0,0,0,0,1,0,0,1,0,0,3,0.0,3,3,0,2,3,4,0,110,5,23,56,34,1,110,4,2,50.0,1,25.0,41,221,124,4,0,3,0,56,0,4,3,0,0,0,0,8,7,6,53.8
Karol Mets,EST,DF,St. Pauli,Bundesliga,31,1993,10,10,900,10.0,0,0,0,0,0,0,1,0,0.1,0.1,0.2,0.3,5,54,2,0.0,0.0,0.0,0.0,0.0,0.01,0.02,0.03,0.01,0.03,3,0,0.0,0.3,0.0,0.0,0.0,14,0,0.04,-0.1,-0.1,526,631,83.4,10181,3728,165,186,88.7,302,330,91.5,53,101,52.5,0.4,-0.2,3,49,3,1,0,5,3,3,9,0.9,8,0,0,1,0,0,0,0,0,0,0,0,0,0,13,8,6,7,0,4,7,57.1,3,9,3,12,25,60,0,736,99,360,346,32,8,736,1,0,0.0,1,100.0,343,1424,736,6,0,4,0,466,0,7,5,0,0,1,0,35,24,10,70.6
Thomas Meunier,BEL,DF,Lille,Ligue 1,33,1991,11,7,596,6.6,1,0,1,1,0,0,2,0,1.0,1.0,0.0,1.0,14,37,31,0.15,0.0,0.15,0.15,0.15,0.15,0.0,0.15,0.15,0.15,11,3,27.3,1.66,0.45,0.09,0.33,16,0,0.09,0.0,0.0,335,431,77.7,5602,1773,165,182,90.7,143,184,77.7,24,47,51.1,0.3,0.0,1,35,2,0,0,4,16,11,9,1.36,7,0,1,1,0,0,4,0,2,0,1,1,0,0,13,9,9,3,1,8,13,61.5,5,8,2,12,25,20,0,515,25,125,256,137,17,515,7,6,85.7,1,14.3,271,1286,636,13,0,6,4,315,0,8,1,1,0,0,0,25,12,10,54.5
Florian Micheler,AUT,MF,Hoffenheim,Bundesliga,19,2005,1,0,32,0.4,0,0,0,0,0,0,1,0,0.0,0.0,0.0,0.0,1,1,1,0.0,0.0,0.0,0.0,0.0,0.0,0.0,0.0,0.0,0.0,0,0,0.0,0.0,0.0,0.0,0.0,0,0,0.0,0.0,0.0,11,12,91.7,158,45,6,6,100.0,5,5,100.0,0,0,0.0,0.0,0.0,0,1,0,0,0,0,0,0,0,0.0,0,0,0,0,0,0,0,0,0,0,0,0,0,0,0,0,0,0,0,0,2,0.0,2,0,0,0,0,0,0,12,0,2,6,4,0,12,1,1,100.0,0,0.0,11,48,28,1,0,0,0,10,0,1,0,0,0,0,0,1,0,0,0.0
Miguel,ESP,FW,Leganés,La Liga,25,1999,14,9,896,10.0,1,1,2,0,1,1,3,0,2.0,1.2,0.6,1.9,12,6,50,0.1,0.1,0.2,0.0,0.1,0.2,0.06,0.27,0.12,0.19,15,5,33.3,1.51,0.5,0.0,0.0,16,0,0.08,-1.0,-1.2,66,125,52.8,985,187,35,57,61.4,23,38,60.5,3,8,37.5,0.2,0.4,3,4,2,1,2,1,6,10,13,1.31,5,0,2,1,5,0,3,0,2,0,1,0,0,0,7,3,3,2,2,4,9,44.4,5,10,2,3,10,8,0,241,9,24,99,122,30,240,19,7,36.8,11,57.9,141,685,215,12,7,39,12,173,0,13,17,6,0,0,0,14,11,52,17.5
Valentin Mihaila,ROU,"FW,MF",Parma,Serie A,24,2000,13,9,721,8.0,0,2,2,0,0,0,2,0,2.0,2.0,0.9,2.9,14,26,35,0.0,0.25,0.25,0.0,0.25,0.25,0.11,0.36,0.25,0.36,21,6,28.6,2.62,0.75,0.0,0.0,20,2,0.1,-2.0,-2.0,180,235,76.6,2813,850,96,115,83.5,57,73,78.1,16,25,64.0,0.7,1.1,11,15,10,2,2,3,11,4,32,3.99,24,3,1,2,2,0,4,0,3,1,0,0,0,0,23,11,6,11,6,7,14,50.0,7,11,0,3,26,2,0,329,2,28,131,176,23,329,15,6,40.0,8,53.3,171,983,430,10,6,17,7,215,0,12,14,0,0,0,0,22,12,14,46.2
Georges Mikautadze,GEO,FW,Lyon,Ligue 1,24,2000,13,4,492,5.5,2,1,3,1,1,2,0,0,3.9,2.3,1.0,3.2,14,23,52,0.37,0.18,0.55,0.18,0.37,0.72,0.17,0.9,0.42,0.59,21,9,42.9,3.84,1.65,0.05,0.11,14,0,0.11,-1.9,-1.3,133,172,77.3,1868,402,76,91,83.5,42,55,76.4,6,8,75.0,1.0,0.0,6,11,6,0,1,2,4,6,20,3.67,16,0,0,2,2,0,2,0,1,0,0,0,1,0,5,4,1,2,2,2,4,50.0,2,2,0,1,6,0,0,255,2,13,117,129,48,253,23,5,21.7,16,69.6,151,866,311,7,7,14,7,201,0,2,11,2,1,0,0,21,6,19,24.0
Nikola Milenković,SRB,DF,Nott'Ham Forest,Premier League,27,1997,12,12,1080,12.0,0,1,1,0,0,0,1,0,1.7,1.7,0.2,1.9,2,21,1,0.0,0.08,0.08,0.0,0.08,0.14,0.02,0.16,0.14,0.16,10,1,10.0,0.83,0.08,0.0,0.0,17,0,0.17,-1.7,-1.7,318,373,85.3,6250,2430,108,120,90.0,163,183,89.1,42,56,75.0,0.2,0.8,4,22,0,0,0,0,0,0,10,0.83,8,0,0,1,0,1,2,0,2,0,0,0,0,0,14,11,9,5,0,5,6,83.3,1,12,8,12,26,44,0,468,62,226,215,30,22,468,1,1,100.0,0,0.0,215,886,435,1,1,0,2,262,0,3,1,1,0,0,0,32,31,19,62.0
Éder Militão,BRA,DF,Real Madrid,La Liga,26,1998,12,11,938,10.4,1,1,2,1,0,0,2,0,0.6,0.6,0.5,1.1,7,46,1,0.1,0.1,0.19,0.1,0.19,0.06,0.05,0.11,0.06,0.11,10,3,30.0,0.96,0.29,0.1,0.33,17,0,0.06,0.4,0.4,636,712,89.3,13095,4633,189,201,94.0,372,394,94.4,72,110,65.5,0.2,0.5,6,56,3,0,0,15,2,3,12,1.15,9,0,0,2,0,1,1,0,1,0,0,0,0,0,19,17,14,5,0,7,12,58.3,5,13,8,12,31,35,0,819,92,395,395,33,13,819,8,5,62.5,3,37.5,533,2738,1593,7,0,6,3,603,0,18,8,0,0,0,0,44,21,12,63.6
Luis Milla,ESP,MF,Getafe,La Liga,30,1994,15,15,1334,14.8,1,1,2,0,1,1,1,0,1.3,0.6,1.6,2.1,21,85,17,0.07,0.07,0.13,0.0,0.07,0.09,0.11,0.2,0.04,0.14,18,3,16.7,1.21,0.2,0.0,0.0,26,2,0.03,-0.3,-0.6,515,698,73.8,9366,2790,230,255,90.2,197,247,79.8,77,165,46.7,1.9,-0.6,34,58,8,3,2,12,99,8,66,4.45,39,20,3,2,2,0,2,0,0,2,0,0,0,0,30,21,16,12,2,17,35,48.6,18,19,0,9,39,9,0,842,21,107,490,258,9,841,21,11,52.4,7,33.3,395,2116,1219,24,0,30,8,419,0,21,23,0,0,1,0,78,18,17,51.4
Pere Milla,ESP,"MF,FW",Espanyol,La Liga,32,1992,7,1,210,2.3,0,0,0,0,0,0,2,0,0.2,0.2,0.1,0.3,4,3,17,0.0,0.0,0.0,0.0,0.0,0.07,0.04,0.12,0.07,0.12,4,1,25.0,1.71,0.43,0.0,0.0,17,1,0.04,-0.2,-0.2,48,84,57.1,808,194,21,31,67.7,20,32,62.5,5,11,45.5,0.1,-0.1,2,3,1,0,3,1,9,9,5,2.15,4,0,0,1,0,0,0,0,0,0,0,0,0,0,3,1,2,0,1,0,10,0.0,10,6,2,2,5,2,0,114,2,21,50,45,5,114,4,1,25.0,2,50.0,51,188,102,3,1,4,2,72,0,3,7,1,0,0,0,10,2,3,40.0
Enzo Millot,FRA,"MF,FW",Stuttgart,Bundesliga,22,2002,12,9,777,8.6,3,2,5,3,0,1,4,0,4.7,3.9,1.6,5.5,11,51,42,0.35,0.23,0.58,0.35,0.58,0.55,0.19,0.74,0.45,0.64,21,6,28.6,2.43,0.69,0.14,0.5,16,0,0.19,-1.7,-0.9,449,517,86.8,6568,1714,275,297,92.6,153,172,89.0,17,35,48.6,1.8,0.4,12,43,12,2,0,4,23,4,32,3.7,22,1,4,4,1,0,5,0,3,0,1,1,0,0,11,9,4,5,2,4,14,28.6,10,10,0,6,17,2,0,622,4,89,333,207,26,621,29,18,62.1,10,34.5,349,1811,703,8,3,25,18,481,0,7,14,2,0,1,0,50,2,7,22.2
James Milner,ENG,MF,Brighton,Premier League,38,1986,3,3,169,1.9,0,0,0,0,0,0,1,0,0.2,0.2,0.2,0.4,1,10,10,0.0,0.0,0.0,0.0,0.0,0.09,0.12,0.21,0.09,0.21,2,0,0.0,1.07,0.0,0.0,0.0,16,0,0.08,-0.2,-0.2,55,73,75.3,899,347,26,28,92.9,23,30,76.7,4,10,40.0,0.2,-0.2,4,3,1,1,2,0,8,1,8,4.26,5,2,0,0,1,0,0,0,0,0,0,0,0,0,5,2,1,3,1,3,3,100.0,0,4,2,2,7,2,1,92,3,13,48,31,4,92,1,1,100.0,0,0.0,46,223,97,1,0,0,0,58,0,3,1,0,0,0,0,2,0,1,0.0
Kim Min-Jae,KOR,DF,Bayern Munich,Bundesliga,28,1996,12,12,1024,11.4,1,0,1,1,0,0,1,0,0.4,0.4,0.1,0.4,9,99,4,0.09,0.0,0.09,0.09,0.09,0.03,0.01,0.04,0.03,0.04,2,2,100.0,0.18,0.18,0.5,0.5,6,0,0.19,0.6,0.6,1141,1235,92.4,18868,7677,514,541,95.0,570,603,94.5,46,68,67.6,0.4,-0.1,2,120,1,0,0,4,0,4,13,1.14,12,0,0,0,1,0,1,0,1,0,0,0,0,0,16,10,5,8,3,3,9,33.3,6,12,7,17,33,32,1,1333,75,432,850,55,5,1333,2,2,100.0,0,0.0,788,3467,1714,15,1,7,3,1018,0,10,2,0,0,0,0,70,35,20,63.6
Yerry Mina,COL,DF,Cagliari,Serie A,30,1994,11,11,907,10.1,0,0,0,0,0,0,4,1,1.1,1.1,0.0,1.1,5,28,6,0.0,0.0,0.0,0.0,0.0,0.11,0.0,0.11,0.11,0.11,15,2,13.3,1.49,0.2,0.0,0.0,10,0,0.07,-1.1,-1.1,489,565,86.5,9310,3509,172,188,91.5,270,299,90.3,42,67,62.7,0.3,0.0,1,24,3,1,0,0,1,1,8,0.79,6,0,0,2,0,0,1,0,0,0,0,1,0,0,24,8,15,8,1,18,23,78.3,5,23,15,9,33,55,1,711,135,411,269,38,23,711,5,2,40.0,1,20.0,358,1721,951,3,0,6,5,408,1,15,19,2,0,0,0,57,48,24,66.7
Takumi Minamino,JPN,"MF,FW",Monaco,Ligue 1,29,1995,11,9,780,8.7,1,1,2,1,0,0,1,0,1.8,1.8,3.5,5.3,12,33,59,0.12,0.12,0.23,0.12,0.23,0.21,0.4,0.61,0.21,0.61,16,4,25.0,1.85,0.46,0.06,0.25,17,0,0.11,-0.8,-0.8,163,241,67.6,2292,883,99,134,73.9,57,78,73.1,3,10,30.0,2.2,-2.5,18,27,11,0,8,0,5,8,30,3.46,26,0,2,2,0,0,1,0,1,0,0,0,0,0,8,5,2,4,2,2,9,22.2,7,9,1,4,12,5,0,328,6,23,164,145,41,328,15,4,26.7,9,60.0,192,974,367,10,8,26,5,236,0,7,10,5,0,0,0,32,6,15,28.6
Lucas Mincarelli,FRA,DF,Montpellier,Ligue 1,20,2004,4,3,251,2.8,0,0,0,0,0,0,0,0,0.0,0.0,0.2,0.2,6,11,11,0.0,0.0,0.0,0.0,0.0,0.0,0.08,0.08,0.0,0.08,1,1,100.0,0.36,0.36,0.0,0.0,33,0,0.01,0.0,0.0,97,126,77.0,1555,669,51,60,85.0,35,40,87.5,6,18,33.3,0.5,-0.2,1,8,2,2,0,0,12,3,1,0.36,1,0,0,0,0,0,0,0,0,0,0,0,0,0,4,4,1,2,1,1,5,20.0,4,1,1,1,5,8,0,152,8,56,62,35,2,152,2,0,0.0,2,100.0,83,394,207,4,0,4,1,93,0,4,5,0,0,0,0,9,3,2,60.0
Óscar Mingueza,ESP,"MF,DF",Celta Vigo,La Liga,25,1999,14,14,1095,12.2,2,5,7,2,0,0,3,0,0.6,0.6,4.3,4.9,35,76,74,0.16,0.41,0.58,0.16,0.58,0.05,0.35,0.4,0.05,0.4,12,3,25.0,0.99,0.25,0.17,0.67,22,5,0.05,1.4,1.4,662,858,77.2,11232,4630,314,346,90.8,265,342,77.5,60,119,50.4,3.6,0.7,20,70,29,8,1,6,51,16,43,3.53,35,2,2,1,2,1,9,0,6,0,2,0,1,0,17,9,7,7,3,13,29,44.8,16,13,3,7,24,17,2,962,27,212,470,289,16,962,26,12,46.2,13,50.0,581,2953,1571,26,5,15,6,655,0,12,7,0,1,0,0,60,5,4,55.6
Kim Minsu,KOR,"MF,FW",Girona,La Liga,18,2006,3,0,22,0.2,0,0,0,0,0,0,0,0,0.0,0.0,0.0,0.0,0,0,2,0.0,0.0,0.0,0.0,0.0,0.0,0.0,0.0,0.0,0.0,0,0,0.0,0.0,0.0,0.0,0.0,0,0,0.0,0.0,0.0,9,10,90.0,105,8,5,6,83.3,3,3,100.0,0,0,0.0,0.0,0.0,0,0,0,0,0,0,0,0,0,0.0,0,0,0,0,0,0,0,0,0,0,0,0,0,0,1,0,0,1,0,0,0,0.0,0,0,0,0,1,0,0,18,0,0,8,10,0,18,2,0,0.0,2,100.0,12,62,9,0,0,3,1,15,0,0,1,0,0,0,0,1,0,1,0.0
Yankuba Minteh,GAM,"FW,MF",Brighton,Premier League,20,2004,8,5,409,4.5,1,1,2,1,0,0,2,0,0.8,0.8,1.6,2.4,18,13,56,0.22,0.22,0.44,0.22,0.44,0.17,0.36,0.53,0.17,0.53,7,2,28.6,1.54,0.44,0.14,0.5,15,0,0.11,0.2,0.2,86,139,61.9,1424,494,44,58,75.9,31,44,70.5,8,18,44.4,1.3,-0.6,10,6,9,3,1,1,31,11,17,3.75,8,3,4,1,1,0,3,0,1,0,1,1,0,0,5,3,1,1,3,3,11,27.3,8,7,0,3,8,4,0,201,6,15,59,130,33,201,30,9,30.0,17,56.7,116,879,481,7,17,9,5,119,0,6,4,1,0,0,0,16,6,8,42.9
Bojan Miovski,MKD,FW,Girona,La Liga,25,1999,9,8,580,6.4,2,1,3,2,0,0,0,0,2.6,2.6,0.1,2.8,2,2,24,0.31,0.16,0.47,0.31,0.47,0.41,0.02,0.43,0.41,0.43,11,4,36.4,1.71,0.62,0.18,0.5,12,0,0.24,-0.6,-0.6,54,68,79.4,762,58,33,37,89.2,17,21,81.0,3,3,100.0,0.2,0.9,2,1,1,1,0,0,2,1,7,1.08,3,0,0,2,1,1,4,0,2,0,0,1,1,0,6,4,1,2,3,2,6,33.3,4,4,0,1,7,5,0,113,4,8,39,66,18,113,3,1,33.3,1,33.3,57,191,40,0,2,10,1,82,0,10,8,6,1,0,0,5,7,13,35.0
Rafa Mir,ESP,"MF,FW",Valencia,La Liga,27,1997,4,3,239,2.7,0,1,1,0,0,0,1,0,0.2,0.2,0.4,0.6,2,3,3,0.0,0.38,0.38,0.0,0.38,0.07,0.15,0.22,0.07,0.22,4,0,0.0,1.51,0.0,0.0,0.0,18,0,0.05,-0.2,-0.2,27,42,64.3,431,86,14,18,77.8,8,13,61.5,3,5,60.0,0.1,0.6,1,0,1,1,0,0,1,1,1,0.38,0,0,0,1,0,0,1,0,0,0,0,1,0,0,6,3,4,2,0,1,3,33.3,2,1,0,0,6,5,0,69,5,13,30,26,5,69,4,0,0.0,4,100.0,27,139,40,4,0,4,3,46,0,2,2,2,0,0,0,1,3,6,33.3
Juan Miranda,ESP,DF,Bologna,Serie A,24,2000,11,8,768,8.5,0,2,2,0,0,0,1,0,0.2,0.2,1.6,1.8,14,52,33,0.0,0.23,0.23,0.0,0.23,0.03,0.19,0.21,0.03,0.21,9,3,33.3,1.05,0.35,0.0,0.0,28,2,0.03,-0.2,-0.2,485,619,78.4,9354,3373,189,198,95.5,234,283,82.7,61,122,50.0,1.3,0.4,18,49,16,10,1,2,63,7,30,3.52,18,9,0,2,1,0,5,0,4,1,0,0,0,0,15,10,7,5,3,7,14,50.0,7,11,1,11,26,13,0,705,22,228,271,210,5,705,7,1,14.3,5,71.4,333,1226,574,11,1,11,4,435,0,7,13,0,0,0,0,34,13,15,46.4
Fabio Miretti,ITA,"MF,FW",Genoa,Serie A,21,2003,8,6,467,5.2,1,0,1,1,0,0,0,0,1.0,1.0,0.4,1.3,10,22,22,0.19,0.0,0.19,0.19,0.19,0.18,0.07,0.26,0.18,0.26,6,2,33.3,1.16,0.39,0.17,0.5,17,1,0.16,0.0,0.0,111,154,72.1,2321,719,40,48,83.3,49,59,83.1,19,36,52.8,0.6,-0.4,5,6,3,1,1,3,24,6,13,2.51,7,3,1,1,1,0,1,0,0,1,0,0,0,0,12,5,3,5,4,8,10,80.0,2,5,0,2,14,4,0,232,4,32,105,100,18,232,23,6,26.1,12,52.2,111,549,247,5,7,13,9,140,0,7,10,1,0,0,0,19,2,3,40.0
Tyrick Mitchell,ENG,DF,Crystal Palace,Premier League,25,1999,14,14,1210,13.4,0,1,1,0,0,0,2,0,0.3,0.3,2.1,2.4,27,34,86,0.0,0.07,0.07,0.0,0.07,0.03,0.15,0.18,0.03,0.18,5,1,20.0,0.37,0.07,0.0,0.0,12,0,0.07,-0.3,-0.3,429,589,72.8,6799,2651,229,270,84.8,170,227,74.9,21,55,38.2,1.3,-1.1,14,29,12,7,0,0,53,19,35,2.6,32,1,0,1,1,0,1,0,1,0,0,0,0,0,34,24,22,9,3,7,17,41.2,10,29,4,6,40,36,1,739,46,234,283,228,20,739,13,6,46.2,5,38.5,338,1627,718,16,3,15,13,394,0,9,11,0,0,0,0,70,9,6,60.0
Kaoru Mitoma,JPN,"FW,MF",Brighton,Premier League,27,1997,13,12,1095,12.2,3,2,5,3,0,0,0,0,3.6,3.6,2.8,6.3,68,42,136,0.25,0.16,0.41,0.25,0.41,0.29,0.23,0.52,0.29,0.52,25,11,44.0,2.05,0.9,0.12,0.27,14,0,0.15,-0.6,-0.6,328,432,75.9,4408,1012,214,248,86.3,85,117,72.6,15,27,55.6,2.1,-0.8,17,16,17,5,3,0,34,17,44,3.62,34,0,2,3,4,1,6,0,5,0,0,0,1,0,17,10,5,7,5,10,24,41.7,14,20,1,6,23,3,0,583,4,63,209,323,74,583,60,22,36.7,35,58.3,363,2978,1853,37,28,21,7,431,0,15,12,2,0,0,0,38,9,7,56.3
Maximilian Mittelstädt,GER,DF,Stuttgart,Bundesliga,27,1997,12,10,901,10.0,0,4,4,0,0,0,2,0,0.4,0.4,1.8,2.2,18,67,52,0.0,0.4,0.4,0.0,0.4,0.04,0.18,0.22,0.04,0.22,8,1,12.5,0.8,0.1,0.0,0.0,24,0,0.05,-0.4,-0.4,641,763,84.0,10748,3506,332,353,94.1,253,300,84.3,52,90,57.8,2.8,2.2,23,58,26,16,1,7,65,11,39,3.9,35,3,1,0,0,0,7,0,7,0,0,0,0,0,23,15,15,7,1,16,24,66.7,8,18,8,13,36,29,1,877,46,210,415,256,12,877,11,8,72.7,2,18.2,450,1932,999,15,2,11,4,587,0,7,17,1,0,0,0,39,8,4,66.7
Koji Miyoshi,JPN,"MF,FW",Bochum,Bundesliga,27,1997,9,3,260,2.9,1,0,1,1,0,0,0,0,0.9,0.9,0.1,1.0,6,6,13,0.35,0.0,0.35,0.35,0.35,0.3,0.04,0.34,0.3,0.34,10,4,40.0,3.46,1.38,0.1,0.25,22,0,0.09,0.1,0.1,36,74,48.6,531,159,18,25,72.0,15,25,60.0,1,10,10.0,0.1,-0.1,2,3,3,0,3,1,7,8,5,1.73,3,0,1,1,0,0,0,0,0,0,0,0,0,0,5,4,0,1,4,3,7,42.9,4,6,1,1,6,2,0,111,3,20,46,49,12,111,7,3,42.9,4,57.1,70,418,185,5,2,7,2,69,0,7,1,1,0,0,0,17,2,7,22.2
Henrikh Mkhitaryan,ARM,MF,Inter,Serie A,35,1989,13,13,1042,11.6,1,0,1,1,0,0,2,0,0.9,0.9,0.4,1.3,26,80,42,0.09,0.0,0.09,0.09,0.09,0.08,0.03,0.11,0.08,0.11,10,2,20.0,0.86,0.17,0.1,0.5,19,0,0.09,0.1,0.1,565,652,86.7,9147,2207,301,330,91.2,217,252,86.1,39,48,81.3,1.2,-0.4,7,66,22,1,3,3,9,9,34,2.94,34,0,0,0,0,0,3,0,3,0,0,0,0,0,17,10,4,9,4,8,18,44.4,10,8,1,9,26,16,0,746,21,104,410,237,20,746,12,2,16.7,10,83.3,433,2200,1100,25,7,10,9,557,0,9,5,3,0,0,0,57,10,9,52.6
Jakub Moder,POL,MF,Brighton,Premier League,25,1999,2,0,5,0.1,0,0,0,0,0,0,0,0,0.0,0.0,0.0,0.0,2,3,0,0.0,0.0,0.0,0.0,0.0,0.0,0.12,0.12,0.0,0.12,0,0,0.0,0.0,0.0,0.0,0.0,0,0,0.0,0.0,0.0,11,13,84.6,172,23,5,7,71.4,6,6,100.0,0,0,0.0,0.0,0.0,1,0,0,0,0,0,0,0,1,18.0,1,0,0,0,0,0,0,0,0,0,0,0,0,0,0,0,0,0,0,0,2,0.0,2,0,0,0,0,2,0,16,0,5,7,4,0,16,0,0,0.0,0,0.0,7,64,52,1,0,0,0,8,0,0,0,0,0,0,0,1,0,0,0.0
Rui Modesto,ANG,DF,Udinese,Serie A,25,1999,3,0,26,0.3,0,0,0,0,0,0,0,0,0.0,0.0,0.0,0.0,1,1,4,0.0,0.0,0.0,0.0,0.0,0.0,0.08,0.08,0.0,0.08,0,0,0.0,0.0,0.0,0.0,0.0,0,0,0.0,0.0,0.0,13,19,68.4,259,98,7,11,63.6,3,3,100.0,3,4,75.0,0.0,0.0,1,1,0,0,0,0,1,1,1,3.46,1,0,0,0,0,0,0,0,0,0,0,0,0,0,1,1,0,1,0,1,1,100.0,0,0,0,1,2,0,0,22,0,5,10,8,2,22,0,0,0.0,0,0.0,9,50,26,0,1,2,0,11,0,0,0,0,0,0,0,1,1,0,100.0
Luka Modrić,CRO,MF,Real Madrid,La Liga,39,1985,14,5,629,7.0,0,2,2,0,0,0,3,0,0.3,0.3,3.3,3.6,17,53,24,0.0,0.29,0.29,0.0,0.29,0.04,0.47,0.51,0.04,0.51,8,2,25.0,1.14,0.29,0.0,0.0,26,1,0.04,-0.3,-0.3,529,602,87.9,9254,2892,240,259,92.7,211,227,93.0,59,86,68.6,3.0,-1.3,26,63,11,1,4,8,37,5,42,6.01,22,18,0,2,0,0,4,0,2,2,0,0,0,0,6,2,5,0,1,4,9,44.4,5,6,1,7,13,6,0,657,12,108,352,205,6,657,5,4,80.0,1,20.0,408,2142,1034,14,3,13,7,504,0,10,7,0,0,0,0,38,1,4,20.0
Max Moerstedt,GER,FW,Hoffenheim,Bundesliga,2024,0,5,0,78,0.9,0,0,0,0,0,0,1,0,0.1,0.1,0.0,0.1,3,2,7,0.0,0.0,0.0,0.0,0.0,0.07,0.03,0.1,0.07,0.1,0,0,,,,,,0,0,,,,19,26,73.1,192,45,10,14,71.4,5,5,100.0,0,0,0.0,0.0,0.0,1,0,0,0,0,0,0,2,4,4.56,2,0,1,0,1,0,0,0,0,0,0,0,0,0,3,3,1,2,0,1,1,100.0,0,0,0,0,3,3,0,41,3,9,12,20,5,41,2,1,50.0,1,50.0,20,96,45,1,2,2,4,29,0,2,3,0,0,0,0,3,4,3,57.1
Mostafa Mohamed,EGY,FW,Nantes,Ligue 1,27,1997,11,4,423,4.7,1,0,1,1,0,0,1,0,1.6,1.6,0.1,1.7,5,14,24,0.21,0.0,0.21,0.21,0.21,0.34,0.02,0.36,0.34,0.36,17,7,41.2,3.62,1.49,0.06,0.14,13,0,0.09,-0.6,-0.6,52,91,57.1,925,289,20,36,55.6,21,29,72.4,9,12,75.0,0.1,-0.1,2,11,5,0,1,0,2,5,5,1.06,4,0,1,0,0,0,0,0,0,0,0,0,0,0,8,5,3,4,1,2,6,33.3,4,2,0,2,10,10,0,161,11,18,57,90,31,161,6,3,50.0,3,50.0,91,378,171,6,2,17,9,99,0,10,1,2,0,0,0,20,17,12,58.6
Johan Mojica,COL,DF,Mallorca,La Liga,32,1992,15,13,1178,13.1,1,1,2,1,0,0,3,0,0.5,0.5,1.6,2.1,20,55,57,0.08,0.08,0.15,0.08,0.15,0.04,0.13,0.16,0.04,0.16,5,1,20.0,0.38,0.08,0.2,1.0,21,1,0.09,0.5,0.5,475,642,74.0,8618,3542,240,272,88.2,172,225,76.4,59,110,53.6,1.7,-0.6,16,43,21,13,0,4,60,21,28,2.14,24,1,1,1,1,0,2,0,2,0,0,0,0,0,18,12,13,2,3,10,17,58.8,7,3,1,12,30,39,1,771,50,247,302,233,6,771,34,15,44.1,14,41.2,387,1960,829,15,1,22,12,420,0,9,10,0,0,2,0,80,5,5,50.0
Alberto Moleiro,ESP,"FW,MF",Las Palmas,La Liga,21,2003,15,13,1134,12.6,4,0,4,4,0,0,3,0,3.0,3.0,1.7,4.7,42,55,89,0.32,0.0,0.32,0.32,0.32,0.24,0.13,0.37,0.24,0.37,32,14,43.8,2.54,1.11,0.13,0.29,19,0,0.09,1.0,1.0,368,439,83.8,5246,1203,221,250,88.4,121,136,89.0,16,25,64.0,1.8,-1.7,18,35,14,2,6,0,10,10,50,3.97,36,0,9,2,3,0,3,0,1,0,1,0,1,0,15,8,7,7,1,11,23,47.8,12,13,0,7,22,5,0,601,2,76,300,238,42,601,72,33,45.8,36,50.0,413,2687,1495,39,10,28,20,474,0,10,15,0,0,0,0,58,0,8,0.0
Nahuel Molina,ARG,DF,Atlético Madrid,La Liga,26,1998,10,9,705,7.8,0,1,1,0,0,0,0,0,0.4,0.4,0.6,1.0,18,27,42,0.0,0.13,0.13,0.0,0.13,0.05,0.07,0.13,0.05,0.13,4,1,25.0,0.51,0.13,0.0,0.0,23,0,0.11,-0.4,-0.4,402,526,76.4,6000,2189,228,254,89.8,134,181,74.0,22,53,41.5,0.8,0.4,6,23,6,1,1,3,29,16,22,2.81,13,5,2,1,0,1,2,0,2,0,0,0,0,0,17,8,9,8,0,12,25,48.0,13,8,0,6,23,20,0,604,22,171,273,166,6,604,14,7,50.0,6,42.9,348,1599,947,11,1,11,2,380,0,5,1,0,0,0,0,29,6,4,60.0
Florent Mollet,FRA,"MF,FW",Nantes,Ligue 1,33,1991,6,2,157,1.7,0,0,0,0,0,0,0,0,0.2,0.2,0.2,0.5,3,6,9,0.0,0.0,0.0,0.0,0.0,0.13,0.14,0.27,0.13,0.27,4,2,50.0,2.29,1.15,0.0,0.0,17,0,0.06,-0.2,-0.2,62,78,79.5,908,252,35,38,92.1,23,28,82.1,3,10,30.0,0.2,-0.2,5,6,2,0,0,0,11,1,8,4.56,4,3,0,1,0,0,0,0,0,0,0,0,0,0,1,1,1,0,0,1,1,100.0,0,2,0,1,2,2,0,91,3,14,42,35,3,91,2,1,50.0,1,50.0,63,302,127,3,0,2,0,62,0,2,3,0,0,0,0,8,0,4,0.0
Jon Moncayola,ESP,MF,Osasuna,La Liga,26,1998,14,11,925,10.3,0,0,0,0,0,0,4,0,0.8,0.8,1.7,2.5,8,35,20,0.0,0.0,0.0,0.0,0.0,0.08,0.16,0.24,0.08,0.24,10,2,20.0,0.97,0.19,0.0,0.0,15,0,0.08,-0.8,-0.8,258,367,70.3,4738,1650,106,124,85.5,109,150,72.7,32,73,43.8,1.9,-1.7,17,23,7,2,0,4,45,5,29,2.82,17,12,0,0,0,0,2,0,2,0,0,0,0,0,31,15,7,20,4,11,25,44.0,14,17,1,7,38,12,0,456,16,87,231,142,14,456,4,3,75.0,1,25.0,201,769,329,7,2,11,4,242,0,16,4,0,0,0,0,36,6,5,54.5
Gonzalo Montiel,ARG,"MF,DF",Sevilla,La Liga,27,1997,3,0,12,0.1,0,0,0,0,0,0,0,0,0.0,0.0,0.0,0.0,1,0,1,0.0,0.0,0.0,0.0,0.0,0.22,0.0,0.22,0.22,0.22,1,0,0.0,7.5,0.0,0.0,0.0,14,0,0.03,0.0,0.0,7,9,77.8,153,40,3,3,100.0,3,3,100.0,1,3,33.3,0.0,0.0,0,0,0,0,0,0,0,0,0,0.0,0,0,0,0,0,0,0,0,0,0,0,0,0,0,0,0,0,0,0,0,0,0.0,0,0,0,0,0,0,0,13,1,4,6,3,2,13,1,0,0.0,0,0.0,9,57,28,0,0,1,0,10,0,0,1,0,0,0,0,1,0,0,0.0
Mikey Moore,ENG,FW,Tottenham,Premier League,17,2007,4,1,85,0.9,0,0,0,0,0,0,0,0,0.0,0.0,0.0,0.0,5,3,12,0.0,0.0,0.0,0.0,0.0,0.04,0.0,0.04,0.04,0.04,1,0,0.0,1.06,0.0,0.0,0.0,23,0,0.04,0.0,0.0,15,22,68.2,164,46,7,7,100.0,4,7,57.1,0,2,0.0,0.0,0.0,0,0,2,0,0,0,4,0,5,5.29,3,2,0,0,0,0,0,0,0,0,0,0,0,0,0,0,0,0,0,0,0,0.0,0,0,0,1,1,0,0,34,0,4,6,24,3,34,6,1,16.7,4,66.7,27,235,125,2,2,2,2,27,0,0,3,0,0,0,0,1,1,1,50.0
Álvaro Morata,ESP,"FW,MF",Milan,Serie A,32,1992,10,8,701,7.8,3,0,3,3,0,0,3,0,1.7,1.7,0.3,2.1,12,21,31,0.39,0.0,0.39,0.39,0.39,0.22,0.04,0.27,0.22,0.27,16,6,37.5,2.05,0.77,0.19,0.5,11,0,0.11,1.3,1.3,132,172,76.7,2190,416,73,91,80.2,38,54,70.4,15,18,83.3,0.2,-0.3,5,11,3,0,2,5,7,1,14,1.79,10,0,0,1,2,1,2,0,1,0,0,1,0,0,7,5,1,5,1,3,6,50.0,3,4,1,5,12,4,0,244,5,20,114,111,36,244,9,3,33.3,3,33.3,143,876,371,9,4,19,10,192,0,20,15,3,0,0,0,22,8,12,40.0
Morato,BRA,DF,Nott'Ham Forest,Premier League,23,2001,6,0,83,0.9,0,0,0,0,0,0,0,0,0.0,0.0,0.0,0.0,0,1,0,0.0,0.0,0.0,0.0,0.0,0.0,0.0,0.0,0.0,0.0,0,0,0.0,0.0,0.0,0.0,0.0,0,0,0.0,0.0,0.0,10,21,47.6,183,91,6,7,85.7,3,5,60.0,1,4,25.0,0.0,0.0,0,1,0,0,0,0,0,3,2,2.17,2,0,0,0,0,0,0,0,0,0,0,0,0,0,1,1,1,0,0,0,0,0.0,0,2,2,2,3,14,0,42,16,28,7,7,0,42,1,1,100.0,0,0.0,9,28,7,1,0,0,0,13,0,1,0,0,0,0,0,3,1,6,14.3
Diego Moreira,POR,"DF,MF",Strasbourg,Ligue 1,20,2004,13,11,1004,11.2,1,3,4,1,0,0,3,0,0.7,0.7,2.0,2.7,33,35,89,0.09,0.27,0.36,0.09,0.36,0.06,0.18,0.24,0.06,0.24,9,5,55.6,0.81,0.45,0.11,0.2,13,0,0.08,0.3,0.3,394,521,75.6,6352,1738,208,247,84.2,143,187,76.5,32,53,60.4,2.4,1.0,10,13,7,1,4,3,31,12,25,2.24,15,4,3,0,2,1,4,0,3,0,0,0,1,0,18,12,6,8,4,8,16,50.0,8,5,1,12,30,20,0,652,34,157,312,196,29,652,43,14,32.6,25,58.1,359,2211,1187,24,12,20,11,423,0,13,18,0,0,1,0,62,14,14,50.0
Alberto Moreno,ESP,DF,Como,Serie A,32,1992,14,14,1185,13.2,0,0,0,0,0,0,4,0,0.2,0.2,0.9,1.1,16,53,43,0.0,0.0,0.0,0.0,0.0,0.02,0.07,0.09,0.02,0.09,9,4,44.4,0.68,0.3,0.0,0.0,24,0,0.03,-0.2,-0.2,610,735,83.0,10446,3700,280,302,92.7,268,312,85.9,50,90,55.6,1.3,-0.9,14,44,14,8,1,4,34,12,24,1.82,22,2,0,0,0,0,2,0,2,0,0,0,0,0,19,9,12,7,0,9,16,56.3,7,9,1,11,30,23,2,834,35,262,370,208,15,834,6,3,50.0,3,50.0,498,2007,847,22,2,13,2,550,0,14,7,0,0,0,0,49,6,15,28.6
Álex Moreno,ESP,DF,Nott'Ham Forest,Premier League,31,1993,10,9,699,7.8,0,1,1,0,0,0,2,0,0.1,0.1,1.0,1.1,17,27,20,0.0,0.13,0.13,0.0,0.13,0.02,0.12,0.14,0.02,0.14,5,0,0.0,0.64,0.0,0.0,0.0,25,0,0.03,-0.1,-0.1,217,309,70.2,3278,1352,128,151,84.8,70,108,64.8,11,30,36.7,0.8,0.0,4,18,6,1,1,1,11,9,9,1.16,9,0,0,0,0,0,2,0,2,0,0,0,0,0,21,15,18,3,0,12,29,41.4,17,9,4,11,32,29,0,408,45,157,149,112,5,408,13,5,38.5,5,38.5,170,1044,601,13,2,9,4,181,0,11,4,0,0,0,0,34,1,8,11.1
Gerard Moreno,ESP,FW,Villarreal,La Liga,32,1992,4,2,179,2.0,1,1,2,0,1,1,0,0,1.4,0.6,1.6,2.1,0,15,18,0.5,0.5,1.01,0.0,0.5,0.68,0.78,1.47,0.29,1.07,9,5,55.6,4.53,2.51,0.0,0.0,17,0,0.06,-0.4,-0.6,63,80,78.8,1154,313,28,34,82.4,25,28,89.3,9,12,75.0,0.4,-0.6,7,6,7,1,0,0,2,1,12,6.03,11,0,0,1,0,0,1,0,0,0,0,1,0,0,2,2,0,0,2,1,1,100.0,0,0,0,1,3,1,0,99,2,4,43,52,15,98,6,4,66.7,2,33.3,65,268,64,1,0,3,3,82,0,2,2,0,0,0,0,4,4,1,80.0
Tete Morente,ESP,"FW,MF",Lecce,Serie A,28,1996,10,5,457,5.1,0,0,0,0,0,0,1,0,1.1,1.1,0.2,1.3,11,20,31,0.0,0.0,0.0,0.0,0.0,0.23,0.03,0.26,0.23,0.26,6,3,50.0,1.18,0.59,0.0,0.0,15,0,0.19,-1.1,-1.1,118,147,80.3,1835,581,70,75,93.3,35,43,81.4,9,20,45.0,0.1,-0.2,5,11,5,2,0,2,10,6,12,2.36,10,0,0,1,0,1,1,0,1,0,0,0,0,0,8,5,3,4,1,2,12,16.7,10,7,0,5,13,4,0,197,5,27,92,81,6,197,9,4,44.4,4,44.4,111,680,343,11,0,7,3,126,0,3,2,0,0,0,0,14,5,4,55.6
Mateu Morey,ESP,DF,Mallorca,La Liga,24,2000,3,2,175,1.9,0,0,0,0,0,0,1,0,0.0,0.0,0.0,0.0,7,4,7,0.0,0.0,0.0,0.0,0.0,0.0,0.0,0.0,0.0,0.0,0,0,0.0,0.0,0.0,0.0,0.0,0,0,0.0,0.0,0.0,78,101,77.2,1137,326,48,53,90.6,23,31,74.2,5,9,55.6,0.0,0.0,0,3,0,0,0,0,7,2,3,1.55,3,0,0,0,0,0,1,0,1,0,0,0,0,0,3,2,1,2,0,1,2,50.0,1,1,0,7,10,7,1,126,7,38,60,29,2,126,3,2,66.7,1,33.3,60,325,137,4,3,2,3,65,0,7,3,0,0,0,0,6,4,0,100.0
Ilaix Moriba,GUI,MF,Celta Vigo,La Liga,21,2003,12,7,602,6.7,0,0,0,0,0,0,5,1,0.2,0.2,0.8,1.0,12,34,18,0.0,0.0,0.0,0.0,0.0,0.03,0.12,0.15,0.03,0.15,9,2,22.2,1.35,0.3,0.0,0.0,26,0,0.02,-0.2,-0.2,313,358,87.4,4884,1207,166,189,87.8,103,113,91.2,25,32,78.1,1.3,-0.8,9,37,8,2,2,6,3,2,19,2.85,17,0,1,0,0,1,0,0,0,0,0,0,0,0,21,17,6,13,2,14,26,53.8,12,7,2,5,26,7,0,445,10,73,259,120,14,445,12,5,41.7,4,33.3,299,1435,627,13,4,15,9,330,1,8,19,0,0,0,0,32,5,8,38.5
Manu Morlanes,ESP,MF,Mallorca,La Liga,25,1999,15,11,959,10.7,0,0,0,0,0,0,4,0,0.3,0.3,0.2,0.5,14,58,25,0.0,0.0,0.0,0.0,0.0,0.02,0.02,0.05,0.02,0.05,7,0,0.0,0.66,0.0,0.0,0.0,25,0,0.04,-0.3,-0.3,434,491,88.4,6973,2102,214,230,93.0,184,208,88.5,22,33,66.7,0.6,-0.2,6,58,9,3,2,3,7,2,24,2.25,21,1,0,2,0,0,0,0,0,0,0,0,0,0,30,19,13,13,4,14,21,66.7,7,17,6,22,52,13,0,599,26,131,366,107,4,599,5,1,20.0,4,80.0,323,1646,821,12,0,7,9,366,0,10,7,0,0,0,0,54,8,14,36.4
Nikola Moro,CRO,MF,Bologna,Serie A,26,1998,10,8,653,7.3,0,1,1,0,0,0,0,0,0.3,0.3,0.3,0.6,9,63,15,0.0,0.14,0.14,0.0,0.14,0.04,0.04,0.08,0.04,0.08,7,1,14.3,0.96,0.14,0.0,0.0,25,1,0.04,-0.3,-0.3,359,444,80.9,6942,1787,137,161,85.1,156,187,83.4,55,75,73.3,0.5,0.7,10,52,8,2,1,4,16,8,27,3.72,21,4,0,1,0,1,4,0,2,0,0,1,0,1,20,16,5,11,4,15,18,83.3,3,13,6,7,27,8,0,512,14,73,324,118,2,512,7,4,57.1,2,28.6,260,1169,538,7,0,9,2,344,0,11,7,0,0,0,0,41,7,5,58.3
Raúl Moro,ESP,"FW,MF",Valladolid,La Liga,22,2002,15,11,1074,11.9,3,1,4,3,0,0,1,0,1.6,1.6,3.2,4.8,53,41,98,0.25,0.08,0.34,0.25,0.34,0.14,0.27,0.41,0.14,0.41,18,6,33.3,1.51,0.5,0.17,0.5,17,0,0.09,1.4,1.4,225,343,65.6,4323,1426,107,134,79.9,70,100,70.0,43,82,52.4,3.0,-2.2,26,19,20,10,0,6,70,14,49,4.11,30,7,9,0,2,1,3,0,2,0,1,0,0,0,13,8,10,2,1,7,19,36.8,12,6,0,9,22,6,0,464,7,68,154,255,45,464,63,29,46.0,32,50.8,269,2672,1481,35,24,22,6,310,0,2,10,7,0,0,0,46,4,7,36.4
Sam Morsy,EGY,MF,Ipswich Town,Premier League,33,1991,13,13,1163,12.9,1,1,2,1,0,0,4,0,0.3,0.3,0.4,0.6,5,57,5,0.08,0.08,0.15,0.08,0.15,0.02,0.03,0.05,0.02,0.05,7,1,14.3,0.54,0.08,0.14,1.0,25,0,0.04,0.7,0.7,610,685,89.1,9752,2583,323,347,93.1,229,246,93.1,41,56,73.2,0.8,0.6,8,76,9,2,1,1,7,13,19,1.47,17,2,0,0,0,0,1,0,1,0,0,0,0,0,33,19,17,12,4,14,27,51.9,13,12,4,14,47,21,1,779,30,199,456,131,1,779,12,11,91.7,1,8.3,432,2280,953,15,0,7,5,556,0,26,13,0,0,0,0,67,7,12,36.8
Gabriel Moscardo,BRA,MF,Reims,Ligue 1,19,2005,2,0,12,0.1,0,0,0,0,0,0,0,0,0.0,0.0,0.0,0.0,0,0,0,0.0,0.0,0.0,0.0,0.0,0.23,0.0,0.23,0.23,0.23,1,0,0.0,7.5,0.0,0.0,0.0,26,0,0.03,0.0,0.0,5,6,83.3,72,0,4,5,80.0,1,1,100.0,0,0,0.0,0.0,0.0,0,0,0,0,0,0,0,0,0,0.0,0,0,0,0,0,0,0,0,0,0,0,0,0,0,1,0,1,0,0,0,1,0.0,1,0,0,0,1,0,0,9,0,2,5,2,0,9,0,0,0.0,0,0.0,3,4,2,0,0,1,0,6,0,0,0,0,0,0,0,0,0,0,0.0
Cristhian Mosquera,ESP,DF,Valencia,La Liga,20,2004,13,13,1170,13.0,0,0,0,0,0,0,3,0,0.2,0.2,0.0,0.2,13,42,1,0.0,0.0,0.0,0.0,0.0,0.01,0.0,0.01,0.01,0.01,3,1,33.3,0.23,0.08,0.0,0.0,10,0,0.06,-0.2,-0.2,601,664,90.5,11381,3935,216,233,92.7,330,355,93.0,54,66,81.8,0.1,0.0,0,29,0,0,0,3,0,1,1,0.08,1,0,0,0,0,0,0,0,0,0,0,0,0,0,11,6,9,2,0,2,4,50.0,2,13,8,14,25,43,0,769,84,405,358,11,3,769,8,5,62.5,3,37.5,452,2726,1485,6,0,6,0,495,0,6,10,0,0,1,0,68,19,24,44.2
Daniel Mosquera,COL,FW,Hellas Verona,Serie A,25,1999,13,4,467,5.2,3,1,4,3,0,0,1,0,2.2,2.2,0.7,2.9,5,6,29,0.58,0.19,0.77,0.58,0.77,0.43,0.14,0.56,0.43,0.56,16,4,25.0,3.08,0.77,0.19,0.75,12,0,0.14,0.8,0.8,68,99,68.7,926,146,45,57,78.9,16,24,66.7,3,6,50.0,0.5,0.3,6,5,2,0,1,0,2,2,13,2.51,10,0,0,2,1,0,2,0,2,0,0,0,0,0,4,2,1,1,2,0,2,0.0,2,3,1,0,4,4,0,155,5,12,71,74,23,155,10,6,60.0,4,40.0,74,450,145,7,3,13,10,107,0,10,5,2,0,0,0,12,21,28,42.9
Yerson Mosquera,COL,DF,Wolves,Premier League,23,2001,5,5,441,4.9,0,0,0,0,0,0,2,0,0.3,0.3,0.1,0.4,0,7,0,0.0,0.0,0.0,0.0,0.0,0.07,0.02,0.09,0.07,0.09,2,0,0.0,0.41,0.0,0.0,0.0,12,0,0.17,-0.3,-0.3,205,240,85.4,3996,1184,66,73,90.4,115,123,93.5,22,35,62.9,0.0,-0.1,2,16,1,1,0,1,2,3,5,1.02,5,0,0,0,0,0,0,0,0,0,0,0,0,0,11,7,9,2,0,9,14,64.3,5,13,10,10,21,14,0,294,43,170,115,12,7,294,0,0,0.0,0,0.0,168,683,322,1,0,4,1,182,0,6,7,1,0,0,0,24,11,6,64.7
Dany Mota,POR,MF,Monza,Serie A,26,1998,12,9,759,8.4,4,0,4,4,0,0,2,0,2.0,2.0,0.3,2.4,24,18,43,0.47,0.0,0.47,0.47,0.47,0.24,0.04,0.28,0.24,0.28,14,4,28.6,1.66,0.47,0.29,1.0,13,0,0.14,2.0,2.0,156,211,73.9,2590,396,78,97,80.4,62,75,82.7,12,19,63.2,0.7,-0.3,6,9,8,2,2,3,19,11,17,2.02,13,0,1,1,2,0,1,0,1,0,0,0,0,0,6,1,2,0,4,2,4,50.0,2,10,0,7,13,9,0,307,8,43,142,128,29,307,13,6,46.2,6,46.2,179,1198,540,13,5,26,9,212,0,9,13,0,0,0,0,36,14,18,43.8
Yael Mouanga,FRA,DF,Montpellier,Ligue 1,19,2005,1,1,90,1.0,0,0,0,0,0,0,0,0,0.0,0.0,0.0,0.0,0,2,0,0.0,0.0,0.0,0.0,0.0,0.0,0.0,0.0,0.0,0.0,0,0,0.0,0.0,0.0,0.0,0.0,0,0,0.0,0.0,0.0,52,58,89.7,975,234,19,22,86.4,28,28,100.0,5,7,71.4,0.0,0.0,0,1,0,0,0,0,0,1,0,0.0,0,0,0,0,0,0,0,0,0,0,0,0,0,0,2,2,2,0,0,1,1,100.0,0,3,3,0,2,7,0,72,15,45,27,0,0,72,1,1,100.0,0,0.0,49,277,115,0,0,1,0,50,0,0,0,0,0,0,0,1,4,3,57.1
Aimen Moueffek,FRA,MF,Saint-Étienne,Ligue 1,23,2001,11,5,479,5.3,0,0,0,0,0,0,0,0,0.7,0.7,0.2,0.9,5,15,6,0.0,0.0,0.0,0.0,0.0,0.13,0.04,0.17,0.13,0.17,5,2,40.0,0.94,0.38,0.0,0.0,17,0,0.14,-0.7,-0.7,154,177,87.0,2188,539,96,105,91.4,47,57,82.5,5,6,83.3,0.1,-0.2,3,19,0,0,0,0,0,1,7,1.32,5,0,1,1,0,0,1,0,1,0,0,0,0,0,11,6,3,7,1,3,11,27.3,8,6,3,2,13,17,0,257,25,65,151,45,7,257,11,4,36.4,7,63.6,132,508,222,1,1,18,2,147,0,8,2,2,0,0,0,29,7,8,46.7
Youssoufa Moukoko,GER,"FW,MF",Nice,Ligue 1,20,2004,6,2,179,2.0,2,1,3,2,0,0,0,0,2.2,2.2,0.8,3.0,2,4,10,1.01,0.5,1.51,1.01,1.51,1.08,0.4,1.49,1.08,1.49,5,2,40.0,2.51,1.01,0.4,1.0,9,0,0.44,-0.2,-0.2,27,34,79.4,374,128,17,19,89.5,6,9,66.7,2,2,100.0,0.2,0.2,5,2,1,1,0,0,1,0,5,2.49,4,0,0,1,0,0,1,0,1,0,0,0,0,0,1,0,1,0,0,0,1,0.0,1,0,0,0,1,0,0,53,0,6,17,30,13,53,6,2,33.3,4,66.7,36,155,59,0,1,2,3,36,0,1,3,4,0,0,0,9,2,0,100.0
Steve Mounié,BEN,FW,Augsburg,Bundesliga,30,1994,8,1,210,2.3,0,0,0,0,0,0,1,0,1.1,1.1,0.0,1.1,5,6,19,0.0,0.0,0.0,0.0,0.0,0.47,0.0,0.47,0.47,0.47,12,4,33.3,5.14,1.71,0.0,0.0,12,0,0.09,-1.1,-1.1,39,65,60.0,565,108,19,31,61.3,17,23,73.9,2,4,50.0,0.0,0.0,0,2,0,0,0,0,2,4,4,1.71,0,0,1,3,0,0,0,0,0,0,0,0,0,0,3,3,0,1,2,0,1,0.0,1,1,1,0,3,3,0,98,3,8,43,47,17,98,4,1,25.0,3,75.0,46,213,73,2,3,8,3,73,0,8,3,1,0,0,0,7,14,16,46.7
Mason Mount,ENG,"MF,FW",Manchester Utd,Premier League,25,1999,5,2,161,1.8,0,0,0,0,0,0,2,0,0.4,0.4,0.1,0.5,2,5,4,0.0,0.0,0.0,0.0,0.0,0.21,0.06,0.27,0.21,0.27,2,2,100.0,1.12,1.12,0.0,0.0,13,0,0.19,-0.4,-0.4,53,67,79.1,753,135,34,38,89.5,15,20,75.0,2,6,33.3,0.1,-0.1,4,3,0,0,0,0,4,0,5,2.8,4,1,0,0,0,0,0,0,0,0,0,0,0,0,6,2,3,3,0,5,7,71.4,2,3,0,0,6,0,0,86,0,15,43,28,6,86,3,0,0.0,3,100.0,54,276,85,2,0,4,4,64,0,4,2,0,0,0,0,4,1,2,33.3
Santiago Mouriño,URU,DF,Alavés,La Liga,22,2002,8,5,451,5.0,0,0,0,0,0,0,1,0,0.2,0.2,0.2,0.4,7,14,0,0.0,0.0,0.0,0.0,0.0,0.04,0.04,0.07,0.04,0.07,3,2,66.7,0.6,0.4,0.0,0.0,17,0,0.06,-0.2,-0.2,143,177,80.8,2678,1277,57,67,85.1,68,77,88.3,17,26,65.4,0.1,-0.2,3,12,2,1,0,1,2,2,3,0.6,3,0,0,0,0,0,0,0,0,0,0,0,0,0,13,9,11,2,0,7,14,50.0,7,4,0,9,22,20,0,229,26,107,110,15,3,229,3,2,66.7,1,33.3,117,881,502,3,0,2,4,102,0,5,2,1,0,0,0,24,7,8,46.7
Louis Mouton,FRA,MF,Saint-Étienne,Ligue 1,22,2002,9,5,401,4.5,0,0,0,0,0,0,1,0,0.3,0.3,0.7,1.0,4,16,10,0.0,0.0,0.0,0.0,0.0,0.07,0.16,0.22,0.07,0.22,10,3,30.0,2.24,0.67,0.0,0.0,26,0,0.03,-0.3,-0.3,144,179,80.4,2700,812,71,81,87.7,52,62,83.9,20,29,69.0,0.7,-0.7,8,13,1,0,2,4,8,2,13,2.92,8,3,1,0,0,1,0,0,0,0,0,0,0,0,14,7,5,5,4,4,9,44.4,5,3,1,5,19,9,0,236,12,63,112,64,6,236,10,6,60.0,4,40.0,128,541,241,1,1,3,4,144,0,6,2,0,0,0,0,21,3,3,50.0
Mykhailo Mudryk,UKR,FW,Chelsea,Premier League,23,2001,7,1,151,1.7,0,0,0,0,0,0,0,0,0.3,0.3,1.0,1.2,7,5,12,0.0,0.0,0.0,0.0,0.0,0.15,0.58,0.73,0.15,0.73,1,1,100.0,0.6,0.6,0.0,0.0,11,0,0.25,-0.3,-0.3,28,42,66.7,431,165,17,24,70.8,10,15,66.7,1,2,50.0,0.5,-1.0,2,2,2,1,1,0,7,1,6,3.6,4,1,0,0,1,0,0,0,0,0,0,0,0,0,2,2,2,0,0,0,0,0.0,0,3,1,0,2,1,0,62,3,12,15,38,6,62,8,3,37.5,5,62.5,39,468,227,8,0,3,7,42,0,2,2,1,0,0,0,9,2,4,33.3
Ngal'Ayel Mukau,COD,MF,Lille,Ligue 1,20,2004,8,4,399,4.4,0,0,0,0,0,0,4,0,0.0,0.0,0.0,0.1,9,24,8,0.0,0.0,0.0,0.0,0.0,0.01,0.01,0.02,0.01,0.02,2,0,0.0,0.45,0.0,0.0,0.0,25,0,0.02,0.0,0.0,212,234,90.6,3449,777,103,110,93.6,95,99,96.0,10,12,83.3,0.2,0.0,2,19,1,0,0,0,0,4,6,1.35,6,0,0,0,0,0,0,0,0,0,0,0,0,0,15,10,4,10,1,10,16,62.5,6,7,0,8,23,10,0,286,10,48,180,60,2,286,3,1,33.3,2,66.7,153,690,377,9,1,4,3,196,0,9,5,0,0,0,0,23,8,8,50.0
Nordi Mukiele,FRA,DF,Leverkusen,Bundesliga,27,1997,4,2,115,1.3,0,0,0,0,0,0,2,0,0.0,0.0,0.1,0.1,1,4,5,0.0,0.0,0.0,0.0,0.0,0.0,0.1,0.1,0.0,0.1,0,0,0.0,0.0,0.0,0.0,0.0,0,0,0.0,0.0,0.0,61,75,81.3,897,318,37,42,88.1,18,24,75.0,3,3,100.0,0.1,-0.1,1,5,0,0,0,0,2,2,1,0.78,1,0,0,0,0,0,0,0,0,0,0,0,0,0,3,2,0,2,1,2,2,100.0,0,1,0,2,5,5,1,90,2,26,44,21,2,90,0,0,0.0,0,0.0,41,153,82,1,1,1,0,55,0,2,1,0,0,0,1,7,3,4,42.9
Thomas Müller,GER,"MF,FW",Bayern Munich,Bundesliga,35,1989,12,2,412,4.6,1,1,2,1,0,0,1,0,1.5,1.5,1.1,2.6,8,22,59,0.22,0.22,0.44,0.22,0.44,0.32,0.24,0.56,0.32,0.56,9,4,44.4,1.97,0.87,0.11,0.25,12,0,0.16,-0.5,-0.5,186,247,75.3,2879,656,107,125,85.6,58,81,71.6,14,21,66.7,1.6,-0.1,14,12,6,4,3,2,21,6,26,5.68,24,0,1,1,0,0,5,1,4,0,1,0,0,0,4,2,1,2,1,2,6,33.3,4,4,0,0,4,5,0,282,4,20,119,143,39,282,5,3,60.0,1,20.0,155,686,400,6,3,4,7,238,0,6,4,1,0,0,0,13,0,6,0.0
Abdul Mumin,GHA,DF,Rayo Vallecano,La Liga,26,1998,13,13,1083,12.0,1,1,2,1,0,0,4,1,0.3,0.3,0.2,0.4,5,20,2,0.08,0.08,0.17,0.08,0.17,0.02,0.01,0.04,0.02,0.04,4,1,25.0,0.33,0.08,0.25,1.0,10,0,0.07,0.7,0.7,456,566,80.6,8958,3888,150,164,91.5,259,284,91.2,44,107,41.1,0.1,0.8,1,23,1,0,0,5,2,3,5,0.42,5,0,0,0,0,0,2,0,2,0,0,0,0,0,12,8,9,3,0,4,13,30.8,9,20,13,15,27,68,0,701,142,453,232,21,7,701,3,1,33.3,2,66.7,362,1821,788,5,2,10,0,410,0,13,6,0,0,0,0,48,16,17,48.5
Marshall Munetsi,ZIM,MF,Reims,Ligue 1,28,1996,12,12,1062,11.8,3,0,3,3,0,0,3,0,3.1,3.1,0.5,3.6,5,15,30,0.25,0.0,0.25,0.25,0.25,0.26,0.04,0.31,0.26,0.31,25,8,32.0,2.12,0.68,0.12,0.38,13,0,0.12,-0.1,-0.1,163,228,71.5,2418,754,91,114,79.8,54,70,77.1,9,20,45.0,0.9,-0.5,10,10,2,1,1,0,6,5,29,2.46,21,0,1,3,3,1,2,0,1,0,0,1,0,0,21,12,13,4,4,13,23,56.5,10,17,3,11,32,16,0,357,21,80,164,115,43,357,9,5,55.6,4,44.4,134,497,164,3,1,16,2,191,0,16,23,1,0,0,0,37,24,24,50.0
Rodrigo Muniz,BRA,FW,Fulham,Premier League,23,2001,12,3,359,4.0,1,1,2,1,0,0,1,0,1.4,1.4,0.6,2.0,2,8,15,0.25,0.25,0.5,0.25,0.5,0.35,0.15,0.51,0.35,0.51,14,6,42.9,3.51,1.5,0.07,0.17,12,0,0.1,-0.4,-0.4,33,43,76.7,531,158,19,24,79.2,8,11,72.7,5,5,100.0,0.1,0.4,6,5,1,0,0,0,0,2,8,2.01,6,0,1,0,1,0,0,0,0,0,0,0,0,0,1,0,0,1,0,1,1,100.0,0,2,1,1,2,4,0,97,5,7,45,47,21,97,8,2,25.0,5,62.5,53,235,67,1,1,11,11,76,0,5,8,1,0,0,0,6,20,23,46.5
Aihen Muñoz,ESP,DF,Real Sociedad,La Liga,27,1997,7,3,318,3.5,0,0,0,0,0,0,1,0,0.0,0.0,0.1,0.1,9,17,6,0.0,0.0,0.0,0.0,0.0,0.0,0.04,0.04,0.0,0.04,0,0,0.0,0.0,0.0,0.0,0.0,0,0,0.0,0.0,0.0,124,169,73.4,2009,862,58,68,85.3,53,71,74.6,9,22,40.9,0.0,-0.1,1,12,1,1,0,0,8,1,3,0.85,3,0,0,0,0,0,0,0,0,0,0,0,0,0,4,3,3,1,0,3,9,33.3,6,2,1,6,10,15,0,199,13,65,96,40,0,199,5,2,40.0,2,40.0,95,543,239,5,1,1,1,101,0,3,4,0,0,0,0,11,5,10,33.3
Álex Muñoz,ESP,DF,Las Palmas,La Liga,30,1994,12,11,920,10.2,3,0,3,3,0,0,1,0,0.7,0.7,0.4,1.2,9,33,35,0.29,0.0,0.29,0.29,0.29,0.07,0.04,0.11,0.07,0.11,7,5,71.4,0.68,0.49,0.43,0.6,12,0,0.1,2.3,2.3,464,565,82.1,7485,2600,221,245,90.2,217,259,83.8,21,40,52.5,0.6,-0.4,6,28,8,7,0,1,17,10,9,0.88,9,0,0,0,0,0,0,0,0,0,0,0,0,0,28,22,16,11,1,15,24,62.5,9,20,7,14,42,45,0,705,59,296,310,101,14,705,6,1,16.7,5,83.3,302,1274,723,4,1,7,1,407,0,18,7,1,0,1,0,21,14,18,43.8
Daniel Muñoz,COL,DF,Crystal Palace,Premier League,28,1996,14,14,1173,13.0,1,1,2,1,0,0,4,0,2.4,2.4,1.6,3.9,19,32,83,0.08,0.08,0.15,0.08,0.15,0.18,0.12,0.3,0.18,0.3,15,4,26.7,1.15,0.31,0.07,0.25,12,0,0.16,-1.4,-1.4,437,587,74.4,6613,1733,246,293,84.0,168,212,79.2,16,46,34.8,0.7,-0.6,14,21,6,4,0,1,26,16,32,2.45,25,2,1,4,0,0,2,0,1,0,0,1,0,0,52,36,23,21,8,23,39,59.0,16,13,2,15,67,38,0,786,46,201,335,258,41,786,20,7,35.0,12,60.0,313,1579,584,12,6,25,7,400,0,21,7,5,0,0,0,66,31,30,50.8
Iker Muñoz,ESP,MF,Osasuna,La Liga,22,2002,5,2,153,1.7,0,0,0,0,0,0,0,0,0.0,0.0,0.0,0.0,1,2,1,0.0,0.0,0.0,0.0,0.0,0.02,0.0,0.02,0.02,0.02,1,0,0.0,0.59,0.0,0.0,0.0,29,0,0.03,0.0,0.0,47,64,73.4,762,234,29,32,90.6,14,18,77.8,3,5,60.0,0.0,0.0,0,5,0,0,0,0,1,5,0,0.0,0,0,0,0,0,0,0,0,0,0,0,0,0,0,1,0,1,0,0,0,0,0.0,0,2,0,1,2,1,1,74,3,16,48,10,1,74,1,1,100.0,0,0.0,39,175,54,1,0,2,1,47,0,2,3,0,0,0,0,6,2,2,50.0
Javier Muñoz,ESP,MF,Las Palmas,La Liga,29,1995,15,9,915,10.2,0,2,2,0,0,0,1,0,0.5,0.5,1.2,1.6,10,41,31,0.0,0.2,0.2,0.0,0.2,0.04,0.12,0.16,0.04,0.16,8,3,37.5,0.79,0.3,0.0,0.0,18,0,0.06,-0.5,-0.5,370,471,78.6,6183,1604,189,221,85.5,132,161,82.0,37,61,60.7,1.1,0.8,12,42,10,4,2,6,14,15,18,1.77,17,0,1,0,0,0,4,0,4,0,0,0,0,0,22,16,8,9,5,9,19,47.4,10,13,1,12,34,14,1,555,16,109,352,99,11,555,14,8,57.1,5,35.7,308,1550,570,12,1,9,4,408,0,12,11,2,0,0,0,41,3,11,21.4
Murillo,BRA,DF,Nott'Ham Forest,Premier League,22,2002,13,13,1170,13.0,1,0,1,1,0,0,1,0,0.7,0.7,0.8,1.6,9,39,3,0.08,0.0,0.08,0.08,0.08,0.06,0.06,0.12,0.06,0.12,11,4,36.4,0.85,0.31,0.09,0.25,20,2,0.07,0.3,0.3,427,539,79.2,8014,3428,184,201,91.5,183,210,87.1,50,108,46.3,0.5,-0.8,8,37,4,0,5,9,2,2,16,1.23,12,1,0,2,0,1,1,0,1,0,0,0,0,0,17,11,13,3,1,10,21,47.6,11,25,18,6,23,80,1,693,163,359,292,46,10,693,14,11,78.6,3,21.4,308,1573,1024,12,0,4,5,368,0,8,1,0,0,1,0,44,13,10,56.5
Vedat Muriqi,KVX,FW,Mallorca,La Liga,30,1994,12,10,929,10.3,3,1,4,3,0,0,1,1,4.1,4.1,0.6,4.8,8,19,44,0.29,0.1,0.39,0.29,0.39,0.4,0.06,0.46,0.4,0.46,27,10,37.0,2.62,0.97,0.11,0.3,10,0,0.15,-1.1,-1.1,131,224,58.5,1944,468,75,100,75.0,40,78,51.3,8,15,53.3,0.6,0.4,12,10,3,0,2,1,8,12,23,2.23,17,0,1,4,1,0,3,0,3,0,0,0,0,0,1,0,0,1,0,0,1,0.0,1,1,0,4,5,20,0,324,21,32,149,146,55,324,11,3,27.3,8,72.7,145,645,197,4,3,21,10,253,0,17,17,10,0,1,0,23,70,45,60.9
Jacob Murphy,ENG,FW,Newcastle Utd,Premier League,29,1995,10,6,518,5.8,0,2,2,0,0,0,1,0,0.3,0.3,1.4,1.7,17,28,46,0.0,0.35,0.35,0.0,0.35,0.06,0.24,0.29,0.06,0.29,7,3,42.9,1.22,0.52,0.0,0.0,19,0,0.05,-0.3,-0.3,160,230,69.6,2604,829,90,112,80.4,60,76,78.9,10,28,35.7,1.2,0.6,7,19,9,1,2,3,21,9,17,2.95,13,3,0,0,1,0,3,0,3,0,0,0,0,0,8,6,4,3,1,5,10,50.0,5,7,0,2,10,2,0,281,1,41,112,131,13,281,13,4,30.8,9,69.2,174,1068,597,10,5,7,9,198,0,3,1,2,0,0,0,21,1,4,20.0
Yunus Musah,USA,"MF,FW",Milan,Serie A,22,2002,11,4,453,5.0,0,1,1,0,0,0,1,0,0.3,0.3,0.7,1.0,17,26,18,0.0,0.2,0.2,0.0,0.2,0.05,0.14,0.19,0.05,0.19,9,0,0.0,1.79,0.0,0.0,0.0,24,0,0.03,-0.3,-0.3,218,246,88.6,3943,941,87,93,93.5,112,124,90.3,17,22,77.3,0.6,0.3,9,22,8,7,0,2,11,3,14,2.78,10,0,2,2,0,0,1,0,1,0,0,0,0,0,10,9,4,4,2,3,4,75.0,1,3,0,3,13,2,1,295,8,47,163,94,7,295,14,7,50.0,5,35.7,190,1410,747,15,4,10,5,229,0,10,2,0,0,0,0,18,1,3,25.0
Jamal Musiala,GER,MF,Bayern Munich,Bundesliga,21,2003,10,10,787,8.7,6,1,7,6,0,0,2,0,4.2,4.2,2.1,6.4,33,54,76,0.69,0.11,0.8,0.69,0.8,0.48,0.24,0.73,0.48,0.73,37,15,40.5,4.23,1.72,0.16,0.4,15,0,0.11,1.8,1.8,353,424,83.3,5114,1352,207,233,88.8,118,138,85.5,16,20,80.0,3.0,-1.1,20,37,14,0,5,0,2,12,53,6.06,33,1,13,0,4,2,3,0,1,0,1,0,0,1,16,9,3,8,5,5,12,41.7,7,13,0,6,22,3,1,571,2,33,277,270,68,571,64,33,51.6,28,43.8,366,2026,1078,20,14,25,10,461,0,10,21,0,0,0,0,32,3,3,50.0
Florent Muslija,KVX,"FW,MF",Freiburg,Bundesliga,26,1998,9,0,168,1.9,0,0,0,0,0,0,0,0,0.3,0.3,0.3,0.6,5,7,14,0.0,0.0,0.0,0.0,0.0,0.14,0.16,0.3,0.14,0.3,3,2,66.7,1.61,1.07,0.0,0.0,20,1,0.09,-0.3,-0.3,71,98,72.4,1104,287,37,47,78.7,23,29,79.3,6,15,40.0,0.3,-0.3,3,1,2,0,1,0,14,1,7,3.77,6,1,0,0,0,0,1,0,1,0,0,0,0,0,5,4,3,1,1,2,2,100.0,0,0,0,1,6,1,0,121,3,17,42,62,3,121,7,4,57.1,2,28.6,83,435,191,7,2,7,1,86,0,0,2,0,0,0,0,12,0,1,0.0
Kingstone Mutandwa,ZAM,"MF,FW",Cagliari,Serie A,21,2003,2,0,47,0.5,0,0,0,0,0,0,0,0,0.3,0.3,0.0,0.3,0,0,1,0.0,0.0,0.0,0.0,0.0,0.58,0.0,0.58,0.58,0.58,3,0,0.0,5.74,0.0,0.0,0.0,19,0,0.1,-0.3,-0.3,9,13,69.2,123,2,7,9,77.8,2,3,66.7,0,0,0.0,0.0,0.0,0,0,0,0,0,0,1,0,0,0.0,0,0,0,0,0,0,0,0,0,0,0,0,0,0,0,0,0,0,0,0,0,0.0,0,0,0,0,0,0,0,19,0,2,8,9,1,19,1,0,0.0,1,100.0,11,101,14,0,0,2,0,14,0,2,0,0,0,0,0,3,1,0,100.0
Junior Mwanga,FRA,MF,Strasbourg,Ligue 1,21,2003,8,2,296,3.3,0,0,0,0,0,0,0,0,0.0,0.0,0.0,0.0,2,10,2,0.0,0.0,0.0,0.0,0.0,0.0,0.01,0.01,0.0,0.01,0,0,0.0,0.0,0.0,0.0,0.0,0,0,0.0,0.0,0.0,133,147,90.5,2097,556,68,75,90.7,56,59,94.9,7,9,77.8,0.1,0.0,1,11,0,0,0,1,0,1,2,0.61,2,0,0,0,0,0,0,0,0,0,0,0,0,0,17,9,9,7,1,5,9,55.6,4,2,0,2,19,2,0,177,6,55,113,13,1,177,6,2,33.3,4,66.7,98,428,138,2,0,5,6,119,0,6,1,0,0,0,0,16,2,0,100.0
Phillipp Mwene,AUT,DF,Mainz 05,Bundesliga,30,1994,12,12,1066,11.8,0,3,3,0,0,0,2,0,0.8,0.8,1.0,1.8,37,39,66,0.0,0.25,0.25,0.0,0.25,0.07,0.08,0.15,0.07,0.15,13,3,23.1,1.1,0.25,0.0,0.0,18,0,0.06,-0.8,-0.8,384,512,75.0,6618,2248,181,208,87.0,159,210,75.7,37,66,56.1,1.9,2.0,13,28,21,11,1,0,39,13,38,3.21,31,4,0,1,1,1,6,0,5,1,0,0,0,0,23,14,8,12,3,6,12,50.0,6,12,3,12,35,20,0,639,30,133,266,247,28,639,25,13,52.0,10,40.0,318,2121,1032,23,6,22,8,381,0,6,6,1,0,0,0,36,7,10,41.2
Vitaliy Mykolenko,UKR,DF,Everton,Premier League,25,1999,11,11,925,10.3,0,0,0,0,0,0,1,0,0.3,0.3,0.3,0.5,9,35,28,0.0,0.0,0.0,0.0,0.0,0.02,0.03,0.05,0.02,0.05,7,0,0.0,0.68,0.0,0.0,0.0,19,0,0.04,-0.3,-0.3,323,426,75.8,5250,1877,163,182,89.6,134,175,76.6,19,49,38.8,0.4,-0.3,7,28,8,4,0,0,29,10,13,1.26,13,0,0,0,0,0,0,0,0,0,0,0,0,0,14,10,9,3,2,7,14,50.0,7,6,3,9,23,35,1,510,35,159,223,131,11,510,6,2,33.3,3,50.0,214,839,454,7,0,5,3,264,0,8,12,0,0,0,0,37,18,12,60.0
Joakim Mæhle,DEN,DF,Wolfsburg,Bundesliga,27,1997,7,5,393,4.4,2,1,3,2,0,0,1,0,0.8,0.8,0.1,0.9,14,21,21,0.46,0.23,0.69,0.46,0.69,0.19,0.01,0.2,0.19,0.2,5,4,80.0,1.15,0.92,0.4,0.5,15,0,0.16,1.2,1.2,183,220,83.2,2937,928,82,91,90.1,91,101,90.1,6,15,40.0,0.3,0.9,1,16,2,0,0,1,1,7,2,0.46,1,0,0,1,0,0,1,0,1,0,0,0,0,0,2,1,1,1,0,1,3,33.3,2,2,0,3,5,6,0,254,7,57,136,64,10,254,12,6,50.0,6,50.0,140,763,448,8,2,3,1,155,0,0,4,0,0,0,0,16,0,3,0.0
Obite N'Dicka,CIV,DF,Roma,Serie A,25,1999,14,14,1260,14.0,0,1,1,0,0,0,1,0,0.4,0.4,0.3,0.7,14,47,3,0.0,0.07,0.07,0.0,0.07,0.03,0.02,0.05,0.03,0.05,6,2,33.3,0.43,0.14,0.0,0.0,11,0,0.07,-0.4,-0.4,932,989,94.2,17549,5551,316,325,97.2,541,558,97.0,67,94,71.3,0.2,0.7,3,44,1,0,0,1,0,2,13,0.93,13,0,0,0,0,0,1,0,1,0,0,0,0,0,14,12,7,7,0,8,10,80.0,2,19,14,17,31,45,1,1105,109,490,584,37,10,1105,2,0,0.0,1,50.0,710,4141,1924,8,0,5,3,804,0,18,12,1,0,0,0,62,23,28,45.1
Nathan N'Goumou,FRA,FW,Gladbach,Bundesliga,24,2000,8,2,270,3.0,0,0,0,0,0,0,0,0,0.7,0.7,0.2,0.9,10,4,28,0.0,0.0,0.0,0.0,0.0,0.24,0.06,0.3,0.24,0.3,11,6,54.5,3.67,2.0,0.0,0.0,18,0,0.07,-0.7,-0.7,58,82,70.7,769,132,36,47,76.6,19,25,76.0,1,4,25.0,0.2,-0.2,1,4,1,1,0,0,6,4,8,2.67,4,0,2,2,0,0,0,0,0,0,0,0,0,0,6,6,3,2,1,2,4,50.0,2,6,1,2,8,3,0,130,4,21,40,72,18,130,8,3,37.5,3,37.5,75,522,327,7,5,5,4,85,0,3,4,7,0,0,0,8,2,5,28.6
Stanley N'Soki,FRA,DF,Hoffenheim,Bundesliga,25,1999,6,5,372,4.1,0,0,0,0,0,0,0,1,0.0,0.0,0.0,0.1,3,14,1,0.0,0.0,0.0,0.0,0.0,0.01,0.01,0.02,0.01,0.02,1,1,100.0,0.24,0.24,0.0,0.0,10,0,0.05,0.0,0.0,256,297,86.2,4681,1697,103,110,93.6,127,145,87.6,25,37,67.6,0.1,0.0,1,13,1,0,0,1,0,4,2,0.49,1,0,0,1,0,0,0,0,0,0,0,0,0,0,7,5,5,2,0,4,6,66.7,2,6,2,10,17,19,1,358,46,191,152,16,2,358,3,0,0.0,2,66.7,202,880,360,1,0,6,3,220,0,5,4,0,0,0,1,31,14,4,77.8
Mickael Nade,FRA,DF,Saint-Étienne,Ligue 1,25,1999,7,6,596,6.6,1,0,1,1,0,0,1,0,0.7,0.7,0.0,0.7,8,18,0,0.15,0.0,0.15,0.15,0.15,0.1,0.01,0.11,0.1,0.11,2,1,50.0,0.3,0.15,0.5,1.0,7,0,0.33,0.3,0.3,285,328,86.9,5612,1537,90,97,92.8,159,170,93.5,33,56,58.9,0.1,0.0,2,22,2,0,0,1,0,0,4,0.6,1,0,0,0,1,2,1,0,0,0,0,0,1,0,21,15,13,8,0,10,10,100.0,0,12,4,8,29,26,2,411,75,213,188,15,4,411,3,0,0.0,3,100.0,199,906,558,4,0,7,1,248,0,5,12,0,1,0,0,31,5,2,71.4
Bilal Nadir,FRA,"MF,FW",Marseille,Ligue 1,21,2003,2,0,14,0.2,0,0,0,0,0,0,0,0,0.0,0.0,0.0,0.0,1,0,2,0.0,0.0,0.0,0.0,0.0,0.0,0.0,0.0,0.0,0.0,0,0,0.0,0.0,0.0,0.0,0.0,0,0,0.0,0.0,0.0,5,7,71.4,47,4,4,4,100.0,0,2,0.0,0,0,0.0,0.0,0.0,0,0,0,0,0,0,0,0,1,6.43,0,0,0,0,1,0,1,6,0,0,0,0,1,0,0,0,0,0,0,0,0,0.0,0,0,0,0,0,0,0,9,0,0,6,3,1,9,2,0,0.0,1,50.0,6,40,13,0,1,0,0,7,0,0,2,0,0,0,0,0,1,0,100.0
Mahamadou Nagida,CMR,"DF,MF",Rennes,Ligue 1,19,2005,6,2,192,2.1,0,0,0,0,0,0,1,0,0.1,0.1,0.1,0.2,12,6,23,0.0,0.0,0.0,0.0,0.0,0.04,0.06,0.1,0.04,0.1,3,1,33.3,1.41,0.47,0.0,0.0,20,1,0.03,-0.1,-0.1,75,99,75.8,1164,262,40,46,87.0,24,34,70.6,6,9,66.7,0.2,-0.1,1,6,1,1,0,1,15,5,6,2.78,4,0,1,0,0,1,0,0,0,0,0,0,0,0,4,4,2,1,1,3,3,100.0,0,2,0,6,10,1,0,126,2,24,55,50,4,126,4,1,25.0,0,0.0,75,564,327,4,2,5,2,81,0,3,5,0,0,0,0,18,4,3,57.1
Keito Nakamura,JPN,FW,Reims,Ligue 1,24,2000,13,12,994,11.0,6,1,7,6,0,0,2,0,3.0,3.0,0.8,3.9,38,37,66,0.54,0.09,0.63,0.54,0.63,0.27,0.08,0.35,0.27,0.35,31,12,38.7,2.81,1.09,0.19,0.5,15,0,0.1,3.0,3.0,206,275,74.9,3504,817,104,123,84.6,68,91,74.7,23,34,67.6,0.9,0.2,7,15,11,3,2,7,19,9,26,2.35,18,1,2,5,0,0,5,0,2,0,1,2,0,0,14,10,6,5,3,7,14,50.0,7,10,0,7,21,4,0,411,6,72,157,191,48,411,31,11,35.5,19,61.3,250,1613,854,17,13,23,14,274,0,11,3,6,0,0,0,51,3,5,37.5
Sebastian Nanasi,SWE,"FW,MF",Strasbourg,Ligue 1,22,2002,12,11,916,10.2,3,3,6,3,0,0,0,0,3.6,3.6,1.7,5.3,27,57,54,0.29,0.29,0.59,0.29,0.59,0.35,0.17,0.52,0.35,0.52,12,6,50.0,1.18,0.59,0.25,0.5,12,0,0.3,-0.6,-0.6,249,326,76.4,3898,1262,145,174,83.3,80,100,80.0,17,34,50.0,1.9,1.3,14,29,15,1,2,0,30,7,37,3.64,27,7,1,1,1,0,10,0,8,1,0,1,0,0,8,6,2,4,2,3,11,27.3,8,9,1,2,10,8,0,403,6,57,192,161,36,403,24,9,37.5,13,54.2,232,1253,673,17,9,6,9,274,0,4,9,0,0,0,0,41,2,5,28.6
Yael Nandjou,FRA,DF,Nice,Ligue 1,19,2005,1,1,72,0.8,0,0,0,0,0,0,0,0,0.0,0.0,0.7,0.7,2,1,2,0.0,0.0,0.0,0.0,0.0,0.0,0.85,0.85,0.0,0.85,0,0,0.0,0.0,0.0,0.0,0.0,0,0,0.0,0.0,0.0,20,25,80.0,242,84,14,17,82.4,6,7,85.7,0,1,0.0,0.6,-0.7,1,2,0,0,0,0,1,0,2,2.5,2,0,0,0,0,0,0,0,0,0,0,0,0,0,3,1,2,1,0,3,5,60.0,2,1,0,1,4,1,0,31,4,11,9,11,2,31,1,1,100.0,0,0.0,11,41,28,0,1,0,0,14,0,2,1,0,0,1,0,4,1,1,50.0
Matija Nastasić,SRB,DF,Leganés,La Liga,31,1993,10,9,855,9.5,0,0,0,0,0,0,2,0,0.0,0.0,0.0,0.0,0,23,0,0.0,0.0,0.0,0.0,0.0,0.0,0.0,0.0,0.0,0.0,0,0,0.0,0.0,0.0,0.0,0.0,0,0,0.0,0.0,0.0,282,346,81.5,5895,2033,80,89,89.9,172,194,88.7,30,60,50.0,0.1,0.0,0,14,0,0,0,0,0,1,2,0.21,2,0,0,0,0,0,0,0,0,0,0,0,0,0,12,6,11,1,0,7,11,63.6,4,20,16,9,21,64,0,460,83,287,169,4,2,460,1,1,100.0,0,0.0,196,852,447,0,0,3,0,258,0,9,3,2,0,1,0,16,12,8,60.0
Natan,BRA,DF,Betis,La Liga,23,2001,12,9,819,9.1,0,0,0,0,0,0,2,1,0.1,0.1,0.5,0.6,9,29,2,0.0,0.0,0.0,0.0,0.0,0.02,0.05,0.07,0.02,0.07,5,1,20.0,0.55,0.11,0.0,0.0,11,0,0.03,-0.1,-0.1,469,529,88.7,9379,2917,143,150,95.3,276,296,93.2,47,77,61.0,0.7,-0.5,2,25,2,1,0,4,1,0,3,0.33,3,0,0,0,0,0,0,0,0,0,0,0,0,0,13,10,10,2,1,10,10,100.0,0,10,5,13,26,45,0,629,64,323,293,19,11,629,1,0,0.0,0,0.0,393,2288,1362,2,0,7,4,429,0,8,3,0,0,0,0,28,29,12,70.7
Pau Navarro,ESP,DF,Villarreal,La Liga,19,2005,5,1,220,2.4,0,0,0,0,0,0,0,0,0.0,0.0,0.0,0.0,0,9,2,0.0,0.0,0.0,0.0,0.0,0.0,0.0,0.0,0.0,0.0,0,0,0.0,0.0,0.0,0.0,0.0,0,0,0.0,0.0,0.0,105,125,84.0,1907,754,43,48,89.6,54,63,85.7,7,9,77.8,0.0,0.0,0,3,0,0,0,1,2,1,0,0.0,0,0,0,0,0,0,0,0,0,0,0,0,0,0,6,5,3,3,0,5,8,62.5,3,3,2,0,6,12,0,152,13,62,73,17,2,152,3,1,33.3,2,66.7,62,234,113,1,0,2,0,76,0,5,2,0,0,0,0,10,3,4,42.9
Roberto Navarro,ESP,"MF,FW",Mallorca,La Liga,22,2002,13,10,792,8.8,1,0,1,1,0,0,1,0,1.2,1.2,0.6,1.8,27,28,53,0.11,0.0,0.11,0.11,0.11,0.13,0.07,0.21,0.13,0.21,12,5,41.7,1.36,0.57,0.08,0.2,14,0,0.1,-0.2,-0.2,203,280,72.5,2802,787,127,154,82.5,62,87,71.3,7,16,43.8,0.6,-0.6,6,11,5,2,2,0,14,5,22,2.5,19,0,1,1,1,0,1,0,1,0,0,0,0,0,20,14,9,7,4,5,11,45.5,6,11,0,11,31,7,0,412,10,73,189,163,26,412,40,20,50.0,13,32.5,253,1641,859,26,6,33,23,271,0,6,13,0,0,0,0,58,4,5,44.4
Jesús Navas,ESP,"FW,MF",Sevilla,La Liga,39,1985,13,2,328,3.6,1,0,1,1,0,0,0,0,0.5,0.5,0.5,1.0,8,15,40,0.27,0.0,0.27,0.27,0.27,0.15,0.13,0.27,0.15,0.27,3,2,66.7,0.82,0.55,0.33,0.5,14,0,0.18,0.5,0.5,169,217,77.9,2805,708,92,100,92.0,54,69,78.3,19,31,61.3,0.6,-0.5,9,12,6,5,0,1,29,6,13,3.57,11,2,0,0,0,0,0,0,0,0,0,0,0,0,4,2,2,0,2,0,1,0.0,1,0,0,2,6,5,0,241,5,31,98,112,4,241,4,3,75.0,1,25.0,124,676,348,6,1,4,3,176,0,1,4,1,0,0,0,8,5,3,62.5
Michel Ndary Adopo,FRA,MF,Cagliari,Serie A,24,2000,11,6,622,6.9,0,1,1,0,0,0,3,1,0.2,0.2,1.0,1.1,10,25,17,0.0,0.14,0.14,0.0,0.14,0.02,0.14,0.17,0.02,0.17,5,1,20.0,0.72,0.14,0.0,0.0,24,0,0.03,-0.2,-0.2,232,269,86.2,3719,1095,114,129,88.4,105,115,91.3,8,16,50.0,0.4,0.0,7,24,5,1,1,0,3,2,20,2.89,19,0,0,1,0,0,2,0,2,0,0,0,0,0,16,10,5,11,0,4,8,50.0,4,4,0,5,21,4,0,318,8,66,192,65,7,318,15,8,53.3,7,46.7,170,918,450,9,1,4,10,228,1,6,5,0,0,0,0,32,7,4,63.6
Youssouf Ndayishimiye,BDI,"DF,MF",Nice,Ligue 1,26,1998,8,7,582,6.5,1,0,1,1,0,0,0,0,0.3,0.3,0.1,0.4,8,21,4,0.15,0.0,0.15,0.15,0.15,0.05,0.01,0.06,0.05,0.06,5,1,20.0,0.77,0.15,0.2,1.0,13,0,0.06,0.7,0.7,343,383,89.6,5654,1562,156,166,94.0,166,176,94.3,16,33,48.5,0.1,-0.1,2,19,2,0,1,1,1,1,11,1.7,7,0,1,0,3,0,1,0,0,0,0,0,1,0,16,7,12,3,1,7,11,63.6,4,8,5,7,23,32,1,465,55,206,234,33,4,465,5,5,100.0,0,0.0,271,1477,903,6,0,5,4,297,0,4,6,0,1,0,0,37,9,9,50.0
Iliman Ndiaye,SEN,FW,Everton,Premier League,24,2000,13,11,986,11.0,2,0,2,2,0,0,1,0,1.0,1.0,0.6,1.7,46,23,59,0.18,0.0,0.18,0.18,0.18,0.1,0.06,0.15,0.1,0.15,15,7,46.7,1.37,0.64,0.13,0.29,15,0,0.07,1.0,1.0,247,304,81.3,3805,766,139,164,84.8,83,96,86.5,18,22,81.8,0.7,-0.6,9,13,10,4,0,0,17,9,32,2.92,27,0,2,0,3,0,3,0,3,0,0,0,0,0,20,11,8,5,7,11,19,57.9,8,13,3,13,33,8,0,447,14,82,181,213,41,447,70,33,47.1,32,45.7,270,2321,1199,23,20,18,18,275,0,7,19,5,0,0,0,76,3,5,37.5
Junior Ndiaye,FRA,"FW,DF",Montpellier,Ligue 1,19,2005,4,0,46,0.5,0,0,0,0,0,0,0,0,0.0,0.0,0.0,0.0,0,1,2,0.0,0.0,0.0,0.0,0.0,0.0,0.0,0.0,0.0,0.0,0,0,0.0,0.0,0.0,0.0,0.0,0,0,0.0,0.0,0.0,6,10,60.0,70,9,2,3,66.7,2,3,66.7,0,0,0.0,0.0,0.0,0,0,1,0,0,0,0,2,2,3.91,2,0,0,0,0,0,0,0,0,0,0,0,0,0,1,0,1,0,0,0,0,0.0,0,0,0,0,1,1,0,15,1,2,10,3,1,15,0,0,0.0,0,0.0,2,12,1,0,0,0,0,6,0,1,1,0,0,0,0,0,1,8,11.1
Rassoul Ndiaye,SEN,MF,Le Havre,Ligue 1,23,2001,9,6,463,5.1,1,0,1,1,0,0,1,0,1.1,1.1,0.2,1.4,0,18,14,0.19,0.0,0.19,0.19,0.19,0.22,0.05,0.27,0.22,0.27,11,4,36.4,2.14,0.78,0.09,0.25,17,0,0.1,-0.1,-0.1,122,167,73.1,1955,577,65,76,85.5,45,62,72.6,9,14,64.3,0.3,-0.2,3,14,2,0,1,1,5,5,9,1.75,8,0,0,1,0,0,0,0,0,0,0,0,0,0,14,10,7,7,0,1,11,9.1,10,5,1,3,17,6,0,225,9,54,108,65,12,225,8,1,12.5,7,87.5,115,448,151,2,0,5,3,138,0,7,5,1,0,0,0,32,4,8,33.3
Wilfred Ndidi,NGA,MF,Leicester City,Premier League,28,1996,14,14,1164,12.9,0,4,4,0,0,0,4,0,1.4,1.4,1.4,2.8,9,37,49,0.0,0.31,0.31,0.0,0.31,0.11,0.11,0.21,0.11,0.21,12,6,50.0,0.93,0.46,0.0,0.0,13,0,0.12,-1.4,-1.4,404,507,79.7,5723,1516,228,263,86.7,124,150,82.7,21,40,52.5,1.1,2.6,9,33,6,1,4,1,12,11,16,1.24,14,0,1,1,0,0,3,0,3,0,0,0,0,0,47,28,25,19,3,15,32,46.9,17,31,11,9,56,45,0,702,66,248,322,139,36,702,23,11,47.8,11,47.8,349,1469,557,11,2,21,19,412,0,25,7,2,0,0,1,67,27,23,54.0
Tanguy Ndombele,FRA,MF,Nice,Ligue 1,28,1996,10,8,679,7.5,1,1,2,1,0,0,0,0,1.4,1.4,1.4,2.8,13,34,22,0.13,0.13,0.27,0.13,0.27,0.19,0.18,0.37,0.19,0.37,7,1,14.3,0.93,0.13,0.14,1.0,13,0,0.2,-0.4,-0.4,258,295,87.5,3996,1127,145,160,90.6,93,103,90.3,16,22,72.7,0.7,-0.4,11,24,5,0,2,0,2,1,17,2.25,13,1,2,0,1,0,2,0,2,0,0,0,0,0,23,16,5,16,2,9,13,69.2,4,7,0,6,29,4,0,381,10,64,243,77,17,381,36,17,47.2,17,47.2,233,1055,519,4,3,17,16,275,0,3,16,0,0,0,0,42,2,2,50.0
Dan Ndoye,SUI,FW,Bologna,Serie A,24,2000,10,9,690,7.7,2,2,4,1,1,1,1,0,3.0,2.2,1.0,3.2,49,33,101,0.26,0.26,0.52,0.13,0.39,0.39,0.13,0.52,0.29,0.41,20,6,30.0,2.61,0.78,0.05,0.17,16,0,0.11,-1.0,-1.2,183,257,71.2,3002,712,98,118,83.1,69,90,76.7,11,25,44.0,0.7,1.0,9,14,10,0,3,7,17,12,29,3.78,17,1,3,3,5,0,4,0,3,0,0,0,1,0,6,5,2,1,3,3,9,33.3,6,7,0,1,7,2,0,362,2,28,141,201,39,361,37,15,40.5,16,43.2,260,1972,1144,16,19,22,15,298,0,8,34,2,1,0,0,32,3,4,42.9
Paul Nebel,GER,MF,Mainz 05,Bundesliga,22,2002,10,5,531,5.9,1,1,2,1,0,0,2,0,0.9,0.9,0.4,1.3,19,22,54,0.17,0.17,0.34,0.17,0.34,0.15,0.07,0.22,0.15,0.22,12,3,25.0,2.03,0.51,0.08,0.33,21,0,0.07,0.1,0.1,224,295,75.9,3547,714,125,142,88.0,74,94,78.7,17,28,60.7,0.6,0.6,5,11,9,4,1,0,22,12,13,2.2,8,1,2,1,1,0,1,0,1,0,0,0,0,0,10,6,2,4,4,4,8,50.0,4,10,0,5,15,7,0,371,5,40,181,158,17,371,17,8,47.1,9,52.9,207,1197,550,12,2,13,9,269,0,9,7,0,0,0,0,35,5,14,26.3
Kosta Nedeljković,SRB,DF,Aston Villa,Premier League,19,2005,3,0,96,1.1,0,0,0,0,0,0,0,0,0.0,0.0,0.0,0.0,1,3,0,0.0,0.0,0.0,0.0,0.0,0.0,0.0,0.0,0.0,0.0,0,0,0.0,0.0,0.0,0.0,0.0,0,0,0.0,0.0,0.0,31,36,86.1,548,134,16,17,94.1,12,15,80.0,3,4,75.0,0.0,0.0,0,4,0,0,0,0,1,0,0,0.0,0,0,0,0,0,0,0,0,0,0,0,0,0,0,7,5,1,3,3,2,3,66.7,1,1,0,0,7,3,0,49,4,10,24,15,0,49,2,1,50.0,1,50.0,20,75,28,0,0,1,0,23,0,0,1,0,0,0,0,2,0,1,0.0
Loïc Nego,HUN,"DF,FW",Le Havre,Ligue 1,33,1991,11,8,722,8.0,0,0,0,0,0,0,1,0,0.5,0.5,0.2,0.7,17,24,52,0.0,0.0,0.0,0.0,0.0,0.06,0.03,0.08,0.06,0.08,5,1,20.0,0.62,0.12,0.0,0.0,15,0,0.09,-0.5,-0.5,218,309,70.6,3420,1365,123,147,83.7,75,99,75.8,15,39,38.5,0.6,-0.2,4,19,8,5,0,1,22,13,11,1.37,8,1,1,0,1,0,0,0,0,0,0,0,0,0,17,10,10,5,2,13,21,61.9,8,4,0,12,29,19,0,380,20,98,170,115,17,380,11,5,45.5,4,36.4,192,916,563,4,1,9,2,215,0,8,10,3,0,0,0,42,6,3,66.7
Reiss Nelson,ENG,FW,Arsenal,Premier League,25,1999,1,0,3,0.0,0,0,0,0,0,0,0,0,0.0,0.0,0.0,0.0,0,0,0,0.0,0.0,0.0,0.0,0.0,0.0,0.0,0.0,0.0,0.0,0,0,0.0,0.0,0.0,0.0,0.0,0,0,0.0,0.0,0.0,0,0,0.0,0,0,0,0,0.0,0,0,0.0,0,0,0.0,0.0,0.0,0,0,0,0,0,0,0,0,0,0.0,0,0,0,0,0,0,0,0,0,0,0,0,0,0,1,0,0,1,0,0,1,0.0,1,0,0,0,1,1,0,2,0,1,1,0,0,2,0,0,0.0,0,0.0,1,4,4,0,0,0,0,1,0,1,1,0,0,0,0,0,0,0,0.0
Reiss Nelson,ENG,FW,Fulham,Premier League,25,1999,10,4,417,4.6,1,1,2,1,0,0,1,0,1.1,1.1,1.0,2.1,43,33,60,0.22,0.22,0.43,0.22,0.43,0.24,0.22,0.45,0.24,0.45,12,6,50.0,2.59,1.29,0.08,0.17,15,0,0.09,-0.1,-0.1,211,244,86.5,3202,730,122,133,91.7,73,87,83.9,12,17,70.6,0.9,0.0,13,6,14,3,2,1,22,1,31,6.69,21,2,3,4,0,1,1,0,1,0,0,0,0,0,7,5,2,3,2,4,11,36.4,7,11,0,4,11,1,0,314,2,24,99,196,34,314,29,11,37.9,10,34.5,236,1797,894,24,20,12,7,251,0,6,8,1,0,0,0,27,0,4,0.0
David Nemeth,AUT,DF,St. Pauli,Bundesliga,23,2001,2,2,180,2.0,0,0,0,0,0,0,0,0,0.0,0.0,0.0,0.0,4,12,1,0.0,0.0,0.0,0.0,0.0,0.0,0.0,0.0,0.0,0.0,0,0,0.0,0.0,0.0,0.0,0.0,0,0,0.0,0.0,0.0,102,112,91.1,1689,598,48,50,96.0,47,48,97.9,6,12,50.0,0.0,0.0,0,8,0,0,0,0,1,0,0,0.0,0,0,0,0,0,0,0,0,0,0,0,0,0,0,2,1,1,1,0,2,5,40.0,3,3,2,0,2,7,0,127,15,53,71,5,0,127,3,2,66.7,1,33.3,77,380,242,2,0,0,1,90,0,2,1,0,0,0,0,10,2,2,50.0
David Neres,BRA,"FW,MF",Napoli,Serie A,27,1997,12,1,224,2.5,1,3,4,1,0,0,0,0,0.9,0.9,1.2,2.1,18,8,33,0.4,1.21,1.61,0.4,1.61,0.35,0.5,0.85,0.35,0.85,8,3,37.5,3.21,1.21,0.13,0.33,20,0,0.11,0.1,0.1,77,102,75.5,1100,333,42,47,89.4,21,27,77.8,7,16,43.8,1.1,1.8,7,5,6,4,1,0,19,2,17,6.83,12,2,3,0,0,0,4,1,2,1,1,0,0,0,2,1,0,1,1,0,0,0.0,0,2,0,1,3,0,0,136,1,10,46,89,8,136,18,7,38.9,11,61.1,80,853,465,8,6,7,3,93,0,4,1,2,0,0,0,12,0,1,0.0
Pedro Neto,POR,FW,Chelsea,Premier League,24,2000,12,6,648,7.2,1,2,3,1,0,0,4,0,0.5,0.5,2.2,2.7,42,9,73,0.14,0.28,0.42,0.14,0.42,0.06,0.31,0.37,0.06,0.37,14,4,28.6,1.94,0.56,0.07,0.25,20,0,0.03,0.5,0.5,203,257,79.0,3062,581,104,115,90.4,77,93,82.8,12,25,48.0,1.6,-0.2,14,4,10,8,0,0,38,7,28,3.89,21,1,4,0,2,0,5,0,3,0,2,0,0,0,8,3,2,5,1,4,7,57.1,3,7,0,4,12,2,0,337,1,31,113,195,27,337,37,15,40.5,15,40.5,228,1812,1046,18,15,10,7,257,0,6,8,0,0,0,0,20,4,10,28.6
Luca Netz,GER,DF,Gladbach,Bundesliga,21,2003,6,6,535,5.9,0,0,0,0,0,0,1,0,0.2,0.2,0.7,0.9,9,15,31,0.0,0.0,0.0,0.0,0.0,0.04,0.12,0.16,0.04,0.16,3,0,0.0,0.5,0.0,0.0,0.0,15,0,0.07,-0.2,-0.2,278,332,83.7,3987,1119,167,181,92.3,100,116,86.2,7,16,43.8,0.5,-0.7,7,15,6,3,0,0,6,6,15,2.52,13,1,0,0,0,1,0,0,0,0,0,0,0,0,13,6,9,3,1,5,10,50.0,5,9,2,7,20,13,0,403,21,145,158,102,10,403,15,5,33.3,9,60.0,183,655,381,7,1,9,4,241,0,6,3,0,0,0,0,24,6,5,54.5
Florian Neuhaus,GER,"MF,FW",Gladbach,Bundesliga,27,1997,6,0,92,1.0,0,0,0,0,0,0,0,0,0.3,0.3,0.1,0.4,1,8,1,0.0,0.0,0.0,0.0,0.0,0.24,0.12,0.36,0.24,0.36,2,0,0.0,1.96,0.0,0.0,0.0,10,0,0.13,-0.3,-0.3,35,46,76.1,639,206,13,16,81.3,15,19,78.9,4,7,57.1,0.1,-0.1,2,5,2,0,0,1,0,1,6,5.87,5,0,0,1,0,0,0,0,0,0,0,0,0,0,2,0,1,1,0,1,6,16.7,5,5,0,2,4,0,0,64,1,18,34,12,4,64,3,0,0.0,3,100.0,26,109,51,0,0,0,1,34,0,0,1,0,0,0,0,8,0,0,0.0
João Neves,POR,MF,Paris S-G,Ligue 1,20,2004,13,11,933,10.4,2,6,8,2,0,0,0,0,1.6,1.6,2.7,4.3,22,80,42,0.19,0.58,0.77,0.19,0.77,0.15,0.26,0.41,0.15,0.41,16,5,31.3,1.54,0.48,0.13,0.4,14,0,0.1,0.4,0.4,804,887,90.6,12768,2918,441,476,92.6,293,315,93.0,54,69,78.3,2.7,3.3,19,85,16,2,7,9,12,5,39,3.76,32,0,2,1,1,3,10,0,10,0,0,0,0,0,42,22,13,20,9,17,28,60.7,11,15,3,7,49,5,0,997,22,143,596,268,27,997,17,8,47.1,6,35.3,569,2775,1336,31,2,12,10,776,0,8,19,2,0,0,0,64,12,8,60.0
Yvan Neyou,CMR,MF,Leganés,La Liga,27,1997,11,10,846,9.4,1,1,2,1,0,0,6,0,0.1,0.1,0.2,0.3,11,36,9,0.11,0.11,0.21,0.11,0.21,0.02,0.02,0.03,0.02,0.03,5,1,20.0,0.53,0.11,0.2,1.0,27,0,0.03,0.9,0.9,336,401,83.8,5438,1503,162,183,88.5,135,158,85.4,26,36,72.2,0.4,0.8,3,31,2,0,0,1,5,6,5,0.53,5,0,0,0,0,0,1,0,1,0,0,0,0,0,21,15,8,11,2,9,18,50.0,9,14,0,8,29,16,0,501,18,139,309,61,3,501,20,9,45.0,8,40.0,290,1249,560,8,1,11,6,318,0,10,27,0,0,0,0,50,8,5,61.5
Cyril Ngonge,BEL,"FW,DF",Napoli,Serie A,24,2000,4,1,104,1.2,0,0,0,0,0,0,1,0,0.5,0.5,0.4,0.9,3,4,19,0.0,0.0,0.0,0.0,0.0,0.46,0.32,0.77,0.46,0.77,9,5,55.6,7.79,4.33,0.0,0.0,20,0,0.06,-0.5,-0.5,32,43,74.4,512,120,17,19,89.5,9,13,69.2,4,8,50.0,0.2,-0.4,3,2,1,1,0,0,8,0,11,9.43,4,1,1,4,1,0,0,0,0,0,0,0,0,0,2,1,0,2,0,0,2,0.0,2,0,0,0,2,3,0,72,2,5,25,43,5,72,11,5,45.5,4,36.4,50,299,117,3,2,2,6,59,0,3,5,0,0,0,0,2,1,2,33.3
Mikayil Ngor Faye,SEN,DF,Rennes,Ligue 1,20,2004,7,4,466,5.2,0,0,0,0,0,0,1,0,0.2,0.2,0.0,0.2,11,26,4,0.0,0.0,0.0,0.0,0.0,0.04,0.0,0.04,0.04,0.04,3,1,33.3,0.58,0.19,0.0,0.0,13,0,0.06,-0.2,-0.2,337,382,88.2,6214,1956,132,141,93.6,180,196,91.8,22,37,59.5,0.3,0.0,1,29,1,0,0,1,1,4,3,0.58,3,0,0,0,0,0,1,0,1,0,0,0,0,0,11,8,8,2,1,6,6,100.0,0,3,1,8,19,18,0,430,30,172,235,30,5,430,3,1,33.3,2,66.7,280,1339,820,5,0,5,4,293,0,8,3,0,0,1,0,33,8,6,57.1
Steve Ngoura,FRA,"FW,MF",Le Havre,Ligue 1,19,2005,6,0,121,1.3,0,0,0,0,0,0,0,0,0.9,0.9,0.2,1.1,0,3,8,0.0,0.0,0.0,0.0,0.0,0.67,0.17,0.83,0.67,0.83,6,2,33.3,4.46,1.49,0.0,0.0,12,0,0.15,-0.9,-0.9,21,31,67.7,326,88,10,14,71.4,7,8,87.5,2,2,100.0,0.1,-0.2,1,1,1,0,0,0,1,2,4,2.98,1,0,2,0,1,0,0,0,0,0,0,0,0,0,2,1,0,1,1,1,1,100.0,0,2,1,0,2,1,0,58,2,5,24,32,12,58,8,5,62.5,3,37.5,24,86,29,2,0,6,4,36,0,4,1,0,0,0,0,3,2,2,50.0
Moussa Niakhate,SEN,DF,Lyon,Ligue 1,28,1996,11,11,990,11.0,0,0,0,0,0,0,0,0,0.0,0.0,0.2,0.3,15,37,2,0.0,0.0,0.0,0.0,0.0,0.0,0.02,0.02,0.0,0.02,1,1,100.0,0.09,0.09,0.0,0.0,6,0,0.03,0.0,0.0,581,652,89.1,10894,4234,200,216,92.6,329,355,92.7,44,64,68.8,0.4,-0.2,3,35,5,1,1,2,1,5,8,0.73,7,0,0,1,0,0,1,0,1,0,0,0,0,0,24,15,21,3,0,11,14,78.6,3,11,7,8,32,41,2,746,65,333,387,28,3,746,2,2,100.0,0,0.0,437,2578,1686,4,0,3,1,529,0,14,5,1,0,0,0,38,12,9,57.1
Abdoulaye Niakhate Ndiaye,SEN,DF,Brest,Ligue 1,22,2002,4,4,326,3.6,0,0,0,0,0,0,2,0,0.1,0.1,0.0,0.1,2,9,0,0.0,0.0,0.0,0.0,0.0,0.04,0.0,0.04,0.04,0.04,3,0,0.0,0.83,0.0,0.0,0.0,10,0,0.04,-0.1,-0.1,161,193,83.4,3007,1133,50,59,84.7,95,103,92.2,15,28,53.6,0.1,0.0,0,7,1,0,0,0,0,0,1,0.28,0,0,0,1,0,0,0,0,0,0,0,0,0,0,7,4,5,2,0,5,6,83.3,1,5,1,4,11,22,0,242,35,139,98,6,5,242,3,0,0.0,3,100.0,121,777,476,0,0,2,2,152,0,5,6,0,0,1,0,14,13,7,65.0
Ibrahima Niane,SEN,FW,Angers,Ligue 1,25,1999,10,6,554,6.2,2,0,2,1,1,1,0,0,2.7,1.9,0.2,2.1,11,4,30,0.32,0.0,0.32,0.16,0.16,0.44,0.03,0.46,0.31,0.34,17,8,47.1,2.76,1.3,0.06,0.13,16,0,0.11,-0.7,-0.9,87,123,70.7,1157,202,57,75,76.0,18,25,72.0,5,10,50.0,0.3,-0.2,4,8,1,0,1,2,2,1,12,1.95,7,0,1,1,3,0,2,0,1,0,0,0,1,0,4,1,2,2,0,3,3,100.0,0,5,1,1,5,3,2,194,4,16,96,87,25,193,10,3,30.0,7,70.0,121,572,238,11,4,22,13,143,0,10,12,5,1,0,0,25,13,19,40.6
Tanguy Nianzou,FRA,DF,Sevilla,La Liga,22,2002,6,6,518,5.8,0,0,0,0,0,0,3,1,0.2,0.2,0.0,0.2,4,10,0,0.0,0.0,0.0,0.0,0.0,0.03,0.0,0.03,0.03,0.03,2,0,0.0,0.35,0.0,0.0,0.0,8,0,0.09,-0.2,-0.2,285,314,90.8,4654,1465,131,139,94.2,143,155,92.3,7,15,46.7,0.0,0.0,0,6,0,0,0,1,0,0,1,0.17,1,0,0,0,0,0,0,0,0,0,0,0,0,0,7,5,6,0,1,5,6,83.3,1,1,0,8,15,27,0,376,49,205,162,11,6,376,3,3,100.0,0,0.0,207,924,408,3,0,3,0,263,1,10,5,0,0,0,1,9,17,2,89.5
Rasmus Nicolaisen,DEN,DF,Toulouse,Ligue 1,27,1997,7,7,623,6.9,0,1,1,0,0,0,0,0,0.4,0.4,0.2,0.7,3,27,2,0.0,0.14,0.14,0.0,0.14,0.06,0.03,0.1,0.06,0.1,5,0,0.0,0.72,0.0,0.0,0.0,8,0,0.09,-0.4,-0.4,339,385,88.1,6199,2362,145,160,90.6,159,169,94.1,31,48,64.6,0.2,0.8,2,20,2,0,1,0,0,3,9,1.3,8,0,0,1,0,0,1,0,1,0,0,0,0,0,6,3,4,2,0,3,5,60.0,2,10,5,10,16,25,0,445,58,217,213,18,8,445,2,1,50.0,1,50.0,268,1220,626,0,0,1,2,289,0,4,8,0,0,0,1,29,21,9,70.0
Hans Nicolussi Caviglia,ITA,MF,Venezia,Serie A,24,2000,12,10,802,8.9,2,1,3,2,0,0,3,1,0.8,0.8,0.8,1.6,9,40,13,0.22,0.11,0.34,0.22,0.34,0.09,0.09,0.18,0.09,0.18,14,5,35.7,1.57,0.56,0.14,0.4,23,4,0.06,1.2,1.2,316,396,79.8,5445,1681,154,173,89.0,118,141,83.7,33,56,58.9,0.8,0.2,10,32,6,1,1,10,24,9,24,2.69,14,8,2,0,0,0,1,0,0,1,0,0,0,0,13,5,1,7,5,10,14,71.4,4,7,2,5,18,12,2,483,18,85,273,133,5,483,18,6,33.3,9,50.0,260,1398,512,9,0,12,15,315,1,15,17,0,0,0,0,35,9,3,75.0
Saúl Ñíguez,ESP,MF,Sevilla,La Liga,30,1994,5,4,347,3.9,0,2,2,0,0,0,1,1,0.8,0.8,0.8,1.6,2,24,12,0.0,0.52,0.52,0.0,0.52,0.2,0.21,0.41,0.2,0.41,11,3,27.3,2.85,0.78,0.0,0.0,17,1,0.07,-0.8,-0.8,141,176,80.1,2343,612,62,67,92.5,63,72,87.5,9,21,42.9,0.5,1.2,6,17,4,0,2,1,5,6,14,3.63,11,0,0,2,0,1,3,0,3,0,0,0,0,0,9,6,3,3,3,1,5,20.0,4,6,1,2,11,6,0,227,5,53,115,61,14,227,6,2,33.3,3,50.0,122,551,217,6,1,8,6,152,0,6,4,0,0,0,0,16,5,7,41.7
Eybi Nije,SWE,"FW,MF",Torino,Serie A,19,2005,8,0,248,2.8,1,0,1,1,0,0,0,0,1.2,1.2,0.3,1.5,6,4,18,0.36,0.0,0.36,0.36,0.36,0.43,0.1,0.53,0.43,0.53,6,4,66.7,2.18,1.45,0.17,0.25,16,0,0.2,-0.2,-0.2,38,56,67.9,555,136,25,35,71.4,8,13,61.5,3,5,60.0,0.2,-0.3,2,3,3,0,1,0,1,0,4,1.45,3,0,1,0,0,0,1,0,0,0,1,0,0,0,5,1,3,1,1,0,2,0.0,2,3,0,0,5,0,0,98,0,11,39,49,7,98,14,5,35.7,8,57.1,63,415,161,5,1,11,5,69,0,5,7,2,0,0,0,7,9,7,56.3
Justin Njinmah,GER,"MF,FW",Werder Bremen,Bundesliga,24,2000,8,5,403,4.5,2,1,3,2,0,0,0,0,0.9,0.9,0.6,1.6,12,11,48,0.45,0.22,0.67,0.45,0.67,0.21,0.14,0.35,0.21,0.35,11,2,18.2,2.46,0.45,0.18,1.0,14,0,0.08,1.1,1.1,68,108,63.0,1029,244,41,60,68.3,16,24,66.7,8,9,88.9,0.4,0.4,3,5,5,1,1,1,8,7,15,3.35,8,0,1,2,4,0,3,0,2,0,0,0,1,0,2,1,1,1,0,2,2,100.0,0,1,0,2,4,0,0,149,0,7,63,81,21,149,10,3,30.0,6,60.0,102,614,253,8,3,8,4,118,0,5,9,6,1,0,0,11,7,6,53.8
Eddie Nketiah,ENG,"MF,FW",Crystal Palace,Premier League,25,1999,9,6,504,5.6,0,0,0,0,0,0,1,0,0.9,0.9,0.7,1.6,21,8,39,0.0,0.0,0.0,0.0,0.0,0.17,0.12,0.29,0.17,0.29,17,6,35.3,3.04,1.07,0.0,0.0,17,0,0.05,-0.9,-0.9,90,126,71.4,1400,268,44,58,75.9,38,46,82.6,5,8,62.5,0.4,-0.7,7,6,1,0,0,0,5,8,16,2.86,9,0,3,1,3,0,0,0,0,0,0,0,0,0,10,5,5,2,3,4,8,50.0,4,5,0,1,11,5,0,196,4,22,76,101,28,196,10,6,60.0,4,40.0,119,876,479,12,9,10,9,138,0,10,14,1,0,0,0,12,6,12,33.3
Niels Nkounkou,FRA,"MF,DF",Eint Frankfurt,Bundesliga,24,2000,5,3,254,2.8,0,0,0,0,0,0,0,0,0.0,0.0,1.2,1.2,11,9,10,0.0,0.0,0.0,0.0,0.0,0.01,0.43,0.44,0.01,0.44,1,0,0.0,0.35,0.0,0.0,0.0,24,0,0.03,0.0,0.0,94,133,70.7,1723,695,44,50,88.0,37,44,84.1,12,28,42.9,1.1,-1.2,6,7,3,2,0,1,13,7,11,3.91,7,3,1,0,0,0,1,0,0,1,0,0,0,0,3,2,1,0,2,0,1,0.0,1,3,2,3,6,6,0,159,12,54,69,40,2,159,8,3,37.5,4,50.0,98,561,318,7,1,5,2,100,0,3,0,0,0,0,0,12,1,4,20.0
Christopher Nkunku,FRA,FW,Chelsea,Premier League,27,1997,12,1,192,2.1,1,0,1,1,0,0,1,0,1.8,1.8,0.4,2.2,5,9,21,0.47,0.0,0.47,0.47,0.47,0.85,0.2,1.04,0.85,1.04,9,3,33.3,4.22,1.41,0.11,0.33,12,0,0.2,-0.8,-0.8,79,85,92.9,1039,237,47,50,94.0,25,26,96.2,1,1,100.0,0.2,-0.4,5,4,2,0,0,1,1,0,14,6.53,10,0,3,1,0,0,1,0,0,0,1,0,0,0,3,3,0,1,2,2,2,100.0,0,3,1,1,4,4,0,118,5,19,34,65,16,118,10,4,40.0,5,50.0,74,368,165,2,4,4,2,86,0,7,3,0,0,0,0,12,5,2,71.4
Felix Nmecha,GER,MF,Dortmund,Bundesliga,24,2000,12,7,599,6.7,2,1,3,2,0,0,0,0,0.2,0.2,0.7,0.9,3,37,2,0.3,0.15,0.45,0.3,0.45,0.03,0.11,0.14,0.03,0.14,5,2,40.0,0.75,0.3,0.4,1.0,24,0,0.04,1.8,1.8,310,354,87.6,5847,1616,131,142,92.3,138,155,89.0,37,42,88.1,0.3,0.3,7,40,7,0,1,4,2,8,13,1.95,10,0,2,1,0,0,2,0,0,0,1,1,0,0,14,10,0,8,6,4,9,44.4,5,7,2,8,22,12,0,422,22,95,263,68,2,422,9,6,66.7,3,33.3,220,928,376,4,0,5,9,286,0,8,12,0,0,0,0,36,10,6,62.5
Lukas Nmecha,GER,FW,Wolfsburg,Bundesliga,26,1998,3,0,54,0.6,0,0,0,0,0,0,0,0,0.2,0.2,0.0,0.2,1,0,5,0.0,0.0,0.0,0.0,0.0,0.26,0.0,0.26,0.26,0.26,2,1,50.0,3.33,1.67,0.0,0.0,14,0,0.08,-0.2,-0.2,9,14,64.3,110,4,6,9,66.7,1,2,50.0,1,1,100.0,0.0,0.0,0,0,0,0,0,0,0,3,1,1.64,0,0,0,1,0,0,1,1,0,0,0,1,0,0,0,0,0,0,0,0,0,0.0,0,0,0,1,1,3,0,23,4,4,7,12,2,23,1,1,100.0,0,0.0,11,64,19,1,0,1,1,17,0,2,2,0,0,0,0,2,2,1,66.7
Arnaud Nordin,FRA,FW,Montpellier,Ligue 1,26,1998,12,12,989,11.0,4,0,4,3,1,2,2,0,3.9,2.3,0.8,3.1,43,17,98,0.36,0.0,0.36,0.27,0.27,0.35,0.07,0.42,0.21,0.28,23,10,43.5,2.09,0.91,0.13,0.3,18,0,0.1,0.1,0.7,199,285,69.8,2846,490,123,155,79.4,58,83,69.9,11,21,52.4,1.1,-0.8,13,6,11,6,3,0,33,10,28,2.55,19,0,3,3,2,1,2,0,2,0,0,0,0,0,20,12,5,14,1,10,18,55.6,8,8,0,3,23,7,0,419,6,50,162,215,39,417,39,20,51.3,17,43.6,273,1920,967,17,18,33,11,309,0,11,34,1,0,0,0,36,9,15,37.5
Brooke Norton-Cuffy,ENG,"DF,MF",Genoa,Serie A,20,2004,3,0,100,1.1,0,0,0,0,0,0,0,0,0.1,0.1,0.0,0.1,2,5,5,0.0,0.0,0.0,0.0,0.0,0.1,0.02,0.12,0.1,0.12,2,1,50.0,1.8,0.9,0.0,0.0,21,0,0.06,-0.1,-0.1,30,37,81.1,468,178,15,20,75.0,13,14,92.9,1,1,100.0,0.0,0.0,1,0,0,0,0,0,0,1,3,2.7,3,0,0,0,0,0,1,0,1,0,0,0,0,0,0,0,0,0,0,0,1,0.0,1,1,0,1,1,0,0,44,1,12,22,11,1,44,2,0,0.0,2,100.0,16,157,80,1,0,1,1,22,0,1,0,0,0,0,0,7,1,1,50.0
Tijjani Noslin,NED,"FW,MF",Lazio,Serie A,25,1999,12,6,421,4.7,2,0,2,2,0,0,2,0,0.9,0.9,0.6,1.5,6,11,22,0.43,0.0,0.43,0.43,0.43,0.19,0.13,0.32,0.19,0.32,7,2,28.6,1.5,0.43,0.29,1.0,11,0,0.13,1.1,1.1,107,139,77.0,1493,337,63,71,88.7,35,46,76.1,4,8,50.0,0.4,-0.6,6,6,8,3,1,2,10,6,16,3.42,13,0,1,1,1,0,2,0,1,0,1,0,0,0,2,2,0,0,2,0,3,0.0,3,9,0,0,2,7,0,182,7,20,73,89,18,182,8,3,37.5,5,62.5,106,626,273,7,2,11,6,136,0,11,2,0,0,0,0,15,11,10,52.4
Hugo Novoa,ESP,"DF,FW",Alavés,La Liga,21,2003,4,2,222,2.5,0,0,0,0,0,0,0,0,0.5,0.5,0.2,0.7,6,2,9,0.0,0.0,0.0,0.0,0.0,0.2,0.07,0.26,0.2,0.26,1,0,0.0,0.41,0.0,0.0,0.0,9,0,0.49,-0.5,-0.5,49,63,77.8,764,245,31,39,79.5,12,14,85.7,4,4,100.0,0.2,-0.2,1,0,2,2,0,1,7,3,5,2.03,5,0,0,0,0,0,0,0,0,0,0,0,0,0,8,5,4,3,1,5,5,100.0,0,2,1,0,8,6,0,93,8,26,38,31,1,93,9,3,33.3,5,55.6,46,454,173,3,0,6,1,42,0,1,1,0,0,0,0,8,1,7,12.5
Randy Nteka,ANG,FW,Rayo Vallecano,La Liga,27,1997,9,5,425,4.7,1,0,1,1,0,0,1,0,0.5,0.5,0.3,0.8,1,5,19,0.21,0.0,0.21,0.21,0.21,0.11,0.06,0.18,0.11,0.18,7,3,42.9,1.48,0.64,0.14,0.33,17,0,0.08,0.5,0.5,57,93,61.3,698,85,37,48,77.1,13,27,48.1,3,5,60.0,0.1,-0.3,4,3,1,0,0,0,3,3,8,1.69,6,1,0,1,0,0,0,0,0,0,0,0,0,0,5,3,0,4,1,3,5,60.0,2,4,1,1,6,4,0,139,7,18,55,66,11,139,3,0,0.0,3,100.0,53,194,49,1,0,8,5,98,0,12,6,9,0,0,0,9,19,28,40.4
Ernest Nuamah,GHA,"FW,MF",Lyon,Ligue 1,21,2003,8,3,258,2.9,0,0,0,0,0,0,1,0,0.9,0.9,0.3,1.2,20,12,35,0.0,0.0,0.0,0.0,0.0,0.31,0.12,0.43,0.31,0.43,9,2,22.2,3.14,0.7,0.0,0.0,18,0,0.1,-0.9,-0.9,100,121,82.6,1505,255,57,60,95.0,31,36,86.1,8,12,66.7,0.2,-0.3,5,4,5,0,0,1,8,6,14,4.86,12,0,0,2,0,0,1,0,1,0,0,0,0,0,8,3,5,2,1,6,7,85.7,1,1,0,2,10,2,0,166,4,31,54,86,18,166,9,2,22.2,6,66.7,108,861,555,5,9,9,8,106,0,5,3,2,0,0,0,28,3,2,60.0
Matheus Nunes,POR,"MF,FW",Manchester City,Premier League,26,1998,9,4,349,3.9,0,2,2,0,0,0,1,0,0.1,0.1,1.5,1.6,17,20,60,0.0,0.52,0.52,0.0,0.52,0.02,0.39,0.41,0.02,0.41,3,0,0.0,0.77,0.0,0.0,0.0,19,0,0.03,-0.1,-0.1,160,196,81.6,2398,445,95,109,87.2,54,65,83.1,9,14,64.3,1.3,0.5,9,3,14,3,1,1,14,4,17,4.38,12,0,2,1,2,0,3,0,2,0,1,0,0,0,9,4,6,2,1,3,7,42.9,4,5,2,1,10,4,0,239,4,21,58,160,28,239,12,6,50.0,4,33.3,161,889,509,1,13,8,5,188,0,11,4,1,0,0,0,14,4,5,44.4
Darwin Núñez,URU,FW,Liverpool,Premier League,25,1999,10,5,534,5.9,2,1,3,2,0,0,2,0,1.7,1.7,0.6,2.3,11,12,38,0.34,0.17,0.51,0.34,0.51,0.28,0.1,0.38,0.28,0.38,13,7,53.8,2.19,1.18,0.15,0.29,17,0,0.13,0.3,0.3,71,99,71.7,1102,273,39,46,84.8,21,28,75.0,7,11,63.6,0.2,0.4,5,5,0,0,1,5,1,7,15,2.53,9,0,4,0,0,2,2,0,2,0,0,0,0,0,13,11,8,2,3,4,11,36.4,7,2,0,1,14,7,0,157,7,25,52,86,28,157,10,6,60.0,3,30.0,91,460,259,9,6,10,13,109,0,13,7,5,0,0,0,18,6,17,26.1
Unai Núñez,ESP,DF,Athletic Club,La Liga,27,1997,3,3,270,3.0,0,0,0,0,0,0,1,0,0.2,0.2,0.0,0.2,0,10,0,0.0,0.0,0.0,0.0,0.0,0.08,0.0,0.08,0.08,0.08,1,0,0.0,0.33,0.0,0.0,0.0,3,0,0.23,-0.2,-0.2,126,145,86.9,2658,1066,28,33,84.8,87,94,92.6,11,17,64.7,0.0,0.0,0,5,0,0,0,1,0,0,0,0.0,0,0,0,0,0,0,0,0,0,0,0,0,0,0,2,2,1,1,0,0,1,0.0,1,2,2,12,14,13,1,178,25,88,90,2,1,178,1,1,100.0,0,0.0,89,372,160,0,0,2,0,102,0,2,3,0,0,0,0,14,4,3,57.1
Antonio Nusa,NOR,"MF,DF",Rb Leipzig,Bundesliga,19,2005,12,8,782,8.7,2,3,5,2,0,0,0,0,0.6,0.6,1.9,2.5,28,29,69,0.23,0.35,0.58,0.23,0.58,0.07,0.22,0.29,0.07,0.29,13,3,23.1,1.5,0.35,0.15,0.67,20,0,0.04,1.4,1.4,225,305,73.8,3279,1050,121,144,84.0,89,113,78.8,6,28,21.4,1.5,1.1,13,18,12,5,4,1,24,8,21,2.41,18,0,1,0,2,0,3,0,3,0,0,0,0,0,14,8,9,3,2,8,18,44.4,10,11,2,4,18,7,0,430,15,67,170,199,23,430,41,17,41.5,19,46.3,249,1572,794,22,12,22,16,298,0,9,15,2,0,0,0,45,3,6,33.3
Ethan Nwaneri,ENG,"MF,FW",Arsenal,Premier League,17,2007,7,0,71,0.8,1,0,1,1,0,0,0,0,0.2,0.2,0.2,0.3,5,4,6,1.27,0.0,1.27,1.27,1.27,0.2,0.22,0.41,0.2,0.41,4,2,50.0,5.07,2.54,0.25,0.5,20,0,0.04,0.8,0.8,39,44,88.6,671,223,22,22,100.0,12,13,92.3,5,7,71.4,0.2,-0.2,2,3,1,0,0,0,4,0,4,5.0,2,1,1,0,0,0,1,1,1,0,0,0,0,0,1,0,0,1,0,0,1,0.0,1,4,1,0,1,1,0,57,0,9,22,26,4,57,4,3,75.0,0,0.0,37,302,156,3,2,4,2,38,0,1,2,1,0,0,0,8,0,0,0.0
Allan Nyom,CMR,"DF,MF",Getafe,La Liga,36,1988,6,4,332,3.7,1,1,2,1,0,0,3,0,0.4,0.4,0.3,0.7,3,10,11,0.27,0.27,0.54,0.27,0.54,0.11,0.07,0.18,0.11,0.18,6,2,33.3,1.63,0.54,0.17,0.5,16,0,0.07,0.6,0.6,132,166,79.5,2178,803,67,73,91.8,54,63,85.7,10,29,34.5,0.2,0.7,4,11,5,4,0,0,14,0,9,2.44,5,0,0,1,2,1,2,0,1,0,0,1,0,0,3,2,1,1,1,2,4,50.0,2,1,0,2,5,5,0,199,6,37,103,61,9,199,6,1,16.7,5,83.3,97,449,230,6,0,4,1,112,0,9,5,0,0,1,0,12,4,10,28.6
Rabby Nzingoula,CGO,MF,Montpellier,Ligue 1,19,2005,10,8,694,7.7,1,0,1,1,0,0,5,0,0.6,0.6,0.5,1.1,12,20,20,0.13,0.0,0.13,0.13,0.13,0.08,0.06,0.14,0.08,0.14,8,3,37.5,1.04,0.39,0.13,0.33,21,0,0.07,0.4,0.4,178,232,76.7,2909,718,92,108,85.2,72,84,85.7,12,22,54.5,0.4,-0.5,3,9,2,0,2,1,6,8,10,1.3,5,0,1,0,4,0,0,0,0,0,0,0,0,0,24,14,8,12,4,9,19,47.4,10,9,2,12,36,9,0,340,18,105,162,84,7,340,30,11,36.7,14,46.7,193,1036,450,9,2,12,7,207,0,13,25,1,0,0,0,36,8,11,42.1
M'Bala Nzola,ANG,FW,Lens,Ligue 1,28,1996,8,7,602,6.7,3,0,3,3,0,0,3,0,3.6,3.6,0.5,4.2,14,8,55,0.45,0.0,0.45,0.45,0.45,0.54,0.08,0.62,0.54,0.62,20,9,45.0,2.99,1.35,0.15,0.33,12,0,0.18,-0.6,-0.6,92,124,74.2,1095,171,67,84,79.8,14,22,63.6,3,3,100.0,0.3,-0.5,9,3,2,0,0,0,1,3,17,2.54,11,0,3,2,1,0,1,0,0,0,1,0,0,0,2,1,0,0,2,2,4,50.0,2,3,1,2,4,5,0,200,4,10,69,122,43,200,16,8,50.0,8,50.0,131,756,287,7,7,25,18,167,0,12,7,10,0,0,0,11,17,12,58.6
Marwann Nzuzi,FRA,DF,Saint-Étienne,Ligue 1,20,2004,2,2,125,1.4,0,0,0,0,0,0,2,0,0.0,0.0,0.1,0.1,2,2,5,0.0,0.0,0.0,0.0,0.0,0.02,0.05,0.08,0.02,0.08,2,1,50.0,1.44,0.72,0.0,0.0,24,0,0.02,0.0,0.0,46,55,83.6,707,322,21,22,95.5,20,26,76.9,2,3,66.7,0.1,-0.1,1,3,1,1,0,0,1,1,1,0.72,1,0,0,0,0,0,0,0,0,0,0,0,0,0,2,2,1,0,1,1,2,50.0,1,0,0,2,4,6,0,72,3,31,28,13,0,72,2,0,0.0,2,100.0,34,142,59,1,0,3,2,40,0,2,1,0,0,0,0,3,2,1,66.7
Christian Nørgaard,DEN,MF,Brentford,Premier League,30,1994,11,11,884,9.8,1,1,2,1,0,0,2,1,1.4,1.4,0.3,1.7,5,40,12,0.1,0.1,0.2,0.1,0.2,0.14,0.03,0.17,0.14,0.17,13,4,30.8,1.32,0.41,0.08,0.25,17,0,0.11,-0.4,-0.4,360,442,81.4,5769,1759,185,207,89.4,147,177,83.1,19,35,54.3,0.2,0.7,6,45,1,1,1,0,2,8,16,1.63,13,0,0,2,1,0,4,0,4,0,0,0,0,0,29,20,12,16,1,16,24,66.7,8,19,5,15,44,22,1,571,56,212,263,101,15,571,5,3,60.0,2,40.0,280,1014,441,4,1,11,8,355,0,14,13,0,0,0,0,55,13,7,65.0
Jake O'Brien,IRL,DF,Everton,Premier League,23,2001,2,0,36,0.4,0,0,0,0,0,0,1,0,0.0,0.0,0.0,0.0,0,1,0,0.0,0.0,0.0,0.0,0.0,0.0,0.0,0.0,0.0,0.0,0,0,0.0,0.0,0.0,0.0,0.0,0,0,0.0,0.0,0.0,18,21,85.7,275,148,11,12,91.7,5,5,100.0,2,4,50.0,0.0,0.0,0,2,0,0,0,0,0,0,1,2.5,1,0,0,0,0,0,0,0,0,0,0,0,0,0,2,2,1,1,0,2,2,100.0,0,1,0,0,2,0,0,26,0,12,12,3,0,26,3,1,33.3,2,66.7,12,70,46,0,0,0,0,16,0,1,0,0,0,0,0,1,0,0,0.0
Matt O'Riley,DEN,MF,Brighton,Premier League,24,2000,3,1,121,1.3,1,0,1,1,0,0,1,0,0.6,0.6,0.0,0.6,1,6,5,0.74,0.0,0.74,0.74,0.74,0.44,0.0,0.44,0.44,0.44,4,2,50.0,2.98,1.49,0.25,0.5,16,0,0.15,0.4,0.4,30,39,76.9,413,111,14,15,93.3,14,16,87.5,0,3,0.0,0.4,0.0,0,4,2,0,1,1,3,2,3,2.25,3,0,0,0,0,0,1,0,1,0,0,0,0,0,2,2,1,1,0,0,1,0.0,1,1,0,1,3,3,0,52,5,8,25,19,8,52,0,0,0.0,0,0.0,21,74,28,0,1,1,1,25,0,2,3,0,0,0,0,7,1,0,100.0
Dara O'Shea,IRL,DF,Ipswich Town,Premier League,25,1999,11,11,962,10.7,0,0,0,0,0,0,3,0,0.6,0.6,0.0,0.6,2,28,0,0.0,0.0,0.0,0.0,0.0,0.05,0.0,0.05,0.05,0.05,10,1,10.0,0.94,0.09,0.0,0.0,12,0,0.06,-0.6,-0.6,446,561,79.5,8661,3596,163,182,89.6,228,264,86.4,50,99,50.5,0.1,0.0,0,35,1,0,0,7,2,2,6,0.56,4,0,0,1,0,1,0,0,0,0,0,0,0,0,15,10,8,6,1,5,7,71.4,2,21,19,17,32,59,1,710,124,379,285,46,20,710,2,1,50.0,1,50.0,363,1468,728,0,0,5,1,424,0,5,6,0,0,0,0,44,41,25,62.1
Adam Obert,SVK,DF,Cagliari,Serie A,22,2002,7,3,294,3.3,0,0,0,0,0,0,1,0,0.7,0.7,0.1,0.8,7,14,8,0.0,0.0,0.0,0.0,0.0,0.2,0.04,0.24,0.2,0.24,6,1,16.7,1.84,0.31,0.0,0.0,9,0,0.13,-0.7,-0.7,103,128,80.5,1643,646,53,58,91.4,47,55,85.5,3,11,27.3,0.1,-0.1,3,8,2,0,0,0,1,4,12,3.67,9,1,0,2,0,0,1,0,1,0,0,0,0,0,7,5,1,6,0,3,8,37.5,5,8,4,9,16,16,1,182,23,72,83,31,8,182,3,3,100.0,0,0.0,65,441,231,3,0,6,3,74,0,6,2,0,0,0,0,19,9,8,52.9
Lucas Ocampos,ARG,FW,Sevilla,La Liga,30,1994,2,2,175,1.9,0,1,1,0,0,0,0,0,0.2,0.2,0.3,0.5,5,7,20,0.0,0.51,0.51,0.0,0.51,0.08,0.17,0.25,0.08,0.25,4,2,50.0,2.06,1.03,0.0,0.0,24,0,0.04,-0.2,-0.2,65,91,71.4,1020,296,36,45,80.0,19,23,82.6,6,11,54.5,0.1,0.7,3,8,2,1,0,2,4,4,7,3.6,7,0,0,0,0,0,2,1,2,0,0,0,0,0,3,2,2,0,1,1,2,50.0,1,2,0,0,3,2,0,115,1,11,60,45,5,115,8,2,25.0,5,62.5,63,377,183,4,0,5,3,84,0,3,2,0,0,0,0,6,3,4,42.9
Jens Odgaard,DEN,"MF,FW",Bologna,Serie A,25,1999,11,8,636,7.1,2,0,2,2,0,0,0,0,0.9,0.9,0.5,1.3,15,18,29,0.28,0.0,0.28,0.28,0.28,0.12,0.07,0.19,0.12,0.19,16,6,37.5,2.26,0.85,0.13,0.33,22,0,0.05,1.1,1.1,144,182,79.1,2093,528,78,85,91.8,53,71,74.6,5,11,45.5,0.2,-0.5,4,10,5,0,2,1,4,5,17,2.41,10,0,4,2,1,0,1,0,0,0,0,1,0,0,9,8,1,7,1,2,5,40.0,3,6,1,3,12,2,0,279,3,25,137,121,20,279,26,8,30.8,14,53.8,164,926,408,8,6,22,7,201,0,18,12,2,0,0,0,30,18,18,50.0
Wilson Odobert,FRA,FW,Tottenham,Premier League,20,2004,3,2,162,1.8,0,0,0,0,0,0,0,0,0.4,0.4,0.1,0.5,13,10,18,0.0,0.0,0.0,0.0,0.0,0.23,0.03,0.27,0.23,0.27,6,0,0.0,3.33,0.0,0.0,0.0,16,0,0.07,-0.4,-0.4,59,78,75.6,728,105,42,46,91.3,14,20,70.0,0,1,0.0,0.1,-0.1,3,3,3,0,0,0,5,4,4,2.24,3,0,0,1,0,0,0,0,0,0,0,0,0,0,5,2,2,2,1,4,6,66.7,2,1,0,0,5,1,1,105,2,11,29,65,13,105,10,3,30.0,6,60.0,76,626,410,10,6,4,4,80,0,0,2,0,0,0,0,9,3,0,100.0
Álvaro Odriozola,ESP,DF,Real Sociedad,La Liga,29,1995,2,0,43,0.5,0,0,0,0,0,0,1,0,0.0,0.0,0.0,0.0,0,3,0,0.0,0.0,0.0,0.0,0.0,0.0,0.0,0.0,0.0,0.0,0,0,0.0,0.0,0.0,0.0,0.0,0,0,0.0,0.0,0.0,22,30,73.3,344,111,11,12,91.7,6,12,50.0,3,4,75.0,0.0,0.0,0,4,1,1,0,0,1,0,1,2.09,1,0,0,0,0,0,0,0,0,0,0,0,0,0,1,1,1,0,0,0,0,0.0,0,0,0,0,1,1,0,35,1,11,15,10,0,35,0,0,0.0,0,0.0,21,79,42,1,0,3,1,22,0,2,1,0,0,0,0,2,1,0,100.0
Tim Oermann,GER,DF,Bochum,Bundesliga,21,2003,8,5,434,4.8,0,0,0,0,0,0,0,0,0.0,0.0,0.0,0.0,1,6,2,0.0,0.0,0.0,0.0,0.0,0.0,0.0,0.0,0.0,0.0,2,0,0.0,0.41,0.0,0.0,0.0,32,0,0.01,0.0,0.0,115,147,78.2,2462,742,22,23,95.7,78,89,87.6,14,27,51.9,0.0,0.0,0,6,2,1,0,0,2,5,2,0.41,2,0,0,0,0,0,0,0,0,0,0,0,0,0,6,3,4,2,0,4,9,44.4,5,3,2,6,12,11,0,183,25,98,75,11,0,183,0,0,0.0,0,0.0,100,428,146,1,1,1,2,99,0,8,2,0,0,0,0,18,1,7,12.5
Chiedozie Ogbene,IRL,FW,Ipswich Town,Premier League,27,1997,5,3,238,2.6,0,0,0,0,0,0,0,0,0.0,0.0,0.1,0.1,7,0,15,0.0,0.0,0.0,0.0,0.0,0.0,0.03,0.03,0.0,0.03,0,0,0.0,0.0,0.0,0.0,0.0,0,0,0.0,0.0,0.0,32,43,74.4,415,27,20,24,83.3,8,10,80.0,1,1,100.0,0.0,-0.1,2,0,0,0,0,0,4,5,3,1.13,2,0,0,0,1,0,0,0,0,0,0,0,0,0,7,3,1,2,4,2,4,50.0,2,1,0,1,8,3,0,70,3,11,19,40,6,70,7,1,14.3,3,42.9,41,330,139,2,2,4,2,43,0,2,7,1,0,0,0,6,1,6,14.3
Ifechukwu Ogbus,SUI,DF,Freiburg,Bundesliga,19,2005,2,0,19,0.2,0,0,0,0,0,0,0,0,0.0,0.0,0.0,0.0,0,0,0,0.0,0.0,0.0,0.0,0.0,0.0,0.0,0.0,0.0,0.0,0,0,0.0,0.0,0.0,0.0,0.0,0,0,0.0,0.0,0.0,6,10,60.0,98,26,3,3,100.0,3,7,42.9,0,0,0.0,0.0,0.0,0,0,0,0,0,0,0,0,0,0.0,0,0,0,0,0,0,0,0,0,0,0,0,0,0,1,1,0,0,1,0,1,0.0,1,0,0,1,2,2,0,15,1,7,4,4,0,15,0,0,0.0,0,0.0,4,8,2,0,0,1,0,3,0,1,0,0,0,0,0,1,0,0,0.0
Hamzat Ojediran,NGA,MF,Lens,Ligue 1,21,2003,7,1,287,3.2,1,0,1,1,0,0,1,0,0.4,0.4,0.4,0.9,2,14,1,0.31,0.0,0.31,0.31,0.31,0.14,0.14,0.28,0.14,0.28,6,2,33.3,1.88,0.63,0.17,0.5,17,0,0.08,0.6,0.6,137,162,84.6,2190,643,69,76,90.8,53,57,93.0,11,17,64.7,0.3,-0.4,2,17,2,0,3,0,2,1,9,2.85,6,0,0,3,0,0,2,0,0,0,0,2,0,0,17,10,5,10,2,4,10,40.0,6,7,1,9,26,5,0,226,8,45,142,41,6,226,6,3,50.0,3,50.0,94,441,144,4,0,5,0,117,0,11,2,0,0,0,0,18,5,6,45.5
Noah Okafor,SUI,FW,Milan,Serie A,24,2000,10,5,399,4.4,1,0,1,1,0,0,0,0,1.5,1.5,0.3,1.9,21,12,47,0.23,0.0,0.23,0.23,0.23,0.35,0.08,0.42,0.35,0.42,13,7,53.8,2.93,1.58,0.08,0.14,14,0,0.12,-0.5,-0.5,76,101,75.2,1313,270,36,47,76.6,35,42,83.3,5,9,55.6,0.7,-0.3,4,4,7,2,0,0,12,2,11,2.48,9,0,2,0,0,0,2,0,2,0,0,0,0,0,2,1,0,0,2,0,1,0.0,1,1,0,2,4,1,0,157,1,10,61,92,27,157,24,12,50.0,10,41.7,108,874,560,11,10,12,9,119,0,6,4,1,0,0,0,8,2,5,28.6
Caleb Okoli,ITA,DF,Leicester City,Premier League,23,2001,9,9,752,8.4,0,0,0,0,0,0,1,0,0.1,0.1,0.0,0.1,3,21,1,0.0,0.0,0.0,0.0,0.0,0.02,0.0,0.02,0.02,0.02,3,1,33.3,0.36,0.12,0.0,0.0,16,0,0.05,-0.1,-0.1,379,439,86.3,6633,2771,169,184,91.8,174,191,91.1,30,52,57.7,0.0,0.0,0,14,0,0,0,3,1,5,2,0.24,2,0,0,0,0,0,0,0,0,0,0,0,0,0,18,10,6,11,1,9,12,75.0,3,18,11,9,27,53,1,547,111,308,226,16,7,547,0,0,0.0,0,0.0,316,1564,738,1,0,7,0,324,0,6,6,0,0,0,0,33,14,19,42.4
Yllan Okou,FRA,DF,Hellas Verona,Serie A,22,2002,1,0,2,0.0,0,0,0,0,0,0,0,0,0.0,0.0,0.0,0.0,0,0,0,0.0,0.0,0.0,0.0,0.0,0.0,0.0,0.0,0.0,0.0,0,0,0.0,0.0,0.0,0.0,0.0,0,0,0.0,0.0,0.0,0,2,0.0,0,0,0,0,0.0,0,1,0.0,0,1,0.0,0.0,0.0,0,0,0,0,0,0,0,0,0,0.0,0,0,0,0,0,0,0,0,0,0,0,0,0,0,0,0,0,0,0,0,0,0.0,0,1,0,0,0,0,0,3,0,2,0,1,0,3,0,0,0.0,0,0.0,1,2,1,0,0,0,0,1,0,0,0,0,0,0,0,0,0,0,0.0
Joseph Okumu,KEN,DF,Reims,Ligue 1,27,1997,7,6,566,6.3,1,0,1,1,0,0,2,0,0.4,0.4,0.0,0.4,2,29,1,0.16,0.0,0.16,0.16,0.16,0.06,0.0,0.06,0.06,0.06,4,1,25.0,0.64,0.16,0.25,1.0,23,0,0.09,0.6,0.6,273,328,83.2,6004,2478,64,71,90.1,161,174,92.5,46,79,58.2,0.1,0.0,1,28,0,0,2,4,1,1,8,1.27,8,0,0,0,0,0,2,0,2,0,0,0,0,0,16,8,13,3,0,9,13,69.2,4,13,9,11,27,29,2,408,55,213,185,16,4,408,4,2,50.0,1,25.0,216,996,548,2,0,5,1,254,0,5,6,0,0,1,0,28,11,6,64.7
Olasagasti,ESP,MF,Real Sociedad,La Liga,24,2000,5,0,87,1.0,0,0,0,0,0,0,0,0,0.1,0.1,0.0,0.1,4,3,5,0.0,0.0,0.0,0.0,0.0,0.07,0.0,0.07,0.07,0.07,1,0,0.0,1.03,0.0,0.0,0.0,16,0,0.07,-0.1,-0.1,34,42,81.0,502,41,20,23,87.0,14,17,82.4,0,1,0.0,0.1,0.0,0,2,0,0,0,0,0,1,3,3.1,2,0,0,1,0,0,0,0,0,0,0,0,0,0,3,2,2,1,0,0,2,0.0,2,0,0,1,4,1,0,52,1,10,30,15,3,52,3,1,33.3,1,33.3,21,173,114,4,0,1,0,31,0,1,0,0,0,0,0,4,1,2,33.3
Ben Old,NZL,"MF,FW",Saint-Étienne,Ligue 1,22,2002,6,4,376,4.2,0,0,0,0,0,0,0,0,0.8,0.8,0.7,1.5,10,7,19,0.0,0.0,0.0,0.0,0.0,0.2,0.16,0.36,0.2,0.36,8,2,25.0,1.91,0.48,0.0,0.0,18,0,0.1,-0.8,-0.8,62,86,72.1,1002,289,33,37,89.2,26,33,78.8,3,11,27.3,0.4,-0.7,4,2,2,1,1,0,13,4,10,2.39,7,0,1,1,1,0,1,0,1,0,0,0,0,0,4,4,3,1,0,2,8,25.0,6,5,1,1,5,1,0,126,3,30,44,57,9,126,15,8,53.3,6,40.0,79,608,290,5,3,7,5,90,0,3,7,0,0,0,0,14,0,3,0.0
Michael Olise,FRA,"FW,MF",Bayern Munich,Bundesliga,23,2001,12,9,702,7.8,5,3,8,5,0,0,0,0,2.6,2.6,2.2,4.8,37,59,102,0.64,0.38,1.03,0.64,1.03,0.33,0.29,0.62,0.33,0.62,26,13,50.0,3.33,1.67,0.19,0.38,18,3,0.1,2.4,2.4,406,501,81.0,5981,1618,254,284,89.4,132,150,88.0,15,43,34.9,3.4,0.8,18,32,33,5,5,3,41,17,42,5.38,30,2,3,2,5,0,7,0,3,0,1,1,2,0,13,8,3,8,2,4,10,40.0,6,7,0,2,15,4,0,610,2,32,230,353,41,610,42,20,47.6,17,40.5,400,2281,1216,17,14,13,9,486,0,6,24,1,1,0,0,31,3,4,42.9
Brian Oliván,ESP,"DF,MF",Espanyol,La Liga,30,1994,10,5,468,5.2,0,1,1,0,0,0,0,0,0.0,0.0,0.4,0.4,8,19,22,0.0,0.19,0.19,0.0,0.19,0.01,0.07,0.07,0.01,0.07,1,1,100.0,0.19,0.19,0.0,0.0,16,0,0.04,0.0,0.0,128,190,67.4,2198,935,57,62,91.9,57,79,72.2,12,38,31.6,0.3,0.6,6,17,3,2,0,1,19,4,10,1.85,5,5,0,0,0,0,1,0,0,1,0,0,0,0,6,5,4,2,0,1,6,16.7,5,4,2,3,9,12,0,230,14,72,95,63,3,230,1,0,0.0,1,100.0,105,514,321,3,0,4,1,127,0,8,2,0,0,0,0,10,1,4,20.0
Lucas Oliveira Rosa,BRA,DF,Valladolid,La Liga,24,2000,14,14,1260,14.0,0,0,0,0,0,0,5,0,0.3,0.3,0.9,1.2,20,31,48,0.0,0.0,0.0,0.0,0.0,0.02,0.07,0.09,0.02,0.09,5,2,40.0,0.36,0.14,0.0,0.0,18,0,0.06,-0.3,-0.3,402,549,73.2,6647,2084,209,236,88.6,160,211,75.8,29,67,43.3,0.7,-0.9,8,22,4,3,3,2,26,22,20,1.43,16,1,1,0,1,1,0,0,0,0,0,0,0,0,37,25,30,6,1,26,38,68.4,12,17,8,21,58,33,2,693,46,262,308,137,14,693,18,8,44.4,8,44.4,292,1810,928,15,3,20,6,352,0,23,13,1,0,0,0,60,13,7,65.0
Mathías Olivera,URU,DF,Napoli,Serie A,27,1997,14,11,1024,11.4,0,1,1,0,0,0,2,0,0.4,0.4,1.1,1.4,18,46,29,0.0,0.09,0.09,0.0,0.09,0.03,0.1,0.13,0.03,0.13,3,1,33.3,0.26,0.09,0.0,0.0,10,0,0.12,-0.4,-0.4,487,585,83.2,7954,2732,248,280,88.6,198,224,88.4,33,50,66.0,0.5,-0.1,17,56,8,3,0,5,10,14,24,2.11,22,0,0,0,1,1,3,0,1,0,0,0,1,1,32,17,19,9,4,15,23,65.2,8,15,5,13,45,28,0,715,35,240,358,123,18,715,9,4,44.4,5,55.6,325,1524,860,6,3,11,8,429,0,14,8,1,1,0,0,30,11,9,55.0
Dani Olmo,ESP,"MF,FW",Barcelona,La Liga,26,1998,8,5,472,5.2,5,0,5,5,0,0,0,0,2.2,2.2,1.1,3.3,14,34,39,0.95,0.0,0.95,0.95,0.95,0.42,0.21,0.63,0.42,0.63,20,8,40.0,3.81,1.53,0.25,0.63,18,0,0.11,2.8,2.8,169,213,79.3,2955,947,93,101,92.1,54,66,81.8,19,24,79.2,1.6,-1.1,5,18,11,1,6,4,7,9,18,3.42,12,0,4,2,0,0,3,0,1,0,2,0,0,0,6,3,2,2,2,2,7,28.6,5,2,2,1,7,3,0,278,7,27,118,136,24,278,21,12,57.1,7,33.3,177,1020,546,18,3,13,12,224,0,7,6,1,0,0,0,24,5,2,71.4
Warmed Omari,COM,DF,Lyon,Ligue 1,24,2000,1,0,8,0.1,0,0,0,0,0,0,0,0,0.0,0.0,0.0,0.0,0,0,0,0.0,0.0,0.0,0.0,0.0,0.0,0.0,0.0,0.0,0.0,0,0,0.0,0.0,0.0,0.0,0.0,0,0,0.0,0.0,0.0,6,6,100.0,145,40,0,0,0.0,5,5,100.0,1,1,100.0,0.0,0.0,0,0,0,0,0,0,0,0,0,0.0,0,0,0,0,0,0,0,0,0,0,0,0,0,0,0,0,0,0,0,0,0,0.0,0,0,0,0,0,1,0,7,0,7,0,0,0,7,0,0,0.0,0,0.0,3,6,4,0,0,0,0,5,0,0,0,0,0,0,0,0,0,0,0.0
Becir Omeragic,SUI,DF,Montpellier,Ligue 1,22,2002,8,7,570,6.3,0,0,0,0,0,0,1,0,0.1,0.1,0.0,0.1,6,19,1,0.0,0.0,0.0,0.0,0.0,0.01,0.01,0.02,0.01,0.02,1,1,100.0,0.16,0.16,0.0,0.0,11,0,0.07,-0.1,-0.1,250,276,90.6,4449,1417,91,95,95.8,137,142,96.5,17,30,56.7,0.1,0.0,1,17,2,0,0,1,1,1,2,0.32,1,0,1,0,0,0,0,0,0,0,0,0,0,0,14,5,10,4,0,7,12,58.3,5,6,3,5,19,18,0,321,48,159,155,10,2,321,6,4,66.7,2,33.3,167,1213,733,1,0,2,2,210,0,5,5,0,0,0,0,22,4,10,28.6
Ado Onaiwu,JPN,"MF,FW",Auxerre,Ligue 1,29,1995,12,4,418,4.6,2,0,2,2,0,0,0,1,2.7,2.7,0.4,3.2,5,13,46,0.43,0.0,0.43,0.43,0.43,0.59,0.09,0.68,0.59,0.68,13,7,53.8,2.8,1.51,0.15,0.29,12,0,0.22,-0.7,-0.7,123,169,72.8,1629,389,70,94,74.5,34,44,77.3,6,7,85.7,0.5,-0.4,6,13,4,3,0,0,5,7,13,2.79,11,0,0,0,1,1,0,0,0,0,0,0,0,0,5,4,0,5,0,2,5,40.0,3,1,0,1,6,6,0,227,4,18,109,103,21,227,10,4,40.0,6,60.0,137,644,293,6,2,13,8,181,0,4,5,0,0,0,0,23,13,11,54.2
Amadou Onana,BEL,MF,Aston Villa,Premier League,23,2001,10,10,703,7.8,2,0,2,2,0,0,3,0,1.6,1.6,0.1,1.7,8,23,6,0.26,0.0,0.26,0.26,0.26,0.2,0.02,0.22,0.2,0.22,11,4,36.4,1.41,0.51,0.18,0.5,11,0,0.14,0.4,0.4,283,317,89.3,4384,1046,144,152,94.7,117,127,92.1,13,15,86.7,0.2,-0.1,3,21,4,1,0,0,1,7,13,1.66,8,1,0,4,0,0,2,0,1,0,0,1,0,0,25,15,13,10,2,8,16,50.0,8,9,5,16,41,16,2,414,33,124,223,77,13,414,9,6,66.7,2,22.2,225,1055,517,10,0,5,6,257,0,16,10,0,0,0,0,36,13,12,52.0
Karim Onisiwo,AUT,"MF,FW",Mainz 05,Bundesliga,32,1992,4,1,91,1.0,0,0,0,0,0,0,0,0,0.1,0.1,0.3,0.4,1,0,8,0.0,0.0,0.0,0.0,0.0,0.07,0.33,0.4,0.07,0.4,3,0,0.0,2.97,0.0,0.0,0.0,13,0,0.02,-0.1,-0.1,12,20,60.0,167,25,8,12,66.7,4,6,66.7,0,0,0.0,0.2,-0.3,1,0,1,1,0,0,2,1,2,1.98,1,0,0,0,1,0,1,0,0,0,0,0,1,0,0,0,0,0,0,0,0,0.0,0,0,0,0,0,0,0,33,0,4,11,18,5,33,2,1,50.0,1,50.0,18,69,15,0,0,3,1,23,0,1,2,0,0,0,0,3,2,1,66.7
Paul Onuachu,NGA,FW,Southampton,Premier League,30,1994,6,1,114,1.3,0,0,0,0,0,0,1,0,0.1,0.1,0.0,0.1,0,2,3,0.0,0.0,0.0,0.0,0.0,0.05,0.02,0.06,0.05,0.06,3,1,33.3,2.37,0.79,0.0,0.0,11,0,0.02,-0.1,-0.1,19,32,59.4,296,94,9,18,50.0,7,8,87.5,2,4,50.0,0.0,0.0,1,1,0,0,0,1,0,0,1,0.79,1,0,0,0,0,0,0,0,0,0,0,0,0,0,0,0,0,0,0,0,0,0.0,0,1,0,1,1,1,0,50,1,9,30,13,6,50,8,4,50.0,2,25.0,28,135,49,0,0,2,5,40,0,4,5,0,0,0,0,4,9,4,69.2
Frank Onyeka,NGA,MF,Brentford,Premier League,26,1998,2,0,25,0.3,0,0,0,0,0,0,0,0,0.0,0.0,0.0,0.0,0,1,0,0.0,0.0,0.0,0.0,0.0,0.0,0.0,0.0,0.0,0.0,0,0,0.0,0.0,0.0,0.0,0.0,0,0,0.0,0.0,0.0,6,7,85.7,71,19,5,5,100.0,1,1,100.0,0,0,0.0,0.0,0.0,0,0,1,0,0,0,0,0,0,0.0,0,0,0,0,0,0,0,0,0,0,0,0,0,0,0,0,0,0,0,0,0,0.0,0,0,0,0,0,0,0,10,0,1,5,4,0,10,0,0,0.0,0,0.0,6,55,14,0,0,2,1,6,0,2,0,0,0,0,0,2,0,0,0.0
Frank Onyeka,NGA,MF,Augsburg,Bundesliga,26,1998,10,10,877,9.7,0,1,1,0,0,0,2,0,0.5,0.5,0.8,1.2,17,28,28,0.0,0.1,0.1,0.0,0.1,0.05,0.08,0.13,0.05,0.13,9,2,22.2,0.92,0.21,0.0,0.0,19,0,0.05,-0.5,-0.5,262,319,82.1,4261,896,123,138,89.1,115,131,87.8,16,28,57.1,0.8,0.2,7,27,6,3,1,1,10,10,16,1.64,15,1,0,0,0,0,2,0,1,1,0,0,0,0,21,17,7,10,4,8,18,44.4,10,11,2,15,36,11,0,436,14,78,251,115,18,436,17,3,17.6,9,52.9,202,1385,608,5,3,18,8,248,0,20,18,1,0,0,0,47,6,6,50.0
Loïs Openda,BEL,FW,Rb Leipzig,Bundesliga,24,2000,12,11,996,11.1,5,3,8,5,0,1,1,0,5.2,4.4,2.0,6.3,26,18,100,0.45,0.27,0.72,0.45,0.72,0.47,0.18,0.64,0.4,0.57,32,16,50.0,2.89,1.45,0.16,0.31,16,0,0.14,-0.2,0.6,141,228,61.8,1856,415,88,124,71.0,32,57,56.1,9,15,60.0,1.2,1.0,14,9,8,0,0,4,16,12,27,2.44,18,0,2,4,3,0,5,0,3,0,0,2,0,0,4,3,1,3,0,1,4,25.0,3,7,0,1,5,1,0,352,2,10,147,195,65,351,33,7,21.2,19,57.6,201,1141,523,11,16,34,10,281,0,15,31,14,1,0,0,20,6,12,33.3
Christopher Operi,CIV,"DF,FW",Le Havre,Ligue 1,27,1997,11,11,989,11.0,0,2,2,0,0,0,2,1,0.1,0.1,1.7,1.9,26,46,52,0.0,0.18,0.18,0.0,0.18,0.01,0.16,0.17,0.01,0.17,5,1,20.0,0.46,0.09,0.0,0.0,23,1,0.03,-0.1,-0.1,443,634,69.9,7859,2942,196,215,91.2,194,255,76.1,48,138,34.8,2.5,0.3,20,29,17,11,1,6,112,16,29,2.64,15,12,1,0,1,0,2,0,1,1,0,0,0,0,12,8,6,2,4,6,10,60.0,4,16,4,12,24,29,0,746,37,206,294,254,8,746,24,12,50.0,12,50.0,359,1682,848,18,2,14,11,426,1,7,15,3,0,0,0,42,8,6,57.1
Victor Orakpo,NGA,FW,Nice,Ligue 1,18,2006,4,0,36,0.4,0,0,0,0,0,0,0,0,0.3,0.3,0.0,0.3,2,1,4,0.0,0.0,0.0,0.0,0.0,0.81,0.0,0.81,0.81,0.81,2,0,0.0,5.0,0.0,0.0,0.0,10,0,0.16,-0.3,-0.3,15,17,88.2,218,43,10,11,90.9,4,4,100.0,1,1,100.0,0.0,0.0,0,1,0,0,0,0,0,1,1,2.5,1,0,0,0,0,0,0,0,0,0,0,0,0,0,0,0,0,0,0,0,0,0.0,0,0,0,0,0,0,0,21,0,2,10,9,3,21,2,2,100.0,0,0.0,14,83,57,1,1,1,0,18,0,0,2,1,0,0,0,3,1,4,20.0
Gift Orban,NGA,"FW,DF",Lyon,Ligue 1,22,2002,3,2,186,2.1,2,0,2,2,0,0,1,0,1.2,1.2,0.0,1.2,1,2,12,0.97,0.0,0.97,0.97,0.97,0.59,0.01,0.6,0.59,0.6,4,3,75.0,1.94,1.45,0.5,0.67,8,0,0.3,0.8,0.8,22,33,66.7,369,117,11,14,78.6,5,7,71.4,4,6,66.7,0.1,0.0,1,1,1,0,0,0,1,4,2,0.97,1,1,0,0,0,0,0,0,0,0,0,0,0,0,0,0,0,0,0,0,1,0.0,1,0,0,0,0,0,0,49,0,6,13,30,10,49,5,2,40.0,3,60.0,26,108,36,0,1,6,0,35,0,5,1,4,0,0,0,5,1,4,20.0
Willi Orban,HUN,DF,Rb Leipzig,Bundesliga,32,1992,10,10,894,9.9,4,0,4,4,0,0,0,1,2.5,2.5,0.3,2.8,3,53,4,0.4,0.0,0.4,0.4,0.4,0.25,0.03,0.28,0.25,0.28,9,6,66.7,0.91,0.6,0.44,0.67,6,0,0.28,1.5,1.5,653,749,87.2,12545,4699,189,222,85.1,410,435,94.3,49,76,64.5,0.2,-0.3,2,44,2,1,0,1,3,7,9,0.91,8,0,0,0,0,1,1,0,1,0,0,0,0,0,20,11,11,9,0,12,16,75.0,4,17,13,9,29,55,1,866,98,403,438,32,12,866,3,2,66.7,0,0.0,472,2226,1209,4,0,6,2,569,0,8,8,1,0,0,0,50,45,15,75.0
Ivan Ordets,UKR,DF,Bochum,Bundesliga,32,1992,6,5,448,5.0,0,0,0,0,0,0,2,0,0.1,0.1,0.0,0.1,0,15,1,0.0,0.0,0.0,0.0,0.0,0.01,0.0,0.01,0.01,0.01,1,0,0.0,0.2,0.0,0.0,0.0,10,0,0.05,-0.1,-0.1,162,202,80.2,3434,1403,38,48,79.2,105,116,90.5,19,35,54.3,0.2,0.0,1,5,0,0,0,0,0,2,2,0.4,2,0,0,0,0,0,0,0,0,0,0,0,0,0,3,1,2,1,0,3,4,75.0,1,6,3,10,13,26,0,252,42,157,86,10,8,252,0,0,0.0,0,0.0,111,447,105,1,0,1,0,128,0,5,4,0,0,0,0,14,13,13,50.0
Gaetano Oristanio,ITA,"MF,FW",Venezia,Serie A,22,2002,14,13,1004,11.2,1,2,3,1,0,0,2,0,2.7,2.7,1.5,4.2,26,30,54,0.09,0.18,0.27,0.09,0.27,0.24,0.13,0.37,0.24,0.37,26,8,30.8,2.33,0.72,0.04,0.13,16,2,0.1,-1.7,-1.7,143,208,68.8,2410,625,67,89,75.3,55,74,74.3,14,22,63.6,1.0,0.5,22,13,12,4,1,3,29,5,44,3.94,22,3,9,3,6,1,5,0,2,0,1,0,2,0,8,6,3,4,1,3,7,42.9,4,13,0,5,13,4,0,351,4,33,139,190,44,351,59,31,52.5,26,44.1,240,1732,886,17,15,33,24,264,0,21,35,3,0,0,0,32,10,18,35.7
Aimar Oroz,ESP,MF,Osasuna,La Liga,23,2001,15,15,1208,13.4,1,0,1,1,0,0,2,0,1.6,1.6,1.5,3.1,25,61,46,0.07,0.0,0.07,0.07,0.07,0.12,0.11,0.23,0.12,0.23,19,6,31.6,1.42,0.45,0.05,0.17,18,2,0.08,-0.6,-0.6,342,418,81.8,5469,1329,178,204,87.3,118,138,85.5,28,40,70.0,1.8,-1.5,16,30,15,0,4,4,6,8,39,2.91,30,0,2,3,3,1,2,0,1,0,0,1,0,0,17,8,8,5,4,7,20,35.0,13,16,2,15,32,2,0,541,5,76,273,205,26,541,29,15,51.7,11,37.9,324,1935,968,24,3,26,17,372,0,13,23,2,0,0,0,68,5,12,29.4
Riccardo Orsolini,ITA,FW,Bologna,Serie A,27,1997,12,11,802,8.9,6,1,7,4,2,2,0,0,4.7,3.1,1.8,5.0,29,34,83,0.67,0.11,0.79,0.45,0.56,0.53,0.21,0.74,0.35,0.56,30,10,33.3,3.37,1.12,0.13,0.4,17,1,0.1,1.3,0.9,187,276,67.8,3241,973,86,105,81.9,77,114,67.5,17,35,48.6,1.4,-0.8,12,19,12,4,3,5,24,13,23,2.58,15,0,3,4,1,0,1,0,1,0,0,0,0,0,6,6,1,3,2,2,5,40.0,3,10,0,3,9,5,0,389,3,38,154,203,43,387,35,15,42.9,17,48.6,243,1526,791,13,14,15,14,293,0,15,14,5,0,0,0,27,12,9,57.1
Gabriel Osei Misehouy,NED,"FW,MF",Girona,La Liga,19,2005,6,1,188,2.1,1,0,1,1,0,0,0,0,0.9,0.9,0.3,1.1,4,13,13,0.48,0.0,0.48,0.48,0.48,0.42,0.12,0.54,0.42,0.54,5,2,40.0,2.39,0.96,0.2,0.5,16,0,0.17,0.1,0.1,59,69,85.5,867,198,33,35,94.3,26,26,100.0,0,8,0.0,0.3,-0.3,4,9,4,0,0,0,5,0,6,2.87,5,0,0,0,1,0,0,0,0,0,0,0,0,0,0,0,0,0,0,0,0,0.0,0,0,0,0,0,0,0,86,1,3,40,44,6,86,9,6,66.7,3,33.3,64,401,185,4,0,5,4,69,0,0,4,2,0,0,0,7,0,1,0.0
Gabriel Osho,NGA,DF,Auxerre,Ligue 1,26,1998,10,10,823,9.1,0,0,0,0,0,0,1,0,0.6,0.6,0.0,0.6,8,24,0,0.0,0.0,0.0,0.0,0.0,0.07,0.0,0.07,0.07,0.07,2,1,50.0,0.22,0.11,0.0,0.0,7,0,0.3,-0.6,-0.6,376,423,88.9,7319,2597,116,125,92.8,221,234,94.4,36,56,64.3,0.1,0.0,0,27,0,0,0,4,0,2,1,0.11,0,0,0,0,0,1,0,0,0,0,0,0,0,0,8,7,8,0,0,5,10,50.0,5,19,12,6,14,43,0,519,76,268,235,20,4,519,5,2,40.0,2,40.0,312,1514,807,2,0,5,3,346,0,6,8,0,0,0,0,33,8,5,61.5
Yordan Osorio,VEN,DF,Parma,Serie A,30,1994,3,2,172,1.9,0,0,0,0,0,0,0,0,0.0,0.0,0.1,0.1,1,3,0,0.0,0.0,0.0,0.0,0.0,0.01,0.07,0.08,0.01,0.08,1,0,0.0,0.52,0.0,0.0,0.0,25,0,0.01,0.0,0.0,104,119,87.4,1866,555,41,46,89.1,58,61,95.1,5,10,50.0,0.1,-0.1,1,1,0,0,0,0,0,1,1,0.52,1,0,0,0,0,0,0,0,0,0,0,0,0,0,5,3,4,1,0,2,2,100.0,0,3,1,4,9,6,1,141,12,73,63,5,1,141,0,0,0.0,0,0.0,88,358,180,0,0,1,0,89,0,5,2,0,0,0,0,6,2,1,66.7
Patrick Osterhage,GER,MF,Freiburg,Bundesliga,24,2000,11,11,851,9.5,0,0,0,0,0,0,2,1,0.7,0.7,0.5,1.2,10,26,18,0.0,0.0,0.0,0.0,0.0,0.08,0.05,0.13,0.08,0.13,12,0,0.0,1.27,0.0,0.0,0.0,20,0,0.06,-0.7,-0.7,326,391,83.4,4808,944,187,206,90.8,109,121,90.1,15,29,51.7,0.7,-0.5,6,25,3,0,0,3,5,13,20,2.12,15,0,1,2,2,0,2,0,1,0,0,1,0,0,22,14,8,13,1,5,13,38.5,8,9,0,9,31,9,0,483,16,111,272,102,19,483,16,7,43.8,7,43.8,241,1118,478,8,3,11,6,315,1,12,12,4,0,0,0,42,10,14,41.7
William Osula,DEN,"FW,MF",Newcastle Utd,Premier League,21,2003,4,0,12,0.1,0,0,0,0,0,0,0,0,0.0,0.0,0.0,0.0,1,0,3,0.0,0.0,0.0,0.0,0.0,0.0,0.0,0.0,0.0,0.0,0,0,0.0,0.0,0.0,0.0,0.0,0,0,0.0,0.0,0.0,1,2,50.0,5,0,0,0,0.0,0,1,0.0,0,0,0.0,0.0,0.0,0,0,0,0,0,0,0,0,0,0.0,0,0,0,0,0,0,0,0,0,0,0,0,0,0,0,0,0,0,0,0,0,0.0,0,0,0,0,0,0,0,4,0,0,1,3,1,4,1,1,100.0,0,0.0,3,27,14,1,0,0,2,3,0,0,0,1,0,0,0,0,1,0,100.0
Jibril Othman,TUN,FW,Saint-Étienne,Ligue 1,20,2004,1,0,5,0.1,0,0,0,0,0,0,0,0,0.0,0.0,0.0,0.0,0,0,0,0.0,0.0,0.0,0.0,0.0,0.0,0.0,0.0,0.0,0.0,0,0,0.0,0.0,0.0,0.0,0.0,0,0,0.0,0.0,0.0,1,1,100.0,10,0,1,1,100.0,0,0,0.0,0,0,0.0,0.0,0.0,0,0,0,0,0,0,0,0,0,0.0,0,0,0,0,0,0,0,0,0,0,0,0,0,0,0,0,0,0,0,0,0,0.0,0,0,0,0,0,0,0,1,0,0,1,0,0,1,0,0,0.0,0,0.0,1,0,0,0,0,0,0,0,0,0,0,0,0,0,0,1,0,0,0.0
David Otorbi,ESP,MF,Valencia,La Liga,17,2007,1,0,14,0.2,0,0,0,0,0,0,0,0,0.0,0.0,0.0,0.0,1,0,0,0.0,0.0,0.0,0.0,0.0,0.0,0.0,0.0,0.0,0.0,0,0,0.0,0.0,0.0,0.0,0.0,0,0,0.0,0.0,0.0,2,4,50.0,27,4,2,3,66.7,0,0,0.0,0,1,0.0,0.0,0.0,0,0,0,0,0,0,0,0,0,0.0,0,0,0,0,0,0,0,0,0,0,0,0,0,0,0,0,0,0,0,0,0,0.0,0,1,0,0,0,0,0,6,0,0,4,2,0,6,2,0,0.0,0,0.0,3,24,13,0,0,1,0,4,0,0,0,0,0,0,0,0,0,0,0.0
Dango Ouattara,BFA,"FW,DF",Bournemouth,Premier League,22,2002,10,4,467,5.2,1,1,2,1,0,0,0,0,1.5,1.5,1.6,3.1,25,7,52,0.19,0.19,0.39,0.19,0.39,0.29,0.31,0.6,0.29,0.6,7,2,28.6,1.35,0.39,0.14,0.5,10,0,0.22,-0.5,-0.5,89,163,54.6,1484,441,45,66,68.2,38,57,66.7,6,23,26.1,1.0,-0.6,6,2,3,3,1,2,27,10,12,2.31,12,0,0,0,0,0,1,0,1,0,0,0,0,0,15,14,3,6,6,9,17,52.9,8,8,1,4,19,14,0,255,15,52,80,125,29,255,22,8,36.4,13,59.1,115,952,484,12,11,10,9,130,0,4,4,3,0,0,0,26,9,12,42.9
Guimissongui Ouattara,FRA,"MF,FW",Strasbourg,Ligue 1,19,2005,3,0,44,0.5,1,0,1,1,0,0,0,0,0.1,0.1,0.1,0.2,1,3,2,2.05,0.0,2.05,2.05,2.05,0.2,0.17,0.37,0.2,0.37,1,1,100.0,2.05,2.05,1.0,1.0,14,0,0.1,0.9,0.9,23,26,88.5,339,128,9,10,90.0,13,15,86.7,0,0,0.0,0.1,-0.1,2,3,1,0,0,0,1,0,3,6.14,2,0,0,0,0,1,1,2,1,0,0,0,0,0,1,1,0,0,1,0,0,0.0,0,1,0,0,1,0,0,31,0,2,13,17,3,31,3,2,66.7,1,33.3,21,106,28,1,2,1,1,24,0,0,0,0,0,0,0,3,0,1,0.0
Kassoum Ouattara,FRA,"DF,FW",Monaco,Ligue 1,20,2004,8,2,192,2.1,0,1,1,0,0,0,1,0,0.2,0.2,0.5,0.6,5,12,15,0.0,0.47,0.47,0.0,0.47,0.07,0.22,0.3,0.07,0.3,2,1,50.0,0.94,0.47,0.0,0.0,21,0,0.08,-0.2,-0.2,90,105,85.7,1547,562,38,42,90.5,42,46,91.3,7,13,53.8,0.6,0.5,3,11,3,2,0,2,6,1,4,1.87,3,0,0,0,1,0,1,0,1,0,0,0,0,0,6,4,3,3,0,3,6,50.0,3,4,0,3,9,1,0,135,3,28,70,38,3,135,8,3,37.5,4,50.0,77,334,194,1,1,5,5,74,0,4,1,0,0,0,0,17,1,3,25.0
Remi Oudin,FRA,"MF,FW",Lecce,Serie A,28,1996,9,3,223,2.5,0,0,0,0,0,0,0,0,0.1,0.1,0.5,0.6,2,9,12,0.0,0.0,0.0,0.0,0.0,0.05,0.21,0.26,0.05,0.26,3,1,33.3,1.21,0.4,0.0,0.0,28,2,0.04,-0.1,-0.1,69,105,65.7,1490,487,20,28,71.4,30,37,81.1,17,32,53.1,1.1,-0.5,5,7,5,2,2,3,20,3,12,4.86,7,3,0,2,0,0,1,0,1,0,0,0,0,0,3,1,1,1,1,2,4,50.0,2,3,1,1,4,0,0,122,3,22,52,50,1,122,5,3,60.0,2,40.0,66,357,97,5,0,4,2,72,0,1,1,0,0,0,0,13,1,1,50.0
Assan Ouedraogo,GER,MF,Rb Leipzig,Bundesliga,18,2006,3,0,50,0.6,0,0,0,0,0,0,0,0,0.1,0.1,0.0,0.1,2,1,2,0.0,0.0,0.0,0.0,0.0,0.11,0.0,0.11,0.11,0.11,1,0,0.0,1.8,0.0,0.0,0.0,22,0,0.06,-0.1,-0.1,15,20,75.0,206,37,8,8,100.0,7,10,70.0,0,0,0.0,0.0,0.0,0,0,0,0,0,0,1,1,0,0.0,0,0,0,0,0,0,0,0,0,0,0,0,0,0,0,0,0,0,0,0,0,0.0,0,1,0,0,0,0,0,30,0,5,15,12,4,30,3,0,0.0,3,100.0,23,193,70,0,3,2,6,26,0,1,3,0,0,0,0,6,0,0,0.0
Zinédine Ould Khaled,FRA,MF,Angers,Ligue 1,24,2000,2,1,57,0.6,0,0,0,0,0,0,1,0,0.0,0.0,0.0,0.0,0,2,2,0.0,0.0,0.0,0.0,0.0,0.0,0.0,0.0,0.0,0.0,0,0,0.0,0.0,0.0,0.0,0.0,0,0,0.0,0.0,0.0,15,17,88.2,257,24,6,8,75.0,8,8,100.0,1,1,100.0,0.0,0.0,0,0,0,0,0,0,0,0,0,0.0,0,0,0,0,0,0,0,0,0,0,0,0,0,0,1,1,1,0,0,0,1,0.0,1,2,0,0,1,1,0,27,1,7,15,5,1,27,1,0,0.0,1,100.0,15,66,10,0,0,3,0,15,0,3,1,0,0,0,0,2,1,1,50.0
Beres Owusu,FRA,DF,Saint-Étienne,Ligue 1,21,2003,1,1,90,1.0,0,0,0,0,0,0,0,0,0.0,0.0,0.0,0.0,0,3,0,0.0,0.0,0.0,0.0,0.0,0.0,0.03,0.03,0.0,0.03,0,0,0.0,0.0,0.0,0.0,0.0,0,0,0.0,0.0,0.0,20,32,62.5,375,121,9,10,90.0,7,13,53.8,4,8,50.0,0.0,0.0,1,1,1,0,0,0,1,1,2,2.0,1,1,0,0,0,0,0,0,0,0,0,0,0,0,2,2,1,1,0,2,2,100.0,0,2,2,0,2,5,0,44,5,15,19,10,1,44,0,0,0.0,0,0.0,19,84,32,2,0,1,1,20,0,1,1,0,0,0,0,2,2,0,100.0
Elisha Owusu,GHA,MF,Auxerre,Ligue 1,27,1997,12,12,1040,11.6,1,1,2,1,0,0,4,0,0.3,0.3,0.6,0.9,4,39,14,0.09,0.09,0.17,0.09,0.17,0.03,0.05,0.08,0.03,0.08,4,2,50.0,0.35,0.17,0.25,0.5,23,0,0.07,0.7,0.7,330,406,81.3,5288,1329,165,192,85.9,137,157,87.3,20,36,55.6,0.4,0.4,5,27,4,1,0,2,4,6,14,1.21,12,0,0,0,0,2,3,0,3,0,0,0,0,0,39,23,15,24,0,18,26,69.2,8,16,3,20,59,20,0,523,25,139,329,62,2,523,12,6,50.0,6,50.0,249,991,385,5,1,12,9,268,0,26,11,0,0,1,1,78,9,10,47.4
Mikel Oyarzabal,ESP,"FW,MF",Real Sociedad,La Liga,27,1997,13,12,863,9.6,3,1,4,1,2,2,2,1,4.0,2.4,0.7,3.1,9,10,54,0.31,0.1,0.42,0.1,0.21,0.42,0.07,0.49,0.25,0.33,17,5,29.4,1.77,0.52,0.06,0.2,14,0,0.14,-1.0,-1.4,138,188,73.4,1967,348,80,94,85.1,45,57,78.9,4,10,40.0,0.8,0.3,4,7,4,1,2,2,2,4,13,1.36,8,0,0,2,3,0,3,0,2,0,0,0,1,0,9,4,3,4,2,4,8,50.0,4,4,0,0,9,5,0,266,5,22,132,113,39,264,3,2,66.7,1,33.3,152,708,280,6,2,22,13,199,0,6,10,6,1,0,0,18,12,23,34.3
Salih Özcan,TUR,MF,Wolfsburg,Bundesliga,26,1998,10,3,337,3.7,0,0,0,0,0,0,0,0,0.1,0.1,0.8,0.9,6,18,4,0.0,0.0,0.0,0.0,0.0,0.03,0.21,0.24,0.03,0.24,2,0,0.0,0.53,0.0,0.0,0.0,24,0,0.06,-0.1,-0.1,147,193,76.2,2352,719,73,86,84.9,57,70,81.4,10,23,43.5,0.6,-0.8,5,18,3,0,3,2,6,5,11,2.94,7,2,1,1,0,0,0,0,0,0,0,0,0,0,2,2,1,0,1,1,5,20.0,4,5,1,7,9,4,0,229,7,35,153,42,3,229,5,3,60.0,2,40.0,109,516,226,3,0,5,1,124,0,5,5,0,0,0,0,25,4,3,57.1
Cenk Özkacar,TUR,DF,Valladolid,La Liga,24,2000,4,3,196,2.2,0,0,0,0,0,0,0,0,0.1,0.1,0.0,0.1,1,3,0,0.0,0.0,0.0,0.0,0.0,0.02,0.0,0.02,0.02,0.02,1,0,0.0,0.46,0.0,0.0,0.0,16,0,0.05,-0.1,-0.1,81,98,82.7,1444,575,32,36,88.9,44,49,89.8,4,11,36.4,0.0,0.0,0,2,0,0,0,1,0,1,0,0.0,0,0,0,0,0,0,0,0,0,0,0,0,0,0,3,3,2,1,0,2,5,40.0,3,4,2,7,10,18,0,128,28,75,52,1,1,128,0,0,0.0,0,0.0,45,240,121,0,0,1,0,60,0,1,0,0,0,0,0,15,4,6,40.0
Jon Pacheco,ESP,DF,Real Sociedad,La Liga,23,2001,7,4,386,4.3,0,0,0,0,0,0,2,0,0.1,0.1,0.0,0.1,6,12,0,0.0,0.0,0.0,0.0,0.0,0.02,0.0,0.02,0.02,0.02,1,0,0.0,0.23,0.0,0.0,0.0,8,0,0.09,-0.1,-0.1,209,241,86.7,4219,1247,72,80,90.0,111,116,95.7,26,40,65.0,0.2,0.0,0,12,1,0,0,5,0,3,3,0.7,2,1,0,0,0,0,0,0,0,0,0,0,0,0,4,3,3,1,0,2,3,66.7,1,5,4,4,8,21,1,280,33,123,154,5,3,280,0,0,0.0,0,0.0,156,996,655,2,1,0,0,184,0,11,3,0,0,0,0,10,7,8,46.7
Willian Pacho,ECU,DF,Paris S-G,Ligue 1,23,2001,11,10,928,10.3,0,1,1,0,0,0,1,0,0.1,0.1,0.1,0.2,3,28,1,0.0,0.1,0.1,0.0,0.1,0.01,0.01,0.01,0.01,0.01,1,0,0.0,0.1,0.0,0.0,0.0,9,0,0.06,-0.1,-0.1,905,953,95.0,15745,4455,319,332,96.1,544,560,97.1,34,47,72.3,0.2,0.9,1,38,1,0,0,0,0,3,5,0.48,5,0,0,0,0,0,1,0,1,0,0,0,0,0,25,13,15,10,0,11,16,68.8,5,17,9,20,45,32,0,1066,122,443,604,25,4,1066,2,0,0.0,2,100.0,685,2881,1188,1,0,10,2,820,0,6,3,0,0,0,0,56,17,11,60.7
Exequiel Palacios,ARG,MF,Leverkusen,Bundesliga,26,1998,6,2,196,2.2,1,3,4,1,0,0,0,0,0.2,0.2,1.2,1.4,3,17,8,0.46,1.38,1.84,0.46,1.84,0.1,0.53,0.63,0.1,0.63,2,1,50.0,0.92,0.46,0.5,1.0,12,0,0.11,0.8,0.8,216,232,93.1,2763,680,148,155,95.5,56,59,94.9,4,7,57.1,0.7,1.8,12,23,5,2,4,0,3,2,16,7.35,14,0,0,1,0,1,5,2,4,0,0,1,0,0,1,1,0,0,1,1,3,33.3,2,3,0,1,2,0,0,248,1,19,131,98,5,248,1,1,100.0,0,0.0,169,497,190,7,1,3,7,216,0,1,1,0,0,0,0,11,0,0,0.0
Tiago Palacios,ARG,DF,Inter,Serie A,21,2003,1,0,10,0.1,0,0,0,0,0,0,0,0,0.0,0.0,0.0,0.0,0,3,0,0.0,0.0,0.0,0.0,0.0,0.0,0.0,0.0,0.0,0.0,0,0,0.0,0.0,0.0,0.0,0.0,0,0,0.0,0.0,0.0,14,14,100.0,230,65,9,9,100.0,4,4,100.0,1,1,100.0,0.0,0.0,0,2,0,0,0,0,0,0,1,9.0,1,0,0,0,0,0,0,0,0,0,0,0,0,0,0,0,0,0,0,0,0,0.0,0,0,0,1,1,0,0,14,0,2,11,1,0,14,0,0,0.0,0,0.0,14,51,32,0,0,0,0,13,0,0,0,0,0,0,0,2,0,0,0.0
Isaac Palazón Camacho,ESP,"FW,MF",Rayo Vallecano,La Liga,30,1994,14,9,782,8.7,1,1,2,1,0,0,1,0,1.9,1.9,1.1,3.1,12,27,48,0.12,0.12,0.23,0.12,0.23,0.22,0.13,0.35,0.22,0.35,23,4,17.4,2.65,0.46,0.04,0.25,22,1,0.08,-0.9,-0.9,206,271,76.0,3405,850,109,121,90.1,71,90,78.9,21,42,50.0,1.2,-0.1,12,15,8,3,5,3,23,8,31,3.56,19,4,1,2,5,0,1,0,1,0,0,0,0,0,9,8,4,4,1,4,15,26.7,11,7,1,5,14,3,1,376,4,44,171,168,15,376,27,10,37.0,14,51.9,208,1109,410,7,4,19,14,260,0,12,19,1,0,0,0,48,4,14,22.2
Marco Palestra,ITA,DF,Atalanta,Serie A,19,2005,5,0,60,0.7,0,0,0,0,0,0,0,0,0.0,0.0,0.1,0.1,3,2,5,0.0,0.0,0.0,0.0,0.0,0.0,0.21,0.21,0.0,0.21,0,0,0.0,0.0,0.0,0.0,0.0,0,0,0.0,0.0,0.0,33,43,76.7,420,183,23,26,88.5,10,14,71.4,0,1,0.0,0.2,-0.1,2,4,0,0,0,0,5,1,3,4.35,2,0,0,0,0,1,0,0,0,0,0,0,0,0,2,1,1,1,0,1,1,100.0,0,0,0,0,2,0,0,49,1,9,19,21,5,49,3,1,33.3,2,66.7,26,143,100,1,1,1,0,32,0,1,3,0,0,0,0,0,1,1,50.0
João Palhinha,POR,MF,Bayern Munich,Bundesliga,29,1995,8,3,349,3.9,0,0,0,0,0,0,1,0,0.6,0.6,0.1,0.7,1,19,6,0.0,0.0,0.0,0.0,0.0,0.14,0.04,0.18,0.14,0.18,8,3,37.5,2.06,0.77,0.0,0.0,14,0,0.07,-0.6,-0.6,284,303,93.7,4635,996,150,154,97.4,117,124,94.4,16,24,66.7,0.2,-0.1,2,27,0,0,0,1,1,0,7,1.81,5,0,0,2,0,0,1,0,0,0,0,1,0,0,7,7,1,5,1,4,7,57.1,3,5,0,3,10,4,0,348,7,46,239,64,10,348,3,2,66.7,1,33.3,179,648,228,2,1,5,5,280,0,8,7,0,0,1,0,5,13,8,61.9
Nicolas Pallois,FRA,DF,Nantes,Ligue 1,37,1987,8,7,631,7.0,0,0,0,0,0,0,3,0,0.0,0.0,0.0,0.1,1,10,0,0.0,0.0,0.0,0.0,0.0,0.0,0.01,0.01,0.0,0.01,1,0,0.0,0.14,0.0,0.0,0.0,32,0,0.01,0.0,0.0,221,256,86.3,4625,1593,58,69,84.1,133,143,93.0,27,37,73.0,0.0,0.0,1,9,0,0,0,2,1,2,3,0.43,3,0,0,0,0,0,0,0,0,0,0,0,0,0,20,7,15,5,0,12,18,66.7,6,9,4,11,31,54,1,363,76,233,123,8,0,363,2,0,0.0,2,100.0,150,608,221,1,0,2,0,181,0,6,2,0,0,0,1,26,11,6,64.7
Cole Palmer,ENG,"MF,FW",Chelsea,Premier League,22,2002,13,13,1130,12.6,8,6,14,7,1,1,3,0,6.6,5.8,5.0,10.8,43,79,55,0.64,0.48,1.12,0.56,1.04,0.53,0.4,0.93,0.46,0.86,42,15,35.7,3.35,1.19,0.17,0.47,19,7,0.14,1.4,1.2,379,512,74.0,7452,2188,153,186,82.3,150,180,83.3,67,117,57.3,2.6,1.0,34,57,25,4,9,7,56,17,63,5.02,43,6,6,5,2,1,8,0,7,0,1,0,0,0,10,7,5,4,1,3,10,30.0,7,7,1,3,13,6,0,633,6,59,299,285,43,632,38,14,36.8,17,44.7,399,2795,1428,28,11,19,11,460,0,4,30,6,0,0,0,45,0,2,0.0
Emerson Palmieri,ITA,DF,West Ham,Premier League,30,1994,14,13,1018,11.3,1,1,2,1,0,0,4,0,1.1,1.1,1.0,2.1,16,28,45,0.09,0.09,0.18,0.09,0.18,0.1,0.09,0.19,0.1,0.19,8,4,50.0,0.71,0.35,0.13,0.25,20,2,0.14,-0.1,-0.1,439,548,80.1,6251,2304,264,294,89.8,141,180,78.3,20,50,40.0,1.3,0.0,10,22,7,4,0,0,35,5,23,2.03,13,7,0,2,1,0,1,0,0,1,0,0,0,0,37,20,23,12,2,14,24,58.3,10,18,4,10,47,25,0,666,38,211,279,186,12,666,9,3,33.3,6,66.7,265,1358,755,12,5,13,5,345,0,13,4,0,0,0,0,45,5,7,41.7
Mats Pannewig,GER,MF,Bochum,Bundesliga,20,2004,5,1,87,1.0,0,0,0,0,0,0,1,0,0.1,0.1,0.1,0.2,1,5,8,0.0,0.0,0.0,0.0,0.0,0.09,0.11,0.2,0.09,0.2,2,0,0.0,2.07,0.0,0.0,0.0,9,0,0.04,-0.1,-0.1,24,35,68.6,358,112,13,16,81.3,8,10,80.0,1,3,33.3,0.0,-0.1,1,2,0,0,0,0,0,1,3,3.1,2,0,0,1,0,0,0,0,0,0,0,0,0,0,2,2,1,1,0,0,4,0.0,4,4,0,0,2,4,0,55,2,12,31,13,3,55,1,0,0.0,1,100.0,27,113,36,1,0,4,6,35,0,4,0,0,0,0,0,8,3,5,37.5
Lucas Paquetá,BRA,MF,West Ham,Premier League,27,1997,14,12,1007,11.2,2,0,2,1,1,1,4,0,2.5,1.7,1.5,3.2,9,61,34,0.18,0.0,0.18,0.09,0.09,0.22,0.13,0.35,0.15,0.28,16,2,12.5,1.43,0.18,0.06,0.5,19,1,0.1,-0.5,-0.7,462,600,77.0,7778,2480,236,283,83.4,156,197,79.2,58,91,63.7,1.0,-1.5,17,62,16,1,4,6,15,10,41,3.67,34,1,1,3,2,0,5,0,2,0,0,2,1,0,25,17,13,10,2,8,19,42.1,11,19,2,7,32,17,3,745,26,166,399,186,25,744,12,7,58.3,5,41.7,378,1373,525,14,2,20,29,507,0,20,12,1,0,1,0,70,15,23,39.5
Aitor Paredes,ESP,DF,Athletic Club,La Liga,24,2000,9,9,754,8.4,1,0,1,1,0,0,4,1,1.1,1.1,0.0,1.1,1,24,0,0.12,0.0,0.12,0.12,0.12,0.13,0.0,0.14,0.13,0.14,3,1,33.3,0.36,0.12,0.33,1.0,4,0,0.37,-0.1,-0.1,351,408,86.0,7617,2784,80,91,87.9,226,241,93.8,45,74,60.8,0.1,0.0,1,18,0,0,0,5,0,1,4,0.48,4,0,0,0,0,0,0,0,0,0,0,0,0,0,6,5,4,2,0,3,8,37.5,5,10,6,8,14,54,2,493,50,251,241,3,3,493,0,0,0.0,0,0.0,255,1366,799,1,0,2,1,309,1,9,3,0,0,1,0,24,15,14,51.7
Leandro Paredes,ARG,MF,Roma,Serie A,30,1994,6,2,215,2.4,0,1,1,0,0,0,0,0,0.1,0.1,0.3,0.5,2,5,0,0.0,0.42,0.42,0.0,0.42,0.06,0.14,0.2,0.06,0.2,4,1,25.0,1.67,0.42,0.0,0.0,23,0,0.04,-0.1,-0.1,164,190,86.3,3023,781,63,65,96.9,83,89,93.3,18,30,60.0,0.2,0.7,4,13,2,1,0,1,7,2,9,3.77,6,2,0,1,0,0,1,0,0,1,0,0,0,0,3,2,1,2,0,0,2,0.0,2,3,1,5,8,4,1,213,9,57,123,33,2,213,0,0,0.0,0,0.0,139,626,263,2,0,3,0,155,0,5,1,0,0,1,0,12,1,1,50.0
Daniel Parejo,ESP,MF,Villarreal,La Liga,35,1989,14,12,1014,11.3,2,0,2,1,1,2,5,0,2.0,0.3,0.3,0.6,3,75,13,0.18,0.0,0.18,0.09,0.09,0.18,0.03,0.2,0.02,0.05,3,1,33.3,0.27,0.09,0.33,1.0,26,0,0.09,0.0,0.7,599,677,88.5,11266,3212,236,260,90.8,280,301,93.0,71,95,74.7,0.6,-0.3,7,70,7,3,1,5,9,3,27,2.4,25,1,0,1,0,0,6,0,5,0,0,1,0,0,18,15,12,5,1,9,23,39.1,14,8,2,7,25,17,1,750,38,197,455,102,5,748,6,6,100.0,0,0.0,407,1497,619,6,0,8,3,526,0,8,15,0,0,0,0,62,13,3,81.3
Fabiano Parisi,ITA,DF,Fiorentina,Serie A,24,2000,5,1,157,1.7,1,0,1,1,0,0,0,0,0.1,0.1,0.0,0.1,4,6,3,0.57,0.0,0.57,0.57,0.57,0.08,0.0,0.08,0.08,0.08,3,3,100.0,1.72,1.72,0.33,0.33,15,0,0.05,0.9,0.9,63,77,81.8,980,242,35,39,89.7,25,30,83.3,2,4,50.0,0.0,0.0,0,5,0,0,0,1,1,2,2,1.15,0,0,2,0,0,0,1,0,0,0,1,0,0,0,6,4,1,3,2,1,2,50.0,1,1,0,1,7,3,0,95,3,26,45,24,4,95,5,3,60.0,1,20.0,60,316,179,4,3,2,4,59,0,4,6,0,0,0,0,6,3,3,50.0
Thomas Partey,GHA,"MF,DF",Arsenal,Premier League,31,1993,12,11,1017,11.3,2,0,2,2,0,0,2,0,0.6,0.6,0.6,1.2,5,69,8,0.18,0.0,0.18,0.18,0.18,0.05,0.05,0.11,0.05,0.11,9,3,33.3,0.8,0.27,0.22,0.67,21,0,0.07,1.4,1.4,563,643,87.6,9074,2381,286,305,93.8,243,276,88.0,27,43,62.8,0.5,-0.6,7,49,14,1,2,1,3,6,20,1.77,15,2,0,1,1,1,5,0,2,2,0,0,1,0,36,24,14,11,11,20,35,57.1,15,8,5,14,50,25,2,750,36,174,388,191,6,750,7,4,57.1,2,28.6,392,1816,881,10,0,12,9,507,0,19,16,0,0,0,0,44,13,6,68.4
Mario Pašalić,CRO,MF,Atalanta,Serie A,29,1995,12,9,787,8.7,2,1,3,2,0,1,1,0,3.5,2.7,1.0,3.7,8,64,25,0.23,0.11,0.34,0.23,0.34,0.4,0.12,0.51,0.31,0.42,16,4,25.0,1.83,0.46,0.13,0.5,13,0,0.17,-1.5,-0.7,523,589,88.8,9629,2697,192,211,91.0,274,296,92.6,52,67,77.6,0.8,0.0,13,61,10,0,0,4,1,5,32,3.66,29,0,0,2,0,1,4,0,4,0,0,0,0,0,8,6,3,4,1,4,12,33.3,8,6,1,5,13,13,0,673,20,111,413,153,26,672,8,1,12.5,6,75.0,405,1926,918,12,0,10,12,528,0,9,2,1,0,0,0,41,11,11,50.0
Felix Passlack,GER,DF,Bochum,Bundesliga,26,1998,12,12,961,10.7,0,1,1,0,0,0,2,0,0.2,0.2,0.8,1.0,25,32,38,0.0,0.09,0.09,0.0,0.09,0.02,0.08,0.1,0.02,0.1,8,2,25.0,0.75,0.19,0.0,0.0,24,0,0.03,-0.2,-0.2,285,437,65.2,5507,2108,111,130,85.4,131,179,73.2,40,103,38.8,0.8,0.2,5,31,8,3,1,2,42,16,17,1.59,14,2,0,0,1,0,2,0,1,1,0,0,0,0,28,14,18,7,3,20,36,55.6,16,20,7,9,37,20,1,555,37,159,258,144,11,555,15,7,46.7,7,46.7,234,1262,649,16,6,8,4,269,0,17,10,1,0,1,0,49,2,5,28.6
Patric,ESP,DF,Lazio,Serie A,31,1993,6,4,465,5.2,1,0,1,1,0,0,2,0,1.1,1.1,0.0,1.1,4,25,5,0.19,0.0,0.19,0.19,0.19,0.21,0.0,0.21,0.21,0.21,2,1,50.0,0.39,0.19,0.5,1.0,5,0,0.53,-0.1,-0.1,277,318,87.1,5793,1796,77,83,92.8,163,170,95.9,36,59,61.0,0.1,0.0,0,19,1,1,0,3,2,0,9,1.74,9,0,0,0,0,0,0,0,0,0,0,0,0,0,6,4,4,2,0,3,6,50.0,3,1,1,2,8,16,1,350,25,160,175,16,4,350,0,0,0.0,0,0.0,221,1231,697,2,0,1,0,251,0,4,4,0,0,0,0,22,6,6,50.0
Nathan Patterson,SCO,DF,Everton,Premier League,23,2001,1,0,18,0.2,0,0,0,0,0,0,0,0,0.0,0.0,0.2,0.2,1,1,1,0.0,0.0,0.0,0.0,0.0,0.0,0.87,0.87,0.0,0.87,0,0,0.0,0.0,0.0,0.0,0.0,0,0,0.0,0.0,0.0,12,14,85.7,192,58,6,7,85.7,5,5,100.0,1,2,50.0,0.1,-0.2,1,1,1,1,1,0,1,0,1,5.0,1,0,0,0,0,0,0,0,0,0,0,0,0,0,1,0,0,1,0,1,1,100.0,0,0,0,0,1,0,0,15,0,0,10,5,1,15,0,0,0.0,0,0.0,7,37,26,0,1,0,0,10,0,0,0,0,0,0,0,1,0,0,0.0
Benjamin Pavard,FRA,DF,Inter,Serie A,28,1996,10,8,763,8.5,0,1,1,0,0,0,3,0,0.3,0.3,0.4,0.7,6,48,14,0.0,0.12,0.12,0.0,0.12,0.03,0.05,0.08,0.03,0.08,4,0,0.0,0.47,0.0,0.0,0.0,13,0,0.07,-0.3,-0.3,555,603,92.0,10145,2887,205,215,95.3,301,320,94.1,42,54,77.8,0.5,0.6,6,45,7,2,0,2,7,4,14,1.65,13,0,0,0,1,0,1,0,1,0,0,0,0,0,16,8,7,6,3,10,14,71.4,4,7,5,10,26,18,0,667,56,242,342,88,18,667,2,0,0.0,1,50.0,452,2523,1261,10,1,3,0,534,0,12,5,1,0,0,0,17,16,15,51.6
Aleksandar Pavlovic,GER,MF,Bayern Munich,Bundesliga,20,2004,6,6,418,4.6,1,0,1,1,0,0,1,0,0.1,0.1,0.0,0.1,5,45,11,0.22,0.0,0.22,0.22,0.22,0.02,0.0,0.02,0.02,0.02,3,1,33.3,0.65,0.22,0.33,1.0,25,0,0.03,0.9,0.9,417,444,93.9,6427,1781,232,240,96.7,162,168,96.4,18,28,64.3,0.5,0.0,1,55,5,1,1,1,3,2,9,1.94,8,0,0,1,0,0,0,0,0,0,0,0,0,0,11,6,2,6,3,5,8,62.5,3,6,1,0,11,6,0,477,4,53,328,99,2,477,0,0,0.0,0,0.0,291,1399,651,11,1,5,1,403,0,5,3,0,0,0,0,22,4,3,57.1
Strahinja Pavlović,SRB,DF,Milan,Serie A,23,2001,10,7,654,7.3,1,0,1,1,0,0,1,0,0.9,0.9,0.2,1.1,9,35,1,0.14,0.0,0.14,0.14,0.14,0.12,0.03,0.15,0.12,0.15,4,3,75.0,0.55,0.41,0.25,0.33,9,0,0.22,0.1,0.1,462,515,89.7,7917,2733,185,192,96.4,254,275,92.4,20,40,50.0,0.1,-0.2,4,31,2,0,0,0,0,4,8,1.1,8,0,0,0,0,0,0,0,0,0,0,0,0,0,17,10,11,6,0,10,19,52.6,9,4,2,4,21,28,0,581,55,302,262,23,5,581,4,1,25.0,2,50.0,376,1859,1113,9,0,5,2,416,0,4,5,0,0,0,0,29,14,8,63.6
Leonardo Pavoletti,ITA,"FW,MF",Cagliari,Serie A,36,1988,8,0,150,1.7,0,0,0,0,0,0,1,0,0.7,0.7,0.8,1.4,1,9,8,0.0,0.0,0.0,0.0,0.0,0.41,0.45,0.86,0.41,0.86,7,2,28.6,4.2,1.2,0.0,0.0,13,0,0.1,-0.7,-0.7,34,59,57.6,461,172,18,29,62.1,13,18,72.2,0,2,0.0,0.3,-0.8,7,4,3,0,0,0,0,2,10,5.92,9,0,0,1,0,0,0,0,0,0,0,0,0,0,0,0,0,0,0,0,0,0.0,0,1,1,0,0,1,0,83,2,6,38,39,12,83,0,0,0.0,0,0.0,29,52,32,1,0,7,0,60,0,3,0,1,0,0,0,3,19,22,46.3
Martín Payero,ARG,MF,Udinese,Serie A,26,1998,9,7,575,6.4,0,0,0,0,0,0,2,0,0.5,0.5,0.3,0.8,13,26,14,0.0,0.0,0.0,0.0,0.0,0.08,0.05,0.13,0.08,0.13,12,1,8.3,1.88,0.16,0.0,0.0,19,0,0.04,-0.5,-0.5,153,199,76.9,2603,558,67,73,91.8,65,74,87.8,13,33,39.4,0.5,-0.3,6,22,4,3,1,2,20,5,22,3.44,10,2,3,1,3,3,2,0,2,0,0,0,0,0,8,5,1,3,4,5,9,55.6,4,8,1,5,13,5,0,287,7,40,140,114,13,287,29,16,55.2,12,41.4,140,957,514,17,3,14,7,153,0,18,12,0,1,2,0,25,9,11,45.0
Nicolás Paz,ARG,"MF,FW",Como,Serie A,20,2004,13,10,979,10.9,1,3,4,1,0,0,3,0,2.7,2.7,3.3,5.9,44,61,66,0.09,0.28,0.37,0.09,0.37,0.25,0.3,0.55,0.25,0.55,40,10,25.0,3.68,0.92,0.03,0.1,19,2,0.07,-1.7,-1.7,375,471,79.6,5279,1670,226,256,88.3,104,126,82.5,25,45,55.6,2.1,-0.3,30,40,18,2,7,1,30,12,67,6.16,41,9,10,4,2,1,5,0,5,0,0,0,0,0,21,14,6,10,5,9,16,56.3,7,18,2,10,31,6,0,652,10,78,314,275,38,652,55,29,52.7,23,41.8,426,2682,1352,29,10,49,10,485,0,18,15,2,0,1,0,48,13,10,56.5
Mads Pedersen,DEN,DF,Augsburg,Bundesliga,28,1996,5,2,219,2.4,0,0,0,0,0,0,0,0,0.1,0.1,0.0,0.1,1,11,9,0.0,0.0,0.0,0.0,0.0,0.03,0.0,0.03,0.03,0.03,2,0,0.0,0.82,0.0,0.0,0.0,17,0,0.03,-0.1,-0.1,62,82,75.6,1201,548,21,22,95.5,33,43,76.7,7,11,63.6,0.1,0.0,0,6,2,0,0,1,5,3,3,1.23,0,2,0,1,0,0,0,0,0,0,0,0,0,0,6,5,4,1,1,3,4,75.0,1,4,0,2,8,5,0,109,6,31,40,41,3,109,7,2,28.6,5,71.4,49,226,108,3,0,2,1,52,0,5,1,1,0,1,0,9,1,2,33.3
Marcus Pedersen,NOR,DF,Torino,Serie A,24,2000,9,6,540,6.0,0,0,0,0,0,0,2,0,0.2,0.2,0.3,0.5,18,6,37,0.0,0.0,0.0,0.0,0.0,0.04,0.05,0.09,0.04,0.09,2,0,0.0,0.33,0.0,0.0,0.0,12,0,0.12,-0.2,-0.2,144,205,70.2,2271,535,81,97,83.5,46,64,71.9,13,23,56.5,0.2,-0.3,5,4,4,4,0,0,26,11,7,1.17,6,0,0,0,1,0,0,0,0,0,0,0,0,0,7,5,2,4,1,5,8,62.5,3,5,2,1,8,9,0,255,10,42,100,115,13,255,9,2,22.2,7,77.8,133,774,402,7,5,6,6,157,0,6,2,3,0,0,0,16,4,5,44.4
Pedri,ESP,MF,Barcelona,La Liga,22,2002,16,14,1172,13.0,3,2,5,3,0,0,2,0,1.3,1.3,2.1,3.4,30,97,44,0.23,0.15,0.38,0.23,0.38,0.1,0.16,0.26,0.1,0.26,13,6,46.2,1.0,0.46,0.23,0.5,19,0,0.1,1.7,1.7,763,881,86.6,13059,3181,375,400,93.8,288,325,88.6,82,117,70.1,3.2,-0.1,25,94,17,1,9,8,18,15,50,3.84,46,2,0,1,1,0,6,0,6,0,0,0,0,0,22,11,6,15,1,9,29,31.0,20,19,2,11,33,10,1,1022,20,108,635,288,22,1022,19,11,57.9,8,42.1,616,3463,1675,31,2,25,12,776,0,5,21,1,0,0,0,91,1,3,25.0
Pedro,ESP,"FW,MF",Lazio,Serie A,37,1987,10,3,367,4.1,3,0,3,3,0,0,1,0,1.3,1.3,0.6,1.9,11,22,26,0.74,0.0,0.74,0.74,0.74,0.33,0.14,0.47,0.33,0.47,9,3,33.3,2.21,0.74,0.33,1.0,16,0,0.15,1.7,1.7,143,177,80.8,2343,528,77,86,89.5,46,55,83.6,15,24,62.5,0.5,-0.6,4,16,7,0,3,2,17,5,16,3.93,12,3,0,1,0,0,1,0,1,0,0,0,0,0,7,5,0,4,3,3,7,42.9,4,3,0,0,7,1,0,212,4,25,96,95,17,212,11,4,36.4,4,36.4,119,711,365,5,4,9,7,151,0,7,7,1,0,0,0,21,1,2,33.3
Kévin Pedro,FRA,DF,Saint-Étienne,Ligue 1,18,2006,1,0,10,0.1,0,0,0,0,0,0,0,0,0.0,0.0,0.0,0.0,2,0,1,0.0,0.0,0.0,0.0,0.0,0.0,0.0,0.0,0.0,0.0,0,0,0.0,0.0,0.0,0.0,0.0,0,0,0.0,0.0,0.0,6,11,54.5,89,35,4,5,80.0,2,6,33.3,0,0,0.0,0.0,0.0,0,0,0,0,0,0,1,0,0,0.0,0,0,0,0,0,0,0,0,0,0,0,0,0,0,3,0,2,1,0,3,3,100.0,0,1,0,2,5,1,0,17,4,8,8,1,0,17,1,1,100.0,0,0.0,8,60,38,0,0,0,0,4,0,1,0,0,0,0,0,2,0,0,0.0
Adrià Pedrosa,ESP,DF,Sevilla,La Liga,26,1998,13,12,1007,11.2,0,1,1,0,0,0,4,0,0.3,0.3,0.6,0.8,13,30,45,0.0,0.09,0.09,0.0,0.09,0.02,0.05,0.07,0.02,0.07,7,1,14.3,0.63,0.09,0.0,0.0,26,0,0.04,-0.3,-0.3,412,557,74.0,6915,2353,198,220,90.0,181,228,79.4,26,71,36.6,0.6,0.4,7,24,7,4,0,2,43,22,18,1.61,13,3,2,0,0,0,2,0,2,0,0,0,0,0,31,21,22,4,5,19,32,59.4,13,20,4,9,40,36,0,703,45,243,296,170,9,703,16,7,43.8,9,56.3,283,1365,622,19,1,15,10,374,0,15,9,0,0,0,0,45,5,21,19.2
Jordan Pefok,USA,FW,Union Berlin,Bundesliga,28,1996,11,6,566,6.3,0,1,1,0,0,0,1,0,1.2,1.2,0.6,1.7,2,6,24,0.0,0.16,0.16,0.0,0.16,0.19,0.09,0.28,0.19,0.28,11,5,45.5,1.75,0.8,0.0,0.0,13,0,0.11,-1.2,-1.2,78,108,72.2,899,198,51,64,79.7,16,21,76.2,2,5,40.0,0.3,0.4,10,2,2,0,0,1,0,3,19,3.02,13,1,1,2,2,0,0,0,0,0,0,0,0,0,6,4,5,0,1,1,4,25.0,3,4,1,4,10,10,0,192,15,34,88,75,23,192,11,5,45.5,6,54.5,101,345,129,5,0,14,10,130,0,16,12,5,0,0,0,21,22,23,48.9
Pejiño,ESP,FW,Las Palmas,La Liga,28,1996,1,0,16,0.2,0,0,0,0,0,0,0,0,0.0,0.0,0.0,0.0,1,1,2,0.0,0.0,0.0,0.0,0.0,0.17,0.0,0.17,0.17,0.17,1,0,0.0,5.63,0.0,0.0,0.0,24,0,0.03,0.0,0.0,6,7,85.7,87,22,3,3,100.0,3,4,75.0,0,0,0.0,0.0,0.0,0,0,1,0,0,0,1,0,1,5.63,1,0,0,0,0,0,0,0,0,0,0,0,0,0,1,1,0,1,0,1,1,100.0,0,0,0,0,1,0,0,9,0,2,3,4,0,9,0,0,0.0,0,0.0,9,57,17,0,0,1,0,7,0,1,0,0,0,0,0,2,0,0,0.0
Pietro Pellegri,ITA,FW,Empoli,Serie A,23,2001,10,4,404,4.5,3,0,3,3,0,0,2,0,0.3,0.3,0.6,0.9,12,7,27,0.67,0.0,0.67,0.67,0.67,0.07,0.12,0.19,0.07,0.19,8,4,50.0,1.78,0.89,0.38,0.75,18,0,0.04,2.7,2.7,46,67,68.7,655,106,23,28,82.1,20,24,83.3,0,1,0.0,0.2,-0.6,7,3,2,0,0,0,3,9,15,3.34,10,0,4,1,0,0,2,0,0,0,2,0,0,0,7,2,0,6,1,2,4,50.0,2,2,0,0,7,3,0,121,4,7,62,55,13,121,13,5,38.5,6,46.2,78,678,215,6,6,16,15,86,0,9,5,1,0,0,0,15,3,19,13.6
Lorenzo Pellegrini,ITA,MF,Roma,Serie A,28,1996,12,10,863,9.6,0,1,1,0,0,0,2,0,1.9,1.9,1.5,3.4,11,29,55,0.0,0.1,0.1,0.0,0.1,0.2,0.16,0.35,0.2,0.35,22,5,22.7,2.29,0.52,0.0,0.0,19,1,0.09,-1.9,-1.9,264,336,78.6,4395,878,125,143,87.4,102,124,82.3,26,48,54.2,1.4,-0.5,18,15,12,0,2,0,29,7,34,3.55,16,10,2,4,1,1,2,0,1,0,0,1,0,0,11,7,2,6,3,3,8,37.5,5,2,0,0,11,10,0,419,11,49,182,191,26,419,15,6,40.0,9,60.0,230,1420,608,12,4,14,8,305,0,13,13,2,0,0,0,32,7,12,36.8
Luca Pellegrini,ITA,DF,Lazio,Serie A,25,1999,8,3,352,3.9,0,1,1,0,0,0,1,0,0.1,0.1,0.6,0.7,8,18,20,0.0,0.26,0.26,0.0,0.26,0.03,0.15,0.19,0.03,0.19,4,1,25.0,1.02,0.26,0.0,0.0,25,1,0.03,-0.1,-0.1,155,206,75.2,2681,995,78,86,90.7,68,89,76.4,9,28,32.1,0.3,0.4,6,16,7,3,0,2,24,5,17,4.35,10,2,1,2,1,1,7,1,3,0,1,2,1,0,5,3,1,4,0,2,5,40.0,3,4,0,5,10,8,0,241,10,60,109,77,4,241,8,5,62.5,3,37.5,123,657,370,10,0,7,3,144,0,8,3,0,1,0,0,18,5,4,55.6
Théo Pellenard,FRA,DF,Auxerre,Ligue 1,30,1994,2,0,45,0.5,0,0,0,0,0,0,0,0,0.0,0.0,0.0,0.0,1,1,1,0.0,0.0,0.0,0.0,0.0,0.0,0.0,0.0,0.0,0.0,0,0,0.0,0.0,0.0,0.0,0.0,0,0,0.0,0.0,0.0,15,20,75.0,239,37,8,9,88.9,6,8,75.0,1,2,50.0,0.1,0.0,0,1,1,1,0,0,2,0,1,2.0,1,0,0,0,0,0,0,0,0,0,0,0,0,0,3,2,2,1,0,1,3,33.3,2,1,0,0,3,3,0,28,6,13,8,7,0,28,0,0,0.0,0,0.0,7,25,17,0,0,1,0,11,0,4,1,0,0,0,0,0,0,0,0.0
Andy Pelmard,FRA,DF,Lecce,Serie A,24,2000,3,1,129,1.4,0,0,0,0,0,0,1,0,0.0,0.0,0.0,0.0,1,1,0,0.0,0.0,0.0,0.0,0.0,0.0,0.0,0.0,0.0,0.0,0,0,0.0,0.0,0.0,0.0,0.0,0,0,0.0,0.0,0.0,27,34,79.4,525,145,12,12,100.0,11,14,78.6,4,6,66.7,0.0,0.0,0,0,0,0,0,0,0,1,1,0.7,1,0,0,0,0,0,0,0,0,0,0,0,0,0,6,6,5,1,0,4,4,100.0,0,1,0,0,6,5,0,48,5,23,20,7,0,48,1,1,100.0,0,0.0,19,72,24,1,0,0,0,19,0,2,0,0,0,0,0,4,0,1,0.0
Timothee Pembele,FRA,"DF,FW",Le Havre,Ligue 1,22,2002,5,5,404,4.5,0,0,0,0,0,0,0,0,0.2,0.2,0.0,0.2,10,8,17,0.0,0.0,0.0,0.0,0.0,0.03,0.0,0.03,0.03,0.03,2,1,50.0,0.45,0.22,0.0,0.0,14,0,0.08,-0.2,-0.2,105,144,72.9,1649,568,60,68,88.2,37,50,74.0,6,10,60.0,0.0,0.0,0,5,3,2,0,1,11,11,1,0.22,1,0,0,0,0,0,0,0,0,0,0,0,0,0,9,7,5,3,1,3,6,50.0,3,6,3,3,12,19,0,205,21,90,77,42,8,205,11,6,54.5,5,45.5,90,628,374,5,2,8,4,109,0,4,2,0,0,0,0,15,3,4,42.9
Faris Pemi Moumbagna,CMR,FW,Marseille,Ligue 1,24,2000,1,0,8,0.1,0,0,0,0,0,0,0,0,0.0,0.0,0.0,0.0,0,0,0,0.0,0.0,0.0,0.0,0.0,0.0,0.0,0.0,0.0,0.0,0,0,0.0,0.0,0.0,0.0,0.0,0,0,0.0,0.0,0.0,0,0,0.0,0,0,0,0,0.0,0,0,0.0,0,0,0.0,0.0,0.0,0,0,0,0,0,0,0,0,0,0.0,0,0,0,0,0,0,0,0,0,0,0,0,0,0,0,0,0,0,0,0,0,0.0,0,0,0,0,0,0,0,0,0,0,0,0,0,0,0,0,0.0,0,0.0,1,2,0,0,0,0,1,1,0,1,0,0,0,0,0,0,0,0,0.0
Rubén Peña,ESP,"FW,MF",Osasuna,La Liga,33,1991,13,4,422,4.7,0,0,0,0,0,0,1,0,0.5,0.5,0.3,0.8,10,12,21,0.0,0.0,0.0,0.0,0.0,0.12,0.05,0.17,0.12,0.17,7,2,28.6,1.49,0.43,0.0,0.0,15,0,0.08,-0.5,-0.5,56,105,53.3,853,386,30,41,73.2,20,40,50.0,4,12,33.3,0.4,-0.3,6,6,3,1,0,1,21,7,8,1.71,8,0,0,0,0,0,0,0,0,0,0,0,0,0,6,0,1,1,4,1,12,8.3,11,8,0,4,10,6,0,173,8,27,60,86,14,173,18,6,33.3,10,55.6,83,483,227,4,4,15,7,96,0,7,4,0,0,0,0,18,4,11,26.7
Nicolas Pépé,CIV,"FW,MF",Villarreal,La Liga,29,1995,11,6,565,6.3,1,2,3,1,0,0,1,0,2.0,2.0,0.7,2.7,25,22,56,0.16,0.32,0.48,0.16,0.48,0.32,0.12,0.44,0.32,0.44,22,10,45.5,3.5,1.59,0.05,0.1,16,1,0.09,-1.0,-1.0,196,244,80.3,2526,411,125,137,91.2,54,68,79.4,6,12,50.0,0.7,1.3,6,11,6,1,1,2,9,9,19,3.03,15,0,1,2,1,0,3,0,3,0,0,0,0,0,4,1,1,1,2,0,3,0.0,3,3,1,3,7,3,0,321,6,27,124,177,34,321,24,12,50.0,10,41.7,212,1425,781,16,11,17,7,246,0,5,7,4,1,0,0,18,7,11,38.9
Peque,ESP,"MF,FW",Sevilla,La Liga,22,2002,12,8,639,7.1,0,0,0,0,0,0,1,0,1.3,1.3,1.0,2.3,8,21,21,0.0,0.0,0.0,0.0,0.0,0.18,0.14,0.32,0.18,0.32,9,2,22.2,1.27,0.28,0.0,0.0,16,0,0.15,-1.3,-1.3,149,189,78.8,2210,473,88,103,85.4,44,55,80.0,10,14,71.4,0.7,-1.0,8,10,3,1,3,0,6,11,20,2.82,15,0,0,3,2,0,0,0,0,0,0,0,0,0,8,3,2,5,1,3,11,27.3,8,10,0,6,14,3,0,273,3,36,138,102,21,273,14,4,28.6,8,57.1,154,734,355,6,1,15,17,190,0,12,15,2,0,1,0,22,3,18,14.3
Óscar Perea,COL,MF,Strasbourg,Ligue 1,19,2005,1,0,7,0.1,0,0,0,0,0,0,0,0,0.0,0.0,0.0,0.0,1,1,2,0.0,0.0,0.0,0.0,0.0,0.0,0.0,0.0,0.0,0.0,0,0,0.0,0.0,0.0,0.0,0.0,0,0,0.0,0.0,0.0,4,4,100.0,76,6,0,0,0.0,4,4,100.0,0,0,0.0,0.0,0.0,0,0,0,0,0,0,0,0,0,0.0,0,0,0,0,0,0,0,0,0,0,0,0,0,0,0,0,0,0,0,0,0,0.0,0,0,0,0,0,0,0,5,0,0,4,1,0,5,1,1,100.0,0,0.0,3,33,11,0,0,1,0,4,0,0,0,1,0,0,0,1,0,0,0.0
Andreas Pereira,BRA,MF,Fulham,Premier League,28,1996,12,12,892,9.9,1,0,1,1,0,1,3,0,2.5,1.8,1.9,3.6,8,54,41,0.1,0.0,0.1,0.1,0.1,0.26,0.19,0.45,0.18,0.37,18,5,27.8,1.82,0.5,0.06,0.2,22,3,0.1,-1.5,-0.8,346,501,69.1,6259,2082,160,195,82.1,127,160,79.4,49,117,41.9,2.4,-1.9,32,30,12,3,2,5,87,10,59,5.95,30,25,0,2,2,0,2,0,1,0,0,0,1,0,8,3,2,4,2,3,17,17.6,14,5,1,4,12,2,0,574,5,65,237,279,15,573,14,6,42.9,4,28.6,299,1309,586,18,1,11,11,353,0,11,12,0,1,0,0,48,6,8,42.9
Mathias Pereira Lage,POR,"FW,MF",Brest,Ligue 1,28,1996,10,5,432,4.8,1,1,2,1,0,0,2,0,0.5,0.5,0.5,1.0,5,10,22,0.21,0.21,0.42,0.21,0.42,0.11,0.1,0.21,0.11,0.21,8,3,37.5,1.67,0.62,0.13,0.33,16,0,0.07,0.5,0.5,79,129,61.2,1264,529,42,61,68.9,28,42,66.7,7,14,50.0,0.7,0.5,6,8,4,2,1,0,20,8,12,2.5,5,5,0,0,2,0,1,0,1,0,0,0,0,0,10,7,5,3,2,3,6,50.0,3,6,1,5,15,9,0,199,11,37,87,77,9,199,9,2,22.2,6,66.7,72,374,145,5,0,12,8,100,0,10,10,1,0,1,0,22,12,15,44.4
Pedro Pereira,POR,DF,Monza,Serie A,26,1998,13,12,947,10.5,0,2,2,0,0,0,1,0,0.3,0.3,1.0,1.3,19,19,44,0.0,0.19,0.19,0.0,0.19,0.03,0.09,0.12,0.03,0.12,5,4,80.0,0.48,0.38,0.0,0.0,17,0,0.06,-0.3,-0.3,278,366,76.0,4925,1403,117,138,84.8,129,160,80.6,25,42,59.5,0.5,1.0,6,19,7,4,1,1,23,14,10,0.95,10,0,0,0,0,0,3,0,3,0,0,0,0,0,15,8,8,7,0,7,17,41.2,10,9,4,6,21,26,2,455,31,164,192,101,13,455,10,3,30.0,7,70.0,236,1285,633,11,1,7,4,273,0,14,3,0,0,0,0,35,10,5,66.7
Ricardo Pereira,POR,DF,Leicester City,Premier League,31,1993,2,2,146,1.6,0,0,0,0,0,0,1,0,0.0,0.0,0.0,0.0,1,5,3,0.0,0.0,0.0,0.0,0.0,0.0,0.0,0.0,0.0,0.0,0,0,0.0,0.0,0.0,0.0,0.0,0,0,0.0,0.0,0.0,76,88,86.4,1120,367,47,52,90.4,23,29,79.3,4,4,100.0,0.0,0.0,0,8,0,0,0,0,1,1,2,1.23,2,0,0,0,0,0,0,0,0,0,0,0,0,0,3,2,0,1,2,1,4,25.0,3,3,1,1,4,0,0,97,3,28,56,13,1,97,0,0,0.0,0,0.0,57,123,33,0,1,1,0,55,0,1,3,0,0,0,0,8,0,0,0.0
Gastón Pereiro,URU,MF,Genoa,Serie A,29,1995,2,0,31,0.3,0,0,0,0,0,0,0,0,0.0,0.0,0.0,0.0,0,2,2,0.0,0.0,0.0,0.0,0.0,0.0,0.0,0.0,0.0,0.0,0,0,0.0,0.0,0.0,0.0,0.0,0,0,0.0,0.0,0.0,11,15,73.3,139,33,4,5,80.0,3,4,75.0,1,1,100.0,0.0,0.0,0,1,0,0,0,0,1,1,1,2.9,1,0,0,0,0,0,0,0,0,0,0,0,0,0,1,0,0,1,0,1,1,100.0,0,0,0,0,1,1,0,17,1,3,6,8,2,17,0,0,0.0,0,0.0,7,22,6,0,0,0,0,13,0,0,1,0,0,0,0,0,1,1,50.0
Ayoze Pérez,ESP,FW,Villarreal,La Liga,31,1993,9,5,517,5.7,7,0,7,7,0,0,3,0,3.0,3.0,0.9,4.0,24,23,28,1.22,0.0,1.22,1.22,1.22,0.51,0.16,0.67,0.51,0.67,20,7,35.0,3.48,1.22,0.35,1.0,15,0,0.15,4.0,4.0,95,117,81.2,1455,410,41,47,87.2,43,52,82.7,5,9,55.6,0.6,-0.9,9,11,4,3,2,0,6,1,18,3.03,13,0,2,1,2,0,0,0,0,0,0,0,0,0,6,4,2,3,1,2,7,28.6,5,5,0,2,8,5,0,189,4,22,78,92,32,189,21,9,42.9,6,28.6,130,942,536,17,11,15,6,141,0,9,16,3,0,0,0,21,4,5,44.4
Carles Pérez,ESP,"MF,FW",Getafe,La Liga,26,1998,15,13,1040,11.6,0,0,0,0,0,0,1,0,1.4,1.4,1.1,2.5,21,15,53,0.0,0.0,0.0,0.0,0.0,0.12,0.1,0.22,0.12,0.22,24,4,16.7,2.08,0.35,0.0,0.0,22,1,0.06,-1.4,-1.4,163,243,67.1,2479,634,96,120,80.0,50,74,67.6,11,27,40.7,1.0,-1.1,12,13,12,6,1,0,31,8,31,2.68,19,1,6,2,2,1,0,0,0,0,0,0,0,0,22,16,6,10,6,15,30,50.0,15,12,1,6,28,13,0,384,10,47,143,205,28,384,39,16,41.0,22,56.4,202,1564,680,26,8,21,13,228,0,25,6,0,0,0,0,36,8,16,33.3
Francisco Perez,ESP,MF,Valencia,La Liga,22,2002,3,0,37,0.4,0,0,0,0,0,0,0,0,0.0,0.0,0.0,0.0,1,2,0,0.0,0.0,0.0,0.0,0.0,0.09,0.0,0.09,0.09,0.09,1,0,0.0,2.43,0.0,0.0,0.0,21,0,0.04,0.0,0.0,9,14,64.3,114,58,8,9,88.9,0,0,0.0,1,4,25.0,0.0,0.0,0,0,2,0,0,0,1,1,0,0.0,0,0,0,0,0,0,0,0,0,0,0,0,0,0,1,1,0,1,0,0,1,0.0,1,1,0,0,1,1,0,23,1,5,5,13,1,23,0,0,0.0,0,0.0,12,102,44,0,0,3,0,14,0,0,2,0,0,0,0,4,0,2,0.0
Kike Pérez,ESP,MF,Valladolid,La Liga,27,1997,14,10,834,9.3,1,0,1,1,0,0,4,0,0.9,0.9,0.7,1.6,12,42,15,0.11,0.0,0.11,0.11,0.11,0.1,0.07,0.17,0.1,0.17,14,3,21.4,1.51,0.32,0.07,0.33,22,1,0.07,0.1,0.1,290,374,77.5,5259,1584,120,145,82.8,123,139,88.5,33,61,54.1,0.9,-0.7,11,31,4,0,2,8,24,5,22,2.37,10,8,1,1,2,0,0,0,0,0,0,0,0,0,29,18,10,17,2,12,21,57.1,9,11,3,5,34,10,0,487,12,108,281,103,11,487,11,3,27.3,6,54.5,223,1423,715,9,2,18,9,295,0,25,16,1,0,0,0,31,8,9,47.1
Luis Pérez,ESP,DF,Valladolid,La Liga,29,1995,15,15,1310,14.6,0,0,0,0,0,0,2,0,0.1,0.1,1.1,1.2,22,49,61,0.0,0.0,0.0,0.0,0.0,0.01,0.08,0.08,0.01,0.08,3,1,33.3,0.21,0.07,0.0,0.0,25,0,0.03,-0.1,-0.1,458,606,75.6,8118,3145,206,229,90.0,187,254,73.6,58,95,61.1,1.3,-1.1,14,32,19,17,2,5,59,16,31,2.13,27,3,0,0,0,1,2,0,2,0,0,0,0,0,24,16,14,5,5,16,24,66.7,8,17,4,17,41,43,0,743,36,249,313,190,7,743,9,3,33.3,4,44.4,313,1548,794,14,3,15,3,389,0,11,15,2,0,1,0,45,7,17,29.2
Nehuén Pérez,ARG,DF,Udinese,Serie A,24,2000,2,2,180,2.0,0,0,0,0,0,0,0,0,0.0,0.0,0.0,0.0,2,4,2,0.0,0.0,0.0,0.0,0.0,0.0,0.0,0.0,0.0,0.0,0,0,0.0,0.0,0.0,0.0,0.0,0,0,0.0,0.0,0.0,49,60,81.7,1023,477,21,24,87.5,17,19,89.5,10,14,71.4,0.0,0.0,0,5,0,0,0,2,0,1,0,0.0,0,0,0,0,0,0,0,0,0,0,0,0,0,0,1,1,0,0,1,0,1,0.0,1,2,2,1,2,7,0,74,13,41,31,4,1,74,1,1,100.0,0,0.0,28,151,78,1,1,0,0,34,0,3,2,0,0,0,0,6,3,1,75.0
Romain Perraud,FRA,DF,Betis,La Liga,27,1997,14,11,1017,11.3,0,0,0,0,0,0,4,0,0.3,0.3,0.5,0.8,28,34,66,0.0,0.0,0.0,0.0,0.0,0.02,0.05,0.07,0.02,0.07,10,2,20.0,0.88,0.18,0.0,0.0,23,0,0.03,-0.3,-0.3,501,632,79.3,7055,2335,305,333,91.6,159,194,82.0,16,47,34.0,0.6,-0.5,5,34,4,3,0,1,38,29,17,1.5,13,1,1,2,0,0,1,0,0,0,0,1,0,0,19,11,7,8,4,12,29,41.4,17,9,2,14,33,33,0,762,28,226,315,225,15,762,15,7,46.7,6,40.0,392,2000,990,15,7,17,7,446,0,16,15,5,0,1,0,52,5,9,35.7
Gaëtan Perrin,FRA,"MF,FW",Auxerre,Ligue 1,28,1996,13,10,848,9.4,4,4,8,4,0,0,1,0,2.5,2.5,3.7,6.2,22,39,42,0.42,0.42,0.85,0.42,0.85,0.26,0.39,0.66,0.26,0.66,19,9,47.4,2.02,0.96,0.21,0.44,20,1,0.13,1.5,1.5,242,334,72.5,4158,1451,128,153,83.7,70,87,80.5,32,64,50.0,1.8,0.3,24,27,7,3,2,3,49,13,39,4.14,23,11,2,1,0,2,5,0,2,2,1,0,0,0,26,12,12,7,7,14,23,60.9,9,4,0,6,32,1,0,430,2,53,185,199,26,430,32,15,46.9,16,50.0,252,1519,743,18,5,10,16,284,0,6,3,1,0,0,0,35,2,5,28.6
Máximo Perrone,ARG,MF,Como,Serie A,21,2003,8,7,660,7.3,0,1,1,0,0,0,1,0,0.6,0.6,0.6,1.2,5,41,6,0.0,0.14,0.14,0.0,0.14,0.08,0.08,0.17,0.08,0.17,4,0,0.0,0.55,0.0,0.0,0.0,20,0,0.15,-0.6,-0.6,468,518,90.3,7373,2439,238,250,95.2,189,207,91.3,26,35,74.3,0.4,0.4,14,37,8,0,0,3,1,5,23,3.14,23,0,0,0,0,0,1,0,1,0,0,0,0,0,14,9,8,5,1,4,19,21.1,15,4,0,6,20,16,0,572,21,125,358,92,9,572,1,0,0.0,1,100.0,344,1438,649,8,0,8,5,440,0,11,3,0,0,0,0,40,4,5,44.4
Matteo Pessina,ITA,MF,Monza,Serie A,27,1997,11,10,854,9.5,0,0,0,0,0,0,2,0,0.2,0.2,0.1,0.3,8,28,20,0.0,0.0,0.0,0.0,0.0,0.02,0.01,0.03,0.02,0.03,3,0,0.0,0.32,0.0,0.0,0.0,24,1,0.06,-0.2,-0.2,424,490,86.5,7412,1478,183,207,88.4,196,214,91.6,37,49,75.5,0.2,-0.1,4,31,4,1,0,1,6,3,9,0.95,8,1,0,0,0,0,1,0,1,0,0,0,0,0,15,4,3,11,1,9,14,64.3,5,6,0,12,27,7,0,559,16,155,317,91,5,559,10,5,50.0,3,30.0,333,1750,735,10,1,9,13,397,0,5,13,0,0,0,0,58,10,8,55.6
Andrea Petagna,ITA,FW,Monza,Serie A,29,1995,4,2,181,2.0,0,0,0,0,0,0,1,0,0.2,0.2,0.0,0.2,2,1,7,0.0,0.0,0.0,0.0,0.0,0.08,0.0,0.08,0.08,0.08,4,0,0.0,1.99,0.0,0.0,0.0,14,0,0.04,-0.2,-0.2,27,46,58.7,371,37,16,22,72.7,9,14,64.3,1,3,33.3,0.0,0.0,0,2,0,0,0,1,1,2,0,0.0,0,0,0,0,0,0,0,0,0,0,0,0,0,0,0,0,0,0,0,0,0,0.0,0,0,0,1,1,1,0,66,1,13,34,19,9,66,4,2,50.0,2,50.0,44,224,66,1,1,6,3,50,0,4,4,2,0,0,0,6,6,10,37.5
Léo Pétrot,FRA,DF,Saint-Étienne,Ligue 1,27,1997,10,8,769,8.5,0,1,1,0,0,0,2,0,0.1,0.1,0.4,0.5,7,20,37,0.0,0.12,0.12,0.0,0.12,0.01,0.04,0.06,0.01,0.06,2,1,50.0,0.23,0.12,0.0,0.0,13,0,0.06,-0.1,-0.1,232,317,73.2,3809,1589,125,142,88.0,91,122,74.6,15,40,37.5,0.4,0.6,5,19,6,3,1,1,14,6,12,1.4,9,2,1,0,0,0,1,0,1,0,0,0,0,0,32,20,20,11,1,19,21,90.5,2,18,5,17,49,27,0,419,41,167,160,93,7,419,6,5,83.3,1,16.7,155,649,300,2,3,6,5,195,0,6,12,1,0,1,0,34,8,10,44.4
Giuseppe Pezzella,ITA,"DF,FW",Empoli,Serie A,27,1997,13,12,951,10.6,0,1,1,0,0,0,2,0,0.2,0.2,0.6,0.8,30,17,43,0.0,0.09,0.09,0.0,0.09,0.02,0.05,0.08,0.02,0.08,6,2,33.3,0.57,0.19,0.0,0.0,17,0,0.04,-0.2,-0.2,220,367,59.9,3480,1398,118,152,77.6,81,134,60.4,14,51,27.5,0.8,0.4,11,12,4,3,0,0,61,18,17,1.61,10,6,0,0,1,0,2,0,2,0,0,0,0,0,24,16,17,6,1,17,29,58.6,12,8,4,4,28,37,0,484,29,156,170,169,15,484,25,9,36.0,10,40.0,208,1433,748,10,6,19,15,223,0,22,20,2,0,1,0,32,6,5,54.5
Maximilian Philipp,GER,FW,Freiburg,Bundesliga,30,1994,1,0,2,0.0,0,0,0,0,0,0,0,0,0.0,0.0,0.0,0.0,0,0,0,0.0,0.0,0.0,0.0,0.0,1.86,0.0,1.86,1.86,1.86,1,0,0.0,45.0,0.0,0.0,0.0,21,0,0.04,0.0,0.0,1,3,33.3,7,0,1,1,100.0,0,0,0.0,0,0,0.0,0.0,0.0,0,0,0,0,0,0,0,1,0,0.0,0,0,0,0,0,0,0,0,0,0,0,0,0,0,0,0,0,0,0,0,0,0.0,0,0,0,0,0,0,0,4,0,0,2,2,0,4,0,0,0.0,0,0.0,2,8,8,0,0,0,0,3,0,0,0,0,0,0,0,0,0,1,0.0
Kalvin Phillips,ENG,MF,Ipswich Town,Premier League,29,1995,7,7,537,6.0,0,0,0,0,0,0,3,1,0.3,0.3,0.1,0.4,4,27,1,0.0,0.0,0.0,0.0,0.0,0.05,0.02,0.07,0.05,0.07,6,1,16.7,1.01,0.17,0.0,0.0,22,2,0.05,-0.3,-0.3,211,269,78.4,4002,1132,91,105,86.7,86,106,81.1,32,51,62.7,0.2,-0.1,2,29,4,1,1,3,13,4,10,1.68,8,1,0,1,0,0,2,0,2,0,0,0,0,0,14,6,4,9,1,8,18,44.4,10,16,3,7,21,11,1,347,15,86,198,65,4,347,6,4,66.7,2,33.3,168,890,338,3,0,8,5,196,1,16,14,0,0,0,0,35,4,6,40.0
Jaden Philogene Bidace,ENG,"FW,MF",Aston Villa,Premier League,22,2002,9,2,274,3.0,0,0,0,0,0,0,4,1,0.4,0.4,0.3,0.7,3,3,12,0.0,0.0,0.0,0.0,0.0,0.14,0.1,0.24,0.14,0.24,6,0,0.0,1.97,0.0,0.0,0.0,15,0,0.07,-0.4,-0.4,41,57,71.9,523,102,25,33,75.8,13,15,86.7,0,1,0.0,0.1,-0.3,1,1,2,0,1,0,3,5,3,0.99,2,0,0,0,1,0,0,0,0,0,0,0,0,0,10,4,4,6,0,4,6,66.7,2,4,0,3,13,2,1,106,4,22,35,49,11,106,9,1,11.1,5,55.6,56,322,117,3,5,7,2,61,1,10,8,1,0,0,0,13,0,5,0.0
Pica,ESP,DF,Alavés,La Liga,22,2002,6,4,404,4.5,0,0,0,0,0,0,1,0,0.2,0.2,0.0,0.2,3,14,0,0.0,0.0,0.0,0.0,0.0,0.05,0.01,0.05,0.05,0.05,3,1,33.3,0.67,0.22,0.0,0.0,10,0,0.07,-0.2,-0.2,138,174,79.3,2761,1129,41,49,83.7,78,87,89.7,19,35,54.3,0.0,0.0,1,12,1,0,0,1,2,2,1,0.22,1,0,0,0,0,0,0,0,0,0,0,0,0,0,7,6,6,1,0,3,8,37.5,5,6,5,7,14,19,0,220,28,114,100,6,4,220,1,1,100.0,0,0.0,114,679,473,2,0,1,0,118,0,5,1,0,0,0,0,9,13,8,61.9
Roberto Piccoli,ITA,FW,Cagliari,Serie A,23,2001,14,14,1154,12.8,4,0,4,3,1,1,1,0,5.4,4.6,0.5,5.1,10,16,72,0.31,0.0,0.31,0.23,0.23,0.42,0.04,0.46,0.36,0.4,41,9,22.0,3.2,0.7,0.07,0.33,14,1,0.11,-1.4,-1.6,136,191,71.2,1937,390,80,102,78.4,46,63,73.0,4,5,80.0,0.2,-0.5,7,17,4,0,0,0,3,5,25,1.95,9,1,0,6,9,0,2,0,0,0,0,0,2,0,4,2,2,1,1,1,2,50.0,1,6,2,1,5,11,0,342,12,30,172,145,60,341,22,4,18.2,17,77.3,177,909,213,9,4,36,24,245,0,15,22,8,2,0,0,25,41,48,46.1
Benedikt Pichler,AUT,FW,Holstein Kiel,Bundesliga,27,1997,11,7,667,7.4,1,1,2,1,0,0,0,0,1.9,1.9,0.9,2.8,15,17,41,0.13,0.13,0.27,0.13,0.27,0.26,0.12,0.37,0.26,0.37,15,8,53.3,2.02,1.08,0.07,0.13,14,0,0.13,-0.9,-0.9,112,174,64.4,1628,275,62,90,68.9,39,57,68.4,4,6,66.7,0.7,0.1,8,11,5,0,2,0,7,7,22,2.97,14,1,2,4,1,0,2,0,1,0,1,0,0,0,4,2,1,0,3,1,3,33.3,2,4,2,1,5,10,0,252,12,28,132,93,27,252,16,7,43.8,8,50.0,119,739,361,7,7,16,9,185,0,11,14,7,0,0,0,14,37,27,57.8
Amos Pieper,GER,DF,Werder Bremen,Bundesliga,26,1998,6,3,310,3.4,0,0,0,0,0,0,0,0,0.2,0.2,0.0,0.2,0,8,0,0.0,0.0,0.0,0.0,0.0,0.06,0.0,0.06,0.06,0.06,1,0,0.0,0.29,0.0,0.0,0.0,8,0,0.21,-0.2,-0.2,179,215,83.3,3368,990,66,73,90.4,93,107,86.9,19,30,63.3,0.0,0.0,0,5,2,0,0,2,0,1,0,0.0,0,0,0,0,0,0,0,0,0,0,0,0,0,0,7,2,5,1,1,3,6,50.0,3,7,3,9,16,14,0,257,36,154,91,13,1,257,0,0,0.0,0,0.0,126,400,123,0,0,1,0,157,0,1,2,0,0,0,0,11,9,12,42.9
Marvin Pieringer,GER,FW,Heidenheim,Bundesliga,25,1999,11,10,781,8.7,4,2,6,3,1,1,4,0,3.8,3.0,1.8,4.8,6,22,34,0.46,0.23,0.69,0.35,0.58,0.44,0.21,0.65,0.35,0.56,25,10,40.0,2.88,1.15,0.12,0.3,14,1,0.12,0.2,0.0,120,197,60.9,1544,398,78,108,72.2,29,52,55.8,5,12,41.7,0.8,0.2,12,15,3,0,0,0,4,8,28,3.22,20,0,1,4,2,1,3,0,2,0,0,0,0,1,9,4,3,4,2,2,4,50.0,2,10,0,3,12,12,0,298,12,31,150,122,39,297,8,1,12.5,5,62.5,160,729,258,9,1,19,10,208,0,19,16,7,0,0,0,24,27,36,42.9
Nicholas Pierini,ITA,MF,Venezia,Serie A,26,1998,2,0,83,0.9,0,0,0,0,0,0,0,0,0.0,0.0,0.1,0.1,1,2,4,0.0,0.0,0.0,0.0,0.0,0.04,0.1,0.13,0.04,0.13,1,0,0.0,1.08,0.0,0.0,0.0,32,1,0.03,0.0,0.0,15,20,75.0,210,65,11,14,78.6,3,4,75.0,1,2,50.0,0.1,-0.1,2,1,0,0,0,0,3,0,2,2.17,1,1,0,0,0,0,0,0,0,0,0,0,0,0,0,0,0,0,0,0,1,0.0,1,2,0,0,0,0,0,28,1,6,10,12,3,28,1,0,0.0,1,100.0,16,79,21,1,0,2,3,18,0,1,2,0,0,0,0,2,1,3,25.0
Santiago Pierotti,ARG,FW,Lecce,Serie A,23,2001,13,3,490,5.4,1,0,1,1,0,0,1,0,1.1,1.1,0.7,1.8,12,4,19,0.18,0.0,0.18,0.18,0.18,0.21,0.12,0.33,0.21,0.33,10,2,20.0,1.84,0.37,0.1,0.5,17,0,0.11,-0.1,-0.1,75,102,73.5,995,255,50,63,79.4,19,25,76.0,4,6,66.7,0.4,-0.7,9,5,2,1,0,0,2,6,13,2.38,9,0,2,1,1,0,0,0,0,0,0,0,0,0,12,9,7,4,1,8,14,57.1,6,7,2,5,17,6,0,175,11,28,85,64,20,175,13,5,38.5,8,61.5,89,542,263,5,6,10,7,103,0,17,4,3,0,0,0,21,16,23,41.0
Balthazar Pierret,FRA,MF,Lecce,Serie A,24,2000,11,7,519,5.8,0,0,0,0,0,0,1,0,0.1,0.1,0.2,0.3,5,22,3,0.0,0.0,0.0,0.0,0.0,0.01,0.04,0.05,0.01,0.05,2,0,0.0,0.35,0.0,0.0,0.0,22,0,0.03,-0.1,-0.1,210,243,86.4,3144,925,120,128,93.8,71,80,88.8,14,27,51.9,0.1,-0.2,4,21,1,1,0,2,6,1,13,2.25,12,0,0,0,0,1,0,0,0,0,0,0,0,0,16,8,10,6,0,3,8,37.5,5,6,1,3,19,7,0,289,15,76,187,32,3,289,4,3,75.0,1,25.0,142,673,333,2,0,4,2,179,0,9,2,0,0,0,0,26,5,8,38.5
Andrea Pinamonti,ITA,FW,Genoa,Serie A,25,1999,13,12,1050,11.7,5,1,6,5,0,0,3,0,3.3,3.3,0.8,4.1,5,11,45,0.43,0.09,0.51,0.43,0.51,0.28,0.07,0.35,0.28,0.35,39,14,35.9,3.34,1.2,0.13,0.36,16,1,0.08,1.7,1.7,133,211,63.0,1839,267,80,112,71.4,38,64,59.4,5,10,50.0,0.6,0.2,6,8,2,0,1,1,6,6,22,1.89,13,1,0,6,2,0,2,0,1,0,0,1,0,0,5,3,0,4,1,0,3,0.0,3,7,1,1,6,14,1,316,15,26,151,139,48,316,1,0,0.0,1,100.0,137,496,133,1,4,19,12,213,0,5,13,7,0,0,0,20,32,37,46.4
Ethan Pinnock,JAM,DF,Brentford,Premier League,31,1993,13,13,1170,13.0,2,0,2,2,0,0,1,0,0.9,0.9,1.1,2.0,1,28,5,0.15,0.0,0.15,0.15,0.15,0.07,0.08,0.15,0.07,0.15,9,6,66.7,0.69,0.46,0.22,0.33,11,0,0.1,1.1,1.1,608,718,84.7,11399,4062,221,235,94.0,332,373,89.0,53,98,54.1,0.6,-1.1,7,33,3,1,0,0,5,5,17,1.31,10,4,0,2,1,0,0,0,0,0,0,0,0,0,27,14,13,11,3,11,16,68.8,5,20,14,16,43,80,3,889,193,518,298,74,18,889,9,3,33.3,6,66.7,439,2110,1044,2,0,0,2,512,0,2,2,0,0,0,1,36,40,29,58.0
Yeremi Pino,ESP,MF,Villarreal,La Liga,22,2002,12,6,548,6.1,0,3,3,0,0,0,2,0,1.1,1.1,2.8,3.9,12,18,60,0.0,0.49,0.49,0.0,0.49,0.18,0.46,0.64,0.18,0.64,11,0,0.0,1.81,0.0,0.0,0.0,10,0,0.1,-1.1,-1.1,151,205,73.7,2364,618,79,98,80.6,58,77,75.3,10,14,71.4,1.3,0.2,14,10,7,2,1,0,14,12,27,4.44,19,0,3,3,1,1,5,0,3,0,0,2,0,0,13,9,3,7,3,8,17,47.1,9,8,1,3,16,4,0,273,10,45,92,143,36,273,14,8,57.1,5,35.7,165,904,498,6,7,16,10,196,0,9,6,4,0,0,0,25,5,3,62.5
Niccolò Pisilli,ITA,MF,Roma,Serie A,20,2004,10,7,573,6.4,1,0,1,1,0,0,5,0,1.0,1.0,0.4,1.4,9,32,24,0.16,0.0,0.16,0.16,0.16,0.16,0.06,0.22,0.16,0.22,13,5,38.5,2.04,0.79,0.08,0.2,19,0,0.08,0.0,0.0,220,263,83.7,3481,791,110,125,88.0,93,106,87.7,12,21,57.1,0.8,-0.4,7,27,7,2,2,0,6,3,21,3.3,15,0,1,2,2,1,2,0,1,0,0,1,0,0,9,7,5,3,1,4,6,66.7,2,8,1,5,14,6,0,341,8,36,184,125,19,341,6,2,33.3,1,16.7,193,1004,491,9,1,18,5,251,0,12,8,0,0,0,0,21,0,6,0.0
Alassane Pléa,FRA,"MF,FW",Gladbach,Bundesliga,31,1993,12,11,788,8.8,3,1,4,3,0,0,1,0,3.4,3.4,1.5,4.9,27,49,64,0.34,0.11,0.46,0.34,0.46,0.39,0.17,0.56,0.39,0.56,18,4,22.2,2.06,0.46,0.17,0.75,15,0,0.19,-0.4,-0.4,249,356,69.9,4035,1334,144,177,81.4,79,112,70.5,20,32,62.5,1.5,-0.5,13,37,17,3,10,5,25,18,32,3.65,23,2,3,1,3,0,6,0,4,1,0,0,1,0,3,1,0,1,2,2,5,40.0,3,5,0,2,5,2,1,440,2,31,224,189,32,440,25,11,44.0,12,48.0,303,1495,870,17,9,17,13,364,0,9,16,3,1,0,0,27,6,13,31.6
Tommaso Pobega,ITA,MF,Bologna,Serie A,25,1999,4,3,237,2.6,0,0,0,0,0,0,4,1,0.1,0.1,0.0,0.2,1,5,1,0.0,0.0,0.0,0.0,0.0,0.05,0.01,0.06,0.05,0.06,3,0,0.0,1.14,0.0,0.0,0.0,20,0,0.05,-0.1,-0.1,65,81,80.2,1069,216,31,37,83.8,29,34,85.3,3,5,60.0,0.0,0.0,1,5,0,0,0,0,1,2,4,1.52,3,0,0,0,1,0,0,0,0,0,0,0,0,0,5,3,3,0,2,2,4,50.0,2,6,2,4,9,4,0,109,7,29,57,23,2,109,1,0,0.0,1,100.0,48,174,59,2,1,2,3,73,1,8,4,0,0,0,0,5,2,3,40.0
Daniel Podence,POR,"MF,FW",Wolves,Premier League,29,1995,2,0,48,0.5,0,0,0,0,0,0,0,0,0.0,0.0,0.0,0.0,1,2,3,0.0,0.0,0.0,0.0,0.0,0.07,0.0,0.07,0.07,0.07,1,0,0.0,1.87,0.0,0.0,0.0,24,0,0.04,0.0,0.0,11,16,68.8,132,78,7,7,100.0,3,3,100.0,0,2,0.0,0.0,0.0,0,1,1,0,0,0,1,2,0,0.0,0,0,0,0,0,0,0,0,0,0,0,0,0,0,0,0,0,0,0,0,1,0.0,1,0,0,0,0,0,0,20,0,2,11,7,0,20,2,2,100.0,0,0.0,13,77,43,1,0,0,0,17,0,0,2,0,0,0,0,1,0,1,0.0
Joel Pohjanpalo,FIN,FW,Venezia,Serie A,30,1994,12,12,983,10.9,4,0,4,2,2,3,0,0,5.4,3.0,1.5,4.5,5,17,41,0.37,0.0,0.37,0.18,0.18,0.49,0.14,0.63,0.28,0.42,20,8,40.0,1.83,0.73,0.1,0.25,17,0,0.15,-1.4,-1.0,145,229,63.3,2092,422,80,113,70.8,42,71,59.2,11,18,61.1,0.7,-1.5,12,15,3,0,2,0,1,3,24,2.2,18,0,0,4,2,0,2,0,1,0,0,0,1,0,2,2,1,1,0,0,2,0.0,2,2,2,4,6,12,0,309,11,37,159,115,44,306,5,3,60.0,2,40.0,142,546,223,4,2,14,7,218,0,5,10,6,1,0,0,7,31,38,44.9
Matteo Politano,ITA,"FW,MF",Napoli,Serie A,31,1993,14,13,1053,11.7,1,0,1,1,0,0,0,0,1.3,1.3,1.6,2.9,40,53,98,0.09,0.0,0.09,0.09,0.09,0.11,0.14,0.25,0.11,0.25,19,3,15.8,1.62,0.26,0.05,0.33,20,0,0.07,-0.3,-0.3,302,453,66.7,5326,1813,153,178,86.0,112,163,68.7,31,72,43.1,1.7,-1.6,20,29,19,8,0,7,82,24,40,3.43,27,11,0,1,1,0,3,0,2,0,0,0,1,0,8,4,5,3,0,6,19,31.6,13,8,1,5,13,18,0,555,16,94,188,279,27,555,27,8,29.6,14,51.9,320,2137,1085,17,10,16,8,408,0,4,17,3,1,0,0,40,2,2,50.0
Alfie Pond,ENG,DF,Wolves,Premier League,20,2004,1,0,1,0.0,0,0,0,0,0,0,0,0,0.0,0.0,0.0,0.0,0,0,0,0.0,0.0,0.0,0.0,0.0,0.0,0.0,0.0,0.0,0.0,0,0,0.0,0.0,0.0,0.0,0.0,0,0,0.0,0.0,0.0,1,1,100.0,23,0,0,0,0.0,1,1,100.0,0,0,0.0,0.0,0.0,0,0,0,0,0,0,0,0,0,0.0,0,0,0,0,0,0,0,0,0,0,0,0,0,0,0,0,0,0,0,0,0,0.0,0,0,0,0,0,0,0,1,0,0,1,0,0,1,0,0,0.0,0,0.0,1,2,2,0,0,0,0,1,0,0,0,0,0,0,0,0,0,0,0.0
Marin Pongračić,CRO,DF,Fiorentina,Serie A,27,1997,3,1,102,1.1,0,0,0,0,0,0,2,1,0.0,0.0,0.0,0.0,0,2,0,0.0,0.0,0.0,0.0,0.0,0.0,0.01,0.01,0.0,0.01,0,0,0.0,0.0,0.0,0.0,0.0,0,0,0.0,0.0,0.0,47,55,85.5,940,258,14,15,93.3,26,28,92.9,6,7,85.7,0.0,0.0,1,2,0,0,0,0,0,1,2,1.76,2,0,0,0,0,0,0,0,0,0,0,0,0,0,1,1,1,0,0,1,3,33.3,2,0,0,2,3,6,0,65,11,34,29,2,0,65,1,1,100.0,0,0.0,29,225,110,1,0,0,0,38,1,4,0,0,0,0,0,7,5,0,100.0
Finn Porath,GER,"DF,MF",Holstein Kiel,Bundesliga,27,1997,12,8,780,8.7,0,1,1,0,0,0,2,0,0.4,0.3,0.9,1.2,12,25,23,0.0,0.12,0.12,0.0,0.12,0.04,0.1,0.14,0.03,0.13,6,2,33.3,0.69,0.23,0.0,0.0,18,0,0.05,-0.4,-0.3,168,273,61.5,3463,1404,61,71,85.9,74,108,68.5,32,77,41.6,0.5,0.1,8,24,3,2,0,1,32,12,22,2.54,17,4,0,1,0,0,4,0,3,0,0,1,0,0,21,13,13,6,2,12,21,57.1,9,14,6,10,31,23,0,378,34,133,145,102,14,378,8,3,37.5,4,50.0,137,702,348,9,3,7,6,190,0,15,11,0,0,0,0,28,12,14,46.2
Pedro Porro,ESP,DF,Tottenham,Premier League,25,1999,13,13,1166,13.0,2,1,3,2,0,0,2,0,1.1,1.1,1.3,2.4,37,72,47,0.15,0.08,0.23,0.15,0.23,0.08,0.1,0.19,0.08,0.19,22,5,22.7,1.7,0.39,0.09,0.4,22,1,0.05,0.9,0.9,612,830,73.7,10417,3811,324,366,88.5,216,279,77.4,57,132,43.2,1.5,-0.3,21,49,26,11,3,7,82,30,42,3.24,29,7,1,3,2,0,2,0,0,1,1,0,0,0,27,19,11,9,7,18,33,54.5,15,19,7,15,42,34,0,988,55,274,326,398,18,988,17,4,23.5,11,64.7,533,2587,1367,26,1,11,8,576,0,9,15,1,0,0,0,68,4,9,30.8
Portu,ESP,"FW,MF",Girona,La Liga,32,1992,7,1,183,2.0,0,1,1,0,0,0,2,0,0.0,0.0,0.4,0.4,3,5,22,0.0,0.49,0.49,0.0,0.49,0.02,0.2,0.22,0.02,0.22,1,0,0.0,0.49,0.0,0.0,0.0,23,0,0.05,0.0,0.0,51,66,77.3,644,74,34,38,89.5,16,17,94.1,0,6,0.0,0.4,0.6,2,3,2,0,0,0,6,2,4,1.97,3,0,1,0,0,0,2,0,1,0,1,0,0,0,4,2,2,1,1,2,2,100.0,0,3,0,0,4,1,0,84,0,7,31,46,4,84,2,1,50.0,1,50.0,44,196,107,4,0,1,0,55,0,2,5,3,0,0,0,7,2,3,40.0
Stefan Posch,AUT,DF,Bologna,Serie A,27,1997,10,6,617,6.9,0,0,0,0,0,0,1,0,0.0,0.0,0.7,0.7,10,33,32,0.0,0.0,0.0,0.0,0.0,0.0,0.11,0.11,0.0,0.11,1,0,0.0,0.15,0.0,0.0,0.0,36,0,0.02,0.0,0.0,347,439,79.0,6722,2508,130,158,82.3,154,175,88.0,57,83,68.7,0.4,-0.7,10,35,11,7,0,4,16,11,16,2.33,12,3,0,0,1,0,0,0,0,0,0,0,0,0,22,14,11,7,4,13,22,59.1,9,18,4,4,26,18,0,522,31,166,244,119,12,522,11,3,27.3,8,72.7,260,1369,543,6,1,7,11,305,0,14,15,1,0,0,0,39,11,7,61.1
Tom Pouilly,FRA,DF,Lens,Ligue 1,21,2003,2,0,46,0.5,0,0,0,0,0,0,1,0,0.0,0.0,0.0,0.0,2,1,2,0.0,0.0,0.0,0.0,0.0,0.0,0.0,0.0,0.0,0.0,0,0,0.0,0.0,0.0,0.0,0.0,0,0,0.0,0.0,0.0,24,36,66.7,367,112,11,15,73.3,13,18,72.2,0,1,0.0,0.1,0.0,0,0,0,0,0,1,0,1,1,1.96,1,0,0,0,0,0,0,0,0,0,0,0,0,0,2,2,1,1,0,1,1,100.0,0,1,0,1,3,3,0,44,2,14,20,12,1,44,0,0,0.0,0,0.0,23,87,39,1,1,3,0,24,0,2,0,0,0,0,0,3,0,0,0.0
Yussuf Poulsen,DEN,"FW,MF",Rb Leipzig,Bundesliga,30,1994,9,2,198,2.2,0,0,0,0,0,0,0,0,0.4,0.4,0.1,0.5,2,4,16,0.0,0.0,0.0,0.0,0.0,0.17,0.06,0.23,0.17,0.23,2,1,50.0,0.91,0.45,0.0,0.0,8,0,0.19,-0.4,-0.4,36,68,52.9,418,126,26,38,68.4,7,18,38.9,1,3,33.3,0.1,-0.1,2,6,2,0,0,0,1,5,4,1.82,3,0,0,0,1,0,0,0,0,0,0,0,0,0,5,3,1,4,0,3,6,50.0,3,4,2,0,5,4,0,101,5,20,48,34,5,101,4,1,25.0,3,75.0,41,229,68,3,0,8,7,72,0,2,6,0,0,0,0,8,13,3,81.3
Beñat Prados,ESP,MF,Athletic Club,La Liga,23,2001,12,8,644,7.2,1,0,1,1,0,0,5,0,0.6,0.6,0.2,0.8,9,30,13,0.14,0.0,0.14,0.14,0.14,0.08,0.03,0.11,0.08,0.11,7,4,57.1,0.98,0.56,0.14,0.25,19,0,0.08,0.4,0.4,266,325,81.8,4575,1075,113,134,84.3,128,147,87.1,18,30,60.0,0.4,-0.2,4,24,2,1,3,2,4,3,7,0.98,7,0,0,0,0,0,1,0,1,0,0,0,0,0,14,11,6,7,1,5,19,26.3,14,12,1,16,30,12,0,399,16,73,263,67,10,399,8,3,37.5,4,50.0,189,931,451,6,0,5,7,256,0,13,7,0,0,0,0,30,11,7,61.1
Alexander Prass,AUT,DF,Hoffenheim,Bundesliga,23,2001,11,11,834,9.3,0,1,1,0,0,0,1,0,0.4,0.4,1.7,2.1,17,40,36,0.0,0.11,0.11,0.0,0.11,0.04,0.18,0.22,0.04,0.22,7,0,0.0,0.76,0.0,0.0,0.0,19,1,0.06,-0.4,-0.4,391,539,72.5,6507,2169,183,213,85.9,167,215,77.7,31,72,43.1,1.4,-0.7,10,21,12,5,1,1,30,20,20,2.16,16,1,3,0,0,0,4,0,3,1,0,0,0,0,15,9,12,1,2,7,25,28.0,18,12,3,2,17,19,2,632,31,189,278,170,20,632,28,10,35.7,14,50.0,352,1633,830,19,5,9,5,393,0,9,15,0,0,0,0,37,9,12,42.9
Matteo Prati,ITA,MF,Cagliari,Serie A,21,2003,5,4,235,2.6,0,0,0,0,0,0,1,0,0.0,0.0,0.3,0.3,1,10,3,0.0,0.0,0.0,0.0,0.0,0.0,0.13,0.13,0.0,0.13,0,0,0.0,0.0,0.0,0.0,0.0,0,0,0.0,0.0,0.0,80,104,76.9,1614,425,24,29,82.8,43,50,86.0,12,23,52.2,0.2,-0.3,3,7,1,0,0,0,3,1,5,1.91,3,1,0,0,1,0,1,0,1,0,0,0,0,0,5,2,1,3,1,2,6,33.3,4,0,0,2,7,3,1,124,2,35,70,19,1,124,3,0,0.0,1,33.3,63,268,114,2,0,2,2,78,0,5,4,0,0,0,0,10,0,1,0.0
Abdón Prats,ESP,"FW,MF",Mallorca,La Liga,32,1992,12,1,206,2.3,2,0,2,1,1,1,3,0,1.8,1.1,0.0,1.1,0,5,5,0.87,0.0,0.87,0.44,0.44,0.81,0.0,0.81,0.47,0.47,9,3,33.3,3.93,1.31,0.11,0.33,15,0,0.12,0.2,-0.1,28,41,68.3,475,115,14,19,73.7,10,13,76.9,3,4,75.0,0.0,0.0,0,3,1,0,0,0,0,1,2,0.88,1,0,0,1,0,0,0,0,0,0,0,0,0,0,1,1,1,0,0,0,0,0.0,0,1,0,0,1,3,0,72,2,7,36,29,14,71,0,0,0.0,0,0.0,37,104,27,0,0,7,7,53,0,3,8,1,0,0,0,10,11,16,40.7
Grischa Prömel,GER,MF,Hoffenheim,Bundesliga,29,1995,2,2,174,1.9,0,0,0,0,0,0,0,0,0.0,0.0,0.0,0.0,2,5,3,0.0,0.0,0.0,0.0,0.0,0.0,0.0,0.0,0.0,0.0,0,0,0.0,0.0,0.0,0.0,0.0,0,0,0.0,0.0,0.0,80,95,84.2,1274,250,40,45,88.9,36,40,90.0,3,7,42.9,0.0,0.0,0,5,0,0,0,0,2,1,2,1.03,1,1,0,0,0,0,1,0,1,0,0,0,0,0,0,0,0,0,0,0,1,0.0,1,1,1,2,2,4,0,106,4,19,71,18,0,106,1,0,0.0,1,100.0,70,300,137,1,0,2,2,82,0,0,3,0,0,0,0,7,1,3,25.0
Javi Puado,ESP,"FW,MF",Espanyol,La Liga,26,1998,12,12,1004,11.2,5,1,6,4,1,1,3,0,3.0,2.2,0.9,3.1,22,26,30,0.45,0.09,0.54,0.36,0.45,0.27,0.08,0.35,0.2,0.28,23,6,26.1,2.06,0.54,0.17,0.67,18,0,0.1,2.0,1.8,172,216,79.6,2595,382,97,109,89.0,65,77,84.4,7,16,43.8,0.6,0.1,8,11,2,0,3,3,4,6,19,1.7,14,0,2,2,1,0,3,0,3,0,0,0,0,0,10,9,6,2,2,3,4,75.0,1,6,0,3,13,8,0,322,5,35,162,135,42,321,17,4,23.5,12,70.6,195,1540,654,18,10,27,12,215,0,10,9,2,0,0,0,33,4,10,28.6
Tymoteusz Puchacz,POL,DF,Holstein Kiel,Bundesliga,25,1999,10,5,396,4.4,0,1,1,0,0,0,0,0,0.1,0.1,0.6,0.7,13,8,30,0.0,0.23,0.23,0.0,0.23,0.02,0.14,0.16,0.02,0.16,4,1,25.0,0.91,0.23,0.0,0.0,21,0,0.02,-0.1,-0.1,137,195,70.3,2283,769,77,84,91.7,45,71,63.4,12,31,38.7,0.7,0.4,8,6,6,6,0,1,37,6,14,3.18,9,5,0,0,0,0,1,0,1,0,0,0,0,0,9,4,6,3,0,5,7,71.4,2,4,1,3,12,11,0,247,15,74,94,87,2,247,19,9,47.4,8,42.1,109,703,353,11,0,8,5,125,0,2,7,1,0,0,0,32,4,4,50.0
Diego Pugno,ITA,FW,Juventus,Serie A,18,2006,1,0,7,0.1,0,0,0,0,0,0,0,0,0.0,0.0,0.1,0.1,0,0,0,0.0,0.0,0.0,0.0,0.0,0.0,0.76,0.76,0.0,0.76,0,0,0.0,0.0,0.0,0.0,0.0,0,0,0.0,0.0,0.0,2,2,100.0,28,0,2,2,100.0,0,0,0.0,0,0,0.0,0.0,-0.1,1,0,0,0,0,0,0,0,1,12.86,1,0,0,0,0,0,0,0,0,0,0,0,0,0,0,0,0,0,0,0,0,0.0,0,0,0,0,0,0,0,4,0,0,2,3,0,4,1,0,0.0,1,100.0,2,5,3,1,0,0,0,1,0,0,0,0,0,0,0,1,0,2,0.0
Christian Pulisic,USA,"FW,MF",Milan,Serie A,26,1998,13,11,944,10.5,5,4,9,4,1,1,0,0,4.4,3.6,2.8,6.4,47,47,65,0.48,0.38,0.86,0.38,0.76,0.42,0.27,0.68,0.34,0.61,22,9,40.9,2.1,0.86,0.18,0.44,17,1,0.16,0.6,0.4,333,432,77.1,4936,1068,195,217,89.9,110,142,77.5,17,49,34.7,2.4,1.2,28,20,16,4,7,1,60,9,48,4.58,32,7,1,3,2,3,5,0,1,2,0,1,0,1,19,12,5,7,7,6,14,42.9,8,6,1,0,19,5,1,530,6,51,200,288,46,529,22,11,50.0,9,40.9,336,2304,1327,29,12,19,12,392,0,8,14,0,0,0,0,41,3,11,21.4
Jarell Quansah,ENG,DF,Liverpool,Premier League,21,2003,2,1,63,0.7,0,0,0,0,0,0,0,0,0.0,0.0,0.0,0.0,1,0,0,0.0,0.0,0.0,0.0,0.0,0.0,0.0,0.0,0.0,0.0,0,0,0.0,0.0,0.0,0.0,0.0,0,0,0.0,0.0,0.0,34,39,87.2,599,238,14,15,93.3,18,19,94.7,2,4,50.0,0.0,0.0,0,0,0,0,0,0,0,1,0,0.0,0,0,0,0,0,0,0,0,0,0,0,0,0,0,3,2,2,1,0,0,1,0.0,1,1,1,1,4,3,0,47,11,30,11,6,0,47,0,0,0.0,0,0.0,21,87,40,0,0,0,1,28,0,3,0,0,0,0,0,0,2,3,40.0
Leopold Querfeld,AUT,DF,Union Berlin,Bundesliga,21,2003,10,2,380,4.2,0,0,0,0,0,0,3,0,0.1,0.1,0.1,0.2,0,5,1,0.0,0.0,0.0,0.0,0.0,0.02,0.03,0.05,0.02,0.05,1,0,0.0,0.24,0.0,0.0,0.0,8,0,0.1,-0.1,-0.1,115,142,81.0,2165,692,49,53,92.5,52,59,88.1,12,22,54.5,0.2,-0.1,3,8,2,0,0,4,0,3,3,0.71,3,0,0,0,0,0,0,0,0,0,0,0,0,0,6,2,4,2,0,3,6,50.0,3,6,1,4,10,21,0,197,24,100,83,15,7,197,4,2,50.0,2,50.0,90,314,131,0,0,2,0,109,0,9,2,0,0,0,0,11,16,14,53.3
Dani Raba,ESP,"FW,MF",Leganés,La Liga,29,1995,8,5,383,4.3,0,3,3,0,0,1,0,0,1.0,0.2,1.4,1.6,11,12,22,0.0,0.7,0.7,0.0,0.7,0.23,0.32,0.55,0.04,0.37,6,2,33.3,1.41,0.47,0.0,0.0,29,0,0.03,-1.0,-0.2,85,137,62.0,1423,439,38,51,74.5,36,47,76.6,7,27,25.9,1.2,1.6,10,11,5,1,5,0,23,7,24,5.63,11,2,6,1,1,3,4,0,3,0,1,0,0,0,14,8,7,5,2,6,13,46.2,7,4,0,6,20,5,0,202,7,35,90,84,10,201,21,13,61.9,6,28.6,98,600,323,9,4,9,8,109,0,7,13,0,0,0,0,26,1,3,25.0
Adrien Rabiot,FRA,MF,Marseille,Ligue 1,29,1995,8,6,595,6.6,0,0,0,0,0,0,2,0,0.4,0.4,0.3,0.7,17,42,33,0.0,0.0,0.0,0.0,0.0,0.06,0.05,0.11,0.06,0.11,7,0,0.0,1.06,0.0,0.0,0.0,18,0,0.06,-0.4,-0.4,322,376,85.6,4507,1010,188,203,92.6,109,127,85.8,11,17,64.7,0.5,-0.3,4,38,3,0,2,0,10,13,11,1.66,11,0,0,0,0,0,2,0,2,0,0,0,0,0,15,10,9,5,1,7,10,70.0,3,8,0,8,23,12,0,450,13,80,241,136,14,450,15,8,53.3,7,46.7,281,1677,756,9,2,12,10,341,0,19,8,1,0,0,0,36,10,8,55.6
Hamza Rafia,TUN,MF,Lecce,Serie A,25,1999,12,8,680,7.6,0,0,0,0,0,0,3,0,0.3,0.3,1.2,1.5,11,33,15,0.0,0.0,0.0,0.0,0.0,0.05,0.16,0.2,0.05,0.2,8,2,25.0,1.06,0.26,0.0,0.0,26,1,0.04,-0.3,-0.3,275,341,80.6,4404,1520,133,149,89.3,108,128,84.4,23,41,56.1,1.2,-1.2,13,35,10,5,2,1,28,8,29,3.84,19,6,1,0,1,2,0,0,0,0,0,0,0,0,25,14,10,13,2,9,20,45.0,11,5,2,4,29,11,0,416,9,92,232,101,8,416,16,7,43.8,5,31.3,211,1139,505,12,2,10,13,266,0,18,18,0,0,0,0,44,3,9,25.0
Antonio Raillo,ESP,DF,Mallorca,La Liga,33,1991,16,16,1420,15.8,1,0,1,1,0,0,2,0,1.1,1.1,0.8,1.9,17,48,10,0.06,0.0,0.06,0.06,0.06,0.07,0.05,0.12,0.07,0.12,14,3,21.4,0.89,0.19,0.07,0.33,12,0,0.08,-0.1,-0.1,651,756,86.1,12530,4448,219,244,89.8,352,384,91.7,70,106,66.0,0.5,-0.8,6,34,4,0,1,1,1,3,10,0.63,8,1,0,1,0,0,1,0,1,0,0,0,0,0,14,8,6,5,3,6,7,85.7,1,20,16,21,35,71,1,909,152,470,371,73,32,909,3,2,66.7,1,33.3,423,2442,1518,10,0,3,5,515,0,21,5,1,0,0,0,51,59,33,64.1
Antonio Raimondo,ITA,"FW,DF",Venezia,Serie A,20,2004,9,0,94,1.0,0,0,0,0,0,0,0,0,0.3,0.3,0.1,0.4,2,2,7,0.0,0.0,0.0,0.0,0.0,0.31,0.09,0.4,0.31,0.4,1,1,100.0,0.96,0.96,0.0,0.0,4,0,0.32,-0.3,-0.3,17,26,65.4,200,48,12,17,70.6,4,7,57.1,0,0,0.0,0.2,-0.1,1,0,0,0,1,0,1,0,2,1.91,2,0,0,0,0,0,0,0,0,0,0,0,0,0,2,1,1,1,0,0,0,0.0,0,0,0,0,2,0,1,34,0,2,15,19,5,34,0,0,0.0,0,0.0,21,93,37,4,1,5,3,28,0,2,1,1,0,0,0,4,1,6,14.3
Ylber Ramadani,ALB,MF,Lecce,Serie A,28,1996,14,14,1143,12.7,0,1,1,0,0,0,1,0,0.3,0.3,0.7,1.0,7,39,2,0.0,0.08,0.08,0.0,0.08,0.02,0.06,0.08,0.02,0.08,8,4,50.0,0.63,0.31,0.0,0.0,25,0,0.03,-0.3,-0.3,450,539,83.5,7847,2247,207,228,90.8,184,213,86.4,51,79,64.6,0.3,0.3,10,37,2,0,2,2,2,7,22,1.73,22,0,0,0,0,0,3,0,3,0,0,0,0,0,31,17,14,17,0,18,24,75.0,6,20,7,11,42,20,3,660,47,215,384,70,5,660,18,9,50.0,9,50.0,360,1645,644,8,2,13,15,423,0,7,8,0,0,0,0,75,5,13,27.8
Benito Ramírez,ESP,"DF,MF",Las Palmas,La Liga,29,1995,10,1,279,3.1,0,0,0,0,0,0,1,0,0.1,0.1,0.6,0.7,11,11,42,0.0,0.0,0.0,0.0,0.0,0.05,0.19,0.23,0.05,0.23,5,0,0.0,1.61,0.0,0.0,0.0,22,0,0.03,-0.1,-0.1,169,211,80.1,2693,726,89,94,94.7,66,74,89.2,11,25,44.0,0.4,-0.6,7,6,6,5,0,0,24,10,16,5.18,14,0,0,1,1,0,0,0,0,0,0,0,0,0,3,2,2,1,0,3,9,33.3,6,6,3,1,4,11,0,250,13,62,91,98,5,250,4,0,0.0,4,100.0,131,724,373,13,0,6,2,154,0,2,5,0,0,0,0,20,2,6,25.0
Sandro Ramírez,ESP,"FW,MF",Las Palmas,La Liga,29,1995,12,9,719,8.0,4,2,6,4,0,0,2,0,1.4,1.4,1.2,2.6,20,18,32,0.5,0.25,0.75,0.5,0.75,0.18,0.15,0.33,0.18,0.33,15,7,46.7,1.88,0.88,0.27,0.57,22,4,0.09,2.6,2.6,145,218,66.5,2481,803,71,93,76.3,56,73,76.7,14,32,43.8,1.1,0.8,9,15,2,2,1,1,37,6,18,2.26,8,7,0,1,2,0,3,0,1,1,0,0,1,0,15,11,6,8,1,9,16,56.3,7,4,0,8,23,11,0,296,14,61,120,120,27,296,14,6,42.9,5,35.7,147,776,369,8,10,14,7,175,0,11,10,3,0,0,0,27,5,4,55.6
Gonçalo Ramos,POR,FW,Paris S-G,Ligue 1,23,2001,2,2,109,1.2,0,2,2,0,0,0,0,0,0.2,0.2,1.1,1.3,0,2,4,0.0,1.65,1.65,0.0,1.65,0.16,0.91,1.07,0.16,1.07,3,2,66.7,2.48,1.65,0.0,0.0,10,0,0.07,-0.2,-0.2,16,21,76.2,161,41,13,15,86.7,2,3,66.7,0,0,0.0,0.6,0.9,5,1,2,0,0,0,0,1,5,4.13,4,0,0,1,0,0,2,1,1,0,0,1,0,0,1,1,1,0,0,0,0,0.0,0,1,0,0,1,2,0,30,2,4,6,20,11,30,0,0,0.0,0,0.0,3,5,1,0,0,1,1,19,0,0,2,2,0,0,0,0,4,3,57.1
Jacob Ramsey,ENG,"FW,MF",Aston Villa,Premier League,23,2001,10,7,633,7.0,0,2,2,0,0,0,1,0,0.7,0.7,1.3,2.0,28,28,54,0.0,0.28,0.28,0.0,0.28,0.1,0.18,0.28,0.1,0.28,10,3,30.0,1.42,0.43,0.0,0.0,17,0,0.07,-0.7,-0.7,223,262,85.1,2863,685,159,173,91.9,52,61,85.2,4,8,50.0,1.2,0.7,8,12,7,0,2,1,5,6,27,3.84,20,0,4,1,2,0,3,0,3,0,0,0,0,0,7,3,3,3,1,3,5,60.0,2,8,2,5,12,2,0,323,6,55,111,163,28,323,22,16,72.7,6,27.3,231,1575,761,17,11,11,7,258,0,4,8,1,0,0,0,34,1,3,25.0
Luca Ranieri,ITA,DF,Fiorentina,Serie A,25,1999,12,11,1015,11.3,0,2,2,0,0,0,2,0,0.1,0.1,1.3,1.3,5,26,2,0.0,0.18,0.18,0.0,0.18,0.01,0.11,0.12,0.01,0.12,3,0,0.0,0.27,0.0,0.0,0.0,19,0,0.02,-0.1,-0.1,562,630,89.2,11199,3969,186,194,95.9,298,313,95.2,72,108,66.7,0.8,0.7,7,29,3,0,0,4,1,5,8,0.71,7,0,0,1,0,0,2,0,2,0,0,0,0,0,9,5,8,0,1,4,7,57.1,3,18,13,6,15,42,0,724,85,358,352,17,5,724,8,3,37.5,5,62.5,433,2204,1137,4,0,2,0,494,0,9,5,0,0,1,0,28,17,19,47.2
Grant Ranos,ARM,FW,Gladbach,Bundesliga,21,2003,1,0,10,0.1,0,0,0,0,0,0,1,0,0.0,0.0,0.0,0.0,0,0,1,0.0,0.0,0.0,0.0,0.0,0.0,0.0,0.0,0.0,0.0,0,0,0.0,0.0,0.0,0.0,0.0,0,0,0.0,0.0,0.0,1,3,33.3,10,0,1,3,33.3,0,0,0.0,0,0,0.0,0.0,0.0,0,0,0,0,0,0,0,0,0,0.0,0,0,0,0,0,0,0,0,0,0,0,0,0,0,1,0,0,1,0,0,1,0.0,1,1,0,0,1,0,0,6,0,1,3,2,0,6,0,0,0.0,0,0.0,3,5,3,0,0,0,1,3,0,1,0,0,0,0,0,0,0,1,0.0
Lilian Raolisoa,FRA,"DF,FW",Angers,Ligue 1,24,2000,9,1,146,1.6,0,1,1,0,0,0,0,1,0.0,0.0,0.3,0.3,4,11,9,0.0,0.62,0.62,0.0,0.62,0.03,0.16,0.19,0.03,0.19,1,0,0.0,0.62,0.0,0.0,0.0,26,0,0.05,0.0,0.0,65,89,73.0,1172,588,23,25,92.0,34,45,75.6,6,15,40.0,0.3,0.7,3,8,3,2,0,0,12,2,8,4.93,5,2,1,0,0,0,2,1,1,1,0,0,0,0,4,2,2,1,1,1,4,25.0,3,1,1,2,6,4,0,108,1,30,46,37,2,108,9,6,66.7,2,22.2,58,374,168,4,0,1,2,64,0,4,2,0,0,0,0,14,5,2,71.4
Raphinha,BRA,"FW,MF",Barcelona,La Liga,28,1996,16,15,1347,15.0,11,6,17,10,1,1,1,0,10.5,9.7,7.6,17.4,51,71,134,0.73,0.4,1.14,0.67,1.07,0.7,0.51,1.21,0.65,1.16,50,23,46.0,3.34,1.54,0.2,0.43,20,8,0.19,0.5,0.3,469,666,70.4,8074,2380,235,287,81.9,161,212,75.9,59,114,51.8,4.9,-1.6,53,46,28,4,5,7,85,12,90,6.01,53,21,5,7,3,1,15,1,7,2,2,1,2,1,19,12,6,10,3,6,13,46.2,7,11,1,5,24,13,0,835,16,54,317,483,84,834,46,22,47.8,20,43.5,442,2658,1411,36,30,26,18,577,0,4,20,4,2,0,0,50,2,3,40.0
Marcus Rashford,ENG,FW,Manchester Utd,Premier League,27,1997,13,12,914,10.2,4,1,5,4,0,0,2,0,1.7,1.7,2.0,3.7,19,20,71,0.39,0.1,0.49,0.39,0.49,0.16,0.2,0.36,0.16,0.36,15,9,60.0,1.48,0.89,0.27,0.44,16,0,0.11,2.3,2.3,227,309,73.5,3120,805,152,181,84.0,52,80,65.0,11,23,47.8,1.3,-1.0,13,13,15,7,6,4,22,10,26,2.56,23,0,2,1,0,0,1,0,1,0,0,0,0,0,7,4,2,2,3,3,8,37.5,5,8,0,3,10,5,0,394,2,30,174,196,34,394,37,9,24.3,24,64.9,270,1585,697,17,12,12,6,312,0,8,7,7,0,0,0,20,5,7,41.7
Giacomo Raspadori,ITA,"FW,MF",Napoli,Serie A,24,2000,6,2,242,2.7,0,0,0,0,0,0,1,0,0.8,0.8,0.2,1.0,4,9,15,0.0,0.0,0.0,0.0,0.0,0.29,0.09,0.38,0.29,0.38,8,1,12.5,2.98,0.37,0.0,0.0,16,0,0.1,-0.8,-0.8,66,98,67.3,1099,262,31,41,75.6,27,36,75.0,6,14,42.9,0.2,-0.2,5,4,0,0,1,0,15,6,11,4.07,6,2,2,0,1,0,1,0,0,0,0,0,1,0,3,1,2,1,0,2,4,50.0,2,5,1,2,5,0,0,136,3,9,64,64,15,136,6,2,33.3,2,33.3,71,309,97,2,0,8,1,84,0,3,4,0,0,0,0,8,1,2,33.3
Andrei Ratiu,ROU,DF,Rayo Vallecano,La Liga,26,1998,12,12,1069,11.9,1,1,2,1,0,0,1,0,1.2,1.2,1.8,3.0,37,50,48,0.08,0.08,0.17,0.08,0.17,0.1,0.15,0.25,0.1,0.25,17,3,17.6,1.43,0.25,0.06,0.33,17,0,0.07,-0.2,-0.2,456,574,79.4,7007,2522,251,283,88.7,173,210,82.4,22,44,50.0,0.5,-0.8,10,36,7,3,1,1,32,17,27,2.27,18,2,4,3,0,0,2,0,0,0,0,2,0,0,25,16,17,3,5,17,20,85.0,3,12,2,9,34,23,0,708,27,197,278,242,31,708,40,26,65.0,14,35.0,371,2439,1166,28,10,20,21,430,0,8,4,3,0,0,0,55,5,13,27.8
Raúl,ESP,FW,Osasuna,La Liga,24,2000,14,2,307,3.4,1,0,1,1,0,0,0,0,0.4,0.4,0.6,0.9,5,3,21,0.29,0.0,0.29,0.29,0.29,0.11,0.16,0.27,0.11,0.27,6,3,50.0,1.76,0.88,0.17,0.33,18,0,0.06,0.6,0.6,36,61,59.0,464,55,22,30,73.3,12,18,66.7,0,2,0.0,0.2,-0.6,2,2,0,0,0,0,0,4,7,2.05,3,0,3,1,0,0,1,0,0,0,1,0,0,0,3,2,0,2,1,1,2,50.0,1,2,0,0,3,2,0,87,3,7,35,47,17,87,7,6,85.7,1,14.3,53,241,83,4,3,7,10,70,0,7,3,6,0,0,0,2,8,6,57.1
David Raum,GER,DF,Rb Leipzig,Bundesliga,26,1998,6,6,485,5.4,0,1,1,0,0,0,0,0,0.1,0.1,1.6,1.7,11,19,43,0.0,0.19,0.19,0.0,0.19,0.03,0.29,0.32,0.03,0.32,3,1,33.3,0.56,0.19,0.0,0.0,18,1,0.05,-0.1,-0.1,246,340,72.4,4095,1568,123,142,86.6,97,132,73.5,20,52,38.5,2.2,-0.6,15,14,4,3,1,1,47,9,23,4.27,14,7,2,0,0,0,1,0,1,0,0,0,0,0,11,8,5,4,2,2,6,33.3,4,5,1,2,13,10,0,378,16,108,157,115,15,378,7,3,42.9,2,28.6,156,665,382,5,1,2,2,229,0,2,4,1,0,0,0,25,4,6,40.0
Rayan Raveloson,MAD,"MF,DF",Auxerre,Ligue 1,27,1997,12,7,714,7.9,1,0,1,1,0,0,3,0,0.8,0.8,0.2,1.0,5,31,12,0.13,0.0,0.13,0.13,0.13,0.1,0.02,0.12,0.1,0.12,15,5,33.3,1.89,0.63,0.07,0.2,21,1,0.05,0.2,0.2,267,309,86.4,4963,1317,114,121,94.2,104,115,90.4,43,55,78.2,0.3,-0.2,3,18,6,0,1,6,8,9,17,2.14,12,2,0,2,1,0,0,0,0,0,0,0,0,0,6,5,2,4,0,5,15,33.3,10,8,7,4,10,21,0,393,30,106,226,65,10,393,13,7,53.8,5,38.5,210,1048,383,5,1,10,10,236,0,9,11,0,0,0,0,43,8,9,47.1
Abderrahman Rebbach,ALG,"FW,MF",Alavés,La Liga,26,1998,7,4,361,4.0,0,0,0,0,0,0,1,0,0.2,0.2,0.3,0.5,15,4,33,0.0,0.0,0.0,0.0,0.0,0.04,0.07,0.11,0.04,0.11,6,1,16.7,1.5,0.25,0.0,0.0,20,0,0.03,-0.2,-0.2,68,111,61.3,1151,230,37,53,69.8,22,33,66.7,8,17,47.1,0.4,-0.3,6,2,5,3,0,1,17,6,10,2.49,7,0,1,2,0,0,0,0,0,0,0,0,0,0,3,2,3,0,0,0,5,0.0,5,4,0,0,3,5,0,163,4,23,59,82,18,163,13,3,23.1,9,69.2,97,619,346,4,7,9,4,101,0,4,5,2,0,0,0,16,1,8,11.1
Ante Rebić,CRO,"FW,MF",Lecce,Serie A,31,1993,12,5,391,4.3,1,0,1,1,0,0,2,0,1.5,1.5,1.6,3.1,8,18,29,0.23,0.0,0.23,0.23,0.23,0.35,0.36,0.71,0.35,0.71,8,2,25.0,1.84,0.46,0.13,0.5,12,0,0.19,-0.5,-0.5,87,139,62.6,1335,548,46,61,75.4,22,38,57.9,10,17,58.8,0.9,-1.6,14,10,8,2,1,0,21,11,19,4.37,13,5,0,0,1,0,0,0,0,0,0,0,0,0,5,4,3,1,1,2,6,33.3,4,1,1,0,5,3,0,193,4,26,68,103,16,193,15,4,26.7,9,60.0,101,560,247,7,1,18,5,144,0,12,7,4,0,0,0,17,13,16,44.8
Harrison Reed,ENG,MF,Fulham,Premier League,29,1995,8,0,61,0.7,0,0,0,0,0,0,2,0,0.0,0.0,0.1,0.1,1,3,7,0.0,0.0,0.0,0.0,0.0,0.02,0.11,0.13,0.02,0.13,1,0,0.0,1.48,0.0,0.0,0.0,28,0,0.01,0.0,0.0,28,39,71.8,418,111,16,18,88.9,9,11,81.8,2,4,50.0,0.1,-0.1,1,0,1,0,0,0,5,3,1,1.48,0,1,0,0,0,0,0,0,0,0,0,0,0,0,5,2,2,2,1,0,2,0.0,2,1,0,1,6,2,0,56,1,7,19,31,4,56,1,0,0.0,0,0.0,22,70,17,1,0,2,2,27,0,5,2,0,0,0,0,8,1,1,50.0
Bobby Reid,JAM,"FW,MF",Leicester City,Premier League,31,1993,9,2,202,2.2,0,0,0,0,0,0,0,0,0.1,0.1,0.1,0.2,6,5,11,0.0,0.0,0.0,0.0,0.0,0.05,0.05,0.1,0.05,0.1,3,1,33.3,1.34,0.45,0.0,0.0,31,0,0.03,-0.1,-0.1,50,71,70.4,694,225,29,37,78.4,17,20,85.0,1,6,16.7,0.1,-0.1,1,3,2,0,0,0,3,4,4,1.78,2,0,0,1,1,0,1,0,0,0,0,0,1,0,3,2,0,3,0,2,5,40.0,3,4,1,0,3,4,0,96,8,26,42,28,4,96,2,0,0.0,2,100.0,55,287,140,2,2,2,4,61,0,4,4,2,1,0,0,11,1,4,20.0
Tijjani Reijnders,NED,MF,Milan,Serie A,26,1998,12,11,911,10.1,3,2,5,3,0,0,1,1,1.5,1.5,1.1,2.6,39,74,33,0.3,0.2,0.49,0.3,0.49,0.15,0.1,0.25,0.15,0.25,19,7,36.8,1.88,0.69,0.16,0.43,21,1,0.08,1.5,1.5,431,478,90.2,7189,1668,204,217,94.0,186,200,93.0,31,42,73.8,1.1,0.9,11,38,12,0,5,1,7,2,30,2.96,19,1,6,3,1,0,7,0,3,1,1,2,0,0,5,3,1,3,1,2,11,18.2,9,1,0,10,15,7,0,552,13,67,314,177,21,552,25,13,52.0,11,44.0,369,2584,1414,40,9,9,9,439,0,6,4,0,1,0,0,37,2,6,25.0
Rocco Reitz,GER,MF,Gladbach,Bundesliga,22,2002,12,8,721,8.0,0,0,0,0,0,0,1,0,0.6,0.6,0.4,0.9,8,45,12,0.0,0.0,0.0,0.0,0.0,0.07,0.05,0.12,0.07,0.12,8,4,50.0,1.0,0.5,0.0,0.0,16,0,0.07,-0.6,-0.6,336,412,81.6,5681,2185,156,173,90.2,138,166,83.1,32,50,64.0,1.0,-0.4,7,35,10,1,7,1,8,6,24,3.0,17,0,1,0,2,4,3,0,3,0,0,0,0,0,27,14,11,14,2,11,19,57.9,8,10,4,31,58,17,1,538,25,153,301,89,15,538,16,8,50.0,7,43.8,310,1470,614,9,1,8,11,345,0,9,20,0,0,0,0,48,12,7,63.2
Nicolai Remberg,GER,MF,Holstein Kiel,Bundesliga,24,2000,12,6,647,7.2,0,1,1,0,0,0,3,0,0.7,0.7,0.2,0.9,9,23,14,0.0,0.14,0.14,0.0,0.14,0.1,0.02,0.13,0.1,0.13,9,2,22.2,1.25,0.28,0.0,0.0,17,0,0.08,-0.7,-0.7,168,241,69.7,2991,803,72,95,75.8,77,97,79.4,15,33,45.5,0.3,0.8,3,19,5,1,0,1,4,8,10,1.39,9,0,0,1,0,0,1,0,1,0,0,0,0,0,18,11,7,10,1,7,12,58.3,5,12,2,6,24,17,0,331,24,92,192,50,7,331,5,1,20.0,2,40.0,129,722,335,7,0,6,3,198,0,16,13,1,0,0,1,23,25,16,61.0
Mateo Retegui,ITA,FW,Atalanta,Serie A,25,1999,14,12,879,9.8,12,3,15,10,2,2,2,0,8.2,6.6,1.2,7.9,5,13,83,1.23,0.31,1.54,1.02,1.33,0.84,0.13,0.97,0.68,0.81,46,16,34.8,4.71,1.64,0.22,0.63,12,1,0.14,3.8,3.4,156,208,75.0,2069,279,100,118,84.7,48,62,77.4,3,7,42.9,0.6,1.8,13,8,3,0,0,1,6,7,28,2.87,22,0,1,2,3,0,7,0,5,0,0,1,1,0,8,4,0,4,4,2,6,33.3,4,1,0,1,9,5,0,321,6,9,118,195,76,319,12,2,16.7,7,58.3,196,758,186,5,2,30,17,271,0,13,14,2,1,0,0,21,22,32,40.7
Elvis Rexhbeçaj,KVX,MF,Augsburg,Bundesliga,27,1997,11,11,912,10.1,1,0,1,1,0,0,5,0,1.0,1.0,0.2,1.2,20,54,43,0.1,0.0,0.1,0.1,0.1,0.1,0.02,0.12,0.1,0.12,17,4,23.5,1.68,0.39,0.06,0.25,18,1,0.06,0.0,0.0,216,318,67.9,3548,1032,102,117,87.2,94,128,73.4,14,45,31.1,0.5,-0.2,4,20,9,0,0,1,47,14,29,2.86,16,6,0,5,2,0,2,0,2,0,0,0,0,0,14,10,5,7,2,9,25,36.0,16,22,3,9,23,10,0,423,13,63,177,186,19,423,15,5,33.3,7,46.7,210,999,490,11,5,12,7,252,0,5,19,0,0,0,0,43,4,11,26.7
Gio Reyna,USA,MF,Dortmund,Bundesliga,22,2002,3,0,24,0.3,0,0,0,0,0,0,0,0,0.0,0.0,0.0,0.0,1,2,2,0.0,0.0,0.0,0.0,0.0,0.0,0.0,0.0,0.0,0.0,0,0,0.0,0.0,0.0,0.0,0.0,0,0,0.0,0.0,0.0,23,27,85.2,356,78,13,14,92.9,8,10,80.0,2,2,100.0,0.0,0.0,0,2,0,0,0,0,2,1,1,3.75,1,0,0,0,0,0,0,0,0,0,0,0,0,0,1,0,0,0,1,1,1,100.0,0,0,0,0,1,0,0,32,0,0,13,20,0,32,1,0,0.0,1,100.0,17,90,43,0,0,1,1,22,0,0,0,0,0,0,0,2,1,0,100.0
Chadi Riad,MAR,DF,Crystal Palace,Premier League,21,2003,1,1,90,1.0,0,0,0,0,0,0,0,0,0.0,0.0,0.0,0.0,2,7,0,0.0,0.0,0.0,0.0,0.0,0.0,0.0,0.0,0.0,0.0,0,0,0.0,0.0,0.0,0.0,0.0,0,0,0.0,0.0,0.0,70,82,85.4,1411,568,24,28,85.7,38,41,92.7,8,13,61.5,0.0,0.0,0,8,1,0,0,1,0,2,0,0.0,0,0,0,0,0,0,0,0,0,0,0,0,0,0,5,2,2,2,1,2,3,66.7,1,0,0,2,7,0,0,90,5,41,49,1,0,90,0,0,0.0,0,0.0,58,318,232,0,0,1,0,69,0,1,0,0,0,0,0,4,2,4,33.3
Alexsandro Ribeiro,BRA,DF,Lille,Ligue 1,25,1999,11,11,990,11.0,0,1,1,0,0,0,5,0,0.5,0.5,0.1,0.6,8,61,2,0.0,0.09,0.09,0.0,0.09,0.04,0.01,0.05,0.04,0.05,5,1,20.0,0.45,0.09,0.0,0.0,11,0,0.09,-0.5,-0.5,707,787,89.8,13914,4759,206,220,93.6,436,464,94.0,58,90,64.4,0.3,0.9,3,70,2,0,1,3,2,4,12,1.09,12,0,0,0,0,0,3,0,3,0,0,0,0,0,12,9,6,5,1,10,15,66.7,5,6,2,13,25,56,1,892,108,372,486,41,8,892,3,1,33.3,2,66.7,571,2807,1677,12,0,6,3,623,0,10,12,1,0,1,0,59,18,5,78.3
Samuele Ricci,ITA,MF,Torino,Serie A,23,2001,14,14,1182,13.1,0,0,0,0,0,0,3,0,0.6,0.6,0.2,0.9,23,53,14,0.0,0.0,0.0,0.0,0.0,0.05,0.02,0.07,0.05,0.07,11,3,27.3,0.84,0.23,0.0,0.0,25,0,0.06,-0.6,-0.6,523,598,87.5,9067,1923,220,244,90.2,259,287,90.2,33,47,70.2,0.7,-0.2,7,49,6,0,3,3,13,8,24,1.83,21,2,0,0,1,0,2,0,2,0,0,0,0,0,16,8,6,6,4,9,12,75.0,3,9,5,10,26,20,2,700,37,137,441,132,11,700,12,4,33.3,6,50.0,436,2719,1373,20,4,12,7,486,0,16,30,0,0,0,0,57,6,9,40.0
Declan Rice,ENG,MF,Arsenal,Premier League,25,1999,11,11,922,10.2,0,1,1,0,0,0,4,1,0.7,0.7,1.6,2.3,30,65,34,0.0,0.1,0.1,0.0,0.1,0.07,0.15,0.22,0.07,0.22,10,2,20.0,0.98,0.2,0.0,0.0,19,0,0.07,-0.7,-0.7,429,528,81.3,7576,1949,203,219,92.7,171,199,85.9,45,89,50.6,1.4,-0.6,17,43,10,0,0,10,62,4,34,3.32,19,11,2,1,1,0,2,0,1,1,0,0,0,0,17,6,5,10,2,7,12,58.3,5,10,7,9,26,15,0,616,28,116,281,224,23,616,13,6,46.2,6,46.2,305,1868,1003,23,7,9,12,387,1,11,6,1,0,0,0,51,11,9,55.0
Chris Richards,USA,DF,Crystal Palace,Premier League,24,2000,6,4,355,3.9,0,0,0,0,0,0,1,0,0.1,0.1,0.0,0.1,2,6,1,0.0,0.0,0.0,0.0,0.0,0.03,0.0,0.03,0.03,0.03,1,0,0.0,0.25,0.0,0.0,0.0,8,0,0.12,-0.1,-0.1,135,162,83.3,2262,833,65,70,92.9,57,62,91.9,11,22,50.0,0.0,0.0,0,2,0,0,0,1,0,3,1,0.25,1,0,0,0,0,0,0,0,0,0,0,0,0,0,10,5,5,4,1,6,11,54.5,5,7,1,3,13,18,0,206,20,104,92,12,2,206,1,0,0.0,1,100.0,92,392,198,0,0,0,0,126,0,3,1,1,0,0,0,13,3,9,25.0
Amir Richardson,MAR,MF,Fiorentina,Serie A,22,2002,8,3,337,3.7,0,0,0,0,0,0,3,0,0.3,0.3,0.1,0.3,8,12,5,0.0,0.0,0.0,0.0,0.0,0.07,0.02,0.09,0.07,0.09,4,2,50.0,1.07,0.53,0.0,0.0,20,0,0.07,-0.3,-0.3,211,233,90.6,3423,725,93,95,97.9,101,111,91.0,10,13,76.9,0.1,-0.1,3,23,1,0,0,1,2,3,9,2.4,7,0,1,0,1,0,2,0,1,0,0,0,1,0,11,4,7,4,0,2,6,33.3,4,3,0,1,12,11,1,280,15,63,172,45,4,280,7,6,85.7,0,0.0,183,956,428,3,0,6,3,202,0,9,6,0,0,0,0,10,4,3,57.1
Richarlison,BRA,FW,Tottenham,Premier League,27,1997,5,0,90,1.0,0,1,1,0,0,0,1,0,0.2,0.2,0.8,1.0,4,5,12,0.0,1.0,1.0,0.0,1.0,0.19,0.76,0.95,0.19,0.95,1,0,0.0,1.0,0.0,0.0,0.0,4,0,0.19,-0.2,-0.2,23,34,67.6,300,69,13,14,92.9,7,13,53.8,1,2,50.0,0.5,0.2,2,4,0,0,0,0,4,2,3,2.97,2,0,0,0,1,0,1,0,1,0,0,0,0,0,1,1,0,0,1,0,0,0.0,0,0,0,0,1,2,0,47,2,6,28,13,5,47,5,1,20.0,3,60.0,28,153,65,2,1,2,1,39,0,1,2,0,0,0,0,5,1,2,33.3
Diego Rico,ESP,DF,Getafe,La Liga,31,1993,15,14,1257,14.0,0,1,1,0,0,0,4,0,0.2,0.2,1.4,1.6,20,61,53,0.0,0.07,0.07,0.0,0.07,0.02,0.1,0.11,0.02,0.11,9,3,33.3,0.64,0.21,0.0,0.0,26,1,0.03,-0.2,-0.2,476,705,67.5,8552,4660,221,259,85.3,198,281,70.5,48,123,39.0,2.1,-0.4,21,50,26,17,0,5,74,20,41,2.94,27,12,1,0,1,0,5,0,1,2,1,0,1,0,41,20,23,15,3,21,36,58.3,15,11,0,13,54,23,1,844,21,208,393,252,8,844,9,4,44.4,4,44.4,320,1347,713,11,2,21,7,346,0,13,25,1,1,0,0,53,13,8,61.9
Fabian Rieder,SUI,"MF,FW",Stuttgart,Bundesliga,22,2002,12,6,594,6.6,1,3,4,1,0,0,0,0,0.9,0.9,1.7,2.6,12,24,37,0.15,0.45,0.61,0.15,0.61,0.13,0.26,0.39,0.13,0.39,11,5,45.5,1.67,0.76,0.09,0.2,21,4,0.08,0.1,0.1,185,268,69.0,3152,874,90,106,84.9,73,99,73.7,19,42,45.2,1.7,1.3,9,15,6,2,2,0,31,14,22,3.33,13,3,2,3,1,0,4,0,2,1,1,0,0,0,10,9,3,4,3,6,20,30.0,14,8,1,6,16,3,0,327,1,42,133,158,11,327,12,7,58.3,5,41.7,159,879,363,9,2,18,8,203,0,7,5,0,0,0,0,28,2,9,18.2
Luis Rioja,ESP,FW,Alavés,La Liga,31,1993,1,0,23,0.3,0,0,0,0,0,0,0,0,0.0,0.0,0.1,0.1,4,1,3,0.0,0.0,0.0,0.0,0.0,0.0,0.57,0.57,0.0,0.57,0,0,0.0,0.0,0.0,0.0,0.0,0,0,0.0,0.0,0.0,5,11,45.5,70,27,3,4,75.0,2,5,40.0,0,1,0.0,0.1,-0.1,1,0,0,0,0,0,6,0,1,3.91,1,0,0,0,0,0,0,0,0,0,0,0,0,0,2,1,0,1,1,1,2,50.0,1,2,0,0,2,0,0,15,0,2,4,10,2,15,0,0,0.0,0,0.0,8,99,71,1,2,0,0,10,0,1,1,0,0,0,0,1,0,0,0.0
Luis Rioja,ESP,MF,Valencia,La Liga,31,1993,12,11,949,10.5,2,0,2,1,1,1,3,0,1.3,0.5,0.5,0.9,20,24,58,0.19,0.0,0.19,0.09,0.09,0.12,0.05,0.16,0.04,0.09,7,3,42.9,0.66,0.28,0.14,0.33,22,0,0.07,0.7,0.5,208,327,63.6,3364,762,115,140,82.1,69,104,66.3,17,50,34.0,1.0,-0.5,9,14,11,7,1,5,63,21,19,1.8,14,2,1,0,1,1,3,0,2,1,0,0,0,0,12,7,1,7,4,6,16,37.5,10,11,0,11,23,11,0,423,6,57,166,212,19,422,29,11,37.9,14,48.3,217,1348,539,15,5,15,16,291,0,4,14,4,0,0,0,40,3,9,25.0
Rodrigo Riquelme,ESP,"DF,MF",Atlético Madrid,La Liga,24,2000,10,4,404,4.5,0,0,0,0,0,0,0,0,0.7,0.7,0.5,1.2,35,19,48,0.0,0.0,0.0,0.0,0.0,0.15,0.12,0.27,0.15,0.27,11,4,36.4,2.45,0.89,0.0,0.0,17,0,0.06,-0.7,-0.7,163,203,80.3,2205,588,98,112,87.5,50,57,87.7,5,18,27.8,0.6,-0.5,9,12,7,1,0,0,21,4,19,4.22,18,1,0,0,0,0,0,0,0,0,0,0,0,0,8,3,3,5,0,4,9,44.4,5,2,0,1,9,3,0,265,6,35,100,137,18,265,18,4,22.2,12,66.7,188,1359,787,18,8,7,5,198,0,4,6,4,0,0,0,14,3,3,50.0
Alberto Risco,ESP,"MF,FW",Getafe,La Liga,19,2005,5,0,69,0.8,0,0,0,0,0,0,0,0,0.2,0.2,0.1,0.3,3,3,6,0.0,0.0,0.0,0.0,0.0,0.22,0.19,0.41,0.22,0.41,4,1,25.0,5.22,1.3,0.0,0.0,21,0,0.04,-0.2,-0.2,25,34,73.5,340,98,15,18,83.3,6,8,75.0,2,4,50.0,0.2,-0.1,4,1,4,3,0,0,4,1,6,7.71,5,0,0,1,0,0,0,0,0,0,0,0,0,0,4,4,2,0,2,1,6,16.7,5,2,0,0,4,0,0,57,0,7,17,34,5,57,6,1,16.7,5,83.3,32,153,79,3,2,5,4,33,0,1,2,0,0,0,0,5,1,3,25.0
Mihailo Ristić,SRB,"MF,DF",Celta Vigo,La Liga,29,1995,2,2,111,1.2,0,0,0,0,0,0,0,0,0.0,0.0,0.0,0.0,0,1,4,0.0,0.0,0.0,0.0,0.0,0.0,0.0,0.0,0.0,0.0,0,0,0.0,0.0,0.0,0.0,0.0,0,0,0.0,0.0,0.0,39,52,75.0,612,195,24,27,88.9,13,17,76.5,2,6,33.3,0.0,0.0,0,2,0,0,0,0,3,1,0,0.0,0,0,0,0,0,0,0,0,0,0,0,0,0,0,2,2,1,1,0,0,1,0.0,1,0,0,0,2,4,0,66,6,22,31,14,0,66,5,1,20.0,4,80.0,37,189,86,0,0,2,0,42,0,2,1,0,0,0,0,4,0,2,0.0
Lars Ritzka,GER,"DF,FW",St. Pauli,Bundesliga,26,1998,7,4,361,4.0,0,0,0,0,0,0,1,0,0.3,0.3,0.1,0.4,3,7,17,0.0,0.0,0.0,0.0,0.0,0.07,0.03,0.11,0.07,0.11,3,0,0.0,0.75,0.0,0.0,0.0,21,0,0.1,-0.3,-0.3,119,167,71.3,1958,687,60,71,84.5,55,71,77.5,4,18,22.2,0.2,-0.1,3,8,3,1,0,0,9,6,6,1.5,5,0,0,0,1,0,0,0,0,0,0,0,0,0,26,16,15,8,3,14,23,60.9,9,8,0,2,28,14,0,223,4,70,96,57,4,223,1,0,0.0,1,100.0,50,175,109,2,0,1,3,103,0,3,2,0,0,0,0,12,0,9,0.0
Gorka Rivera Alonso,ESP,"DF,MF",Getafe,La Liga,20,2004,1,0,20,0.2,0,0,0,0,0,0,0,0,0.0,0.0,0.0,0.0,0,1,0,0.0,0.0,0.0,0.0,0.0,0.0,0.0,0.0,0.0,0.0,0,0,0.0,0.0,0.0,0.0,0.0,0,0,0.0,0.0,0.0,5,11,45.5,94,27,1,2,50.0,4,7,57.1,0,2,0.0,0.0,0.0,0,1,0,0,0,0,0,0,0,0.0,0,0,0,0,0,0,0,0,0,0,0,0,0,0,2,0,0,2,0,2,2,100.0,0,0,0,0,2,0,0,17,0,7,8,2,0,17,2,0,0.0,1,50.0,5,23,5,0,0,2,0,5,0,1,1,0,0,0,0,1,0,1,0.0
Sergi Roberto,ESP,MF,Como,Serie A,32,1992,8,6,527,5.9,0,1,1,0,0,0,3,0,0.7,0.7,0.7,1.4,8,31,13,0.0,0.17,0.17,0.0,0.17,0.11,0.12,0.23,0.11,0.23,6,1,16.7,1.02,0.17,0.0,0.0,23,0,0.11,-0.7,-0.7,363,397,91.4,4802,1111,237,251,94.4,100,102,98.0,11,16,68.8,0.5,0.3,14,22,5,0,1,0,5,8,20,3.42,16,3,0,1,0,0,1,0,1,0,0,0,0,0,10,6,3,3,4,4,5,80.0,1,4,1,9,19,8,0,455,10,74,279,105,6,455,9,3,33.3,5,55.6,263,1247,628,13,1,9,4,333,0,7,10,0,0,2,0,43,4,8,33.3
Andrew Robertson,SCO,DF,Liverpool,Premier League,30,1994,12,11,936,10.4,0,0,0,0,0,0,1,0,0.5,0.5,2.1,2.6,21,62,28,0.0,0.0,0.0,0.0,0.0,0.05,0.21,0.25,0.05,0.25,4,2,50.0,0.38,0.19,0.0,0.0,12,0,0.12,-0.5,-0.5,607,727,83.5,10172,3154,291,308,94.5,265,298,88.9,42,96,43.8,1.7,-2.1,18,43,11,5,3,2,54,13,28,2.69,23,4,0,0,0,1,0,0,0,0,0,0,0,0,15,9,11,2,2,12,21,57.1,9,2,1,5,20,13,0,793,31,219,344,236,18,793,7,2,28.6,4,57.1,390,1753,936,16,1,9,3,518,0,3,3,0,0,1,0,48,1,3,25.0
Antonee Robinson,USA,DF,Fulham,Premier League,27,1997,13,13,1170,13.0,0,3,3,0,0,0,1,0,0.3,0.3,1.5,1.8,32,50,98,0.0,0.23,0.23,0.0,0.23,0.02,0.12,0.14,0.02,0.14,9,1,11.1,0.69,0.08,0.0,0.0,23,0,0.03,-0.3,-0.3,580,743,78.1,10456,3913,255,292,87.3,263,320,82.2,56,94,59.6,1.4,1.5,11,50,23,11,0,1,53,16,27,2.08,26,0,1,0,0,0,4,0,4,0,0,0,0,0,38,25,21,16,1,20,35,57.1,15,11,1,23,61,45,0,897,52,277,350,282,27,897,28,16,57.1,10,35.7,491,2212,1230,20,12,16,8,527,0,11,4,3,0,0,0,51,12,8,60.0
Marc Roca,ESP,MF,Betis,La Liga,28,1996,9,9,729,8.1,0,1,1,0,0,0,3,0,0.5,0.5,0.4,0.9,10,49,10,0.0,0.12,0.12,0.0,0.12,0.06,0.05,0.11,0.06,0.11,8,0,0.0,0.99,0.0,0.0,0.0,16,1,0.06,-0.5,-0.5,382,434,88.0,6538,1872,176,188,93.6,174,187,93.0,24,41,58.5,0.5,0.6,11,41,5,2,0,3,7,6,21,2.59,17,1,2,1,0,0,1,0,1,0,0,0,0,0,14,8,8,6,0,8,15,53.3,7,16,5,8,22,9,1,504,22,120,312,76,12,504,5,4,80.0,1,20.0,310,1710,880,12,0,7,6,342,0,15,4,0,0,0,0,42,3,9,25.0
Rodri,ESP,MF,Manchester City,Premier League,28,1996,2,1,65,0.7,0,0,0,0,0,0,0,0,0.0,0.0,0.0,0.0,0,4,1,0.0,0.0,0.0,0.0,0.0,0.0,0.06,0.06,0.0,0.06,0,0,0.0,0.0,0.0,0.0,0.0,0,0,0.0,0.0,0.0,57,61,93.4,1056,250,25,26,96.2,24,27,88.9,7,7,100.0,0.1,0.0,1,3,1,0,0,0,0,0,2,2.77,2,0,0,0,0,0,0,0,0,0,0,0,0,0,2,1,1,1,0,0,0,0.0,0,1,0,1,3,0,0,65,1,12,30,24,0,65,1,0,0.0,0,0.0,34,125,42,2,0,0,0,49,0,1,2,0,0,0,0,7,1,0,100.0
Rodri,ESP,FW,Betis,La Liga,24,2000,3,1,118,1.3,0,0,0,0,0,0,0,0,0.2,0.2,0.1,0.2,4,8,11,0.0,0.0,0.0,0.0,0.0,0.13,0.06,0.19,0.13,0.19,2,2,100.0,1.53,1.53,0.0,0.0,22,0,0.08,-0.2,-0.2,56,66,84.8,941,282,35,36,97.2,14,17,82.4,7,11,63.6,0.3,-0.1,2,4,5,0,0,1,6,3,11,8.39,7,2,0,1,0,1,0,0,0,0,0,0,0,0,2,1,1,1,0,1,2,50.0,1,2,1,1,3,1,1,86,3,22,32,33,6,86,6,2,33.3,4,66.7,57,401,183,3,3,5,2,63,0,2,2,1,0,0,0,10,0,2,0.0
Álvaro Rodríguez,URU,FW,Getafe,La Liga,20,2004,8,2,310,3.4,1,0,1,1,0,0,2,0,0.5,0.5,0.2,0.7,0,2,15,0.29,0.0,0.29,0.29,0.29,0.15,0.05,0.2,0.15,0.2,8,3,37.5,2.32,0.87,0.13,0.33,11,0,0.06,0.5,0.5,33,66,50.0,470,84,16,30,53.3,13,21,61.9,1,2,50.0,0.2,-0.2,2,3,1,0,0,0,1,0,4,1.16,3,0,0,1,0,0,0,0,0,0,0,0,0,0,3,2,0,2,1,2,2,100.0,0,11,0,3,6,5,0,132,6,12,62,62,21,132,9,4,44.4,4,44.4,52,194,23,2,1,14,8,89,0,16,8,4,0,0,0,11,32,20,61.5
Óscar Rodríguez Arnaiz,ESP,"MF,FW",Leganés,La Liga,26,1998,10,5,436,4.8,1,2,3,1,0,0,3,0,0.8,0.8,0.6,1.5,7,19,19,0.21,0.41,0.62,0.21,0.62,0.18,0.12,0.3,0.18,0.3,9,3,33.3,1.86,0.62,0.11,0.33,23,4,0.09,0.2,0.2,125,179,69.8,1991,550,69,81,85.2,45,63,71.4,9,26,34.6,0.3,1.4,6,6,8,2,1,6,12,4,15,3.1,10,0,2,1,1,1,3,0,2,0,0,0,0,1,11,5,5,4,2,5,10,50.0,5,2,0,6,17,5,0,231,6,38,117,80,6,231,13,6,46.2,6,46.2,116,645,289,7,4,8,6,165,0,7,11,0,1,0,0,18,6,10,37.5
Damián Rodríguez,ESP,MF,Celta Vigo,La Liga,21,2003,11,6,622,6.9,0,0,0,0,0,0,2,0,0.0,0.0,0.5,0.6,3,40,5,0.0,0.0,0.0,0.0,0.0,0.0,0.08,0.08,0.0,0.08,1,0,0.0,0.14,0.0,0.0,0.0,25,0,0.02,0.0,0.0,452,514,87.9,7605,2057,207,222,93.2,205,220,93.2,31,52,59.6,1.0,-0.5,11,49,3,0,0,3,21,9,17,2.46,11,6,0,0,0,0,2,0,2,0,0,0,0,0,8,5,2,5,1,2,9,22.2,7,4,1,5,13,9,0,553,12,78,372,104,4,553,1,0,0.0,1,100.0,337,1440,720,3,0,4,5,424,0,9,7,0,0,0,0,29,0,3,0.0
Dani Rodríguez,ESP,"FW,MF",Mallorca,La Liga,36,1988,16,10,847,9.4,3,4,7,3,0,0,1,0,1.6,1.6,1.6,3.2,14,34,39,0.32,0.43,0.74,0.32,0.74,0.17,0.17,0.34,0.17,0.34,11,5,45.5,1.17,0.53,0.27,0.6,15,0,0.14,1.4,1.4,206,297,69.4,3650,1220,102,123,82.9,69,93,74.2,30,60,50.0,1.6,2.4,11,18,7,4,5,4,52,10,20,2.13,9,10,0,0,1,0,6,0,4,2,0,0,0,0,20,15,8,8,4,6,7,85.7,1,6,1,4,24,12,0,388,9,46,175,174,16,388,14,8,57.1,4,28.6,215,1151,451,18,2,16,14,256,0,16,18,4,0,0,0,23,7,14,33.3
Guido Rodríguez,ARG,MF,West Ham,Premier League,30,1994,13,11,819,9.1,0,0,0,0,0,0,3,0,0.1,0.1,0.1,0.2,2,25,4,0.0,0.0,0.0,0.0,0.0,0.02,0.01,0.02,0.02,0.02,7,1,14.3,0.77,0.11,0.0,0.0,28,0,0.02,-0.1,-0.1,345,414,83.3,5881,1617,162,189,85.7,149,163,91.4,28,43,65.1,0.1,-0.1,2,31,1,0,1,4,4,12,9,0.99,7,0,0,2,0,0,0,0,0,0,0,0,0,0,26,13,17,9,0,11,26,42.3,15,15,7,10,36,22,1,512,31,154,308,51,2,512,2,1,50.0,0,0.0,242,860,340,5,0,1,5,298,0,12,6,1,0,0,0,37,7,4,63.6
James Rodríguez,COL,"MF,FW",Rayo Vallecano,La Liga,33,1991,6,1,140,1.6,0,0,0,0,0,0,1,0,0.3,0.3,0.2,0.5,3,13,7,0.0,0.0,0.0,0.0,0.0,0.19,0.11,0.29,0.19,0.29,4,2,50.0,2.57,1.29,0.0,0.0,18,0,0.07,-0.3,-0.3,78,98,79.6,1368,440,40,44,90.9,21,25,84.0,13,24,54.2,0.3,-0.2,2,12,1,0,1,0,13,0,6,3.86,4,1,0,1,0,0,0,0,0,0,0,0,0,0,3,2,1,2,0,0,2,0.0,2,2,0,1,4,0,0,116,1,16,51,50,4,116,7,5,71.4,2,28.6,71,244,105,4,1,5,0,85,0,2,1,3,0,0,0,8,2,3,40.0
Javi Rodríguez,ESP,DF,Celta Vigo,La Liga,21,2003,14,8,873,9.7,1,1,2,1,0,0,3,0,0.4,0.4,0.7,1.1,11,42,19,0.1,0.1,0.21,0.1,0.21,0.04,0.07,0.11,0.04,0.11,5,1,20.0,0.52,0.1,0.2,1.0,12,0,0.08,0.6,0.6,568,658,86.3,10099,2906,229,246,93.1,277,302,91.7,53,85,62.4,0.5,0.3,5,37,4,0,1,3,2,9,11,1.13,9,0,0,0,2,0,1,0,1,0,0,0,0,0,15,10,12,3,0,10,16,62.5,6,8,1,10,25,32,0,738,39,242,429,67,9,738,4,1,25.0,2,50.0,481,2077,1126,9,1,3,1,550,0,9,9,0,0,0,0,27,15,4,78.9
Jesus Rodríguez,ESP,FW,Betis,La Liga,19,2005,1,1,82,0.9,0,0,0,0,0,0,0,0,0.1,0.1,0.0,0.1,3,0,6,0.0,0.0,0.0,0.0,0.0,0.06,0.0,0.06,0.06,0.06,1,1,100.0,1.1,1.1,0.0,0.0,10,0,0.06,-0.1,-0.1,12,21,57.1,136,46,11,12,91.7,1,2,50.0,0,1,0.0,0.0,0.0,0,2,0,0,0,0,1,4,3,3.29,0,0,2,0,1,0,0,0,0,0,0,0,0,0,1,1,0,1,0,1,1,100.0,0,0,0,1,2,0,0,41,0,3,22,16,5,41,11,3,27.3,5,45.5,25,148,85,2,3,4,2,31,0,0,6,0,0,0,0,8,1,3,25.0
Kirian Rodríguez,ESP,MF,Las Palmas,La Liga,28,1996,14,14,1169,13.0,0,3,3,0,0,0,2,0,1.3,1.3,1.0,2.3,18,92,29,0.0,0.23,0.23,0.0,0.23,0.1,0.08,0.18,0.1,0.18,14,4,28.6,1.08,0.31,0.0,0.0,21,0,0.09,-1.3,-1.3,703,829,84.8,11043,3223,375,412,91.0,259,294,88.1,50,82,61.0,1.1,2.0,12,64,12,1,6,2,14,9,33,2.54,30,1,0,0,2,0,6,0,6,0,0,0,0,0,20,11,9,10,1,14,32,43.8,18,17,3,7,27,12,0,932,25,200,588,148,10,932,12,7,58.3,5,41.7,538,2499,1374,20,0,12,10,699,0,7,13,0,0,0,0,76,7,9,43.8
Ricardo Rodríguez,SUI,DF,Betis,La Liga,32,1992,6,4,334,3.7,0,0,0,0,0,0,0,0,0.0,0.0,0.1,0.1,3,13,11,0.0,0.0,0.0,0.0,0.0,0.0,0.04,0.04,0.0,0.04,0,0,0.0,0.0,0.0,0.0,0.0,0,0,0.0,0.0,0.0,159,199,79.9,2343,824,94,101,93.1,54,75,72.0,7,16,43.8,0.2,-0.1,2,11,3,2,0,0,3,3,4,1.08,4,0,0,0,0,0,0,0,0,0,0,0,0,0,9,7,6,1,2,5,9,55.6,4,2,0,3,12,12,0,230,18,70,119,43,1,230,3,3,100.0,0,0.0,111,474,258,5,0,2,0,128,0,3,1,0,0,0,0,18,4,4,50.0
Rodrygo,BRA,FW,Real Madrid,La Liga,23,2001,12,8,730,8.1,3,1,4,3,0,0,0,0,1.1,1.1,0.7,1.9,35,35,87,0.37,0.12,0.49,0.37,0.49,0.14,0.09,0.23,0.14,0.23,15,7,46.7,1.85,0.86,0.2,0.43,19,1,0.08,1.9,1.9,332,386,86.0,4332,1011,217,231,93.9,86,101,85.1,11,26,42.3,1.2,0.3,18,22,10,0,0,0,26,7,37,4.56,27,6,2,0,2,0,4,0,3,0,1,0,0,0,6,4,4,2,0,3,9,33.3,6,10,1,0,6,3,0,473,5,33,165,280,45,473,37,17,45.9,15,40.5,307,2052,1157,26,19,18,3,378,0,3,11,0,0,0,0,17,4,5,44.4
Mads Roerslev,DEN,DF,Brentford,Premier League,25,1999,10,4,456,5.1,0,1,1,0,0,0,1,0,0.0,0.0,1.6,1.6,8,31,31,0.0,0.2,0.2,0.0,0.2,0.0,0.31,0.31,0.0,0.31,1,0,0.0,0.2,0.0,0.0,0.0,30,0,0.0,0.0,0.0,211,263,80.2,3643,1135,96,109,88.1,95,114,83.3,16,27,59.3,0.6,-0.6,7,21,4,2,0,1,15,6,11,2.17,10,0,1,0,0,0,1,0,1,0,0,0,0,0,5,3,4,1,0,1,8,12.5,7,5,1,2,7,14,0,303,21,110,131,63,4,303,10,4,40.0,5,50.0,179,870,434,6,0,3,5,206,0,2,3,0,0,0,0,14,5,1,83.3
Morgan Rogers,ENG,"MF,FW",Aston Villa,Premier League,22,2002,13,13,1045,11.6,3,2,5,3,0,0,3,0,2.8,2.8,2.6,5.4,33,35,63,0.26,0.17,0.43,0.26,0.43,0.24,0.22,0.46,0.24,0.46,21,7,33.3,1.81,0.6,0.14,0.43,16,0,0.13,0.2,0.2,223,300,74.3,2918,1028,138,162,85.2,51,73,69.9,14,19,73.7,1.5,-0.6,17,22,13,0,6,2,3,18,37,3.19,28,0,3,5,1,0,3,0,3,0,0,0,0,0,11,5,2,6,3,5,12,41.7,7,10,2,3,14,6,0,446,12,62,205,190,47,446,50,21,42.0,21,42.0,256,1707,991,24,9,35,30,301,0,14,15,0,0,0,0,42,2,19,9.5
Merlin Röhl,GER,MF,Freiburg,Bundesliga,22,2002,4,3,182,2.0,0,0,0,0,0,0,0,0,0.5,0.5,0.0,0.5,7,4,11,0.0,0.0,0.0,0.0,0.0,0.24,0.01,0.25,0.24,0.25,3,2,66.7,1.48,0.99,0.0,0.0,15,0,0.16,-0.5,-0.5,41,51,80.4,516,137,21,22,95.5,14,19,73.7,1,1,100.0,0.1,0.0,1,4,0,0,0,0,3,2,8,3.98,6,0,0,1,0,1,0,0,0,0,0,0,0,0,3,3,1,2,0,1,1,100.0,0,1,0,1,4,0,0,75,0,7,40,30,6,75,6,4,66.7,1,16.7,46,366,203,4,3,9,4,56,0,3,1,0,0,0,0,10,4,10,28.6
Alessio Romagnoli,ITA,DF,Lazio,Serie A,29,1995,11,11,878,9.8,0,0,0,0,0,0,1,1,0.7,0.7,0.1,0.8,3,15,0,0.0,0.0,0.0,0.0,0.0,0.07,0.01,0.08,0.07,0.08,5,2,40.0,0.51,0.21,0.0,0.0,8,0,0.13,-0.7,-0.7,534,586,91.1,9232,2864,215,228,94.3,285,302,94.4,25,41,61.0,0.1,-0.1,4,19,1,0,0,0,0,0,7,0.72,7,0,0,0,0,0,0,0,0,0,0,0,0,0,17,11,7,10,0,8,10,80.0,2,7,4,12,29,25,0,664,89,304,338,23,13,664,0,0,0.0,0,0.0,384,1560,677,0,0,2,0,456,0,9,4,1,0,0,0,29,27,14,65.9
Carlos Romero,ESP,"DF,MF",Espanyol,La Liga,23,2001,14,11,930,10.3,1,1,2,1,0,0,4,0,1.0,1.0,0.8,1.8,17,29,45,0.1,0.1,0.19,0.1,0.19,0.1,0.07,0.17,0.1,0.17,10,2,20.0,0.97,0.19,0.1,0.5,21,0,0.1,0.0,0.0,263,375,70.1,4409,1681,137,172,79.7,103,135,76.3,21,48,43.8,0.9,0.2,13,21,13,6,1,1,39,15,25,2.42,14,9,2,0,0,0,2,0,1,1,0,0,0,0,29,20,21,7,1,16,30,53.3,14,11,1,7,36,29,0,485,37,147,198,149,8,485,15,6,40.0,9,60.0,209,1372,714,12,3,12,7,247,0,15,4,1,0,2,0,43,5,10,33.3
Cristian Romero,ARG,DF,Tottenham,Premier League,26,1998,11,11,960,10.7,1,0,1,1,0,0,1,0,1.1,1.1,0.5,1.6,10,48,2,0.09,0.0,0.09,0.09,0.09,0.1,0.05,0.15,0.1,0.15,11,4,36.4,1.03,0.37,0.09,0.25,9,0,0.1,-0.1,-0.1,790,876,90.2,14768,5793,273,296,92.2,450,475,94.7,57,85,67.1,0.7,-0.5,6,85,7,1,4,1,3,5,16,1.5,13,0,0,3,0,0,2,0,2,0,0,0,0,0,25,22,20,5,0,14,20,70.0,6,13,3,13,38,32,0,976,111,398,530,54,16,976,3,1,33.3,1,33.3,654,3417,2136,16,0,4,3,671,0,6,9,1,0,0,0,62,27,23,54.0
Isaac Romero,ESP,FW,Sevilla,La Liga,24,2000,13,12,978,10.9,0,2,2,0,0,0,4,0,2.2,2.2,1.3,3.5,12,9,47,0.0,0.18,0.18,0.0,0.18,0.21,0.12,0.32,0.21,0.32,26,7,26.9,2.39,0.64,0.0,0.0,17,0,0.09,-2.2,-2.2,142,203,70.0,1931,240,89,111,80.2,35,52,67.3,7,14,50.0,1.1,0.7,9,6,6,2,1,0,9,7,20,1.84,13,0,4,0,3,0,4,0,3,0,1,0,0,0,5,2,0,2,3,1,8,12.5,7,10,1,1,6,11,0,346,12,27,156,165,45,346,32,11,34.4,16,50.0,181,749,276,4,8,40,24,239,0,16,19,7,0,1,0,28,19,27,41.3
Luka Romero,ARG,"FW,MF",Alavés,La Liga,20,2004,6,2,199,2.2,0,0,0,0,0,1,0,0,0.8,0.0,0.2,0.2,3,0,12,0.0,0.0,0.0,0.0,0.0,0.37,0.08,0.45,0.01,0.09,1,0,0.0,0.45,0.0,0.0,0.0,38,0,0.02,-0.8,0.0,34,49,69.4,515,110,18,24,75.0,14,14,100.0,1,8,12.5,0.4,-0.2,4,0,1,1,0,0,10,1,8,3.62,4,1,1,0,1,1,1,0,1,0,0,0,0,0,4,4,1,1,2,2,3,66.7,1,2,0,1,5,0,0,69,0,5,28,37,5,68,3,1,33.3,1,33.3,42,256,69,1,1,5,7,45,0,3,3,1,1,0,0,9,2,4,33.3
Oriol Romeu,ESP,MF,Girona,La Liga,33,1991,10,8,603,6.7,0,0,0,0,0,0,3,0,0.0,0.0,0.1,0.1,6,32,3,0.0,0.0,0.0,0.0,0.0,0.01,0.01,0.02,0.01,0.02,1,0,0.0,0.15,0.0,0.0,0.0,21,0,0.04,0.0,0.0,387,428,90.4,6688,1398,169,182,92.9,185,198,93.4,29,38,76.3,0.4,-0.1,3,41,1,1,1,4,5,5,9,1.35,9,0,0,0,0,0,0,0,0,0,0,0,0,0,21,13,8,10,3,9,11,81.8,2,10,3,2,23,7,0,490,18,99,323,68,1,490,5,2,40.0,2,40.0,264,1347,690,9,1,4,7,377,0,15,9,0,0,0,0,38,7,5,58.3
Valentin Rongier,FRA,"MF,DF",Marseille,Ligue 1,30,1994,8,3,343,3.8,1,0,1,1,0,0,2,0,0.5,0.5,0.0,0.5,7,13,5,0.26,0.0,0.26,0.26,0.26,0.13,0.0,0.13,0.13,0.13,2,2,100.0,0.52,0.52,0.5,0.5,12,0,0.24,0.5,0.5,226,252,89.7,3268,941,137,145,94.5,77,85,90.6,6,11,54.5,0.1,0.0,0,18,0,0,0,0,0,3,5,1.31,4,0,0,1,0,0,2,0,2,0,0,0,0,0,10,5,6,4,0,4,8,50.0,4,11,5,8,18,13,1,317,26,124,163,35,2,317,4,4,100.0,0,0.0,160,644,338,3,0,8,5,210,0,11,5,0,0,1,0,28,2,1,66.7
Marten De Roon,NED,"MF,DF",Atalanta,Serie A,33,1991,14,14,1260,14.0,3,0,3,3,0,0,4,0,0.2,0.2,0.7,0.9,10,111,11,0.21,0.0,0.21,0.21,0.21,0.02,0.05,0.06,0.02,0.06,4,3,75.0,0.29,0.21,0.75,1.0,22,0,0.05,2.8,2.8,821,958,85.7,15560,5076,291,325,89.5,434,484,89.7,83,126,65.9,0.9,-0.7,9,109,10,0,0,5,10,7,24,1.71,19,5,0,0,0,0,5,0,4,1,0,0,0,0,35,20,13,21,1,15,27,55.6,12,21,2,15,50,24,1,1075,31,270,646,166,4,1075,4,0,0.0,4,100.0,573,2330,1362,18,0,8,5,745,0,23,8,1,0,0,0,52,21,13,61.8
Vitor Roque,BRA,FW,Betis,La Liga,19,2005,12,9,755,8.4,3,0,3,3,0,0,0,0,4.6,4.6,0.9,5.5,14,6,34,0.36,0.0,0.36,0.36,0.36,0.55,0.11,0.65,0.55,0.65,28,14,50.0,3.34,1.67,0.11,0.21,13,0,0.16,-1.6,-1.6,79,113,69.9,1008,201,47,62,75.8,21,28,75.0,3,5,60.0,0.2,-0.9,8,1,3,0,0,0,1,6,20,2.38,11,0,4,5,0,0,1,0,0,0,0,1,0,0,3,3,0,1,2,0,2,0.0,2,1,0,4,7,1,0,209,1,13,98,103,41,209,19,6,31.6,11,57.9,130,750,337,11,11,30,23,140,0,16,15,4,0,0,0,24,7,13,35.0
Pablo Rosario,NED,MF,Nice,Ligue 1,27,1997,13,11,968,10.8,1,0,1,0,1,1,2,0,1.8,1.0,0.3,1.3,6,44,11,0.09,0.0,0.09,0.0,0.0,0.17,0.03,0.19,0.09,0.12,7,3,42.9,0.65,0.28,0.0,0.0,17,0,0.14,-0.8,-1.0,372,433,85.9,6282,2230,179,198,90.4,163,177,92.1,24,40,60.0,0.4,-0.3,10,39,9,1,2,1,2,5,21,1.95,18,0,1,0,0,2,1,0,1,0,0,0,0,0,10,6,2,8,0,4,10,40.0,6,10,5,22,32,18,2,532,38,142,316,78,13,531,10,5,50.0,5,50.0,261,1179,587,8,2,9,9,382,0,15,6,0,0,0,0,29,12,10,54.5
Lasse Rosenboom,GER,DF,Holstein Kiel,Bundesliga,22,2002,6,1,213,2.4,0,0,0,0,0,0,0,0,0.0,0.0,0.2,0.2,2,3,6,0.0,0.0,0.0,0.0,0.0,0.02,0.08,0.1,0.02,0.1,1,0,0.0,0.42,0.0,0.0,0.0,14,0,0.04,0.0,0.0,34,56,60.7,679,249,10,19,52.6,17,25,68.0,6,10,60.0,0.3,-0.2,3,2,2,1,0,1,2,1,5,2.1,5,0,0,0,0,0,0,0,0,0,0,0,0,0,6,5,6,0,0,4,6,66.7,2,5,1,5,11,8,0,90,14,46,26,18,6,90,3,0,0.0,3,100.0,29,157,63,0,0,3,1,41,0,3,3,0,0,0,0,9,1,6,14.3
Max Rosenfelder,GER,DF,Freiburg,Bundesliga,21,2003,10,4,477,5.3,0,0,0,0,0,0,0,0,0.0,0.0,0.3,0.3,7,13,5,0.0,0.0,0.0,0.0,0.0,0.0,0.06,0.06,0.0,0.06,1,0,0.0,0.19,0.0,0.0,0.0,15,0,0.02,0.0,0.0,213,246,86.6,3662,1059,74,84,88.1,129,142,90.8,6,12,50.0,0.1,-0.3,3,4,1,0,0,0,1,4,7,1.32,5,0,1,0,0,1,0,0,0,0,0,0,0,0,14,8,9,5,0,8,9,88.9,1,6,2,3,17,34,0,314,44,149,154,14,2,314,8,5,62.5,3,37.5,167,974,536,4,2,2,1,194,0,5,7,0,0,1,0,20,5,10,33.3
Valentin Rosier,FRA,DF,Leganés,La Liga,28,1996,13,10,964,10.7,0,1,1,0,0,0,4,0,0.2,0.2,0.3,0.5,13,16,29,0.0,0.09,0.09,0.0,0.09,0.02,0.03,0.05,0.02,0.05,5,1,20.0,0.47,0.09,0.0,0.0,19,0,0.04,-0.2,-0.2,330,440,75.0,5146,1918,185,203,91.1,117,163,71.8,20,49,40.8,0.3,0.7,4,26,3,1,0,1,16,10,11,1.03,6,3,2,0,0,0,2,0,1,0,1,0,0,0,36,29,26,9,1,22,35,62.9,13,14,2,16,52,55,1,599,53,245,249,110,10,599,13,8,61.5,5,38.5,243,1123,563,9,5,12,12,265,0,19,11,3,0,0,0,40,12,5,70.6
Tom Rothe,GER,"DF,MF",Union Berlin,Bundesliga,20,2004,9,8,667,7.4,2,1,3,2,0,0,3,0,1.0,1.0,0.8,1.8,13,21,43,0.27,0.13,0.4,0.27,0.4,0.14,0.11,0.25,0.14,0.25,12,4,33.3,1.62,0.54,0.17,0.5,11,0,0.08,1.0,1.0,233,354,65.8,3627,1529,131,155,84.5,78,120,65.0,18,45,40.0,0.6,0.2,6,11,8,5,1,3,20,18,18,2.43,12,2,0,3,1,0,3,0,2,0,0,1,0,0,25,14,18,7,0,14,23,60.9,9,17,3,7,32,18,1,474,28,144,183,148,18,474,13,4,30.8,9,69.2,181,939,394,8,2,7,13,217,0,11,5,0,0,0,0,40,12,24,33.3
Anthony Rouault,FRA,DF,Stuttgart,Bundesliga,23,2001,10,7,621,6.9,0,0,0,0,0,0,0,0,0.1,0.1,0.2,0.4,0,18,1,0.0,0.0,0.0,0.0,0.0,0.02,0.04,0.05,0.02,0.05,1,0,0.0,0.14,0.0,0.0,0.0,5,0,0.13,-0.1,-0.1,362,402,90.0,6533,2637,146,152,96.1,187,198,94.4,27,48,56.3,0.3,-0.2,4,17,0,0,0,0,0,1,6,0.87,5,0,0,0,0,1,0,0,0,0,0,0,0,0,7,6,4,1,2,6,7,85.7,1,10,4,10,17,34,1,470,71,254,208,10,3,470,1,1,100.0,0,0.0,218,774,327,1,0,1,2,314,0,9,3,0,0,0,0,31,14,8,63.6
Jonas Rouhi,SWE,DF,Juventus,Serie A,20,2004,3,1,115,1.3,0,0,0,0,0,0,0,0,0.0,0.0,0.0,0.0,1,7,4,0.0,0.0,0.0,0.0,0.0,0.0,0.0,0.0,0.0,0.0,0,0,0.0,0.0,0.0,0.0,0.0,0,0,0.0,0.0,0.0,76,91,83.5,1244,338,40,42,95.2,31,37,83.8,5,9,55.6,0.0,0.0,0,6,0,0,0,1,2,3,0,0.0,0,0,0,0,0,0,0,0,0,0,0,0,0,0,1,0,0,1,0,0,0,0.0,0,1,0,1,2,2,0,105,1,27,57,21,1,105,4,2,50.0,2,50.0,54,271,120,2,0,2,2,70,0,1,0,0,0,0,0,9,0,3,0.0
Jérôme Roussillon,FRA,DF,Union Berlin,Bundesliga,31,1993,1,0,11,0.1,0,0,0,0,0,0,0,0,0.0,0.0,0.0,0.0,0,1,1,0.0,0.0,0.0,0.0,0.0,0.0,0.0,0.0,0.0,0.0,0,0,0.0,0.0,0.0,0.0,0.0,0,0,0.0,0.0,0.0,2,4,50.0,30,23,1,2,50.0,1,2,50.0,0,0,0.0,0.0,0.0,0,0,0,0,0,0,0,0,0,0.0,0,0,0,0,0,0,0,0,0,0,0,0,0,0,0,0,0,0,0,0,0,0.0,0,0,0,0,0,1,0,7,1,1,4,2,2,7,0,0,0.0,0,0.0,2,0,0,0,0,0,0,3,0,0,0,0,0,0,0,0,0,1,0.0
Nicolò Rovella,ITA,MF,Lazio,Serie A,23,2001,12,11,976,10.8,0,0,0,0,0,0,5,0,0.2,0.2,0.3,0.5,13,54,14,0.0,0.0,0.0,0.0,0.0,0.02,0.03,0.04,0.02,0.04,7,3,42.9,0.65,0.28,0.0,0.0,26,0,0.03,-0.2,-0.2,678,752,90.2,12573,3080,263,278,94.6,342,358,95.5,66,96,68.8,0.3,-0.3,8,50,4,0,3,4,14,3,20,1.84,15,3,1,0,0,1,0,0,0,0,0,0,0,0,37,24,12,21,4,16,27,59.3,11,8,2,16,53,14,2,848,32,201,550,109,1,848,9,7,77.8,2,22.2,518,2845,1344,17,0,9,5,614,0,19,6,0,0,0,0,62,2,8,20.0
Jon Rowe,ENG,"FW,MF",Marseille,Ligue 1,21,2003,11,3,381,4.2,2,2,4,2,0,0,2,0,1.7,1.7,2.8,4.5,16,12,40,0.47,0.47,0.94,0.47,0.94,0.39,0.66,1.05,0.39,1.05,22,8,36.4,5.2,1.89,0.09,0.25,17,0,0.08,0.3,0.3,111,134,82.8,1544,305,69,74,93.2,36,44,81.8,3,7,42.9,0.8,-0.8,8,3,5,2,2,0,13,6,14,3.32,5,1,5,3,0,0,5,1,2,0,1,2,0,0,6,6,0,2,4,4,6,66.7,2,1,1,1,7,0,0,196,1,15,67,116,26,196,24,13,54.2,9,37.5,134,827,415,7,6,13,7,156,0,7,12,2,0,0,0,11,2,6,25.0
Amir Rrahmani,KVX,DF,Napoli,Serie A,30,1994,14,14,1260,14.0,0,2,2,0,0,0,1,0,1.3,1.3,0.5,1.7,9,51,0,0.0,0.14,0.14,0.0,0.14,0.09,0.03,0.12,0.09,0.12,14,0,0.0,1.0,0.0,0.0,0.0,8,0,0.09,-1.3,-1.3,823,895,92.0,15692,5736,303,321,94.4,435,456,95.4,77,100,77.0,0.2,1.5,4,60,0,0,0,5,0,2,13,0.93,10,2,0,1,0,0,3,0,1,1,0,1,0,0,11,9,7,4,0,6,10,60.0,4,14,8,5,16,57,0,1016,97,456,521,40,17,1016,1,1,100.0,0,0.0,550,2774,1725,7,0,3,1,695,0,11,4,0,0,0,0,46,51,20,71.8
Tommaso Rubino,ITA,MF,Fiorentina,Serie A,18,2006,1,0,8,0.1,0,0,0,0,0,0,0,0,0.0,0.0,0.0,0.0,0,1,0,0.0,0.0,0.0,0.0,0.0,0.0,0.53,0.53,0.0,0.53,0,0,0.0,0.0,0.0,0.0,0.0,0,0,0.0,0.0,0.0,1,3,33.3,22,19,0,0,0.0,1,3,33.3,0,0,0.0,0.1,0.0,1,0,0,0,1,0,0,0,1,11.25,1,0,0,0,0,0,0,0,0,0,0,0,0,0,0,0,0,0,0,0,1,0.0,1,0,0,0,0,0,0,3,0,1,2,0,0,3,0,0,0.0,0,0.0,3,5,4,0,0,0,0,1,0,1,0,0,0,0,0,2,0,0,0.0
Antonio Rüdiger,GER,DF,Real Madrid,La Liga,31,1993,14,13,1177,13.1,0,0,0,0,0,0,1,0,0.8,0.8,0.1,1.0,9,48,1,0.0,0.0,0.0,0.0,0.0,0.06,0.01,0.07,0.06,0.07,10,2,20.0,0.76,0.15,0.0,0.0,15,0,0.08,-0.8,-0.8,866,951,91.1,16281,5295,325,336,96.7,444,474,93.7,84,119,70.6,0.2,-0.1,3,57,4,1,1,8,2,4,13,0.99,9,0,0,3,1,0,1,0,0,0,0,0,1,0,10,6,6,4,0,6,8,75.0,2,14,10,5,15,45,0,1051,113,531,476,49,11,1051,3,2,66.7,0,0.0,650,3044,1912,12,1,2,1,780,0,8,11,0,1,0,0,49,20,13,60.6
Matteo Ruggeri,ITA,DF,Atalanta,Serie A,22,2002,12,11,931,10.3,0,2,2,0,0,0,1,0,0.2,0.2,1.3,1.5,33,58,56,0.0,0.19,0.19,0.0,0.19,0.02,0.12,0.14,0.02,0.14,2,2,100.0,0.19,0.19,0.0,0.0,16,0,0.1,-0.2,-0.2,592,701,84.5,9670,2578,316,347,91.1,234,263,89.0,34,64,53.1,0.7,0.7,11,37,10,10,0,2,39,18,20,1.93,16,1,1,2,0,0,3,0,3,0,0,0,0,0,15,10,5,7,3,9,11,81.8,2,14,1,10,25,17,1,767,20,192,352,229,11,767,5,3,60.0,2,40.0,378,1934,1030,17,0,9,1,527,0,6,4,2,0,0,0,74,13,7,65.0
Aitor Ruibal,ESP,"FW,DF",Betis,La Liga,28,1996,12,7,558,6.2,0,1,1,0,0,0,2,0,0.5,0.5,1.0,1.6,9,16,38,0.0,0.16,0.16,0.0,0.16,0.09,0.17,0.26,0.09,0.26,8,2,25.0,1.29,0.32,0.0,0.0,17,0,0.07,-0.5,-0.5,166,209,79.4,2540,980,93,99,93.9,53,65,81.5,15,26,57.7,0.7,0.0,11,16,5,3,0,0,14,8,21,3.39,18,1,1,1,0,0,1,0,1,0,0,0,0,0,12,8,7,2,3,8,12,66.7,4,9,2,7,19,11,0,286,14,55,138,98,17,286,12,7,58.3,5,41.7,149,716,340,10,3,14,10,176,0,3,7,2,0,0,0,31,3,8,27.3
Abel Ruiz,ESP,FW,Girona,La Liga,24,2000,10,9,701,7.8,2,0,2,1,1,1,2,0,2.1,1.3,0.1,1.5,11,12,37,0.26,0.0,0.26,0.13,0.13,0.27,0.02,0.29,0.17,0.19,12,4,33.3,1.54,0.51,0.08,0.25,13,0,0.11,-0.1,-0.3,136,152,89.5,2059,254,80,86,93.0,46,49,93.9,9,15,60.0,0.4,-0.1,3,10,2,0,0,1,2,1,7,0.9,4,0,0,2,1,0,1,0,0,0,0,1,0,0,2,0,1,0,1,2,5,40.0,3,4,1,2,4,3,0,224,5,16,109,101,33,223,15,5,33.3,8,53.3,137,748,224,5,6,22,9,163,0,6,7,4,0,0,0,15,5,13,27.8
Ferrán Ruiz,ESP,MF,Girona,La Liga,21,2003,1,0,18,0.2,0,0,0,0,0,0,0,0,0.0,0.0,0.0,0.0,0,1,0,0.0,0.0,0.0,0.0,0.0,0.0,0.0,0.0,0.0,0.0,0,0,0.0,0.0,0.0,0.0,0.0,0,0,0.0,0.0,0.0,3,6,50.0,39,15,2,3,66.7,1,3,33.3,0,0,0.0,0.0,0.0,0,0,0,0,0,0,0,0,0,0.0,0,0,0,0,0,0,0,0,0,0,0,0,0,0,0,0,0,0,0,0,0,0.0,0,2,1,1,1,0,0,9,0,3,6,1,0,9,0,0,0.0,0,0.0,5,15,1,0,0,1,0,4,0,0,0,0,0,0,0,1,0,1,0.0
Fabián Ruiz Peña,ESP,MF,Paris S-G,Ligue 1,28,1996,12,6,621,6.9,1,0,1,1,0,0,0,0,1.3,1.3,1.2,2.5,16,77,29,0.14,0.0,0.14,0.14,0.14,0.19,0.18,0.37,0.19,0.37,15,4,26.7,2.17,0.58,0.07,0.25,18,0,0.09,-0.3,-0.3,523,571,91.6,8277,2066,279,294,94.9,194,207,93.7,36,47,76.6,1.3,-1.2,13,54,11,2,3,7,10,7,32,4.64,30,0,0,2,0,0,3,0,3,0,0,0,0,0,16,9,8,5,3,8,21,38.1,13,8,1,9,25,8,1,644,18,87,382,179,20,644,6,4,66.7,2,33.3,385,1925,1110,19,3,13,5,515,0,0,3,1,0,0,0,44,1,5,16.7
Georginio Rutter,FRA,"FW,MF",Brighton,Premier League,22,2002,12,10,753,8.4,2,2,4,2,0,0,2,0,2.6,2.6,1.3,3.9,19,37,46,0.24,0.24,0.48,0.24,0.48,0.31,0.16,0.47,0.31,0.47,31,6,19.4,3.71,0.72,0.06,0.33,15,0,0.08,-0.6,-0.6,122,178,68.5,1786,570,74,93,79.6,38,55,69.1,6,8,75.0,1.0,0.7,9,15,10,0,8,0,5,9,33,3.93,19,0,4,7,2,1,4,0,2,0,1,1,0,0,14,4,6,6,2,5,15,33.3,10,7,0,5,19,7,1,306,12,39,124,151,38,306,31,10,32.3,18,58.1,174,1213,720,17,7,23,14,211,0,20,18,3,0,1,0,32,18,10,64.3
Julian Ryerson,NOR,DF,Dortmund,Bundesliga,27,1997,11,11,857,9.5,1,1,2,1,0,0,2,0,0.3,0.3,0.8,1.1,19,17,57,0.11,0.11,0.21,0.11,0.21,0.03,0.09,0.12,0.03,0.12,7,3,42.9,0.74,0.32,0.14,0.33,18,0,0.04,0.7,0.7,393,448,87.7,6110,1244,204,219,93.2,167,177,94.4,15,29,51.7,0.8,0.2,10,15,9,6,0,1,24,12,15,1.58,13,0,2,0,0,0,2,0,1,0,1,0,0,0,16,10,12,3,1,14,21,66.7,7,11,1,11,27,11,1,536,14,127,248,170,14,536,19,12,63.2,7,36.8,290,1543,762,14,4,16,7,337,0,16,6,0,0,0,0,35,3,12,20.0
Elias Saad,TUN,"FW,MF",St. Pauli,Bundesliga,25,1999,6,3,343,3.8,2,2,4,2,0,0,1,0,0.9,0.9,0.5,1.4,14,12,29,0.52,0.52,1.05,0.52,1.05,0.24,0.13,0.37,0.24,0.37,10,4,40.0,2.62,1.05,0.2,0.5,17,0,0.09,1.1,1.1,61,81,75.3,974,221,35,37,94.6,21,29,72.4,4,5,80.0,0.3,1.5,7,3,5,1,0,1,7,8,19,4.99,10,0,3,3,3,0,4,1,1,0,2,1,0,0,12,7,4,5,3,6,11,54.5,5,6,0,1,13,1,0,156,1,15,56,88,21,156,26,9,34.6,11,42.3,116,838,424,7,7,19,13,114,0,9,15,0,0,0,0,16,0,8,0.0
Youssouf Sabaly,SEN,DF,Betis,La Liga,31,1993,9,7,647,7.2,0,0,0,0,0,0,1,0,0.1,0.1,0.4,0.5,8,28,27,0.0,0.0,0.0,0.0,0.0,0.02,0.05,0.07,0.02,0.07,3,0,0.0,0.42,0.0,0.0,0.0,14,0,0.05,-0.1,-0.1,352,418,84.2,5007,1749,201,219,91.8,132,153,86.3,9,24,37.5,0.4,-0.4,6,22,4,3,1,1,16,11,11,1.53,10,0,1,0,0,0,1,0,1,0,0,0,0,0,17,13,10,6,1,10,14,71.4,4,8,0,6,23,19,0,500,16,151,258,96,16,500,15,7,46.7,7,46.7,256,969,458,3,3,10,7,287,0,10,3,1,0,0,0,31,3,3,50.0
Emmanuel Sabbi,USA,"MF,FW",Le Havre,Ligue 1,27,1997,11,4,414,4.6,0,0,0,0,0,0,0,0,1.5,1.5,0.4,1.9,6,9,26,0.0,0.0,0.0,0.0,0.0,0.34,0.08,0.41,0.34,0.41,11,3,27.3,2.39,0.65,0.0,0.0,13,0,0.14,-1.5,-1.5,54,72,75.0,765,196,29,37,78.4,16,20,80.0,4,8,50.0,0.2,-0.4,3,2,4,1,1,0,8,2,16,3.48,8,0,4,1,2,1,1,0,1,0,0,0,0,0,7,5,3,2,2,3,4,75.0,1,2,0,2,9,3,0,140,2,19,52,70,15,140,23,9,39.1,10,43.5,85,471,151,3,1,15,2,94,0,7,11,2,0,0,0,13,6,6,50.0
Stefano Sabelli,ITA,DF,Genoa,Serie A,31,1993,13,10,761,8.5,0,1,1,0,0,0,1,0,0.1,0.1,0.8,0.9,13,24,23,0.0,0.12,0.12,0.0,0.12,0.01,0.09,0.11,0.01,0.11,4,0,0.0,0.47,0.0,0.0,0.0,17,0,0.03,-0.1,-0.1,208,340,61.2,4077,2044,78,94,83.0,96,141,68.1,29,81,35.8,0.4,0.2,6,24,12,5,0,1,32,7,13,1.54,12,1,0,0,0,0,1,0,1,0,0,0,0,0,20,10,10,7,3,7,22,31.8,15,12,1,7,27,21,0,424,20,127,192,106,5,424,6,0,0.0,4,66.7,167,773,459,7,0,7,2,210,0,12,10,0,0,0,0,34,6,8,42.9
Marcel Sabitzer,AUT,"MF,FW",Dortmund,Bundesliga,30,1994,11,9,755,8.4,0,0,0,0,0,0,2,0,1.0,1.0,0.2,1.2,12,47,35,0.0,0.0,0.0,0.0,0.0,0.11,0.03,0.14,0.11,0.14,10,5,50.0,1.19,0.6,0.0,0.0,20,0,0.1,-1.0,-1.0,312,383,81.5,4783,1220,184,201,91.5,110,129,85.3,14,31,45.2,0.6,-0.2,4,35,4,0,3,2,11,8,15,1.79,10,1,1,1,1,1,4,0,2,0,0,0,1,1,12,7,0,9,3,7,14,50.0,7,7,4,2,14,11,0,455,14,56,246,156,18,455,8,3,37.5,5,62.5,250,1149,576,19,2,12,5,330,0,5,3,0,0,0,0,24,8,6,57.1
Falaye Sacko,MLI,DF,Montpellier,Ligue 1,29,1995,10,10,850,9.4,0,1,1,0,0,0,1,0,0.0,0.0,0.1,0.1,15,47,27,0.0,0.11,0.11,0.0,0.11,0.0,0.01,0.01,0.0,0.01,0,0,0.0,0.0,0.0,0.0,0.0,0,0,0.0,0.0,0.0,393,468,84.0,6389,2486,188,206,91.3,173,199,86.9,21,40,52.5,0.2,0.9,5,32,2,1,0,1,8,10,16,1.69,16,0,0,0,0,0,1,0,1,0,0,0,0,0,13,7,9,3,1,8,15,53.3,7,14,5,11,24,9,0,532,28,161,263,117,6,532,8,2,25.0,6,75.0,276,1305,669,10,3,6,1,307,0,11,6,1,0,2,0,43,5,14,26.3
Umar Sadiq,NGA,FW,Real Sociedad,La Liga,27,1997,7,2,227,2.5,0,0,0,0,0,0,1,0,0.2,0.2,0.2,0.4,5,5,18,0.0,0.0,0.0,0.0,0.0,0.09,0.06,0.15,0.09,0.15,5,0,0.0,1.98,0.0,0.0,0.0,18,0,0.04,-0.2,-0.2,25,48,52.1,349,77,17,28,60.7,6,10,60.0,1,2,50.0,0.1,-0.2,1,2,0,0,0,0,2,2,3,1.19,2,0,0,1,0,0,0,0,0,0,0,0,0,0,2,1,1,1,0,1,2,50.0,1,3,1,1,3,2,0,85,1,12,30,46,16,85,9,5,55.6,4,44.4,49,278,94,2,3,14,6,66,0,8,1,5,0,0,0,5,9,11,45.0
Alexis Saelemaekers,BEL,"FW,DF",Roma,Serie A,25,1999,3,2,129,1.4,0,0,0,0,0,0,1,0,0.0,0.0,0.4,0.4,2,3,8,0.0,0.0,0.0,0.0,0.0,0.01,0.3,0.31,0.01,0.31,1,1,100.0,0.7,0.7,0.0,0.0,28,0,0.01,0.0,0.0,45,55,81.8,648,137,26,29,89.7,19,21,90.5,0,3,0.0,0.4,-0.4,2,2,2,1,0,0,3,3,4,2.81,4,0,0,0,0,0,0,0,0,0,0,0,0,0,6,2,3,2,1,4,4,100.0,0,2,1,0,6,1,0,73,1,14,27,32,2,73,7,2,28.6,5,71.4,42,228,99,2,0,2,4,54,0,2,2,0,0,0,0,4,0,0,0.0
Alexis Saelemaekers,BEL,"DF,FW",Milan,Serie A,25,1999,1,1,90,1.0,0,0,0,0,0,0,0,0,0.0,0.0,0.1,0.1,7,4,13,0.0,0.0,0.0,0.0,0.0,0.0,0.06,0.06,0.0,0.06,0,0,0.0,0.0,0.0,0.0,0.0,0,0,0.0,0.0,0.0,66,78,84.6,1070,288,40,41,97.6,16,22,72.7,8,12,66.7,0.3,-0.1,2,5,1,0,0,0,10,0,9,9.0,6,3,0,0,0,0,0,0,0,0,0,0,0,0,1,1,0,0,1,1,1,100.0,0,0,0,1,2,0,0,81,0,9,34,38,2,81,0,0,0.0,0,0.0,59,356,234,4,1,1,0,61,0,0,2,0,0,0,0,4,0,0,0.0
Jorge Sáenz,ESP,DF,Leganés,La Liga,28,1996,8,7,530,5.9,1,0,1,1,0,0,2,0,0.4,0.4,0.0,0.4,3,9,0,0.17,0.0,0.17,0.17,0.17,0.07,0.0,0.07,0.07,0.07,1,1,100.0,0.17,0.17,1.0,1.0,9,0,0.39,0.6,0.6,303,368,82.3,6235,2404,105,111,94.6,156,167,93.4,40,84,47.6,0.0,0.0,1,14,0,0,0,5,0,1,6,1.02,5,0,0,0,0,1,0,0,0,0,0,0,0,0,14,11,6,7,1,4,7,57.1,3,5,3,9,23,41,0,442,43,268,172,4,2,442,1,0,0.0,0,0.0,255,1017,541,1,0,3,1,289,0,12,5,0,0,1,0,21,16,12,57.1
Modibo Sagnan,MLI,DF,Montpellier,Ligue 1,25,1999,12,11,985,10.9,1,0,1,1,0,0,5,0,0.6,0.6,0.1,0.7,6,19,2,0.09,0.0,0.09,0.09,0.09,0.05,0.01,0.06,0.05,0.06,8,2,25.0,0.73,0.18,0.13,0.5,10,0,0.07,0.4,0.4,415,467,88.9,8806,3007,110,115,95.7,237,248,95.6,61,87,70.1,0.1,-0.1,4,22,3,0,0,11,0,6,6,0.55,4,0,1,0,1,0,1,0,1,0,0,0,0,0,21,9,12,7,2,12,21,57.1,9,10,6,17,38,45,2,582,87,304,253,27,9,582,8,4,50.0,3,37.5,321,1620,846,3,0,4,4,377,0,19,9,1,0,0,0,43,16,22,42.1
Richie Sagrado,BEL,DF,Venezia,Serie A,20,2004,2,2,115,1.3,0,0,0,0,0,0,1,0,0.1,0.1,0.0,0.1,0,1,5,0.0,0.0,0.0,0.0,0.0,0.04,0.0,0.04,0.04,0.04,1,0,0.0,0.78,0.0,0.0,0.0,23,0,0.05,-0.1,-0.1,16,19,84.2,166,61,13,14,92.9,3,3,100.0,0,2,0.0,0.0,0.0,0,1,0,0,0,0,0,0,0,0.0,0,0,0,0,0,0,0,0,0,0,0,0,0,0,2,2,1,1,0,1,1,100.0,0,1,0,1,3,2,0,30,3,9,13,9,0,30,0,0,0.0,0,0.0,14,71,48,0,0,3,0,16,0,2,1,0,0,0,0,6,1,0,100.0
Osame Sahraoui,MAR,"FW,MF",Lille,Ligue 1,23,2001,12,7,670,7.4,0,3,3,0,0,0,1,0,0.6,0.6,2.5,3.1,33,37,72,0.0,0.4,0.4,0.0,0.4,0.08,0.34,0.42,0.08,0.42,10,2,20.0,1.34,0.27,0.0,0.0,16,0,0.06,-0.6,-0.6,232,271,85.6,3218,835,143,161,88.8,76,86,88.4,4,7,57.1,2.5,0.5,17,23,17,1,3,0,6,8,35,4.7,27,1,4,2,1,0,4,0,3,0,0,1,0,0,4,3,2,1,1,1,4,25.0,3,9,1,4,8,5,1,373,5,26,144,209,35,373,48,19,39.6,28,58.3,252,1638,843,22,13,17,15,291,0,4,7,1,0,0,0,23,0,4,0.0
Wesley Saïd,FRA,"FW,MF",Lens,Ligue 1,29,1995,7,5,350,3.9,1,0,1,1,0,0,2,0,1.9,1.9,0.2,2.2,4,11,20,0.26,0.0,0.26,0.26,0.26,0.5,0.06,0.56,0.5,0.56,8,3,37.5,2.06,0.77,0.13,0.33,12,0,0.24,-0.9,-0.9,72,92,78.3,839,185,52,57,91.2,16,22,72.7,1,5,20.0,0.3,-0.2,4,3,5,0,0,0,4,3,12,3.09,8,0,3,0,1,0,0,0,0,0,0,0,0,0,3,2,1,2,0,1,2,50.0,1,0,0,0,3,1,0,121,2,7,51,64,22,121,12,5,41.7,7,58.3,74,306,129,3,3,6,4,95,0,8,1,3,0,0,0,5,3,7,30.0
Bukayo Saka,ENG,"MF,FW",Arsenal,Premier League,23,2001,12,12,975,10.8,5,10,15,4,1,1,3,0,3.6,2.8,5.1,8.0,56,42,140,0.46,0.92,1.38,0.37,1.29,0.34,0.47,0.81,0.26,0.74,39,14,35.9,3.6,1.29,0.1,0.29,16,0,0.07,1.4,1.2,310,407,76.2,4688,1518,184,202,91.1,90,123,73.2,25,49,51.0,4.8,4.9,36,10,22,7,4,1,65,15,76,7.02,45,14,7,7,3,0,20,1,12,4,2,1,1,0,17,10,5,6,6,7,16,43.8,9,13,0,2,19,6,0,554,5,34,123,402,91,553,54,22,40.7,22,40.7,352,2392,1440,17,30,20,27,397,0,10,26,1,1,0,0,46,6,14,30.0
Marco Sala,ITA,DF,Como,Serie A,25,1999,7,2,186,2.1,0,0,0,0,0,0,2,0,0.0,0.0,0.1,0.1,5,12,14,0.0,0.0,0.0,0.0,0.0,0.0,0.05,0.05,0.0,0.05,0,0,0.0,0.0,0.0,0.0,0.0,0,0,0.0,0.0,0.0,81,102,79.4,1284,384,41,44,93.2,35,41,85.4,4,12,33.3,0.2,-0.1,1,4,2,1,0,1,5,3,4,1.94,4,0,0,0,0,0,0,0,0,0,0,0,0,0,8,5,5,2,1,4,6,66.7,2,1,0,1,9,7,0,119,9,39,51,29,0,119,1,0,0.0,0,0.0,73,395,217,7,0,1,0,80,0,4,1,0,0,0,0,5,1,1,50.0
Ibrahim Salah,MAR,FW,Brest,Ligue 1,23,2001,7,3,302,3.4,1,1,2,1,0,0,0,0,0.6,0.6,0.6,1.1,15,5,33,0.3,0.3,0.6,0.3,0.6,0.17,0.17,0.33,0.17,0.33,12,3,25.0,3.58,0.89,0.08,0.33,19,0,0.05,0.4,0.4,71,102,69.6,967,186,40,46,87.0,17,30,56.7,6,12,50.0,0.4,0.4,6,1,2,2,0,1,13,4,11,3.28,8,0,2,1,0,0,2,0,1,0,0,1,0,0,2,1,1,0,1,1,4,25.0,3,2,0,1,3,0,0,152,0,11,64,80,15,152,21,9,42.9,12,57.1,103,653,407,7,6,12,6,112,0,5,3,1,0,0,0,18,1,2,33.3
Mohamed Salah,EGY,FW,Liverpool,Premier League,32,1992,13,13,1136,12.6,11,7,18,7,4,4,1,0,9.7,6.6,4.8,11.3,51,48,133,0.87,0.55,1.43,0.55,1.11,0.77,0.38,1.15,0.52,0.9,39,21,53.8,3.09,1.66,0.18,0.33,15,0,0.17,1.3,0.4,281,391,71.9,4460,1312,155,189,82.0,96,129,74.4,23,43,53.5,2.7,2.2,23,23,26,5,2,2,19,14,54,4.28,37,1,7,4,3,2,8,0,7,0,0,1,0,0,7,5,2,3,2,2,3,66.7,1,1,0,4,11,4,0,516,7,32,175,315,107,512,42,21,50.0,19,45.2,373,2366,1085,18,46,29,28,457,0,9,21,6,0,0,0,36,2,1,66.7
Amine Salama,FRA,FW,Reims,Ligue 1,24,2000,11,1,217,2.4,0,0,0,0,0,0,0,0,0.4,0.4,0.2,0.5,10,6,19,0.0,0.0,0.0,0.0,0.0,0.15,0.06,0.21,0.15,0.21,6,3,50.0,2.49,1.24,0.0,0.0,17,1,0.06,-0.4,-0.4,37,47,78.7,659,131,17,18,94.4,12,15,80.0,6,6,100.0,0.1,-0.2,2,3,1,0,0,2,2,3,6,2.48,3,0,0,2,0,1,0,0,0,0,0,0,0,0,2,2,0,1,1,0,3,0.0,3,2,1,0,2,0,0,84,1,7,34,47,17,84,14,7,50.0,7,50.0,54,515,224,7,4,16,4,58,0,2,1,2,0,0,0,8,1,2,33.3
Kike Salas,ESP,DF,Sevilla,La Liga,22,2002,10,6,558,6.2,0,0,0,0,0,0,2,0,0.2,0.2,0.0,0.2,2,19,1,0.0,0.0,0.0,0.0,0.0,0.03,0.0,0.03,0.03,0.03,5,0,0.0,0.81,0.0,0.0,0.0,14,0,0.04,-0.2,-0.2,353,444,79.5,6411,2107,133,150,88.7,196,227,86.3,21,59,35.6,0.1,0.0,0,12,0,0,0,3,0,2,4,0.65,4,0,0,0,0,0,2,0,2,0,0,0,0,0,6,6,2,2,2,3,5,60.0,2,8,4,9,15,30,0,507,41,273,216,20,5,507,1,0,0.0,1,100.0,248,1011,585,2,0,2,1,326,0,5,2,0,0,0,0,16,27,11,71.1
Manolis Saliakas,GRE,"MF,DF",St. Pauli,Bundesliga,28,1996,11,9,802,8.9,1,0,1,1,0,0,2,0,0.5,0.5,0.5,1.1,9,36,36,0.11,0.0,0.11,0.11,0.11,0.06,0.06,0.12,0.06,0.12,12,2,16.7,1.35,0.22,0.08,0.5,21,0,0.04,0.5,0.5,376,519,72.4,7222,2620,140,158,88.6,182,232,78.4,50,109,45.9,0.6,-0.5,9,26,11,3,0,6,29,11,19,2.13,12,3,1,2,1,0,1,0,1,0,0,0,0,0,18,7,8,8,2,10,17,58.8,7,13,1,9,27,24,0,601,28,171,275,157,11,601,3,2,66.7,1,33.3,252,966,504,15,1,1,4,324,0,3,3,0,0,0,0,37,4,4,50.0
William Saliba,FRA,DF,Arsenal,Premier League,23,2001,12,12,1019,11.3,0,0,0,0,0,0,2,1,0.0,0.0,0.5,0.5,5,35,2,0.0,0.0,0.0,0.0,0.0,0.0,0.04,0.04,0.0,0.04,0,0,0.0,0.0,0.0,0.0,0.0,0,0,0.0,0.0,0.0,690,729,94.7,11968,3236,277,287,96.5,372,389,95.6,38,44,86.4,0.6,-0.5,2,49,1,0,0,4,0,2,10,0.88,9,0,0,0,0,1,0,0,0,0,0,0,0,0,32,20,21,11,0,13,15,86.7,2,9,4,8,40,36,2,823,65,342,456,29,5,823,4,4,100.0,0,0.0,495,2223,1161,5,0,5,2,607,0,11,7,1,0,0,0,32,16,19,45.7
Mohammed Salisu,GHA,DF,Monaco,Ligue 1,25,1999,7,6,548,6.1,0,0,0,0,0,0,2,0,0.4,0.4,0.0,0.5,6,41,3,0.0,0.0,0.0,0.0,0.0,0.07,0.0,0.08,0.07,0.08,5,1,20.0,0.82,0.16,0.0,0.0,8,0,0.09,-0.4,-0.4,365,435,83.9,6516,2925,140,165,84.8,204,222,91.9,21,44,47.7,0.1,0.0,2,25,2,0,0,3,0,4,8,1.31,6,0,0,1,0,1,0,0,0,0,0,0,0,0,19,10,10,9,0,10,10,100.0,0,7,6,6,25,30,2,515,64,216,286,13,7,515,1,0,0.0,1,100.0,306,1649,900,2,0,4,0,344,0,6,2,0,0,0,0,23,22,4,84.6
Roland Sallai,HUN,"FW,MF",Freiburg,Bundesliga,27,1997,2,0,46,0.5,0,0,0,0,0,0,0,0,0.1,0.1,0.1,0.2,4,3,2,0.0,0.0,0.0,0.0,0.0,0.25,0.16,0.41,0.25,0.41,3,1,33.3,5.87,1.96,0.0,0.0,22,0,0.04,-0.1,-0.1,11,17,64.7,218,78,4,6,66.7,5,5,100.0,2,6,33.3,0.0,-0.1,1,2,0,0,0,0,4,0,3,5.87,2,1,0,0,0,0,0,0,0,0,0,0,0,0,2,1,1,1,0,0,0,0.0,0,0,0,1,3,0,0,25,0,3,7,15,2,25,1,0,0.0,1,100.0,16,173,88,1,2,1,1,18,0,0,1,0,0,0,0,0,0,1,0.0
Yoann Salmier,GUF,DF,Le Havre,Ligue 1,32,1992,8,7,598,6.6,0,0,0,0,0,0,3,0,0.0,0.0,0.0,0.0,6,14,0,0.0,0.0,0.0,0.0,0.0,0.0,0.0,0.0,0.0,0.0,0,0,0.0,0.0,0.0,0.0,0.0,0,0,0.0,0.0,0.0,220,266,82.7,4302,1385,70,77,90.9,128,138,92.8,22,45,48.9,0.0,0.0,0,12,0,0,0,4,1,1,1,0.15,1,0,0,0,0,0,1,0,1,0,0,0,0,0,6,2,4,2,0,5,6,83.3,1,8,6,4,10,43,0,335,54,171,146,20,3,335,4,3,75.0,1,25.0,165,943,502,3,0,2,0,188,0,6,1,0,0,0,0,17,15,11,57.7
Lazar Samardzic,SRB,"MF,FW",Atalanta,Serie A,22,2002,12,2,448,5.0,2,1,3,2,0,0,0,0,1.3,1.3,1.1,2.4,21,32,46,0.4,0.2,0.6,0.4,0.6,0.27,0.22,0.49,0.27,0.49,19,6,31.6,3.82,1.21,0.11,0.33,19,3,0.07,0.7,0.7,211,268,78.7,3636,982,112,125,89.6,70,91,76.9,25,41,61.0,1.5,-0.1,17,23,10,3,3,6,33,4,43,8.64,26,9,3,5,0,0,5,1,4,0,0,1,0,0,5,5,0,2,3,3,4,75.0,1,4,1,1,6,1,0,327,3,13,127,191,21,327,22,11,50.0,11,50.0,209,1323,653,18,9,9,2,249,0,8,3,0,0,0,0,24,1,8,11.1
Diadie Samassékou,MLI,MF,Hoffenheim,Bundesliga,28,1996,2,0,8,0.1,0,0,0,0,0,0,0,0,0.0,0.0,0.0,0.0,0,0,0,0.0,0.0,0.0,0.0,0.0,0.0,0.0,0.0,0.0,0.0,0,0,0.0,0.0,0.0,0.0,0.0,0,0,0.0,0.0,0.0,4,5,80.0,63,10,2,2,100.0,2,3,66.7,0,0,0.0,0.0,0.0,0,0,0,0,0,0,0,0,0,0.0,0,0,0,0,0,0,0,0,0,0,0,0,0,0,0,0,0,0,0,0,0,0.0,0,1,0,1,1,0,0,10,0,0,7,3,0,10,1,0,0.0,1,100.0,3,16,6,1,0,0,0,4,0,0,0,0,0,0,0,1,0,0,0.0
Mama Samba Baldé,GNB,FW,Lyon,Ligue 1,29,1995,2,0,33,0.4,0,0,0,0,0,0,0,0,0.1,0.1,0.0,0.1,1,1,2,0.0,0.0,0.0,0.0,0.0,0.31,0.0,0.31,0.31,0.31,1,0,0.0,2.73,0.0,0.0,0.0,8,0,0.11,-0.1,-0.1,4,6,66.7,37,22,3,5,60.0,0,0,0.0,0,0,0.0,0.0,0.0,0,1,0,0,0,0,0,0,1,2.73,0,0,0,1,0,0,0,0,0,0,0,0,0,0,2,2,0,2,0,0,0,0.0,0,0,0,1,3,1,0,15,1,2,6,7,2,15,3,0,0.0,3,100.0,7,65,28,1,0,1,1,9,0,1,1,0,0,0,0,1,1,0,100.0
Mama Samba Baldé,GNB,FW,Brest,Ligue 1,29,1995,10,6,504,5.6,2,1,3,2,0,0,1,0,1.4,1.4,1.0,2.4,14,8,49,0.36,0.18,0.54,0.36,0.54,0.25,0.17,0.42,0.25,0.42,13,3,23.1,2.32,0.54,0.15,0.67,16,0,0.11,0.6,0.6,79,117,67.5,1166,218,38,53,71.7,25,34,73.5,8,12,66.7,0.6,0.0,8,6,3,2,0,1,9,4,21,3.75,15,0,1,1,2,2,2,0,2,0,0,0,0,0,5,4,1,1,3,2,6,33.3,4,4,0,3,8,5,0,190,7,21,74,98,26,190,23,6,26.1,14,60.9,117,834,368,9,11,15,10,147,0,7,9,4,0,0,0,13,17,26,39.5
Albert Sambi Lokonga,BEL,MF,Sevilla,La Liga,25,1999,9,7,651,7.2,0,1,1,0,0,0,1,0,0.3,0.3,0.4,0.7,13,48,7,0.0,0.14,0.14,0.0,0.14,0.04,0.06,0.1,0.04,0.1,5,1,20.0,0.69,0.14,0.0,0.0,15,0,0.06,-0.3,-0.3,400,438,91.3,6389,1808,206,217,94.9,163,174,93.7,24,38,63.2,0.7,0.6,7,44,6,0,3,3,0,0,13,1.8,13,0,0,0,0,0,1,0,1,0,0,0,0,0,8,7,6,2,0,4,5,80.0,1,5,1,2,10,13,2,487,19,126,295,67,7,487,7,3,42.9,2,28.6,279,1499,833,8,1,8,8,360,0,7,13,0,0,0,0,43,12,5,70.6
Junior Sambia,FRA,"MF,FW",Empoli,Serie A,28,1996,2,0,25,0.3,0,0,0,0,0,0,0,0,0.0,0.0,0.0,0.0,0,1,1,0.0,0.0,0.0,0.0,0.0,0.0,0.0,0.0,0.0,0.0,0,0,0.0,0.0,0.0,0.0,0.0,0,0,0.0,0.0,0.0,3,5,60.0,43,20,2,3,66.7,1,1,100.0,0,1,0.0,0.0,0.0,0,1,0,0,0,0,1,0,0,0.0,0,0,0,0,0,0,0,0,0,0,0,0,0,0,1,1,1,0,0,1,1,100.0,0,0,0,0,1,0,0,6,1,3,2,1,0,6,0,0,0.0,0,0.0,2,21,14,0,0,0,0,2,0,1,0,0,0,0,0,1,0,0,0.0
Chuky San Jose,ESP,"MF,FW",Valladolid,La Liga,20,2004,4,1,89,1.0,0,0,0,0,0,0,1,0,0.0,0.0,0.0,0.0,0,0,4,0.0,0.0,0.0,0.0,0.0,0.0,0.05,0.05,0.0,0.05,0,0,0.0,0.0,0.0,0.0,0.0,0,0,0.0,0.0,0.0,7,12,58.3,110,74,5,6,83.3,0,2,0.0,2,3,66.7,0.1,0.0,1,0,0,0,0,0,5,1,2,2.02,0,2,0,0,0,0,0,0,0,0,0,0,0,0,1,0,0,0,1,1,1,100.0,0,2,0,0,1,0,0,20,0,2,8,10,1,20,0,0,0.0,0,0.0,11,46,20,1,0,1,3,12,0,0,3,2,0,0,0,2,0,1,0.0
Antonio Sanabria,PAR,FW,Torino,Serie A,28,1996,11,10,761,8.5,2,0,2,2,0,1,1,0,2.3,1.5,0.4,2.0,3,9,39,0.24,0.0,0.24,0.24,0.24,0.28,0.05,0.33,0.18,0.24,11,3,27.3,1.3,0.35,0.18,0.67,14,0,0.14,-0.3,0.5,132,159,83.0,1889,272,75,89,84.3,43,49,87.8,7,12,58.3,0.5,-0.4,7,10,1,0,1,1,0,1,14,1.66,11,0,0,1,2,0,1,0,1,0,0,0,0,0,2,2,1,0,1,1,4,25.0,3,5,0,0,2,3,0,218,3,20,122,78,22,217,3,1,33.3,2,66.7,143,556,98,3,1,17,18,183,0,9,11,0,1,0,0,17,12,26,31.6
Oihan Sancet,ESP,MF,Athletic Club,La Liga,24,2000,12,10,764,8.5,7,0,7,6,1,1,1,0,4.6,3.8,0.9,4.8,21,39,54,0.82,0.0,0.82,0.71,0.71,0.54,0.11,0.65,0.45,0.56,18,8,44.4,2.12,0.94,0.33,0.75,15,0,0.21,2.4,2.2,235,288,81.6,3575,824,137,159,86.2,74,88,84.1,17,26,65.4,0.7,-0.9,9,30,8,1,4,3,9,8,25,2.93,21,0,2,1,1,0,3,0,2,0,0,1,0,0,8,5,6,1,1,4,9,44.4,5,4,0,2,10,3,0,380,3,37,185,165,26,379,22,10,45.5,10,45.5,224,1400,786,18,0,28,19,299,0,8,12,2,0,0,0,40,5,4,55.6
Antonio Sánchez,ESP,"DF,FW",Mallorca,La Liga,27,1997,15,5,631,7.0,0,0,0,0,0,0,0,0,0.5,0.5,0.6,1.1,6,18,23,0.0,0.0,0.0,0.0,0.0,0.07,0.08,0.16,0.07,0.16,6,1,16.7,0.86,0.14,0.0,0.0,16,0,0.09,-0.5,-0.5,184,260,70.8,2967,937,93,108,86.1,64,89,71.9,17,41,41.5,0.7,-0.6,4,15,5,3,1,1,17,7,8,1.14,7,0,0,1,0,0,0,0,0,0,0,0,0,0,13,8,10,2,1,8,12,66.7,4,8,2,9,22,19,0,343,18,113,146,89,8,343,9,4,44.4,3,33.3,160,738,289,4,3,5,3,188,0,11,5,3,0,0,0,32,3,4,42.9
Iván Sánchez,ESP,"MF,FW",Valladolid,La Liga,32,1992,14,3,542,6.0,1,1,2,1,0,0,3,0,0.3,0.3,1.3,1.6,22,30,38,0.17,0.17,0.33,0.17,0.33,0.05,0.22,0.27,0.05,0.27,6,2,33.3,1.0,0.33,0.17,0.5,22,1,0.05,0.7,0.7,158,221,71.5,2977,913,71,79,89.9,62,86,72.1,24,45,53.3,1.0,-0.3,9,17,6,3,1,5,38,6,23,3.83,14,3,2,0,4,0,1,0,1,0,0,0,0,0,13,8,8,3,2,5,14,35.7,9,7,2,6,19,3,0,286,6,47,122,121,11,286,25,15,60.0,3,12.0,180,1386,779,12,4,11,7,194,0,8,19,0,0,0,0,23,2,7,22.2
Javi Sánchez,ESP,DF,Valladolid,La Liga,27,1997,9,9,702,7.8,0,0,0,0,0,0,2,0,0.1,0.1,0.2,0.3,0,8,2,0.0,0.0,0.0,0.0,0.0,0.01,0.02,0.04,0.01,0.04,3,1,33.3,0.38,0.13,0.0,0.0,13,0,0.04,-0.1,-0.1,325,382,85.1,6625,2298,103,109,94.5,179,191,93.7,43,74,58.1,0.3,-0.2,1,10,0,0,0,7,0,1,4,0.51,3,0,0,1,0,0,1,0,0,0,0,1,0,0,8,6,7,1,0,6,9,66.7,3,13,10,7,15,37,1,464,72,312,140,12,7,464,0,0,0.0,0,0.0,266,1118,545,0,0,6,0,324,0,6,0,0,0,0,0,14,16,19,45.7
Juanlu Sánchez,ESP,"MF,DF",Sevilla,La Liga,21,2003,11,5,490,5.4,1,1,2,1,0,0,3,1,0.9,0.9,0.2,1.1,9,14,20,0.18,0.18,0.37,0.18,0.37,0.16,0.04,0.2,0.16,0.2,5,1,20.0,0.92,0.18,0.2,1.0,13,0,0.17,0.1,0.1,133,167,79.6,1820,392,81,92,88.0,48,56,85.7,1,2,50.0,0.1,0.8,7,11,2,1,0,1,9,12,12,2.2,11,0,0,1,0,0,1,0,1,0,0,0,0,0,7,6,3,2,2,5,6,83.3,1,0,0,6,13,7,0,209,5,36,106,70,12,209,8,1,12.5,7,87.5,98,554,307,7,2,2,6,135,1,4,3,0,0,0,0,20,6,4,60.0
Manu Sánchez,ESP,DF,Alavés,La Liga,24,2000,13,11,1031,11.5,0,0,0,0,0,0,5,0,0.2,0.2,0.2,0.4,22,37,23,0.0,0.0,0.0,0.0,0.0,0.02,0.02,0.03,0.02,0.03,3,0,0.0,0.26,0.0,0.0,0.0,18,0,0.06,-0.2,-0.2,300,430,69.8,4936,2050,153,188,81.4,119,157,75.8,22,55,40.0,0.6,-0.2,5,24,8,4,0,2,28,12,16,1.4,13,1,0,1,1,0,1,0,1,0,0,0,0,0,20,15,8,7,5,11,19,57.9,8,20,2,12,32,26,0,543,30,166,229,154,7,543,13,3,23.1,8,61.5,210,1307,781,10,2,14,7,224,0,18,6,1,0,1,0,46,3,11,21.4
Jadon Sancho,ENG,FW,Chelsea,Premier League,24,2000,7,5,381,4.2,0,3,3,0,0,0,1,0,0.2,0.2,1.1,1.3,23,21,49,0.0,0.71,0.71,0.0,0.71,0.04,0.26,0.3,0.04,0.3,3,0,0.0,0.71,0.0,0.0,0.0,14,0,0.05,-0.2,-0.2,140,166,84.3,1895,390,88,98,89.8,45,51,88.2,2,5,40.0,1.0,1.9,8,3,11,0,5,0,2,5,17,4.02,15,0,1,0,1,0,7,1,6,0,0,0,1,0,1,1,1,0,0,1,3,33.3,2,1,0,0,1,0,0,199,3,28,54,118,23,199,25,14,56.0,10,40.0,130,954,483,10,14,7,4,160,0,2,2,1,1,0,0,19,0,2,0.0
Philipp Sander,GER,MF,Gladbach,Bundesliga,26,1998,11,4,367,4.1,0,0,0,0,0,0,1,0,0.4,0.4,0.1,0.5,2,21,3,0.0,0.0,0.0,0.0,0.0,0.1,0.03,0.13,0.1,0.13,6,2,33.3,1.47,0.49,0.0,0.0,17,0,0.07,-0.4,-0.4,187,237,78.9,2963,825,90,102,88.2,84,99,84.8,9,28,32.1,0.3,-0.1,2,16,3,2,1,1,2,4,8,1.96,5,1,0,2,0,0,0,0,0,0,0,0,0,0,14,8,6,7,1,6,9,66.7,3,8,2,5,19,12,0,293,15,78,183,34,4,293,5,2,40.0,3,60.0,139,699,292,2,0,6,1,175,0,5,3,0,0,0,0,26,16,8,66.7
Leroy Sané,GER,FW,Bayern Munich,Bundesliga,28,1996,8,2,295,3.3,1,0,1,1,0,0,1,0,1.4,1.4,0.7,2.0,14,15,66,0.31,0.0,0.31,0.31,0.31,0.42,0.2,0.62,0.42,0.62,12,6,50.0,3.66,1.83,0.08,0.17,20,1,0.11,-0.4,-0.4,157,192,81.8,2171,416,94,108,87.0,54,63,85.7,5,10,50.0,0.8,-0.7,6,6,8,1,0,0,11,5,18,5.49,14,0,1,0,2,1,3,0,2,0,0,0,0,1,5,2,0,3,2,1,1,100.0,0,1,0,1,6,0,0,237,1,7,74,160,23,237,18,7,38.9,9,50.0,156,1129,495,9,6,12,4,191,0,2,6,2,0,0,0,18,0,1,0.0
Arouna Sangante,SEN,DF,Le Havre,Ligue 1,22,2002,6,6,518,5.8,1,0,1,1,0,0,2,0,0.2,0.2,0.1,0.3,6,20,1,0.17,0.0,0.17,0.17,0.17,0.04,0.01,0.05,0.04,0.05,3,2,66.7,0.52,0.35,0.33,0.5,10,0,0.07,0.8,0.8,232,278,83.5,4288,1609,77,84,91.7,138,151,91.4,12,35,34.3,0.1,-0.1,2,20,1,0,0,0,1,1,7,1.22,5,2,0,0,0,0,0,0,0,0,0,0,0,0,9,7,4,5,0,5,8,62.5,3,7,4,14,23,21,1,342,30,162,160,23,3,342,3,2,66.7,1,33.3,181,1005,621,3,0,5,4,204,0,11,5,1,0,0,0,21,12,8,60.0
Ibrahim Sangaré,CIV,MF,Nott'Ham Forest,Premier League,27,1997,3,3,212,2.4,0,0,0,0,0,0,2,0,0.0,0.0,0.0,0.0,0,8,2,0.0,0.0,0.0,0.0,0.0,0.01,0.01,0.01,0.01,0.01,1,1,100.0,0.42,0.42,0.0,0.0,32,0,0.02,0.0,0.0,86,113,76.1,1305,411,48,56,85.7,32,41,78.0,5,9,55.6,0.1,0.0,1,5,1,0,0,0,0,5,4,1.7,3,0,0,1,0,0,0,0,0,0,0,0,0,0,15,9,5,10,0,4,8,50.0,4,4,0,2,17,2,0,146,4,36,92,20,6,146,0,0,0.0,0,0.0,60,231,67,2,0,2,1,76,0,5,4,0,0,0,0,18,5,3,62.5
Nhoa Sangui,FRA,DF,Reims,Ligue 1,18,2006,11,5,572,6.4,0,1,1,0,0,0,1,0,0.1,0.1,0.3,0.4,4,18,31,0.0,0.16,0.16,0.0,0.16,0.02,0.05,0.07,0.02,0.07,3,0,0.0,0.47,0.0,0.0,0.0,24,0,0.03,-0.1,-0.1,240,296,81.1,3557,844,131,142,92.3,88,106,83.0,10,23,43.5,0.4,0.7,3,13,2,1,0,3,9,7,10,1.57,9,1,0,0,0,0,3,0,2,1,0,0,0,0,8,4,1,4,3,3,6,50.0,3,6,2,3,11,12,0,343,14,118,155,75,6,343,5,4,80.0,1,20.0,175,845,351,6,1,7,9,208,0,5,4,0,0,0,0,34,3,5,37.5
Kaishu Sano,JPN,MF,Mainz 05,Bundesliga,24,2000,12,12,1063,11.8,0,0,0,0,0,0,0,0,0.2,0.2,0.1,0.4,9,49,13,0.0,0.0,0.0,0.0,0.0,0.02,0.01,0.03,0.02,0.03,6,1,16.7,0.51,0.08,0.0,0.0,18,0,0.04,-0.2,-0.2,375,464,80.8,6229,1887,187,215,87.0,158,184,85.9,28,45,62.2,0.4,-0.1,5,51,4,0,0,3,2,10,23,1.95,18,0,0,2,2,1,3,0,3,0,0,0,0,0,29,19,8,17,4,10,21,47.6,11,27,7,20,49,12,0,603,19,140,368,101,9,603,15,10,66.7,5,33.3,265,1217,493,9,2,16,14,340,0,5,15,0,0,0,0,50,23,24,48.9
Nicola Sansone,ITA,"MF,FW",Lecce,Serie A,33,1991,3,0,57,0.6,0,0,0,0,0,0,1,0,0.2,0.2,0.0,0.3,0,1,5,0.0,0.0,0.0,0.0,0.0,0.34,0.07,0.41,0.34,0.41,3,1,33.3,4.74,1.58,0.0,0.0,26,2,0.07,-0.2,-0.2,16,19,84.2,274,95,10,11,90.9,3,4,75.0,3,4,75.0,0.1,0.0,1,1,0,0,0,0,3,0,4,6.32,2,1,0,0,1,0,0,0,0,0,0,0,0,0,0,0,0,0,0,0,0,0.0,0,0,0,0,0,0,0,25,1,3,8,14,3,25,1,0,0.0,1,100.0,17,64,7,1,0,0,1,18,0,0,1,0,0,0,0,0,0,1,0.0
Baptiste Santamaria,FRA,MF,Rennes,Ligue 1,29,1995,9,5,480,5.3,0,1,1,0,0,0,1,0,0.1,0.1,0.3,0.4,3,28,9,0.0,0.19,0.19,0.0,0.19,0.02,0.05,0.07,0.02,0.07,4,1,25.0,0.75,0.19,0.0,0.0,19,0,0.03,-0.1,-0.1,249,302,82.5,4297,1435,115,132,87.1,98,112,87.5,27,38,71.1,0.3,0.7,4,32,4,0,1,2,4,9,10,1.87,8,1,0,0,1,0,2,0,1,0,0,0,1,0,11,4,7,3,1,6,11,54.5,5,10,4,12,23,7,0,371,12,93,221,57,4,371,5,1,20.0,4,80.0,196,711,214,5,0,12,5,251,0,5,7,0,1,0,1,33,13,13,50.0
Jesús Santiago,ESP,MF,Getafe,La Liga,20,2004,10,3,227,2.5,0,0,0,0,0,0,2,0,0.0,0.0,0.0,0.0,1,7,3,0.0,0.0,0.0,0.0,0.0,0.01,0.0,0.01,0.01,0.01,1,0,0.0,0.4,0.0,0.0,0.0,22,0,0.02,0.0,0.0,54,74,73.0,753,227,36,47,76.6,12,15,80.0,3,7,42.9,0.1,0.0,0,6,0,0,0,0,2,2,4,1.59,2,1,0,0,1,0,0,0,0,0,0,0,0,0,7,4,4,3,0,2,4,50.0,2,4,1,0,7,2,0,100,4,20,56,24,4,100,4,0,0.0,4,100.0,47,220,99,2,0,5,0,47,0,10,4,0,0,0,0,10,0,2,0.0
Andrey Santos,BRA,MF,Strasbourg,Ligue 1,20,2004,12,12,1055,11.7,5,0,5,5,0,0,2,0,3.1,3.1,1.3,4.3,14,55,13,0.43,0.0,0.43,0.43,0.43,0.26,0.11,0.37,0.26,0.37,18,8,44.4,1.54,0.68,0.28,0.63,13,0,0.17,1.9,1.9,514,592,86.8,8492,2892,243,275,88.4,233,258,90.3,31,38,81.6,0.6,-1.3,13,44,6,0,4,0,0,11,25,2.13,18,0,1,1,1,4,2,0,0,0,0,0,1,1,48,30,26,18,4,24,40,60.0,16,15,4,11,59,15,0,746,32,241,433,81,16,746,17,9,52.9,6,35.3,368,1521,941,3,2,25,6,453,0,6,27,0,1,0,0,75,15,8,65.2
Tiago Santos,POR,DF,Lille,Ligue 1,22,2002,7,4,404,4.5,0,0,0,0,0,0,1,0,0.4,0.4,0.6,1.0,24,17,43,0.0,0.0,0.0,0.0,0.0,0.09,0.13,0.22,0.09,0.22,8,4,50.0,1.78,0.89,0.0,0.0,20,0,0.05,-0.4,-0.4,175,223,78.5,2807,603,97,106,91.5,70,87,80.5,6,19,31.6,0.8,-0.6,5,15,8,4,0,0,19,6,16,3.56,14,0,1,0,1,0,3,0,2,0,0,0,1,0,12,7,4,5,3,6,9,66.7,3,2,0,2,14,4,0,285,6,50,116,120,21,285,21,12,57.1,8,38.1,191,1183,661,17,4,13,3,206,0,6,10,2,1,0,0,15,6,4,60.0
Pablo Sarabia,ESP,"MF,FW",Wolves,Premier League,32,1992,5,2,181,2.0,1,0,1,1,0,0,1,0,1.4,1.4,0.4,1.9,4,12,13,0.5,0.0,0.5,0.5,0.5,0.71,0.22,0.93,0.71,0.93,4,4,100.0,1.99,1.99,0.25,0.25,19,0,0.36,-0.4,-0.4,60,94,63.8,1020,400,28,37,75.7,23,26,88.5,6,16,37.5,0.4,-0.4,3,10,4,0,0,0,10,5,5,2.49,1,3,1,0,0,0,1,0,0,0,1,0,0,0,5,3,2,2,1,3,5,60.0,2,3,0,2,7,2,1,122,2,14,68,40,8,122,7,4,57.1,2,28.6,65,276,147,1,0,5,2,78,0,1,4,3,0,0,0,6,1,4,20.0
Jeremy Sarmiento,ECU,MF,Brighton,Premier League,22,2002,1,0,9,0.1,0,0,0,0,0,0,0,0,0.0,0.0,0.0,0.0,0,0,2,0.0,0.0,0.0,0.0,0.0,0.0,0.0,0.0,0.0,0.0,0,0,0.0,0.0,0.0,0.0,0.0,0,0,0.0,0.0,0.0,6,6,100.0,74,1,4,4,100.0,2,2,100.0,0,0,0.0,0.0,0.0,0,0,0,0,0,0,0,0,0,0.0,0,0,0,0,0,0,0,0,0,0,0,0,0,0,0,0,0,0,0,0,0,0.0,0,0,0,0,0,0,0,8,0,0,6,2,0,8,0,0,0.0,0,0.0,6,61,10,0,0,1,0,7,0,0,0,0,0,0,0,1,0,0,0.0
Amin Sarr,SWE,FW,Hellas Verona,Serie A,23,2001,8,2,246,2.7,1,0,1,1,0,0,0,0,0.1,0.1,0.0,0.2,2,3,12,0.37,0.0,0.37,0.37,0.37,0.05,0.02,0.06,0.05,0.06,2,1,50.0,0.73,0.37,0.5,1.0,19,0,0.07,0.9,0.9,52,77,67.5,688,84,31,40,77.5,14,20,70.0,2,2,100.0,0.0,0.0,2,0,1,0,0,0,0,3,2,0.74,2,0,0,0,0,0,0,0,0,0,0,0,0,0,6,4,2,1,3,3,4,75.0,1,2,1,0,6,4,0,107,5,11,46,51,4,107,3,2,66.7,1,33.3,46,208,49,1,1,7,5,68,0,6,0,2,0,0,0,5,9,8,52.9
Ismaila Sarr,SEN,"MF,FW",Crystal Palace,Premier League,26,1998,14,7,750,8.3,1,1,2,1,0,0,2,0,2.0,2.0,2.3,4.2,23,18,60,0.12,0.12,0.24,0.12,0.24,0.24,0.27,0.51,0.24,0.51,17,11,64.7,2.04,1.32,0.06,0.09,13,0,0.12,-1.0,-1.0,145,207,70.0,2126,534,77,93,82.8,61,84,72.6,3,11,27.3,2.2,-1.3,13,4,11,3,2,0,20,7,36,4.32,23,0,3,4,6,0,3,0,1,0,0,0,2,0,3,2,0,2,1,0,7,0.0,7,7,0,4,7,6,0,304,9,34,116,158,41,304,13,4,30.8,6,46.2,177,1087,590,14,11,25,18,219,0,5,18,3,1,0,0,32,9,20,31.0
Malang Sarr,FRA,DF,Lens,Ligue 1,25,1999,4,2,204,2.3,0,0,0,0,0,0,0,0,0.0,0.0,0.0,0.0,1,5,1,0.0,0.0,0.0,0.0,0.0,0.01,0.0,0.01,0.01,0.01,1,0,0.0,0.44,0.0,0.0,0.0,23,0,0.02,0.0,0.0,110,127,86.6,2144,671,42,45,93.3,48,54,88.9,19,25,76.0,0.2,0.0,0,7,1,0,1,1,1,2,1,0.44,1,0,0,0,0,0,0,0,0,0,0,0,0,0,1,0,1,0,0,0,0,0.0,0,4,1,5,6,3,0,146,10,65,66,15,1,146,1,0,0.0,1,100.0,105,445,179,1,0,2,2,103,0,0,2,0,0,0,0,8,0,0,0.0
Mamadou Sarr,FRA,DF,Strasbourg,Ligue 1,19,2005,7,7,587,6.5,0,0,0,0,0,0,1,0,0.0,0.0,0.0,0.1,3,12,0,0.0,0.0,0.0,0.0,0.0,0.01,0.01,0.01,0.01,0.01,1,0,0.0,0.15,0.0,0.0,0.0,11,0,0.03,0.0,0.0,344,373,92.2,6448,1947,109,113,96.5,205,216,94.9,24,31,77.4,0.0,0.0,2,21,0,0,0,0,0,7,4,0.61,3,0,0,1,0,0,0,0,0,0,0,0,0,0,11,6,5,6,0,6,11,54.5,5,5,4,7,18,21,0,429,41,223,198,10,1,429,6,4,66.7,2,33.3,256,1091,548,3,0,4,4,292,0,10,6,0,0,0,0,30,8,10,44.4
Martin Satriano,URU,"FW,DF",Lens,Ligue 1,23,2001,4,0,41,0.5,0,0,0,0,0,0,0,0,0.3,0.3,0.1,0.5,2,1,11,0.0,0.0,0.0,0.0,0.0,0.71,0.26,0.98,0.71,0.98,3,0,0.0,6.59,0.0,0.0,0.0,8,0,0.11,-0.3,-0.3,10,18,55.6,103,26,8,11,72.7,1,3,33.3,0,1,0.0,0.1,-0.1,2,0,0,0,0,0,1,1,1,2.14,1,0,0,0,0,0,0,0,0,0,0,0,0,0,3,1,1,1,1,3,3,100.0,0,0,0,0,3,2,0,32,1,6,10,16,8,32,2,1,50.0,1,50.0,12,83,30,2,0,2,2,19,0,1,0,0,0,0,0,4,3,2,60.0
Téji Savanier,FRA,MF,Montpellier,Ligue 1,33,1991,11,11,929,10.3,1,3,4,0,1,1,2,1,1.6,0.8,3.3,4.1,9,72,48,0.1,0.29,0.39,0.0,0.29,0.16,0.32,0.47,0.08,0.4,20,5,25.0,1.94,0.48,0.0,0.0,27,7,0.04,-0.6,-0.8,457,642,71.2,10132,3106,165,199,82.9,165,217,76.0,110,185,59.5,2.6,-0.3,24,70,10,2,6,23,86,13,51,4.94,29,14,1,2,2,3,4,0,2,2,0,0,0,0,13,11,4,6,3,11,22,50.0,11,4,0,9,22,7,2,752,9,81,439,236,11,751,33,9,27.3,22,66.7,383,1778,722,13,1,21,11,491,0,10,23,0,0,0,0,43,9,7,56.3
Sávio,BRA,"FW,MF",Manchester City,Premier League,20,2004,10,8,632,7.0,0,2,2,0,0,0,2,0,1.8,1.8,3.4,5.2,64,33,97,0.0,0.28,0.28,0.0,0.28,0.26,0.49,0.74,0.26,0.74,17,6,35.3,2.42,0.85,0.0,0.0,20,1,0.11,-1.8,-1.8,284,367,77.4,4013,805,191,214,89.3,72,102,70.6,13,28,46.4,2.9,-1.4,20,5,30,6,3,4,47,12,50,7.12,35,2,6,1,5,1,5,0,2,0,1,0,1,1,13,9,3,5,5,3,6,50.0,3,4,0,1,14,1,1,457,1,11,89,366,66,457,54,25,46.3,16,29.6,328,2619,1604,17,38,19,15,353,0,9,11,1,1,0,0,29,0,1,0.0
Nicolò Savona,ITA,DF,Juventus,Serie A,21,2003,12,8,756,8.4,2,0,2,2,0,0,2,0,0.4,0.4,1.0,1.4,19,32,26,0.24,0.0,0.24,0.24,0.24,0.05,0.12,0.17,0.05,0.17,5,4,80.0,0.6,0.48,0.4,0.5,12,0,0.09,1.6,1.6,529,581,91.0,9114,2352,232,241,96.3,261,283,92.2,30,45,66.7,0.6,-1.0,11,28,6,4,0,2,18,6,15,1.79,15,0,0,0,0,0,0,0,0,0,0,0,0,0,16,9,8,7,1,7,11,63.6,4,2,0,5,21,4,0,617,16,212,312,97,10,617,5,4,80.0,1,20.0,432,2300,960,13,0,6,3,489,0,2,6,1,0,0,0,31,1,7,12.5
Saba Sazonov,GEO,DF,Torino,Serie A,22,2002,1,0,3,0.0,0,0,0,0,0,0,0,0,0.0,0.0,0.0,0.0,0,0,0,0.0,0.0,0.0,0.0,0.0,0.0,0.0,0.0,0.0,0.0,0,0,0.0,0.0,0.0,0.0,0.0,0,0,0.0,0.0,0.0,0,0,0.0,0,0,0,0,0.0,0,0,0.0,0,0,0.0,0.0,0.0,0,0,0,0,0,0,0,0,0,0.0,0,0,0,0,0,0,0,0,0,0,0,0,0,0,0,0,0,0,0,0,0,0.0,0,1,1,0,0,0,0,1,1,1,0,0,0,1,0,0,0.0,0,0.0,0,0,0,0,0,0,0,0,0,0,0,0,0,0,0,0,0,0,0.0
Joe Scally,USA,DF,Gladbach,Bundesliga,22,2002,12,12,994,11.0,0,0,0,0,0,0,2,0,0.0,0.0,0.7,0.8,16,22,29,0.0,0.0,0.0,0.0,0.0,0.0,0.07,0.07,0.0,0.07,2,0,0.0,0.18,0.0,0.0,0.0,27,0,0.02,0.0,0.0,554,654,84.7,8936,2560,293,314,93.3,218,254,85.8,32,58,55.2,0.5,-0.7,4,24,4,2,1,6,21,14,11,1.0,10,0,0,0,1,0,1,0,1,0,0,0,0,0,20,15,13,7,0,11,20,55.0,9,16,6,5,25,23,1,758,31,288,337,138,9,758,26,14,53.8,11,42.3,412,1997,968,10,2,12,9,482,0,11,14,0,0,0,0,35,8,12,40.0
Giorgio Scalvini,ITA,DF,Atalanta,Serie A,21,2003,1,0,9,0.1,0,0,0,0,0,0,0,0,0.0,0.0,0.0,0.0,0,1,0,0.0,0.0,0.0,0.0,0.0,0.0,0.0,0.0,0.0,0.0,0,0,0.0,0.0,0.0,0.0,0.0,0,0,0.0,0.0,0.0,11,14,78.6,156,72,8,11,72.7,3,3,100.0,0,0,0.0,0.0,0.0,0,0,0,0,0,0,0,0,0,0.0,0,0,0,0,0,0,0,0,0,0,0,0,0,0,1,1,1,0,0,1,1,100.0,0,0,0,0,1,0,0,15,1,8,5,2,0,15,0,0,0.0,0,0.0,5,26,17,0,0,0,0,7,0,0,0,0,0,0,0,0,1,0,100.0
Kevin Schade,GER,"FW,MF",Brentford,Premier League,23,2001,13,6,575,6.4,3,1,4,3,0,0,1,0,2.7,2.7,0.9,3.6,16,8,43,0.47,0.16,0.63,0.47,0.63,0.42,0.13,0.56,0.42,0.56,14,8,57.1,2.19,1.25,0.21,0.38,11,0,0.19,0.3,0.3,73,124,58.9,1067,220,40,60,66.7,27,45,60.0,2,6,33.3,0.4,0.1,3,6,3,0,0,1,10,4,12,1.87,5,0,2,2,2,1,2,0,1,0,0,1,0,0,16,12,6,5,5,8,10,80.0,2,3,1,1,17,8,0,217,11,36,72,113,29,217,24,7,29.2,14,58.3,124,841,323,8,7,16,10,143,0,6,8,6,0,0,0,21,23,15,60.5
András Schäfer,HUN,MF,Union Berlin,Bundesliga,25,1999,10,4,458,5.1,0,0,0,0,0,0,1,0,0.1,0.1,0.0,0.1,8,19,15,0.0,0.0,0.0,0.0,0.0,0.02,0.0,0.03,0.02,0.03,3,0,0.0,0.59,0.0,0.0,0.0,24,0,0.04,-0.1,-0.1,158,207,76.3,2234,554,92,108,85.2,56,69,81.2,3,12,25.0,0.1,0.0,1,13,4,0,0,1,4,6,6,1.18,4,0,0,1,1,0,1,0,1,0,0,0,0,0,16,8,7,8,1,11,17,64.7,6,8,1,7,23,10,0,274,10,57,153,68,4,274,12,5,41.7,6,50.0,131,620,268,5,1,5,4,159,0,10,8,0,0,0,0,24,9,8,52.9
Fabian Schär,SUI,DF,Newcastle Utd,Premier League,33,1991,11,11,927,10.3,1,0,1,1,0,0,4,1,0.8,0.8,0.2,1.1,7,42,9,0.1,0.0,0.1,0.1,0.1,0.08,0.02,0.1,0.08,0.1,13,1,7.7,1.26,0.1,0.08,1.0,20,2,0.07,0.2,0.2,538,651,82.6,10923,4492,188,210,89.5,286,307,93.2,63,127,49.6,0.6,-0.2,1,62,5,0,3,13,3,2,7,0.68,5,0,0,0,1,1,0,0,0,0,0,0,0,0,11,6,3,8,0,2,8,25.0,6,11,8,17,28,44,0,760,104,392,317,56,10,760,4,2,50.0,1,25.0,505,2408,1469,9,1,3,2,525,0,10,4,0,0,0,0,47,15,20,42.9
Patrik Schick,CZE,FW,Leverkusen,Bundesliga,28,1996,10,4,400,4.4,5,0,5,5,0,0,1,0,3.9,3.9,0.4,4.2,1,8,42,1.13,0.0,1.13,1.13,1.13,0.87,0.09,0.95,0.87,0.95,20,8,40.0,4.5,1.8,0.25,0.63,11,0,0.19,1.1,1.1,91,117,77.8,1132,129,62,79,78.5,23,28,82.1,0,0,0.0,0.3,-0.4,5,4,2,0,0,0,0,3,10,2.24,7,0,0,0,3,0,0,0,0,0,0,0,0,0,2,2,0,1,1,0,0,0.0,0,2,0,0,2,3,0,179,3,11,67,101,39,179,12,4,33.3,8,66.7,97,383,65,2,2,8,10,140,0,4,6,3,0,0,0,6,14,10,58.3
Stefan Schimmer,GER,"FW,DF",Heidenheim,Bundesliga,30,1994,5,0,119,1.3,0,0,0,0,0,0,1,0,0.9,0.9,0.2,1.1,0,2,7,0.0,0.0,0.0,0.0,0.0,0.66,0.14,0.8,0.66,0.8,6,0,0.0,4.54,0.0,0.0,0.0,12,0,0.15,-0.9,-0.9,19,30,63.3,310,53,9,15,60.0,8,10,80.0,1,2,50.0,0.3,-0.2,2,0,1,1,0,0,3,3,2,1.5,2,0,0,0,0,0,0,0,0,0,0,0,0,0,1,0,0,1,0,1,1,100.0,0,0,0,0,1,0,0,41,0,0,15,26,10,41,1,0,0.0,1,100.0,18,53,8,0,0,2,0,27,0,1,0,1,0,0,0,4,1,10,9.1
Joël Schingtienne,BEL,DF,Venezia,Serie A,22,2002,1,1,90,1.0,0,0,0,0,0,0,1,0,0.0,0.0,0.0,0.0,0,0,0,0.0,0.0,0.0,0.0,0.0,0.0,0.0,0.0,0.0,0.0,0,0,0.0,0.0,0.0,0.0,0.0,0,0,0.0,0.0,0.0,28,29,96.6,470,117,10,11,90.9,17,17,100.0,0,0,0.0,0.0,0.0,0,0,0,0,0,0,0,0,0,0.0,0,0,0,0,0,0,0,0,0,0,0,0,0,0,4,4,3,1,0,1,1,100.0,0,1,0,1,5,1,0,38,6,25,14,0,0,38,0,0,0.0,0,0.0,22,95,42,0,0,2,0,21,0,1,0,0,0,1,0,6,0,1,0.0
Xaver Schlager,AUT,MF,Rb Leipzig,Bundesliga,27,1997,1,0,14,0.2,0,0,0,0,0,0,0,0,0.1,0.1,0.0,0.1,2,1,1,0.0,0.0,0.0,0.0,0.0,0.41,0.0,0.41,0.41,0.41,1,0,0.0,6.43,0.0,0.0,0.0,22,0,0.06,-0.1,-0.1,13,19,68.4,196,45,8,9,88.9,4,5,80.0,1,4,25.0,0.0,0.0,0,2,0,0,0,1,0,0,0,0.0,0,0,0,0,0,0,0,0,0,0,0,0,0,0,0,0,0,0,0,0,0,0.0,0,2,0,0,0,0,0,24,0,1,21,2,0,24,0,0,0.0,0,0.0,16,86,59,0,0,1,0,18,0,0,0,0,0,0,0,0,0,1,0.0
Keven Schlotterbeck,GER,DF,Augsburg,Bundesliga,27,1997,10,10,843,9.4,2,1,3,2,0,0,3,1,0.6,0.6,0.4,1.0,2,35,1,0.21,0.11,0.32,0.21,0.32,0.06,0.04,0.11,0.06,0.11,10,3,30.0,1.07,0.32,0.2,0.67,13,0,0.06,1.4,1.4,389,459,84.7,7343,2800,147,160,91.9,208,222,93.7,32,70,45.7,0.3,0.6,3,26,2,0,2,4,0,3,17,1.81,13,0,1,2,0,1,2,0,2,0,0,0,0,0,10,9,4,6,0,6,8,75.0,2,9,4,10,20,40,1,557,64,253,261,45,17,557,1,1,100.0,0,0.0,288,1007,508,5,0,5,0,359,1,6,7,0,0,2,0,38,22,13,62.9
Nico Schlotterbeck,GER,DF,Dortmund,Bundesliga,25,1999,11,11,972,10.8,0,1,1,0,0,0,4,1,0.5,0.5,0.6,1.1,20,94,8,0.0,0.09,0.09,0.0,0.09,0.04,0.06,0.1,0.04,0.1,6,2,33.3,0.56,0.19,0.0,0.0,15,0,0.08,-0.5,-0.5,937,1044,89.8,17493,6542,347,365,95.1,499,534,93.4,83,125,66.4,0.8,0.4,8,101,4,2,2,7,4,11,23,2.13,19,1,0,1,1,1,1,0,1,0,0,0,0,0,28,18,16,11,1,22,32,68.8,10,19,10,14,42,29,0,1150,96,442,637,77,9,1150,10,6,60.0,3,30.0,732,3384,2049,19,1,6,4,851,1,12,10,0,0,1,0,66,26,7,78.8
Jeffrey Schlupp,GHA,"MF,DF",Crystal Palace,Premier League,32,1992,10,0,92,1.0,0,0,0,0,0,0,0,0,0.1,0.1,0.1,0.2,3,3,7,0.0,0.0,0.0,0.0,0.0,0.12,0.1,0.22,0.12,0.22,3,2,66.7,2.93,1.96,0.0,0.0,16,0,0.04,-0.1,-0.1,35,46,76.1,518,117,15,18,83.3,15,20,75.0,2,4,50.0,0.1,-0.1,2,3,1,0,0,0,4,0,6,5.81,4,0,1,1,0,0,0,0,0,0,0,0,0,0,2,0,1,0,1,0,3,0.0,3,5,0,0,2,2,0,72,2,9,28,37,6,72,1,1,100.0,0,0.0,26,126,46,1,1,7,0,36,0,0,0,0,0,0,0,5,3,4,42.9
Romano Schmid,AUT,MF,Werder Bremen,Bundesliga,24,2000,12,12,1061,11.8,1,1,2,1,0,0,0,0,1.2,1.2,2.0,3.2,49,97,70,0.08,0.08,0.17,0.08,0.17,0.1,0.17,0.27,0.1,0.27,17,4,23.5,1.44,0.34,0.06,0.25,19,0,0.07,-0.2,-0.2,442,589,75.0,6820,2173,249,286,87.1,125,187,66.8,41,65,63.1,2.7,-1.0,20,52,30,8,8,3,37,15,49,4.16,40,1,2,4,1,1,6,0,6,0,0,0,0,0,19,8,4,12,3,10,23,43.5,13,16,1,9,28,5,0,712,9,92,322,309,45,712,28,10,35.7,16,57.1,487,2806,1664,31,13,21,21,540,0,10,14,2,0,0,0,59,9,10,47.4
Niklas Schmidt,GER,MF,Toulouse,Ligue 1,26,1998,7,2,171,1.9,0,0,0,0,0,0,0,0,0.1,0.1,0.3,0.4,2,16,1,0.0,0.0,0.0,0.0,0.0,0.04,0.15,0.19,0.04,0.19,3,1,33.3,1.58,0.53,0.0,0.0,25,0,0.03,-0.1,-0.1,120,155,77.4,2346,711,44,54,81.5,50,56,89.3,23,37,62.2,0.3,-0.3,4,19,2,0,0,3,14,3,11,5.79,5,4,0,2,0,0,0,0,0,0,0,0,0,0,5,3,1,4,0,3,5,60.0,2,0,0,1,6,4,0,167,6,35,98,37,2,167,1,0,0.0,1,100.0,98,444,198,2,0,0,1,105,0,5,1,0,0,0,0,21,1,1,50.0
Jan Schöppner,GER,MF,Heidenheim,Bundesliga,25,1999,12,11,1010,11.2,2,0,2,2,0,0,2,0,2.0,2.0,2.0,4.0,16,33,25,0.18,0.0,0.18,0.18,0.18,0.18,0.18,0.35,0.18,0.35,20,6,30.0,1.78,0.53,0.1,0.33,14,0,0.1,0.0,0.0,282,364,77.5,5050,1541,114,137,83.2,127,147,86.4,31,52,59.6,0.7,-2.0,11,26,6,2,0,4,5,12,22,1.96,17,0,1,4,0,0,2,0,1,0,0,1,0,0,22,11,5,10,7,11,26,42.3,15,15,2,19,41,36,1,523,42,143,256,127,28,523,15,7,46.7,8,53.3,262,1472,766,12,1,12,9,282,0,15,5,0,0,0,0,52,21,15,58.3
Marvin Schulz,GER,"MF,DF",Holstein Kiel,Bundesliga,29,1995,6,1,141,1.6,0,0,0,0,0,0,1,0,0.0,0.0,0.6,0.6,0,5,0,0.0,0.0,0.0,0.0,0.0,0.0,0.37,0.37,0.0,0.37,1,1,100.0,0.64,0.64,0.0,0.0,37,0,0.01,0.0,0.0,46,57,80.7,888,329,17,18,94.4,21,24,87.5,7,12,58.3,0.3,-0.6,3,4,1,1,0,0,8,0,5,3.17,3,2,0,0,0,0,0,0,0,0,0,0,0,0,4,3,2,1,1,1,5,20.0,4,6,3,0,4,7,0,83,9,31,39,14,0,83,1,0,0.0,1,100.0,27,152,49,1,0,2,2,35,0,2,0,0,0,0,0,5,0,0,0.0
Léo Scienza,BRA,"FW,MF",Heidenheim,Bundesliga,26,1998,11,8,679,7.5,2,0,2,2,0,0,0,0,1.5,1.5,1.7,3.3,39,19,49,0.27,0.0,0.27,0.27,0.27,0.2,0.23,0.43,0.2,0.43,26,12,46.2,3.45,1.59,0.08,0.17,20,1,0.06,0.5,0.5,142,218,65.1,2432,1061,68,89,76.4,47,66,71.2,21,46,45.7,2.3,-1.7,17,16,9,5,1,0,46,7,44,5.83,17,11,7,2,7,0,2,0,1,1,0,0,0,0,11,7,7,3,1,3,8,37.5,5,6,1,4,15,7,0,337,7,45,133,170,30,337,47,21,44.7,21,44.7,207,1911,1238,24,11,27,9,209,0,7,34,3,0,0,0,31,2,7,22.2
Alex Scott,ENG,MF,Bournemouth,Premier League,21,2003,8,2,263,2.9,0,0,0,0,0,0,0,0,0.1,0.1,0.2,0.3,5,32,14,0.0,0.0,0.0,0.0,0.0,0.05,0.07,0.12,0.05,0.12,3,1,33.3,1.03,0.34,0.0,0.0,24,0,0.05,-0.1,-0.1,116,132,87.9,2046,749,55,60,91.7,52,55,94.5,9,12,75.0,0.2,-0.2,5,22,4,0,0,1,0,4,11,3.75,8,0,0,0,1,2,0,0,0,0,0,0,0,0,16,7,8,4,4,12,16,75.0,4,9,1,6,22,5,0,191,10,38,97,58,5,191,13,2,15.4,7,53.8,112,628,290,3,1,5,3,117,0,2,13,0,0,0,0,24,1,5,16.7
Jérémy Sebas,MTQ,"FW,MF",Strasbourg,Ligue 1,21,2003,7,0,75,0.8,0,0,0,0,0,0,0,0,0.1,0.1,0.0,0.1,2,3,5,0.0,0.0,0.0,0.0,0.0,0.12,0.01,0.13,0.12,0.13,2,1,50.0,2.4,1.2,0.0,0.0,20,0,0.05,-0.1,-0.1,11,13,84.6,131,36,8,9,88.9,3,3,100.0,0,0,0.0,0.0,0.0,1,2,2,0,0,0,1,1,3,3.65,2,0,1,0,0,0,0,0,0,0,0,0,0,0,2,1,1,1,0,2,3,66.7,1,0,0,0,2,0,0,23,0,2,6,15,3,23,6,4,66.7,2,33.3,17,89,60,0,0,3,2,16,0,2,1,1,0,0,0,5,0,1,0.0
Aleksandar Sedlar,SRB,DF,Alavés,La Liga,33,1991,6,5,415,4.6,0,0,0,0,0,0,1,1,0.0,0.0,0.0,0.0,1,6,1,0.0,0.0,0.0,0.0,0.0,0.01,0.0,0.01,0.01,0.01,1,0,0.0,0.22,0.0,0.0,0.0,11,0,0.03,0.0,0.0,123,154,79.9,2546,978,38,44,86.4,65,78,83.3,19,29,65.5,0.0,0.0,0,6,0,0,0,1,0,1,1,0.22,1,0,0,0,0,0,0,0,0,0,0,0,0,0,15,9,5,10,0,7,9,77.8,2,2,1,7,22,7,1,189,17,90,96,3,2,189,1,0,0.0,1,100.0,95,509,286,2,0,0,0,101,0,7,4,0,0,0,0,12,7,3,70.0
Alidu Seidu,GHA,DF,Rennes,Ligue 1,24,2000,11,10,803,8.9,0,0,0,0,0,0,4,0,0.1,0.1,0.3,0.4,23,41,17,0.0,0.0,0.0,0.0,0.0,0.01,0.03,0.05,0.01,0.05,3,0,0.0,0.34,0.0,0.0,0.0,19,0,0.04,-0.1,-0.1,426,518,82.2,7350,2223,189,206,91.7,195,227,85.9,34,63,54.0,0.4,-0.3,5,33,8,0,1,3,4,7,12,1.34,8,2,1,0,1,0,0,0,0,0,0,0,0,0,22,18,14,6,2,12,15,80.0,3,13,6,14,36,17,0,616,41,205,329,90,5,616,18,9,50.0,3,16.7,338,2129,1091,18,4,5,10,337,0,10,28,1,0,0,0,67,9,11,45.0
Nicolas Seiwald,AUT,"MF,DF",Rb Leipzig,Bundesliga,23,2001,8,3,433,4.8,0,0,0,0,0,0,1,0,0.0,0.0,0.2,0.2,6,41,13,0.0,0.0,0.0,0.0,0.0,0.0,0.04,0.04,0.0,0.04,1,0,0.0,0.21,0.0,0.0,0.0,25,0,0.02,0.0,0.0,255,305,83.6,4431,1338,111,124,89.5,123,148,83.1,20,28,71.4,0.3,-0.2,3,26,7,0,0,1,6,2,11,2.28,10,1,0,0,0,0,2,0,2,0,0,0,0,0,13,8,4,9,0,6,13,46.2,7,6,1,10,23,10,0,358,14,68,245,48,1,358,1,0,0.0,1,100.0,160,693,323,6,0,2,3,229,0,5,0,0,0,0,0,38,4,5,44.4
Nélson Semedo,POR,DF,Wolves,Premier League,31,1993,11,11,959,10.7,0,2,2,0,0,0,5,0,0.3,0.3,1.2,1.5,16,26,27,0.0,0.19,0.19,0.0,0.19,0.03,0.11,0.14,0.03,0.14,6,3,50.0,0.56,0.28,0.0,0.0,24,0,0.05,-0.3,-0.3,370,451,82.0,5760,1759,200,221,90.5,146,172,84.9,20,42,47.6,0.6,0.8,8,25,5,2,0,1,12,7,16,1.5,12,1,2,0,0,1,2,0,2,0,0,0,0,0,26,15,19,4,3,12,24,50.0,12,10,3,5,31,54,1,583,59,201,270,117,9,583,30,14,46.7,12,40.0,280,1665,847,11,6,12,5,312,0,16,7,0,0,1,0,44,16,13,55.2
Antoine Semenyo,GHA,FW,Bournemouth,Premier League,24,2000,12,12,1057,11.7,4,1,5,4,0,0,5,0,4.1,4.1,2.3,6.4,48,27,96,0.34,0.09,0.43,0.34,0.43,0.35,0.19,0.55,0.35,0.55,52,12,23.1,4.43,1.02,0.08,0.33,17,0,0.08,-0.1,-0.1,255,356,71.6,3851,884,153,177,86.4,83,112,74.1,14,35,40.0,1.9,-1.3,14,20,11,2,4,4,23,14,41,3.49,26,0,6,6,3,0,4,0,2,0,1,0,1,0,18,11,5,9,4,5,15,33.3,10,17,3,3,21,8,0,532,13,71,177,301,68,532,50,26,52.0,18,36.0,345,2756,1309,26,25,30,15,379,0,22,17,6,0,0,0,64,19,28,40.4
Marvin Senaya,TOG,DF,Strasbourg,Ligue 1,23,2001,7,1,194,2.2,0,0,0,0,0,0,3,0,0.0,0.0,0.1,0.1,1,5,2,0.0,0.0,0.0,0.0,0.0,0.01,0.06,0.07,0.01,0.07,1,0,0.0,0.46,0.0,0.0,0.0,22,0,0.01,0.0,0.0,106,132,80.3,1815,572,44,47,93.6,52,64,81.3,7,13,53.8,0.0,-0.1,2,6,1,1,0,0,1,4,3,1.39,2,0,0,1,0,0,0,0,0,0,0,0,0,0,6,3,3,2,1,5,11,45.5,6,5,2,7,13,10,0,160,11,79,71,13,0,160,2,0,0.0,1,50.0,67,223,107,1,0,0,0,84,0,4,4,0,0,1,0,10,3,2,60.0
Marcos Senesi,ARG,DF,Bournemouth,Premier League,27,1997,11,11,917,10.2,0,0,0,0,0,0,4,0,0.8,0.8,0.4,1.2,11,45,3,0.0,0.0,0.0,0.0,0.0,0.08,0.04,0.12,0.08,0.12,2,0,0.0,0.2,0.0,0.0,0.0,6,0,0.4,-0.8,-0.8,440,578,76.1,9108,4764,163,187,87.2,204,237,86.1,71,144,49.3,0.5,-0.4,5,66,12,3,0,1,7,1,16,1.57,16,0,0,0,0,0,1,0,1,0,0,0,0,0,33,21,21,10,2,13,26,50.0,13,14,6,11,44,42,0,698,59,305,339,63,12,698,8,5,62.5,3,37.5,432,2287,1306,14,0,5,5,437,0,17,7,0,0,0,0,62,20,22,47.6
Suat Serdar,GER,MF,Hellas Verona,Serie A,27,1997,8,7,520,5.8,1,0,1,1,0,0,2,0,0.6,0.6,0.1,0.7,6,23,6,0.17,0.0,0.17,0.17,0.17,0.11,0.02,0.12,0.11,0.12,10,1,10.0,1.73,0.17,0.1,1.0,23,0,0.06,0.4,0.4,155,198,78.3,2683,718,74,89,83.1,65,76,85.5,15,23,65.2,0.1,-0.1,3,20,2,0,1,3,1,6,10,1.74,5,0,3,0,2,0,0,0,0,0,0,0,0,0,11,8,5,6,0,3,10,30.0,7,4,1,4,15,5,0,267,7,44,161,66,8,267,15,7,46.7,6,40.0,143,678,262,9,1,9,5,166,0,14,8,0,0,0,0,27,7,4,63.6
Sergi,ESP,DF,Leganés,La Liga,32,1992,15,14,1302,14.5,1,0,1,1,0,0,2,0,0.8,0.8,0.0,0.9,3,30,1,0.07,0.0,0.07,0.07,0.07,0.06,0.0,0.06,0.06,0.06,5,2,40.0,0.35,0.14,0.2,0.5,8,0,0.17,0.2,0.2,608,731,83.2,12136,4538,171,185,92.4,362,394,91.9,71,135,52.6,0.1,0.0,2,18,1,0,0,3,0,2,6,0.41,6,0,0,0,0,0,2,0,2,0,0,0,0,0,19,15,9,9,1,8,14,57.1,6,15,10,23,42,86,1,893,126,547,337,11,7,893,2,2,100.0,0,0.0,462,2118,1101,2,0,1,0,564,0,18,6,2,0,0,1,38,24,27,47.1
Nicolás Serrano,ESP,FW,Athletic Club,La Liga,21,2003,2,1,97,1.1,0,0,0,0,0,0,0,0,0.1,0.1,0.0,0.1,0,3,16,0.0,0.0,0.0,0.0,0.0,0.07,0.02,0.09,0.07,0.09,3,0,0.0,2.78,0.0,0.0,0.0,25,0,0.03,-0.1,-0.1,20,32,62.5,293,55,10,12,83.3,10,12,83.3,0,6,0.0,0.1,0.0,1,1,1,1,0,0,8,0,2,1.86,2,0,0,0,0,0,0,0,0,0,0,0,0,0,1,1,0,1,0,1,3,33.3,2,4,0,0,1,1,0,47,1,3,12,32,2,47,7,3,42.9,4,57.1,21,118,37,1,0,1,1,32,0,0,2,0,0,0,0,2,0,2,0.0
Benjamin Šeško,SVN,"FW,MF",Rb Leipzig,Bundesliga,21,2003,12,11,793,8.8,3,2,5,3,0,0,0,0,2.6,2.6,0.3,2.9,14,17,37,0.34,0.23,0.57,0.34,0.57,0.3,0.03,0.33,0.3,0.33,19,9,47.4,2.16,1.02,0.16,0.33,16,0,0.14,0.4,0.4,144,217,66.4,1743,433,90,123,73.2,38,57,66.7,3,6,50.0,0.3,1.7,4,7,4,0,2,0,2,11,11,1.25,8,0,2,1,0,0,3,0,1,0,1,1,0,0,5,2,0,3,2,1,5,20.0,4,5,3,3,8,7,0,308,12,44,163,106,25,308,20,8,40.0,12,60.0,137,813,374,9,5,14,17,223,0,5,2,4,0,0,0,22,25,14,64.1
Ryan Sessegnon,ENG,MF,Fulham,Premier League,24,2000,1,0,5,0.1,0,0,0,0,0,0,0,0,0.0,0.0,0.0,0.0,0,0,0,0.0,0.0,0.0,0.0,0.0,0.0,0.0,0.0,0.0,0.0,0,0,0.0,0.0,0.0,0.0,0.0,0,0,0.0,0.0,0.0,1,4,25.0,7,0,1,3,33.3,0,0,0.0,0,0,0.0,0.0,0.0,0,0,0,0,0,0,0,0,0,0.0,0,0,0,0,0,0,0,0,0,0,0,0,0,0,0,0,0,0,0,0,1,0.0,1,0,0,1,1,1,0,7,0,3,3,1,0,7,0,0,0.0,0,0.0,3,8,4,0,0,0,1,3,0,1,0,0,0,0,0,0,0,0,0.0
Stephan El Shaarawy,ITA,DF,Roma,Serie A,32,1992,10,6,442,4.9,2,1,3,2,0,0,2,0,0.9,0.9,0.3,1.2,12,18,36,0.41,0.2,0.61,0.41,0.61,0.18,0.06,0.24,0.18,0.24,12,4,33.3,2.44,0.81,0.17,0.5,20,1,0.07,1.1,1.1,171,224,76.3,2602,669,88,106,83.0,76,96,79.2,3,9,33.3,0.6,0.7,5,7,5,2,2,0,13,4,15,3.05,12,0,0,1,2,0,3,0,3,0,0,0,0,0,7,5,2,2,3,1,2,50.0,1,1,0,4,11,5,0,273,6,44,114,122,16,273,12,4,33.3,6,50.0,136,890,416,13,3,7,4,164,0,2,4,3,0,0,0,22,4,6,40.0
Luke Shaw,ENG,DF,Manchester Utd,Premier League,29,1995,2,0,70,0.8,0,0,0,0,0,0,0,0,0.0,0.0,0.0,0.0,1,6,0,0.0,0.0,0.0,0.0,0.0,0.0,0.0,0.0,0.0,0.0,0,0,0.0,0.0,0.0,0.0,0.0,0,0,0.0,0.0,0.0,89,101,88.1,1503,573,48,50,96.0,34,38,89.5,7,11,63.6,0.0,0.0,0,6,0,0,0,1,0,1,0,0.0,0,0,0,0,0,0,0,0,0,0,0,0,0,0,2,2,1,1,0,1,1,100.0,0,1,0,1,3,1,0,107,3,46,56,5,0,107,0,0,0.0,0,0.0,86,335,143,2,0,1,0,93,0,0,0,0,0,0,0,4,0,0,0.0
Eldor Shomurodov,UZB,"FW,MF",Roma,Serie A,29,1995,7,0,114,1.3,1,1,2,1,0,0,1,0,0.7,0.7,0.1,0.8,2,5,11,0.79,0.79,1.58,0.79,1.58,0.52,0.08,0.61,0.52,0.61,4,3,75.0,3.16,2.37,0.25,0.33,9,0,0.17,0.3,0.3,27,36,75.0,374,57,16,17,94.1,8,10,80.0,1,1,100.0,0.3,0.9,2,1,1,0,0,0,2,3,5,3.95,4,0,0,1,0,0,2,1,2,0,0,0,0,0,1,0,0,1,0,0,1,0.0,1,2,0,0,1,0,0,53,0,0,27,26,7,53,3,2,66.7,1,33.3,33,119,50,0,1,5,2,40,0,3,0,0,0,0,0,1,5,4,55.6
Djibril Sidibé,FRA,DF,Toulouse,Ligue 1,32,1992,12,9,822,9.1,0,2,2,0,0,0,1,0,0.2,0.2,2.0,2.1,4,50,20,0.0,0.22,0.22,0.0,0.22,0.02,0.21,0.23,0.02,0.23,2,0,0.0,0.22,0.0,0.0,0.0,7,0,0.09,-0.2,-0.2,444,554,80.1,8388,3785,171,193,88.6,210,252,83.3,54,80,67.5,1.4,0.0,10,38,16,7,4,3,20,8,17,1.86,17,0,0,0,0,0,4,0,4,0,0,0,0,0,29,15,15,10,4,14,21,66.7,7,4,1,13,42,23,0,633,37,212,315,113,4,633,8,6,75.0,2,25.0,355,1235,666,7,0,9,6,376,0,11,12,0,0,0,0,52,8,6,57.1
Armindo Sieb,GER,"MF,FW",Mainz 05,Bundesliga,21,2003,12,3,383,4.3,2,0,2,2,0,0,1,0,1.6,1.6,0.1,1.8,15,9,24,0.47,0.0,0.47,0.47,0.47,0.39,0.03,0.42,0.39,0.42,19,7,36.8,4.46,1.64,0.11,0.29,16,0,0.09,0.4,0.4,72,105,68.6,917,275,47,58,81.0,21,35,60.0,1,3,33.3,0.2,-0.1,3,7,3,0,1,0,2,3,11,2.58,6,0,2,2,1,0,1,0,1,0,0,0,0,0,3,2,1,2,0,1,4,25.0,3,2,0,1,4,4,0,168,1,14,77,79,22,168,19,7,36.8,11,57.9,94,633,290,5,4,17,12,128,0,9,5,5,0,0,0,12,5,6,45.5
Vincent Sierro,SUI,MF,Toulouse,Ligue 1,29,1995,13,12,1089,12.1,1,1,2,0,1,1,1,0,1.1,0.4,2.4,2.7,6,90,13,0.08,0.08,0.17,0.0,0.08,0.09,0.2,0.29,0.03,0.23,7,0,0.0,0.58,0.0,0.0,0.0,25,0,0.05,-0.1,-0.4,533,705,75.6,9639,3385,231,272,84.9,248,304,81.6,46,102,45.1,2.5,-1.4,20,58,15,0,6,5,45,8,35,2.89,21,13,0,0,0,1,2,0,2,0,0,0,0,0,23,15,9,12,2,13,27,48.1,14,20,3,8,31,24,1,824,37,197,453,181,11,823,9,3,33.3,6,66.7,443,1826,835,11,0,15,8,522,0,12,13,0,0,0,0,72,20,16,55.6
Tim Siersleben,GER,DF,Heidenheim,Bundesliga,24,2000,2,1,54,0.6,0,0,0,0,0,0,1,0,0.0,0.0,0.1,0.1,0,2,1,0.0,0.0,0.0,0.0,0.0,0.0,0.09,0.09,0.0,0.09,0,0,0.0,0.0,0.0,0.0,0.0,0,0,0.0,0.0,0.0,21,26,80.8,455,211,3,4,75.0,14,15,93.3,4,7,57.1,0.0,-0.1,1,3,1,1,0,0,1,0,1,1.64,1,0,0,0,0,0,0,0,0,0,0,0,0,0,0,0,0,0,0,0,0,0.0,0,0,0,1,1,7,0,36,8,18,17,1,0,36,0,0,0.0,0,0.0,25,99,46,0,0,0,0,24,0,1,0,0,0,0,0,0,1,2,33.3
Kiliann Sildillia,FRA,"DF,FW",Freiburg,Bundesliga,22,2002,5,0,50,0.6,0,0,0,0,0,0,1,0,0.0,0.0,0.0,0.0,0,2,5,0.0,0.0,0.0,0.0,0.0,0.0,0.0,0.0,0.0,0.0,0,0,0.0,0.0,0.0,0.0,0.0,0,0,0.0,0.0,0.0,30,38,78.9,458,171,16,19,84.2,8,10,80.0,4,6,66.7,0.0,0.0,0,4,0,0,0,0,2,0,2,3.6,2,0,0,0,0,0,0,0,0,0,0,0,0,0,1,0,0,0,1,0,0,0.0,0,1,0,0,1,4,0,46,5,12,20,14,0,46,0,0,0.0,0,0.0,23,79,42,1,0,2,1,30,0,1,0,0,0,0,0,3,2,3,40.0
André Silva,POR,"FW,MF",Rb Leipzig,Bundesliga,29,1995,4,0,74,0.8,0,1,1,0,0,0,0,0,0.4,0.4,0.4,0.8,2,2,8,0.0,1.22,1.22,0.0,1.22,0.5,0.5,1.0,0.5,1.0,6,1,16.7,7.3,1.22,0.0,0.0,19,1,0.07,-0.4,-0.4,22,27,81.5,277,70,14,16,87.5,5,6,83.3,2,2,100.0,0.1,0.6,1,1,1,0,1,0,0,1,5,6.08,3,0,0,1,1,0,1,1,1,0,0,0,0,0,1,1,1,0,0,0,1,0.0,1,0,0,0,1,1,0,41,1,6,12,24,3,41,0,0,0.0,0,0.0,21,108,68,1,0,4,1,24,0,0,1,0,0,0,0,5,0,3,0.0
Bernardo Silva,POR,"MF,FW",Manchester City,Premier League,30,1994,13,11,1016,11.3,0,3,3,0,0,0,3,0,1.6,1.6,3.1,4.7,50,59,103,0.0,0.27,0.27,0.0,0.27,0.14,0.27,0.41,0.14,0.41,20,6,30.0,1.77,0.53,0.0,0.0,12,0,0.08,-1.6,-1.6,600,691,86.8,8802,1584,347,376,92.3,212,241,88.0,25,39,64.1,2.1,-0.1,28,32,13,3,2,2,32,17,49,4.34,44,1,4,0,0,0,5,0,5,0,0,0,0,0,13,9,1,7,5,5,16,31.3,11,8,1,7,20,9,2,787,16,92,277,425,86,787,30,15,50.0,13,43.3,495,3160,1725,28,21,8,12,605,0,11,7,2,0,0,0,33,2,6,25.0
Caio Henrique Oliveira Silva,BRA,DF,Monaco,Ligue 1,27,1997,8,7,581,6.5,0,1,1,0,0,0,1,0,0.1,0.1,1.6,1.7,14,33,45,0.0,0.15,0.15,0.0,0.15,0.02,0.25,0.27,0.02,0.27,2,1,50.0,0.31,0.15,0.0,0.0,17,1,0.05,-0.1,-0.1,371,472,78.6,5513,1821,227,249,91.2,120,152,78.9,19,51,37.3,1.7,-0.6,14,28,10,1,1,1,45,9,21,3.25,13,7,1,0,0,0,2,0,1,1,0,0,0,0,12,9,7,4,1,6,9,66.7,3,6,1,4,16,13,0,513,15,103,227,194,10,513,6,5,83.3,1,16.7,282,1344,746,20,2,9,0,308,0,5,3,0,0,0,0,30,3,7,30.0
Fábio Silva,POR,"FW,MF",Las Palmas,La Liga,22,2002,11,10,808,9.0,5,1,6,4,1,1,4,0,3.2,2.4,0.2,2.6,16,10,51,0.56,0.11,0.67,0.45,0.56,0.35,0.03,0.38,0.26,0.29,22,12,54.5,2.45,1.34,0.18,0.33,14,0,0.11,1.8,1.6,136,216,63.0,1856,324,78,112,69.6,37,58,63.8,9,17,52.9,0.3,0.8,4,7,5,2,1,1,12,12,13,1.45,9,0,1,2,0,1,1,0,0,0,0,1,0,0,5,1,1,2,2,1,7,14.3,6,8,0,3,8,14,0,336,16,39,161,142,46,335,31,10,32.3,19,61.3,162,1033,447,6,12,28,11,221,0,18,19,4,0,0,0,24,24,25,49.0
Jota Silva,POR,"FW,MF",Nott'Ham Forest,Premier League,25,1999,12,1,341,3.8,0,1,1,0,0,0,1,0,0.4,0.4,1.0,1.4,13,8,23,0.0,0.26,0.26,0.0,0.26,0.11,0.26,0.36,0.11,0.36,6,2,33.3,1.58,0.53,0.0,0.0,14,0,0.07,-0.4,-0.4,41,75,54.7,648,244,21,33,63.6,14,24,58.3,3,6,50.0,0.9,0.0,5,1,3,2,1,1,12,5,13,3.43,9,0,1,0,3,0,2,0,1,0,0,0,1,0,8,2,4,4,0,1,10,10.0,9,3,0,9,17,6,0,147,7,38,39,78,23,147,20,5,25.0,8,40.0,81,626,414,7,6,14,5,86,0,5,14,3,1,0,0,21,12,14,46.2
Eric Da Silva Moreira,GER,DF,Nott'Ham Forest,Premier League,18,2006,1,0,2,0.0,0,0,0,0,0,0,0,0,0.0,0.0,0.0,0.0,0,0,0,0.0,0.0,0.0,0.0,0.0,0.0,0.0,0.0,0.0,0.0,0,0,0.0,0.0,0.0,0.0,0.0,0,0,0.0,0.0,0.0,0,0,0.0,0,0,0,0,0.0,0,0,0.0,0,0,0.0,0.0,0.0,0,0,0,0,0,0,0,0,0,0.0,0,0,0,0,0,0,0,0,0,0,0,0,0,0,0,0,0,0,0,0,0,0.0,0,0,0,0,0,0,0,0,0,0,0,0,0,0,0,0,0.0,0,0.0,0,0,0,0,0,0,0,0,0,0,0,0,0,0,0,0,0,0,0.0
Abdallah Sima,SEN,FW,Brest,Ligue 1,23,2001,8,4,358,4.0,1,1,2,1,0,0,0,0,0.8,0.8,0.2,1.0,11,9,27,0.25,0.25,0.5,0.25,0.5,0.2,0.06,0.25,0.2,0.25,11,6,54.5,2.77,1.51,0.09,0.17,13,0,0.07,0.2,0.2,64,93,68.8,817,250,45,57,78.9,16,24,66.7,1,1,100.0,0.1,0.8,2,3,2,1,0,0,6,4,7,1.76,3,0,0,3,1,0,1,0,1,0,0,0,0,0,2,2,0,2,0,2,4,50.0,2,1,0,1,3,3,0,148,3,24,51,74,17,148,9,3,33.3,6,66.7,98,643,181,2,6,19,7,105,0,5,7,1,0,0,0,19,12,9,57.1
Mohamed Simakan,FRA,DF,Rb Leipzig,Bundesliga,24,2000,1,1,54,0.6,0,0,0,0,0,0,0,0,0.0,0.0,0.3,0.3,3,7,4,0.0,0.0,0.0,0.0,0.0,0.0,0.46,0.46,0.0,0.46,0,0,0.0,0.0,0.0,0.0,0.0,0,0,0.0,0.0,0.0,42,50,84.0,779,306,15,19,78.9,21,23,91.3,5,5,100.0,0.2,-0.3,3,5,2,1,0,0,1,1,3,5.0,3,0,0,0,0,0,0,0,0,0,0,0,0,0,0,0,0,0,0,0,0,0.0,0,0,0,2,2,0,0,52,0,9,35,9,2,52,1,0,0.0,0,0.0,27,130,70,1,0,0,0,39,0,0,1,0,0,0,0,3,3,1,75.0
Giovanni Simeone,ARG,FW,Napoli,Serie A,29,1995,12,1,228,2.5,1,0,1,1,0,0,0,0,1.4,1.4,0.3,1.6,3,2,15,0.39,0.0,0.39,0.39,0.39,0.54,0.11,0.65,0.54,0.65,8,2,25.0,3.16,0.79,0.13,0.5,17,0,0.17,-0.4,-0.4,40,56,71.4,462,60,27,31,87.1,11,16,68.8,0,1,0.0,0.2,-0.3,5,1,0,0,0,1,1,3,9,3.55,6,0,1,1,1,0,1,0,0,0,0,1,0,0,0,0,0,0,0,0,3,0.0,3,3,0,1,1,2,0,92,2,6,44,43,12,92,5,1,20.0,4,80.0,53,249,98,4,0,8,6,74,0,4,9,1,0,0,0,11,4,17,19.0
Giuliano Simeone,ARG,"MF,DF",Atlético Madrid,La Liga,22,2002,10,4,426,4.7,1,2,3,1,0,0,2,0,0.3,0.3,0.8,1.1,23,14,50,0.21,0.42,0.63,0.21,0.63,0.07,0.16,0.23,0.07,0.23,3,3,100.0,0.63,0.63,0.33,0.33,15,0,0.1,0.7,0.7,162,213,76.1,2027,570,108,125,86.4,41,59,69.5,3,9,33.3,1.2,1.2,6,7,7,2,1,0,13,9,9,1.91,8,0,1,0,0,0,2,0,2,0,0,0,0,0,8,4,1,3,4,5,6,83.3,1,5,1,2,10,4,0,269,1,44,104,126,16,269,20,8,40.0,11,55.0,156,943,529,12,3,12,3,178,0,6,8,1,0,0,0,24,1,4,20.0
Moses Simon,NGA,FW,Nantes,Ligue 1,29,1995,12,12,1000,11.1,3,4,7,1,2,2,1,0,2.7,1.1,2.4,3.5,64,23,97,0.27,0.36,0.63,0.09,0.45,0.24,0.21,0.46,0.1,0.32,17,7,41.2,1.53,0.63,0.06,0.14,22,1,0.07,0.3,-0.1,211,329,64.1,3756,1008,102,127,80.3,87,121,71.9,22,50,44.0,2.1,1.6,20,8,15,9,1,0,76,25,43,3.87,20,8,9,3,2,1,5,0,4,0,0,1,0,0,8,7,2,3,3,4,11,36.4,7,5,0,9,17,2,0,453,2,35,158,276,47,451,66,31,47.0,33,50.0,286,2840,1494,38,22,27,15,310,0,4,14,7,0,0,0,57,5,15,25.0
Xavi Simons,NED,MF,Rb Leipzig,Bundesliga,21,2003,7,7,615,6.8,2,1,3,2,0,0,2,0,1.1,1.1,2.0,3.1,24,43,55,0.29,0.15,0.44,0.29,0.44,0.17,0.29,0.46,0.17,0.46,12,5,41.7,1.76,0.73,0.17,0.4,16,0,0.09,0.9,0.9,267,343,77.8,4245,1136,139,160,86.9,92,109,84.4,25,50,50.0,1.9,-1.0,14,21,17,2,8,0,27,7,28,4.1,23,2,0,1,2,0,3,0,2,0,0,1,0,0,8,7,2,5,1,3,5,60.0,2,3,1,2,10,6,0,429,4,35,233,172,25,429,26,11,42.3,12,46.2,229,1402,814,14,7,22,9,326,0,8,16,2,0,0,0,31,2,9,18.2
Jahmai Simpson-Pusey,ENG,DF,Manchester City,Premier League,19,2005,1,1,90,1.0,0,0,0,0,0,0,1,0,0.0,0.0,0.0,0.0,1,3,0,0.0,0.0,0.0,0.0,0.0,0.0,0.0,0.0,0.0,0.0,0,0,0.0,0.0,0.0,0.0,0.0,0,0,0.0,0.0,0.0,99,107,92.5,1594,477,44,46,95.7,53,55,96.4,2,6,33.3,0.0,0.0,0,3,0,0,0,0,0,0,0,0.0,0,0,0,0,0,0,0,0,0,0,0,0,0,0,1,0,1,0,0,0,0,0.0,0,1,1,0,1,2,0,113,8,57,54,2,0,113,1,0,0.0,0,0.0,70,322,150,0,0,1,0,92,0,0,1,0,0,0,0,3,1,3,25.0
Danel Sinani,LUX,"FW,MF",St. Pauli,Bundesliga,27,1997,7,1,124,1.4,0,0,0,0,0,0,0,0,0.2,0.2,0.1,0.2,2,3,8,0.0,0.0,0.0,0.0,0.0,0.12,0.04,0.16,0.12,0.16,4,2,50.0,2.9,1.45,0.0,0.0,20,0,0.04,-0.2,-0.2,36,54,66.7,477,122,20,24,83.3,12,18,66.7,1,8,12.5,0.1,-0.1,1,4,0,0,0,0,2,0,3,2.16,2,0,0,0,0,1,0,0,0,0,0,0,0,0,4,3,0,2,2,0,1,0.0,1,1,0,1,5,1,0,69,1,1,34,35,5,69,2,1,50.0,1,50.0,31,121,48,2,2,4,2,49,0,3,0,0,0,0,0,5,1,4,20.0
Lassine Sinayoko,MLI,"FW,MF",Auxerre,Ligue 1,25,1999,13,10,871,9.7,2,3,5,1,1,1,2,0,2.4,1.6,2.8,4.4,27,28,81,0.21,0.31,0.52,0.1,0.41,0.25,0.29,0.54,0.16,0.46,21,5,23.8,2.17,0.52,0.05,0.2,18,0,0.08,-0.4,-0.6,225,287,78.4,2953,599,136,162,84.0,68,80,85.0,3,9,33.3,2.1,0.2,14,8,7,2,1,0,10,11,43,4.44,30,0,4,5,4,0,8,0,3,0,1,1,3,0,12,7,6,2,4,5,10,50.0,5,7,1,7,19,21,0,407,18,79,146,187,48,406,26,8,30.8,16,61.5,208,1158,594,14,11,14,12,264,0,16,13,9,1,0,0,31,7,29,19.4
Wilfried Singo,CIV,DF,Monaco,Ligue 1,24,2000,12,9,827,9.2,0,1,1,0,0,0,2,0,0.2,0.2,0.1,0.3,16,47,2,0.0,0.11,0.11,0.0,0.11,0.02,0.01,0.03,0.02,0.03,4,0,0.0,0.44,0.0,0.0,0.0,10,0,0.05,-0.2,-0.2,461,542,85.1,8832,3054,161,183,88.0,253,269,94.1,41,79,51.9,0.4,0.9,2,42,6,1,0,4,4,3,5,0.54,4,0,0,0,0,1,2,0,1,0,0,0,0,1,14,10,6,7,1,4,7,57.1,3,4,2,22,36,37,0,629,53,237,372,29,10,629,4,3,75.0,1,25.0,367,2278,1364,7,2,4,2,398,0,14,9,2,0,0,0,57,18,7,72.0
Luis Sinisterra,COL,"FW,MF",Bournemouth,Premier League,25,1999,8,1,208,2.3,1,1,2,1,0,0,0,0,1.1,1.1,1.0,2.1,14,3,29,0.43,0.43,0.87,0.43,0.87,0.48,0.44,0.92,0.48,0.92,12,6,50.0,5.19,2.6,0.08,0.17,15,0,0.09,-0.1,-0.1,54,70,77.1,789,117,33,35,94.3,17,26,65.4,3,3,100.0,0.9,0.0,9,4,1,1,0,1,5,3,13,5.57,10,0,1,2,0,0,1,0,1,0,0,0,0,0,5,1,1,2,2,0,4,0.0,4,3,0,0,5,5,0,118,5,10,29,79,18,118,16,7,43.8,7,43.8,73,551,278,4,7,4,2,78,0,3,2,1,0,0,0,14,1,6,14.3
Daley Sinkgraven,NED,DF,Las Palmas,La Liga,29,1995,2,1,91,1.0,0,0,0,0,0,0,0,0,0.0,0.0,0.0,0.0,2,3,7,0.0,0.0,0.0,0.0,0.0,0.0,0.02,0.02,0.0,0.02,0,0,0.0,0.0,0.0,0.0,0.0,0,0,0.0,0.0,0.0,50,66,75.8,682,211,31,31,100.0,17,25,68.0,1,7,14.3,0.0,0.0,1,2,1,0,0,0,4,1,2,1.98,2,0,0,0,0,0,0,0,0,0,0,0,0,0,5,1,3,2,0,1,3,33.3,2,1,0,1,6,2,0,77,4,22,35,20,1,77,1,1,100.0,0,0.0,46,262,95,2,1,1,1,50,0,2,2,0,0,0,0,6,1,0,100.0
Jailson Siqueira,BRA,"DF,MF",Celta Vigo,La Liga,29,1995,6,5,451,5.0,0,0,0,0,0,0,0,0,0.1,0.1,0.0,0.1,4,30,2,0.0,0.0,0.0,0.0,0.0,0.02,0.0,0.02,0.02,0.02,2,1,50.0,0.4,0.2,0.0,0.0,11,0,0.05,-0.1,-0.1,316,351,90.0,5699,2174,115,123,93.5,173,186,93.0,25,35,71.4,0.1,0.0,0,20,0,0,0,2,1,4,7,1.4,5,0,0,1,0,1,0,0,0,0,0,0,0,0,7,7,5,2,0,5,6,83.3,1,5,3,8,15,18,1,398,49,169,207,25,6,398,4,3,75.0,1,25.0,269,1286,705,7,2,0,5,296,0,2,4,0,0,0,1,23,9,8,52.9
Ibrahim Sissoko,MLI,FW,Saint-Étienne,Ligue 1,29,1995,13,8,762,8.5,3,1,4,2,1,1,0,0,4.3,3.5,0.5,4.1,12,11,32,0.35,0.12,0.47,0.24,0.35,0.51,0.06,0.57,0.42,0.48,21,4,19.0,2.48,0.47,0.1,0.5,14,0,0.17,-1.3,-1.5,105,160,65.6,1553,196,63,85,74.1,31,47,66.0,7,11,63.6,0.3,0.5,6,9,1,0,1,2,2,7,20,2.36,9,0,1,4,4,2,1,0,1,0,0,0,0,0,11,9,5,3,3,2,5,40.0,3,8,1,2,13,13,0,272,13,37,129,107,34,271,11,3,27.3,8,72.7,140,655,275,11,6,30,12,189,0,31,19,8,0,0,0,22,24,41,36.9
Ibrahima Sissoko,MLI,MF,Bochum,Bundesliga,27,1997,12,10,919,10.2,0,0,0,0,0,0,2,0,0.2,0.2,0.4,0.6,15,43,16,0.0,0.0,0.0,0.0,0.0,0.02,0.04,0.06,0.02,0.06,6,1,16.7,0.59,0.1,0.0,0.0,21,0,0.04,-0.2,-0.2,271,342,79.2,4727,1623,112,127,88.2,133,161,82.6,21,36,58.3,0.6,-0.4,10,32,6,3,0,0,9,6,26,2.55,20,0,1,0,2,3,2,0,1,0,0,0,1,0,23,17,11,11,1,8,15,53.3,7,9,3,14,37,15,0,447,23,138,240,73,12,447,16,10,62.5,4,25.0,231,1177,572,5,2,8,4,254,0,23,12,1,1,1,0,48,23,17,57.5
Niama Sissoko,MLI,FW,Reims,Ligue 1,19,2005,2,0,18,0.2,0,0,0,0,0,0,0,0,0.2,0.2,0.0,0.2,1,0,1,0.0,0.0,0.0,0.0,0.0,0.94,0.0,0.94,0.94,0.94,2,0,0.0,10.0,0.0,0.0,0.0,9,0,0.09,-0.2,-0.2,2,5,40.0,53,1,0,0,0.0,1,1,100.0,1,1,100.0,0.0,0.0,0,0,0,0,0,0,0,1,0,0.0,0,0,0,0,0,0,0,0,0,0,0,0,0,0,0,0,0,0,0,0,0,0.0,0,0,0,0,0,0,0,8,0,1,1,6,4,8,0,0,0.0,0,0.0,6,26,15,0,0,0,1,6,0,0,0,0,0,0,0,1,1,2,33.3
Tim Skarke,GER,"FW,MF",Union Berlin,Bundesliga,28,1996,11,3,326,3.6,0,1,1,0,0,0,0,0,0.4,0.4,0.3,0.7,8,5,23,0.0,0.28,0.28,0.0,0.28,0.11,0.08,0.19,0.11,0.19,7,1,14.3,1.93,0.28,0.0,0.0,17,0,0.06,-0.4,-0.4,52,78,66.7,711,158,33,40,82.5,14,23,60.9,3,5,60.0,0.4,0.7,3,2,4,2,0,1,8,4,7,1.93,6,0,0,1,0,0,1,0,1,0,0,0,0,0,2,2,1,1,0,2,5,40.0,3,2,0,0,2,4,0,105,2,9,46,51,10,105,4,2,50.0,2,50.0,78,414,198,4,3,6,7,92,0,3,9,6,0,0,0,7,1,11,8.3
Ellyes Skhiri,TUN,MF,Eint Frankfurt,Bundesliga,29,1995,12,10,854,9.5,0,1,1,0,0,0,3,0,0.4,0.4,0.6,0.9,4,37,12,0.0,0.11,0.11,0.0,0.11,0.04,0.06,0.1,0.04,0.1,5,0,0.0,0.53,0.0,0.0,0.0,17,0,0.07,-0.4,-0.4,384,435,88.3,5770,1570,215,234,91.9,142,155,91.6,17,26,65.4,0.9,0.4,10,25,5,0,0,0,0,9,19,2.0,16,0,0,2,0,1,4,0,3,0,0,1,0,0,10,6,4,5,1,4,13,30.8,9,19,4,9,19,15,1,525,35,162,278,86,8,525,4,3,75.0,1,25.0,265,1064,379,6,1,10,5,337,0,11,4,1,0,0,0,37,8,10,44.4
Oliver Skipp,ENG,MF,Leicester City,Premier League,24,2000,8,5,508,5.6,0,0,0,0,0,0,3,0,0.0,0.0,0.1,0.2,10,17,5,0.0,0.0,0.0,0.0,0.0,0.01,0.02,0.03,0.01,0.03,1,1,100.0,0.18,0.18,0.0,0.0,23,0,0.05,0.0,0.0,173,203,85.2,2590,771,94,104,90.4,61,67,91.0,10,16,62.5,0.2,-0.1,4,17,4,0,2,0,1,5,6,1.06,5,0,0,0,1,0,0,0,0,0,0,0,0,0,6,2,2,3,1,5,8,62.5,3,8,3,6,12,8,0,250,16,65,152,35,0,250,8,4,50.0,4,50.0,148,623,341,5,0,4,5,171,0,7,9,0,0,0,0,21,5,1,83.3
Leo Skiri Østigård,NOR,DF,Rennes,Ligue 1,25,1999,10,8,713,7.9,1,0,1,1,0,0,3,0,0.6,0.6,0.0,0.6,1,40,0,0.13,0.0,0.13,0.13,0.13,0.07,0.0,0.08,0.07,0.08,4,2,50.0,0.5,0.25,0.25,0.5,7,0,0.14,0.4,0.4,423,494,85.6,8502,3271,130,147,88.4,240,262,91.6,50,79,63.3,0.1,0.0,1,30,0,0,0,3,0,2,6,0.76,5,0,0,1,0,0,0,0,0,0,0,0,0,0,15,13,12,3,0,12,19,63.2,7,6,6,7,22,45,0,582,60,259,312,15,7,582,2,1,50.0,1,50.0,303,1481,762,2,0,6,0,369,0,12,5,0,0,0,0,33,29,14,67.4
Robert Skov,DEN,"DF,MF",Union Berlin,Bundesliga,28,1996,5,2,163,1.8,0,1,1,0,0,0,1,0,0.0,0.0,0.7,0.7,3,3,6,0.0,0.55,0.55,0.0,0.55,0.0,0.38,0.38,0.0,0.38,0,0,0.0,0.0,0.0,0.0,0.0,0,0,0.0,0.0,0.0,53,78,67.9,842,289,33,37,89.2,15,21,71.4,5,11,45.5,0.3,0.3,3,4,2,1,0,0,10,5,6,3.31,2,2,1,0,1,0,2,1,1,0,1,0,0,0,2,1,0,2,0,1,2,50.0,1,3,0,2,4,0,0,86,1,20,42,26,0,86,1,1,100.0,0,0.0,32,195,79,1,0,1,0,44,0,3,1,1,0,0,0,3,3,2,60.0
Milan Škriniar,SVK,DF,Paris S-G,Ligue 1,29,1995,5,4,382,4.2,0,0,0,0,0,0,1,0,0.2,0.2,0.1,0.3,3,20,0,0.0,0.0,0.0,0.0,0.0,0.04,0.02,0.06,0.04,0.06,3,0,0.0,0.71,0.0,0.0,0.0,10,0,0.05,-0.2,-0.2,361,374,96.5,6457,2316,133,136,97.8,208,213,97.7,16,20,80.0,0.0,-0.1,1,15,0,0,0,2,0,0,6,1.41,5,0,0,1,0,0,0,0,0,0,0,0,0,0,7,5,3,4,0,3,3,100.0,0,7,6,3,10,16,0,417,51,200,213,5,3,417,3,0,0.0,3,100.0,244,1111,603,0,0,2,0,309,0,4,5,1,0,0,0,25,7,5,58.3
Steven Skrzybski,GER,"FW,MF",Holstein Kiel,Bundesliga,32,1992,8,4,421,4.7,0,1,1,0,0,0,0,0,0.8,0.8,1.0,1.7,7,21,20,0.0,0.21,0.21,0.0,0.21,0.16,0.21,0.37,0.16,0.37,7,4,57.1,1.5,0.86,0.0,0.0,22,0,0.11,-0.8,-0.8,95,146,65.1,1818,665,38,46,82.6,46,67,68.7,11,26,42.3,1.4,0.0,9,13,8,5,3,0,18,5,17,3.63,12,1,1,3,0,0,1,0,1,0,0,0,0,0,8,1,1,3,4,4,8,50.0,4,9,0,5,13,2,0,200,4,31,99,77,11,200,14,9,64.3,5,35.7,100,499,267,9,2,9,5,127,0,10,9,0,0,0,0,25,2,7,22.2
Naatan Skyttä,FIN,FW,Toulouse,Ligue 1,22,2002,1,0,5,0.1,0,0,0,0,0,0,0,0,0.0,0.0,0.0,0.0,0,0,0,0.0,0.0,0.0,0.0,0.0,0.0,0.0,0.0,0.0,0.0,0,0,0.0,0.0,0.0,0.0,0.0,0,0,0.0,0.0,0.0,4,4,100.0,32,1,4,4,100.0,0,0,0.0,0,0,0.0,0.0,0.0,0,1,0,0,0,0,0,0,0,0.0,0,0,0,0,0,0,0,0,0,0,0,0,0,0,1,0,0,0,1,0,0,0.0,0,0,0,0,1,0,0,5,0,0,2,3,0,5,0,0,0.0,0,0.0,4,3,1,0,0,0,0,3,0,1,0,0,0,0,0,1,0,0,0.0
William Smallbone,IRL,MF,Southampton,Premier League,24,2000,4,3,241,2.7,0,0,0,0,0,0,0,0,0.3,0.3,0.3,0.6,2,8,12,0.0,0.0,0.0,0.0,0.0,0.11,0.11,0.23,0.11,0.23,4,0,0.0,1.49,0.0,0.0,0.0,19,1,0.08,-0.3,-0.3,91,127,71.7,1300,187,50,58,86.2,35,45,77.8,2,14,14.3,0.5,-0.3,3,3,1,1,0,0,19,6,9,3.36,7,1,0,1,0,0,0,0,0,0,0,0,0,0,7,3,3,3,1,3,5,60.0,2,3,0,0,7,2,1,156,6,20,65,72,11,156,1,1,100.0,0,0.0,61,237,128,5,0,7,2,93,0,4,1,0,0,0,0,7,1,1,50.0
Adam Smith,ENG,DF,Bournemouth,Premier League,33,1991,13,8,771,8.6,0,0,0,0,0,0,3,0,0.6,0.6,0.1,0.7,3,19,10,0.0,0.0,0.0,0.0,0.0,0.07,0.01,0.08,0.07,0.08,1,0,0.0,0.12,0.0,0.0,0.0,10,0,0.6,-0.6,-0.6,224,291,77.0,3547,1207,109,127,85.8,99,123,80.5,10,29,34.5,0.1,-0.1,3,21,2,1,0,1,12,6,9,1.05,6,1,1,0,0,1,0,0,0,0,0,0,0,0,11,7,6,2,3,6,11,54.5,5,7,2,8,19,30,0,366,24,122,166,80,2,366,9,3,33.3,4,44.4,155,532,216,7,0,7,5,153,0,4,7,0,0,0,0,27,7,9,43.8
Eric Smith,SWE,DF,St. Pauli,Bundesliga,27,1997,12,12,1027,11.4,1,0,1,1,0,0,2,0,0.4,0.4,0.9,1.2,7,36,3,0.09,0.0,0.09,0.09,0.09,0.03,0.08,0.11,0.03,0.11,9,5,55.6,0.79,0.44,0.11,0.2,26,4,0.04,0.6,0.6,478,604,79.1,10229,3833,141,152,92.8,249,284,87.7,84,155,54.2,1.5,-0.9,14,38,3,2,0,3,57,2,27,2.37,9,18,0,0,0,0,1,0,1,0,0,0,0,0,14,10,12,2,0,8,9,88.9,1,18,6,19,33,42,2,717,76,268,339,115,2,717,2,2,100.0,0,0.0,290,1326,595,4,0,4,0,392,0,5,6,2,0,0,0,38,7,4,63.6
Justin Smith,CAN,MF,Espanyol,La Liga,21,2003,2,1,89,1.0,0,0,0,0,0,0,0,0,0.0,0.0,0.0,0.0,1,1,2,0.0,0.0,0.0,0.0,0.0,0.0,0.0,0.0,0.0,0.0,0,0,0.0,0.0,0.0,0.0,0.0,0,0,0.0,0.0,0.0,9,15,60.0,143,37,4,7,57.1,4,5,80.0,1,3,33.3,0.0,0.0,0,0,0,0,0,0,1,0,0,0.0,0,0,0,0,0,0,0,0,0,0,0,0,0,0,4,1,1,3,0,2,2,100.0,0,1,0,2,6,0,0,25,0,8,12,6,0,25,2,1,50.0,1,50.0,13,128,24,2,0,1,1,13,0,1,1,0,0,0,0,4,0,0,0.0
Emile Smith Rowe,ENG,MF,Fulham,Premier League,24,2000,13,12,939,10.4,3,2,5,3,0,0,1,0,2.2,2.2,0.9,3.1,35,71,59,0.29,0.19,0.48,0.29,0.48,0.21,0.09,0.29,0.21,0.29,18,4,22.2,1.73,0.38,0.17,0.75,15,0,0.12,0.8,0.8,461,510,90.4,6683,1382,263,285,92.3,178,186,95.7,12,16,75.0,1.3,1.1,15,49,6,0,2,1,8,9,37,3.55,27,0,2,5,0,3,7,0,5,0,1,0,0,1,18,12,5,5,8,5,13,38.5,8,9,0,7,25,5,0,608,12,79,286,250,33,608,19,9,47.4,8,42.1,419,2181,1194,21,9,18,6,487,0,8,9,4,0,0,0,28,4,6,40.0
Eduard Sobol,UKR,MF,Strasbourg,Ligue 1,29,1995,1,0,1,0.0,0,0,0,0,0,0,0,0,0.0,0.0,0.0,0.0,0,1,1,0.0,0.0,0.0,0.0,0.0,0.0,0.0,0.0,0.0,0.0,0,0,0.0,0.0,0.0,0.0,0.0,0,0,0.0,0.0,0.0,1,1,100.0,10,8,1,1,100.0,0,0,0.0,0,0,0.0,0.0,0.0,0,1,0,0,0,0,0,0,0,0.0,0,0,0,0,0,0,0,0,0,0,0,0,0,0,0,0,0,0,0,0,0,0.0,0,0,0,0,0,0,0,1,0,0,1,0,0,1,0,0,0.0,0,0.0,1,0,0,0,0,0,0,1,0,0,0,0,0,0,0,0,0,0,0.0
Simon Sohm,SUI,MF,Parma,Serie A,23,2001,14,13,1058,11.8,1,0,1,1,0,0,2,0,1.2,1.2,0.1,1.4,22,39,16,0.09,0.0,0.09,0.09,0.09,0.1,0.01,0.12,0.1,0.12,13,4,30.8,1.11,0.34,0.08,0.25,20,0,0.09,-0.2,-0.2,356,422,84.4,5709,1575,176,194,90.7,145,170,85.3,22,34,64.7,0.5,-0.1,3,34,10,1,3,1,3,7,29,2.47,24,1,1,1,1,1,0,0,0,0,0,0,0,0,9,5,3,4,2,5,12,41.7,7,4,1,9,18,20,0,511,21,98,290,128,15,511,9,4,44.4,3,33.3,268,1596,955,17,5,10,7,357,0,6,9,1,0,0,0,37,11,4,73.3
Alex Sola,ESP,"MF,FW",Getafe,La Liga,25,1999,15,12,934,10.4,0,1,1,0,0,0,4,0,0.9,0.9,0.7,1.6,20,20,52,0.0,0.1,0.1,0.0,0.1,0.09,0.07,0.16,0.09,0.16,14,2,14.3,1.35,0.19,0.0,0.0,18,0,0.07,-0.9,-0.9,133,209,63.6,1870,452,89,112,79.5,30,49,61.2,8,25,32.0,0.8,0.3,9,8,1,1,0,2,16,5,26,2.51,17,0,6,0,3,0,2,0,2,0,0,0,0,0,17,10,8,9,0,8,23,34.8,15,8,0,4,21,9,0,387,6,57,144,194,26,387,55,19,34.5,31,56.4,237,1403,543,10,8,46,18,269,0,20,24,6,0,0,0,42,17,25,40.5
Dominic Solanke,ENG,FW,Tottenham,Premier League,27,1997,10,10,887,9.9,4,2,6,4,0,0,0,0,5.6,5.6,1.2,6.8,17,22,45,0.41,0.2,0.61,0.41,0.61,0.57,0.12,0.69,0.57,0.69,25,14,56.0,2.54,1.42,0.16,0.29,12,0,0.23,-1.6,-1.6,116,163,71.2,1602,448,74,97,76.3,27,37,73.0,7,12,58.3,0.7,0.8,6,13,5,0,2,1,4,6,20,2.03,16,0,0,3,1,0,6,0,5,0,0,0,1,0,9,6,1,6,2,2,4,50.0,2,6,2,0,9,9,0,276,12,19,134,125,49,276,31,13,41.9,18,58.1,162,879,368,8,8,22,15,193,0,17,15,2,0,0,0,15,19,18,51.4
Ola Solbakken,NOR,"MF,FW",Empoli,Serie A,26,1998,13,6,583,6.5,0,0,0,0,0,0,1,0,0.8,0.8,0.4,1.1,11,14,24,0.0,0.0,0.0,0.0,0.0,0.12,0.06,0.17,0.12,0.17,3,3,100.0,0.46,0.46,0.0,0.0,11,0,0.25,-0.8,-0.8,89,133,66.9,1412,443,47,66,71.2,31,41,75.6,6,12,50.0,0.2,-0.4,6,9,3,1,1,4,5,5,9,1.39,8,0,1,0,0,0,1,0,1,0,0,0,0,0,5,3,0,5,0,2,4,50.0,2,0,0,1,6,8,0,178,7,26,91,65,13,178,12,6,50.0,6,50.0,98,725,266,5,6,9,7,131,0,7,0,2,0,0,0,12,7,14,33.3
Carlos Soler,ESP,MF,West Ham,Premier League,27,1997,11,4,489,5.4,0,1,1,0,0,0,3,0,0.5,0.5,0.7,1.3,7,20,14,0.0,0.18,0.18,0.0,0.18,0.1,0.13,0.23,0.1,0.23,13,4,30.8,2.39,0.74,0.0,0.0,21,1,0.04,-0.5,-0.5,193,230,83.9,2932,792,107,114,93.9,65,79,82.3,14,24,58.3,0.5,0.3,7,15,6,0,4,2,10,3,21,3.87,12,3,1,3,1,1,1,0,1,0,0,0,0,0,5,5,2,3,0,2,13,15.4,11,9,1,2,7,5,0,272,6,58,129,87,8,272,6,2,33.3,3,50.0,133,646,273,11,3,3,8,196,0,13,7,0,0,0,0,27,3,4,42.9
Jhon Solis,COL,MF,Girona,La Liga,20,2004,7,2,321,3.6,0,0,0,0,0,0,0,0,0.1,0.1,0.0,0.2,2,21,8,0.0,0.0,0.0,0.0,0.0,0.04,0.01,0.05,0.04,0.05,2,0,0.0,0.56,0.0,0.0,0.0,20,0,0.07,-0.1,-0.1,177,196,90.3,2756,704,95,98,96.9,72,82,87.8,7,10,70.0,0.1,0.0,1,21,1,1,0,0,2,0,5,1.4,4,0,0,1,0,0,0,0,0,0,0,0,0,0,4,4,2,2,0,3,9,33.3,6,10,1,3,7,4,0,233,7,49,144,43,1,233,8,5,62.5,2,25.0,151,830,358,5,0,7,9,184,0,2,4,0,0,0,0,15,3,2,60.0
Borna Sosa,CRO,DF,Torino,Serie A,26,1998,8,4,348,3.9,0,0,0,0,0,0,0,0,0.0,0.0,0.1,0.1,1,8,17,0.0,0.0,0.0,0.0,0.0,0.01,0.02,0.03,0.01,0.03,2,1,50.0,0.52,0.26,0.0,0.0,26,0,0.02,0.0,0.0,159,190,83.7,2563,519,75,84,89.3,68,79,86.1,12,20,60.0,0.2,-0.1,1,9,3,2,0,0,14,2,3,0.78,2,0,0,1,0,0,0,0,0,0,0,0,0,0,5,4,3,2,0,4,7,57.1,3,1,0,5,10,7,0,215,4,42,125,49,4,215,2,0,0.0,1,50.0,121,715,187,4,0,2,0,154,0,0,1,0,0,0,0,11,5,7,41.7
Ramón Sosa,PAR,"FW,MF",Nott'Ham Forest,Premier League,25,1999,9,0,131,1.5,1,0,1,1,0,0,0,0,0.7,0.7,0.4,1.1,7,4,12,0.69,0.0,0.69,0.69,0.69,0.48,0.28,0.76,0.48,0.76,6,2,33.3,4.12,1.37,0.17,0.5,19,0,0.12,0.3,0.3,39,57,68.4,608,168,18,24,75.0,15,22,68.2,3,5,60.0,0.3,-0.4,7,2,4,2,0,0,7,2,11,7.56,9,0,2,0,0,0,0,0,0,0,0,0,0,0,3,2,2,0,1,1,2,50.0,1,2,0,1,4,2,0,80,3,14,19,49,8,80,8,5,62.5,3,37.5,45,342,155,4,4,3,2,47,0,3,1,1,0,0,0,11,1,4,20.0
Hugo Sotelo,ESP,MF,Celta Vigo,La Liga,21,2003,11,7,598,6.6,0,0,0,0,0,0,4,0,0.1,0.1,0.5,0.6,13,40,18,0.0,0.0,0.0,0.0,0.0,0.02,0.07,0.09,0.02,0.09,3,0,0.0,0.45,0.0,0.0,0.0,23,0,0.05,-0.1,-0.1,473,540,87.6,8448,2140,206,218,94.5,202,216,93.5,51,83,61.4,0.7,-0.5,9,47,6,2,1,11,18,4,17,2.56,13,4,0,0,0,0,0,0,0,0,0,0,0,0,14,10,5,4,5,4,11,36.4,7,6,0,1,15,4,0,576,8,91,380,112,4,576,9,4,44.4,3,33.3,379,1894,782,11,1,5,4,444,0,12,6,1,0,0,0,41,2,4,33.3
Florian Sotoca,FRA,"FW,MF",Lens,Ligue 1,34,1990,12,9,699,7.8,0,0,0,0,0,0,1,0,2.3,2.3,0.5,2.9,12,40,62,0.0,0.0,0.0,0.0,0.0,0.3,0.07,0.37,0.3,0.37,22,9,40.9,2.83,1.16,0.0,0.0,14,0,0.11,-2.3,-2.3,225,315,71.4,3307,803,125,148,84.5,72,100,72.0,17,31,54.8,0.8,-0.5,7,22,10,2,2,0,30,15,17,2.19,13,0,2,1,1,0,1,0,1,0,0,0,0,0,8,6,1,1,6,5,7,71.4,2,7,1,2,10,13,0,402,11,35,190,179,32,402,16,7,43.8,7,43.8,223,882,441,9,3,12,9,313,0,6,6,3,0,0,0,28,19,10,65.5
Riccardo Sottil,ITA,"FW,MF",Fiorentina,Serie A,25,1999,10,3,383,4.3,0,1,1,0,0,0,0,0,0.4,0.4,0.7,1.0,35,5,48,0.0,0.23,0.23,0.0,0.23,0.09,0.16,0.25,0.09,0.25,12,4,33.3,2.82,0.94,0.0,0.0,19,0,0.03,-0.4,-0.4,95,136,69.9,1570,178,50,60,83.3,38,57,66.7,6,13,46.2,0.6,0.3,7,2,5,3,1,0,26,2,17,3.99,10,0,5,1,1,0,2,0,2,0,0,0,0,0,0,0,0,0,0,0,1,0.0,1,1,0,3,3,3,0,173,1,19,51,111,22,173,17,8,47.1,6,35.3,136,1481,989,15,17,7,4,144,0,4,14,1,0,0,0,16,2,3,40.0
Tomáš Souček,CZE,MF,West Ham,Premier League,29,1995,13,10,895,9.9,3,0,3,3,0,0,4,0,2.6,2.6,0.5,3.1,2,35,26,0.3,0.0,0.3,0.3,0.3,0.26,0.05,0.31,0.26,0.31,26,6,23.1,2.61,0.6,0.12,0.5,11,0,0.11,0.4,0.4,270,349,77.4,4492,1227,135,164,82.3,105,131,80.2,23,33,69.7,0.7,-0.5,10,28,5,0,0,4,4,8,22,2.21,15,0,0,4,2,1,2,0,1,0,0,0,1,0,16,9,5,9,2,9,17,52.9,8,12,5,9,25,32,0,463,43,131,220,114,49,463,3,0,0.0,3,100.0,194,524,202,5,1,7,6,284,0,13,8,1,1,0,0,20,43,27,61.4
Matìas Soulé,ARG,"MF,FW",Roma,Serie A,21,2003,10,7,529,5.9,1,0,1,1,0,0,1,0,1.3,1.3,0.9,2.2,29,25,57,0.17,0.0,0.17,0.17,0.17,0.22,0.15,0.37,0.22,0.37,14,5,35.7,2.38,0.85,0.07,0.2,20,0,0.09,-0.3,-0.3,249,309,80.6,3672,761,147,161,91.3,77,101,76.2,15,25,60.0,1.0,-0.9,14,17,9,2,2,2,26,4,27,4.58,18,6,0,2,1,0,0,0,0,0,0,0,0,0,4,3,0,2,2,1,6,16.7,5,8,1,2,6,5,0,405,4,31,152,227,24,405,40,13,32.5,19,47.5,275,1652,838,23,8,16,10,301,0,6,17,0,0,0,0,36,5,6,45.5
Boubakary Soumaré,FRA,MF,Leicester City,Premier League,25,1999,8,4,385,4.3,0,0,0,0,0,0,4,0,0.0,0.0,0.0,0.1,2,17,3,0.0,0.0,0.0,0.0,0.0,0.01,0.0,0.01,0.01,0.01,1,0,0.0,0.23,0.0,0.0,0.0,19,0,0.05,0.0,0.0,197,223,88.3,2902,882,111,118,94.1,80,88,90.9,2,8,25.0,0.3,0.0,1,18,2,0,1,1,0,3,4,0.94,4,0,0,0,0,0,0,0,0,0,0,0,0,0,9,4,6,3,0,5,7,71.4,2,5,2,2,11,3,1,266,13,74,170,25,1,266,12,4,33.3,5,41.7,174,744,346,2,0,3,2,176,0,3,3,0,0,0,0,27,5,2,71.4
Issa Soumaré,SEN,"FW,MF",Le Havre,Ligue 1,24,2000,11,7,624,6.9,0,0,0,0,0,0,0,0,1.0,1.0,0.4,1.3,18,14,57,0.0,0.0,0.0,0.0,0.0,0.14,0.05,0.19,0.14,0.19,10,4,40.0,1.44,0.58,0.0,0.0,17,0,0.1,-1.0,-1.0,116,181,64.1,1600,313,68,95,71.6,32,46,69.6,7,17,41.2,0.2,-0.4,8,5,4,0,0,2,10,6,12,1.73,8,0,0,2,2,0,1,0,0,0,0,1,0,0,4,2,0,2,2,2,8,25.0,6,5,1,3,7,7,0,276,8,26,116,141,25,276,19,3,15.8,13,68.4,155,940,391,10,3,24,11,192,0,7,16,1,0,0,0,32,24,23,51.1
Djibril Sow,SUI,MF,Sevilla,La Liga,27,1997,12,7,656,7.3,1,0,1,1,0,0,3,0,1.6,1.6,0.4,2.0,10,38,21,0.14,0.0,0.14,0.14,0.14,0.22,0.05,0.27,0.22,0.27,9,4,44.4,1.23,0.55,0.11,0.25,15,0,0.17,-0.6,-0.6,271,308,88.0,4177,1063,141,159,88.7,101,107,94.4,18,21,85.7,0.2,-0.4,8,32,4,0,0,0,1,4,20,2.74,18,0,0,1,1,0,0,0,0,0,0,0,0,0,5,3,2,3,0,0,3,0.0,3,4,1,5,10,5,0,364,7,68,222,79,16,364,4,0,0.0,3,75.0,186,957,421,9,2,13,4,259,0,13,16,0,0,0,0,32,9,8,52.9
Saidou Sow,GUI,DF,Strasbourg,Ligue 1,22,2002,12,11,1018,11.3,0,1,1,0,0,0,2,0,0.3,0.3,0.2,0.5,0,16,2,0.0,0.09,0.09,0.0,0.09,0.03,0.01,0.04,0.03,0.04,4,1,25.0,0.35,0.09,0.0,0.0,10,0,0.08,-0.3,-0.3,577,636,90.7,10281,3407,202,213,94.8,349,367,95.1,25,49,51.0,0.1,0.8,2,12,2,0,0,0,0,1,6,0.53,6,0,0,0,0,0,1,0,1,0,0,0,0,0,9,5,6,3,0,6,12,50.0,6,15,9,15,24,37,2,735,112,476,245,16,8,735,2,1,50.0,1,50.0,465,1531,687,1,0,4,3,548,0,7,5,1,0,1,0,36,16,15,51.6
Djed Spence,ENG,DF,Tottenham,Premier League,24,2000,4,0,65,0.7,0,0,0,0,0,0,1,0,0.0,0.0,0.0,0.0,4,4,5,0.0,0.0,0.0,0.0,0.0,0.0,0.0,0.0,0.0,0.0,0,0,0.0,0.0,0.0,0.0,0.0,0,0,0.0,0.0,0.0,34,38,89.5,490,85,19,20,95.0,14,16,87.5,1,2,50.0,0.0,0.0,0,4,1,1,0,0,2,0,0,0.0,0,0,0,0,0,0,0,0,0,0,0,0,0,0,2,2,2,0,0,2,2,100.0,0,0,0,2,4,2,0,46,1,12,21,14,1,46,5,1,20.0,4,80.0,33,225,126,3,0,0,0,34,0,1,0,0,0,0,0,3,0,0,0.0
Leonardo Spinazzola,ITA,DF,Napoli,Serie A,31,1993,9,3,265,2.9,0,1,1,0,0,0,0,0,0.1,0.1,0.6,0.7,15,13,14,0.0,0.34,0.34,0.0,0.34,0.03,0.2,0.23,0.03,0.23,2,0,0.0,0.68,0.0,0.0,0.0,18,0,0.04,-0.1,-0.1,113,141,80.1,1795,591,60,65,92.3,43,52,82.7,7,15,46.7,0.6,0.4,6,9,4,1,2,0,6,4,7,2.38,5,1,1,0,0,0,1,0,1,0,0,0,0,0,3,3,0,2,1,1,2,50.0,1,4,1,0,3,6,1,169,10,41,69,60,8,169,10,3,30.0,5,50.0,93,774,430,8,5,2,6,108,0,0,0,1,0,0,0,11,1,1,50.0
Anton Stach,GER,"DF,MF",Hoffenheim,Bundesliga,26,1998,12,11,1022,11.4,0,1,1,0,0,0,3,0,0.4,0.4,0.3,0.8,9,55,3,0.0,0.09,0.09,0.0,0.09,0.04,0.03,0.07,0.04,0.07,8,5,62.5,0.7,0.44,0.0,0.0,24,0,0.05,-0.4,-0.4,585,691,84.7,11431,4357,187,207,90.3,324,354,91.5,61,99,61.6,0.6,0.7,7,39,8,3,0,4,8,11,12,1.06,8,0,2,0,1,1,1,0,1,0,0,0,0,0,31,22,14,16,1,17,22,77.3,5,15,7,16,47,51,0,830,78,328,445,66,3,830,12,7,58.3,4,33.3,489,2571,1561,7,1,5,4,513,0,9,14,0,0,0,0,80,21,11,65.6
Jens Stage,DEN,MF,Werder Bremen,Bundesliga,28,1996,8,7,578,6.4,5,0,5,5,0,0,2,0,2.0,2.0,0.4,2.4,9,28,20,0.78,0.0,0.78,0.78,0.78,0.31,0.06,0.37,0.31,0.37,12,6,50.0,1.87,0.93,0.42,0.83,12,0,0.17,3.0,3.0,213,272,78.3,3375,987,106,122,86.9,77,97,79.4,16,27,59.3,1.6,-0.4,3,16,8,3,0,1,6,8,15,2.34,12,0,0,2,1,0,2,0,2,0,0,0,0,0,7,6,4,3,0,3,10,30.0,7,14,3,8,15,7,0,341,7,79,177,88,23,341,6,1,16.7,4,66.7,185,710,335,8,2,6,1,229,0,10,7,0,0,0,0,30,9,7,56.3
Jay Stansfield,ENG,MF,Fulham,Premier League,22,2002,1,0,1,0.0,0,0,0,0,0,0,0,0,0.0,0.0,0.0,0.0,0,0,0,0.0,0.0,0.0,0.0,0.0,0.0,0.0,0.0,0.0,0.0,0,0,0.0,0.0,0.0,0.0,0.0,0,0,0.0,0.0,0.0,0,0,0.0,0,0,0,0,0.0,0,0,0.0,0,0,0.0,0.0,0.0,0,0,0,0,0,0,0,0,0,0.0,0,0,0,0,0,0,0,0,0,0,0,0,0,0,0,0,0,0,0,0,0,0.0,0,0,0,0,0,0,0,0,0,0,0,0,0,0,0,0,0.0,0,0.0,0,0,0,0,0,0,0,0,0,1,0,0,0,0,0,0,0,0,0.0
Carl Starfelt,SWE,DF,Celta Vigo,La Liga,29,1995,14,12,1096,12.2,1,0,1,1,0,0,2,0,0.3,0.3,0.1,0.4,2,30,1,0.08,0.0,0.08,0.08,0.08,0.03,0.01,0.03,0.03,0.03,4,1,25.0,0.33,0.08,0.25,1.0,12,0,0.08,0.7,0.7,752,802,93.8,13466,4834,281,288,97.6,425,450,94.4,39,49,79.6,0.1,-0.1,2,20,1,0,0,1,0,2,6,0.49,6,0,0,0,0,0,1,0,1,0,0,0,0,0,15,8,12,3,0,7,11,63.6,4,18,13,15,30,60,1,924,147,496,422,11,6,924,0,0,0.0,0,0.0,579,2417,1227,2,1,6,0,655,0,8,5,0,0,0,0,36,26,19,57.8
Niklas Stark,GER,DF,Werder Bremen,Bundesliga,29,1995,8,7,560,6.2,0,1,1,0,0,0,0,0,0.3,0.3,0.1,0.4,2,20,0,0.0,0.16,0.16,0.0,0.16,0.05,0.01,0.06,0.05,0.06,6,2,33.3,0.96,0.32,0.0,0.0,13,0,0.05,-0.3,-0.3,273,327,83.5,5307,2029,90,102,88.2,155,175,88.6,25,42,59.5,0.1,0.9,1,20,1,0,0,2,1,2,4,0.64,3,1,0,0,0,0,1,0,1,0,0,0,0,0,12,8,7,4,1,4,5,80.0,1,16,11,7,19,31,0,411,53,210,182,19,10,411,1,1,100.0,0,0.0,242,1051,503,0,0,2,0,263,0,10,6,0,0,0,0,17,9,6,60.0
Lucas Stassin,BEL,FW,Saint-Étienne,Ligue 1,20,2004,10,5,390,4.3,0,3,3,0,0,0,1,0,0.8,0.8,1.3,2.2,6,5,22,0.0,0.69,0.69,0.0,0.69,0.2,0.31,0.5,0.2,0.5,5,1,20.0,1.15,0.23,0.0,0.0,13,0,0.17,-0.8,-0.8,60,88,68.2,846,98,38,50,76.0,14,18,77.8,5,8,62.5,0.1,1.7,6,1,1,0,0,0,4,3,10,2.31,6,0,1,1,2,0,5,1,2,0,1,1,1,0,4,2,0,2,2,3,4,75.0,1,4,0,0,4,3,0,133,2,8,55,71,15,133,7,1,14.3,5,71.4,56,235,110,4,1,15,7,89,0,12,5,3,1,0,0,3,5,9,35.7
Orri Steinn Óskarsson,ISL,FW,Real Sociedad,La Liga,20,2004,9,3,323,3.6,2,0,2,2,0,0,0,0,2.7,2.7,0.0,2.7,2,3,18,0.56,0.0,0.56,0.56,0.56,0.76,0.0,0.76,0.76,0.76,7,3,42.9,1.95,0.84,0.29,0.67,11,0,0.39,-0.7,-0.7,35,60,58.3,416,49,28,39,71.8,7,10,70.0,0,1,0.0,0.0,0.0,0,1,1,0,0,0,0,4,2,0.56,1,0,0,1,0,0,0,0,0,0,0,0,0,0,4,4,1,1,2,1,6,16.7,5,6,0,0,4,4,0,96,4,8,40,48,15,96,1,0,0.0,1,100.0,35,155,46,2,2,6,4,64,0,2,0,4,0,0,0,6,8,19,29.6
Pascal Stenzel,GER,DF,Stuttgart,Bundesliga,28,1996,3,2,114,1.3,0,0,0,0,0,0,0,0,0.1,0.1,0.0,0.1,0,3,4,0.0,0.0,0.0,0.0,0.0,0.05,0.0,0.05,0.05,0.05,1,0,0.0,0.79,0.0,0.0,0.0,11,0,0.06,-0.1,-0.1,71,83,85.5,1444,453,27,28,96.4,33,36,91.7,11,18,61.1,0.1,0.0,0,6,1,1,0,0,5,1,3,2.37,2,1,0,0,0,0,0,0,0,0,0,0,0,0,1,0,1,0,0,0,1,0.0,1,3,1,0,1,4,0,95,5,35,43,18,1,95,0,0,0.0,0,0.0,47,133,49,0,0,1,0,52,0,1,0,0,0,0,0,4,1,4,20.0
Jack Stephens,ENG,DF,Southampton,Premier League,30,1994,9,9,755,8.4,0,0,0,0,0,0,2,1,0.3,0.3,0.1,0.4,11,43,1,0.0,0.0,0.0,0.0,0.0,0.03,0.02,0.05,0.03,0.05,2,0,0.0,0.24,0.0,0.0,0.0,7,0,0.14,-0.3,-0.3,554,597,92.8,9454,2751,225,242,93.0,300,316,94.9,19,24,79.2,0.2,-0.1,2,40,5,0,0,1,0,2,9,1.07,9,0,0,0,0,0,0,0,0,0,0,0,0,0,14,10,11,3,0,6,16,37.5,10,7,5,5,19,31,2,665,67,264,330,75,5,665,3,0,0.0,3,100.0,372,1772,905,9,0,1,1,489,0,8,2,1,0,0,0,24,4,5,44.4
Leonidas Stergiou,SUI,DF,Stuttgart,Bundesliga,22,2002,2,2,163,1.8,0,1,1,0,0,0,0,0,0.0,0.0,0.0,0.0,3,11,4,0.0,0.55,0.55,0.0,0.55,0.0,0.01,0.01,0.0,0.01,0,0,0.0,0.0,0.0,0.0,0.0,0,0,0.0,0.0,0.0,101,126,80.2,1566,474,56,61,91.8,36,44,81.8,6,11,54.5,0.0,1.0,1,5,0,0,1,0,2,5,1,0.55,1,0,0,0,0,0,1,0,1,0,0,0,0,0,7,4,3,4,0,6,6,100.0,0,2,0,2,9,5,0,148,6,37,74,37,0,148,0,0,0.0,0,0.0,76,381,183,5,0,2,1,90,0,0,0,0,0,0,0,7,1,3,25.0
Raheem Sterling,ENG,"MF,FW",Arsenal,Premier League,30,1994,6,2,148,1.6,0,1,1,0,0,0,0,0,0.5,0.5,0.2,0.7,10,6,19,0.0,0.61,0.61,0.0,0.61,0.31,0.1,0.41,0.31,0.41,4,0,0.0,2.43,0.0,0.0,0.0,14,1,0.13,-0.5,-0.5,39,53,73.6,535,118,25,31,80.6,13,18,72.2,1,2,50.0,0.1,0.8,3,1,1,0,0,0,5,1,7,4.26,5,0,2,0,0,0,1,0,1,0,0,0,0,0,1,1,0,1,0,1,3,33.3,2,1,0,0,1,0,0,70,0,1,17,52,15,70,9,6,66.7,1,11.1,51,424,263,4,10,2,6,54,0,2,0,0,0,0,0,4,0,2,0.0
Enzo Sternal,FRA,"FW,MF",Marseille,Ligue 1,17,2007,2,0,24,0.3,0,0,0,0,0,0,1,0,0.0,0.0,0.0,0.0,0,0,0,0.0,0.0,0.0,0.0,0.0,0.0,0.09,0.09,0.0,0.09,0,0,0.0,0.0,0.0,0.0,0.0,0,0,0.0,0.0,0.0,7,8,87.5,77,1,5,5,100.0,1,1,100.0,0,1,0.0,0.0,0.0,1,0,0,0,0,0,0,0,1,3.75,1,0,0,0,0,0,0,0,0,0,0,0,0,0,0,0,0,0,0,0,0,0.0,0,0,0,0,0,0,0,13,0,1,10,2,0,13,3,1,33.3,2,66.7,10,30,13,0,0,2,0,12,0,0,0,0,0,0,0,0,0,1,0.0
Ross Stewart,SCO,"FW,MF",Southampton,Premier League,28,1996,4,1,132,1.5,0,0,0,0,0,0,1,0,0.1,0.1,0.0,0.1,1,1,5,0.0,0.0,0.0,0.0,0.0,0.08,0.0,0.08,0.08,0.08,2,0,0.0,1.36,0.0,0.0,0.0,12,0,0.06,-0.1,-0.1,36,45,80.0,527,59,16,19,84.2,17,19,89.5,0,1,0.0,0.0,0.0,0,1,1,0,0,0,0,1,2,1.36,1,0,0,1,0,0,0,0,0,0,0,0,0,0,0,0,0,0,0,0,3,0.0,3,3,0,0,0,4,0,61,5,13,30,18,2,61,2,1,50.0,1,50.0,34,144,54,0,0,1,5,46,0,3,5,1,0,0,0,2,4,7,36.4
Angelo Stiller,GER,MF,Stuttgart,Bundesliga,23,2001,12,11,1018,11.3,0,2,2,0,0,0,2,0,0.5,0.5,2.2,2.7,14,89,30,0.0,0.18,0.18,0.0,0.18,0.05,0.19,0.24,0.05,0.24,6,1,16.7,0.53,0.09,0.0,0.0,21,0,0.09,-0.5,-0.5,786,882,89.1,13468,4214,357,376,94.9,352,387,91.0,64,89,71.9,2.8,-0.2,22,100,15,4,5,2,23,6,41,3.62,34,5,1,0,1,0,3,0,3,0,0,0,0,0,16,7,7,8,1,4,10,40.0,6,7,3,8,24,18,1,964,31,211,565,190,11,964,10,8,80.0,2,20.0,518,2146,1083,6,1,6,9,768,0,4,17,0,1,0,0,46,5,7,41.7
Kevin Stöger,AUT,"MF,FW",Gladbach,Bundesliga,31,1993,11,6,615,6.8,1,2,3,1,0,0,1,0,1.2,1.2,3.7,4.9,18,50,46,0.15,0.29,0.44,0.15,0.44,0.18,0.54,0.72,0.18,0.72,11,3,27.3,1.61,0.44,0.09,0.33,22,2,0.11,-0.2,-0.2,361,487,74.1,6347,2266,175,198,88.4,117,157,74.5,54,88,61.4,2.2,-1.7,35,42,22,4,4,7,54,15,65,9.51,32,21,4,1,7,0,3,0,2,1,0,0,0,0,14,8,9,3,2,7,17,41.2,10,13,1,5,19,12,1,570,12,78,284,209,16,570,15,7,46.7,7,46.7,310,1625,784,16,2,12,10,400,0,9,18,0,0,0,0,25,2,7,22.2
Stoichkov,ESP,"MF,FW",Alavés,La Liga,31,1993,13,6,592,6.6,0,1,1,0,0,0,1,0,1.0,1.0,1.2,2.2,8,23,35,0.0,0.15,0.15,0.0,0.15,0.15,0.18,0.33,0.15,0.33,16,2,12.5,2.43,0.3,0.0,0.0,19,1,0.06,-1.0,-1.0,107,178,60.1,1776,582,51,70,72.9,37,57,64.9,13,29,44.8,0.6,-0.2,6,14,9,1,5,1,11,12,26,3.95,15,0,2,3,4,2,2,0,1,0,0,1,0,0,13,8,6,6,1,6,11,54.5,5,2,0,1,14,5,0,257,5,30,115,115,24,257,18,6,33.3,9,50.0,154,798,305,4,3,15,6,166,0,8,16,5,0,0,0,34,4,13,23.5
Petar Stojanović,SVN,MF,Empoli,Serie A,29,1995,1,0,3,0.0,0,0,0,0,0,0,0,0,0.0,0.0,0.0,0.0,0,0,0,0.0,0.0,0.0,0.0,0.0,0.0,0.0,0.0,0.0,0.0,0,0,0.0,0.0,0.0,0.0,0.0,0,0,0.0,0.0,0.0,1,3,33.3,9,4,1,1,100.0,0,1,0.0,0,1,0.0,0.0,0.0,0,0,0,0,0,0,0,0,0,0.0,0,0,0,0,0,0,0,0,0,0,0,0,0,0,0,0,0,0,0,0,0,0.0,0,0,0,0,0,0,0,3,1,2,1,0,0,3,0,0,0.0,0,0.0,2,5,1,0,0,0,0,1,0,0,0,0,0,0,0,1,0,0,0.0
John Stones,ENG,"DF,MF",Manchester City,Premier League,30,1994,7,3,286,3.2,2,0,2,2,0,0,1,0,0.4,0.4,0.0,0.4,8,11,1,0.63,0.0,0.63,0.63,0.63,0.14,0.0,0.14,0.14,0.14,2,2,100.0,0.63,0.63,1.0,1.0,5,0,0.22,1.6,1.6,172,197,87.3,2921,668,83,92,90.2,73,83,88.0,12,15,80.0,0.1,0.0,0,18,0,0,0,1,0,2,5,1.57,5,0,0,0,0,0,1,0,1,0,0,0,0,0,5,2,2,2,1,4,4,100.0,0,2,0,3,8,9,1,220,13,60,104,58,4,220,0,0,0.0,0,0.0,132,900,472,10,0,1,0,158,0,2,1,0,0,0,0,14,6,3,66.7
Jørgen Strand Larsen,NOR,FW,Wolves,Premier League,24,2000,13,13,1074,11.9,6,2,8,6,0,0,2,0,2.9,2.9,1.2,4.1,5,9,33,0.5,0.17,0.67,0.5,0.67,0.24,0.1,0.35,0.24,0.35,19,13,68.4,1.59,1.09,0.32,0.46,11,0,0.15,3.1,3.1,97,170,57.1,1186,204,59,97,60.8,25,45,55.6,2,3,66.7,0.5,0.8,8,3,3,1,0,0,3,6,16,1.34,12,1,0,1,2,0,3,0,3,0,0,0,0,0,4,4,1,2,1,1,13,7.7,12,11,3,3,7,13,0,279,19,42,135,103,40,279,7,3,42.9,4,57.1,126,451,152,5,4,31,8,191,0,19,9,7,0,0,0,18,31,41,43.1
Gabriel Strefezza,BRA,"FW,MF",Como,Serie A,27,1997,13,13,1041,11.6,2,1,3,2,0,0,2,0,1.4,1.4,1.1,2.5,25,43,58,0.17,0.09,0.26,0.17,0.26,0.12,0.09,0.21,0.12,0.21,29,9,31.0,2.51,0.78,0.07,0.22,20,1,0.05,0.6,0.6,327,439,74.5,5244,1353,177,206,85.9,90,124,72.6,37,62,59.7,1.1,-0.1,21,35,10,4,4,4,44,18,44,3.8,32,7,2,2,0,1,1,0,1,0,0,0,0,0,25,17,10,10,5,10,24,41.7,14,9,1,3,28,8,0,576,12,77,240,265,28,576,42,19,45.2,18,42.9,410,2263,1077,20,9,20,26,446,0,20,35,0,0,0,0,44,3,9,25.0
Cristhian Stuani,URU,FW,Girona,La Liga,38,1986,11,0,229,2.5,4,1,5,2,2,2,1,0,4.4,2.9,0.1,3.0,1,0,12,1.57,0.39,1.97,0.79,1.18,1.73,0.03,1.76,1.14,1.17,10,5,50.0,3.93,1.97,0.2,0.4,12,0,0.29,-0.4,-0.9,24,38,63.2,265,8,17,25,68.0,6,11,54.5,0,1,0.0,0.1,0.9,3,0,0,0,0,0,1,0,7,2.76,3,0,1,3,0,0,2,0,1,0,0,1,0,0,2,2,0,2,0,1,2,50.0,1,1,0,2,4,1,0,67,1,7,22,38,19,65,3,2,66.7,1,33.3,28,78,21,0,1,8,2,46,0,7,0,3,0,0,0,4,5,4,55.6
Álex Suárez,ESP,DF,Las Palmas,La Liga,31,1993,13,13,1073,11.9,0,0,0,0,0,0,4,0,0.1,0.1,0.0,0.1,1,19,1,0.0,0.0,0.0,0.0,0.0,0.0,0.0,0.01,0.0,0.01,1,1,100.0,0.08,0.08,0.0,0.0,9,0,0.05,-0.1,-0.1,490,578,84.8,8714,3188,193,200,96.5,256,281,91.1,33,76,43.4,0.0,0.0,1,12,0,0,0,2,0,8,5,0.42,5,0,0,0,0,0,1,0,1,0,0,0,0,0,17,9,14,2,1,9,12,75.0,3,18,11,4,21,55,1,693,120,414,264,16,6,693,0,0,0.0,0,0.0,344,1399,634,1,0,2,0,438,0,10,6,0,0,1,1,31,15,19,44.1
Denis Suárez,ESP,"MF,FW",Villarreal,La Liga,30,1994,5,1,115,1.3,0,0,0,0,0,0,0,0,0.5,0.5,0.1,0.6,5,4,8,0.0,0.0,0.0,0.0,0.0,0.39,0.11,0.5,0.39,0.5,3,2,66.7,2.35,1.57,0.0,0.0,12,0,0.17,-0.5,-0.5,30,40,75.0,455,145,18,20,90.0,9,11,81.8,2,6,33.3,0.1,-0.1,3,1,0,0,0,2,3,0,5,3.91,3,1,0,1,0,0,0,0,0,0,0,0,0,0,1,1,1,0,0,1,2,50.0,1,1,1,0,1,1,0,50,1,9,20,21,7,50,3,3,100.0,0,0.0,35,302,198,4,3,2,1,39,0,1,2,0,0,0,0,5,0,2,0.0
Gabriel Suazo,CHI,DF,Toulouse,Ligue 1,27,1997,11,5,559,6.2,0,2,2,0,0,0,0,0,0.0,0.0,0.7,0.7,11,26,33,0.0,0.32,0.32,0.0,0.32,0.0,0.11,0.11,0.0,0.11,0,0,0.0,0.0,0.0,0.0,0.0,0,0,0.0,0.0,0.0,237,298,79.5,3888,1569,119,129,92.2,97,121,80.2,15,33,45.5,0.9,1.3,10,17,11,5,0,2,26,9,21,3.38,14,6,0,0,1,0,3,0,3,0,0,0,0,0,19,11,8,6,5,12,22,54.5,10,7,0,13,32,6,0,356,13,89,154,119,7,356,12,6,50.0,5,41.7,185,852,506,7,3,5,4,202,0,6,9,0,0,0,0,31,2,7,22.2
Luka Sučić,CRO,MF,Real Sociedad,La Liga,22,2002,11,10,795,8.8,1,1,2,1,0,0,1,0,1.1,1.1,1.0,2.1,12,36,24,0.11,0.11,0.23,0.11,0.23,0.12,0.12,0.24,0.12,0.24,20,5,25.0,2.26,0.57,0.05,0.2,23,0,0.05,-0.1,-0.1,313,369,84.8,4711,997,184,204,90.2,96,113,85.0,21,30,70.0,1.3,0.0,12,23,6,1,3,3,4,2,28,3.17,24,0,1,2,1,0,3,0,3,0,0,0,0,0,14,9,3,9,2,6,13,46.2,7,16,2,5,19,6,0,462,6,66,255,144,15,462,15,6,40.0,6,40.0,273,1573,674,15,1,13,7,340,0,6,10,1,0,0,0,50,9,7,56.3
Yukinari Sugawara,JPN,DF,Southampton,Premier League,24,2000,12,9,747,8.3,1,1,2,1,0,0,2,0,0.3,0.3,2.0,2.3,14,39,35,0.12,0.12,0.24,0.12,0.24,0.04,0.24,0.28,0.04,0.28,6,2,33.3,0.72,0.24,0.17,0.5,19,1,0.05,0.7,0.7,402,492,81.7,6449,1956,209,229,91.3,160,190,84.2,25,48,52.1,1.6,-1.0,12,32,12,4,0,5,38,13,23,2.77,18,4,1,0,0,0,1,0,1,0,0,0,0,0,19,11,11,7,1,10,16,62.5,6,11,5,5,24,24,2,578,35,200,220,159,13,578,8,3,37.5,4,50.0,305,1340,721,11,2,9,1,385,0,5,8,2,0,1,0,18,2,6,25.0
Niklas Süle,GER,DF,Dortmund,Bundesliga,29,1995,6,4,407,4.5,0,0,0,0,0,0,1,0,0.5,0.5,0.0,0.5,3,19,4,0.0,0.0,0.0,0.0,0.0,0.11,0.0,0.11,0.11,0.11,5,1,20.0,1.11,0.22,0.0,0.0,12,0,0.1,-0.5,-0.5,365,386,94.6,6289,2656,152,160,95.0,196,204,96.1,15,18,83.3,0.1,0.0,1,24,0,0,0,2,0,0,4,0.88,4,0,0,0,0,0,0,0,0,0,0,0,0,0,5,4,4,1,0,4,5,80.0,1,2,2,1,6,24,0,424,62,212,196,17,6,424,3,2,66.7,1,33.3,246,1018,550,0,0,1,0,328,0,2,0,0,0,1,0,15,8,2,80.0
Ibrahim Sulemana,GHA,MF,Atalanta,Serie A,21,2003,3,0,30,0.3,0,0,0,0,0,0,0,0,0.0,0.0,0.0,0.0,0,1,0,0.0,0.0,0.0,0.0,0.0,0.0,0.0,0.0,0.0,0.0,0,0,0.0,0.0,0.0,0.0,0.0,0,0,0.0,0.0,0.0,18,20,90.0,352,64,6,7,85.7,9,10,90.0,3,3,100.0,0.0,0.0,0,2,0,0,0,0,0,0,0,0.0,0,0,0,0,0,0,0,0,0,0,0,0,0,0,2,1,1,1,0,1,1,100.0,0,0,0,0,2,0,0,23,0,2,19,2,0,23,1,0,0.0,0,0.0,15,78,27,0,0,1,1,18,0,1,0,0,0,0,0,2,0,1,0.0
Kamaldeen Sulemana,GHA,"FW,MF",Southampton,Premier League,22,2002,3,0,20,0.2,0,0,0,0,0,0,0,0,0.0,0.0,0.0,0.0,1,0,2,0.0,0.0,0.0,0.0,0.0,0.09,0.0,0.09,0.09,0.09,1,0,0.0,4.5,0.0,0.0,0.0,14,0,0.02,0.0,0.0,1,1,100.0,21,0,0,0,0.0,1,1,100.0,0,0,0.0,0.0,0.0,0,0,0,0,0,0,0,0,0,0.0,0,0,0,0,0,0,0,0,0,0,0,0,0,0,3,3,2,0,1,3,3,100.0,0,1,0,0,3,1,0,14,2,10,0,4,1,14,2,1,50.0,1,50.0,6,23,15,0,1,3,2,6,0,1,1,1,0,0,0,1,0,2,0.0
Crysencio Summerville,NED,"FW,MF",West Ham,Premier League,23,2001,13,5,519,5.8,1,1,2,1,0,0,2,0,1.2,1.2,1.2,2.4,18,11,44,0.17,0.17,0.35,0.17,0.35,0.2,0.21,0.41,0.2,0.41,6,3,50.0,1.04,0.52,0.17,0.33,11,0,0.2,-0.2,-0.2,122,162,75.3,1803,365,76,94,80.9,37,40,92.5,6,11,54.5,1.3,-0.2,10,5,9,5,2,0,11,9,19,3.29,14,1,2,0,2,0,1,0,1,0,0,0,0,0,10,6,2,5,3,2,5,40.0,3,7,3,0,10,6,0,242,8,28,99,116,20,242,23,6,26.1,12,52.2,131,900,480,7,7,13,11,167,0,5,11,2,0,0,0,21,1,7,12.5
Tomáš Suslov,SVK,"FW,MF",Hellas Verona,Serie A,22,2002,11,8,660,7.3,0,0,0,0,0,0,4,1,0.3,0.3,0.4,0.7,7,22,33,0.0,0.0,0.0,0.0,0.0,0.04,0.05,0.1,0.04,0.1,8,1,12.5,1.09,0.14,0.0,0.0,28,3,0.04,-0.3,-0.3,122,163,74.8,2298,590,55,63,87.3,41,51,80.4,22,34,64.7,0.5,-0.4,6,11,6,0,1,4,12,6,16,2.18,11,2,1,0,0,2,1,0,0,0,0,0,0,1,20,14,5,11,4,7,18,38.9,11,15,1,3,23,6,0,246,4,44,110,99,4,246,24,11,45.8,10,41.7,134,817,252,8,2,11,12,145,1,22,15,0,0,0,0,27,4,6,40.0
Suso,ESP,"FW,MF",Sevilla,La Liga,31,1993,6,0,142,1.6,0,0,0,0,0,0,0,0,0.2,0.2,0.3,0.5,6,11,12,0.0,0.0,0.0,0.0,0.0,0.14,0.16,0.3,0.14,0.3,5,1,20.0,3.17,0.63,0.0,0.0,24,1,0.04,-0.2,-0.2,73,94,77.7,1244,369,36,40,90.0,25,28,89.3,8,19,42.1,0.3,-0.3,6,9,3,1,1,1,13,1,13,8.24,5,3,4,1,0,0,0,0,0,0,0,0,0,0,1,0,1,0,0,1,4,25.0,3,0,0,0,1,0,0,117,0,14,42,65,3,117,15,7,46.7,7,46.7,79,424,235,7,1,3,4,83,0,0,4,1,0,0,0,12,1,1,50.0
Mattias Svanberg,SWE,MF,Wolfsburg,Bundesliga,25,1999,6,5,392,4.4,1,1,2,1,0,0,2,0,1.2,1.2,0.9,2.1,0,9,10,0.23,0.23,0.46,0.23,0.46,0.28,0.2,0.48,0.28,0.48,8,2,25.0,1.84,0.46,0.13,0.5,16,0,0.15,-0.2,-0.2,51,67,76.1,763,275,30,37,81.1,15,20,75.0,3,5,60.0,0.7,0.1,3,9,0,0,0,0,0,2,7,1.62,3,0,1,1,1,1,4,0,1,0,1,0,1,1,7,4,1,5,1,2,4,50.0,2,1,0,4,11,5,0,111,7,26,49,37,10,111,11,5,45.5,5,45.5,50,203,85,5,0,6,5,57,0,6,8,0,0,0,0,17,6,6,50.0
Marin Šverko,CRO,DF,Venezia,Serie A,26,1998,9,6,564,6.3,0,0,0,0,0,0,1,0,0.1,0.1,0.3,0.4,7,24,0,0.0,0.0,0.0,0.0,0.0,0.01,0.05,0.07,0.01,0.07,2,0,0.0,0.32,0.0,0.0,0.0,20,0,0.04,-0.1,-0.1,259,311,83.3,4788,2264,103,111,92.8,126,147,85.7,25,38,65.8,0.2,-0.3,2,24,3,0,1,1,2,7,9,1.44,8,0,0,0,0,1,0,0,0,0,0,0,0,0,8,3,5,3,0,4,4,100.0,0,5,2,9,17,22,1,360,35,159,177,26,2,360,4,2,50.0,2,50.0,191,900,516,1,0,3,1,221,0,5,3,0,0,1,0,18,12,7,63.2
Michael Svoboda,AUT,DF,Venezia,Serie A,26,1998,14,13,1193,13.3,1,0,1,1,0,0,1,0,0.2,0.2,0.6,0.8,13,43,5,0.08,0.0,0.08,0.08,0.08,0.01,0.05,0.06,0.01,0.06,4,4,100.0,0.3,0.3,0.25,0.25,12,0,0.04,0.8,0.8,673,787,85.5,12094,4240,250,276,90.6,378,420,90.0,38,70,54.3,1.2,-0.6,5,43,2,0,3,0,2,8,16,1.21,14,1,1,0,0,0,0,0,0,0,0,0,0,0,24,13,17,6,1,8,17,47.1,9,17,11,20,44,57,2,924,135,441,430,57,14,924,3,2,66.7,1,33.3,478,3073,1923,15,2,11,11,533,0,7,10,0,0,0,0,65,35,27,56.5
Williot Swedberg,SWE,"FW,MF",Celta Vigo,La Liga,20,2004,13,5,533,5.9,2,3,5,2,0,0,1,0,2.9,2.9,1.8,4.7,13,12,50,0.34,0.51,0.84,0.34,0.84,0.5,0.3,0.8,0.5,0.8,14,7,50.0,2.36,1.18,0.14,0.29,15,0,0.21,-0.9,-0.9,108,154,70.1,1489,318,64,81,79.0,33,50,66.0,5,8,62.5,1.4,1.2,8,8,4,1,2,0,9,4,12,2.03,9,0,2,1,0,0,4,0,3,0,1,0,0,0,6,5,1,4,1,5,6,83.3,1,7,1,1,7,4,1,232,1,20,92,121,29,232,14,3,21.4,9,64.3,154,909,439,9,10,24,4,186,0,7,16,3,0,0,0,16,4,6,40.0
Abakar Sylla,CIV,DF,Strasbourg,Ligue 1,22,2002,11,8,650,7.2,1,0,1,1,0,0,2,0,0.4,0.4,0.0,0.4,0,9,2,0.14,0.0,0.14,0.14,0.14,0.06,0.0,0.06,0.06,0.06,5,1,20.0,0.69,0.14,0.2,1.0,9,0,0.08,0.6,0.6,390,447,87.2,6796,2545,142,159,89.3,226,247,91.5,18,34,52.9,0.1,0.0,0,9,0,0,0,1,0,5,3,0.42,2,0,0,1,0,0,1,0,0,0,0,1,0,0,19,10,10,7,2,11,12,91.7,1,12,7,7,26,29,0,522,100,355,149,20,9,522,5,2,40.0,3,60.0,281,883,320,0,0,3,3,323,0,14,7,0,0,0,1,29,12,10,54.5
Issiaga Sylla,GUI,"DF,MF",Montpellier,Ligue 1,30,1994,9,7,524,5.8,1,0,1,1,0,0,1,0,0.2,0.2,0.2,0.4,12,19,16,0.17,0.0,0.17,0.17,0.17,0.04,0.03,0.07,0.04,0.07,4,1,25.0,0.69,0.17,0.25,1.0,16,0,0.06,0.8,0.8,201,257,78.2,3313,1305,105,119,88.2,68,89,76.4,22,33,66.7,0.2,-0.2,2,19,7,4,1,0,12,6,7,1.2,4,3,0,0,0,0,2,0,0,2,0,0,0,0,15,3,11,4,0,7,16,43.8,9,5,2,6,21,18,0,309,22,94,153,65,5,309,5,5,100.0,0,0.0,147,771,419,8,0,5,5,169,0,5,2,0,0,0,0,28,12,8,60.0
Mamadou Sylla,SEN,FW,Valladolid,La Liga,30,1994,12,8,664,7.4,2,1,3,0,2,2,1,0,3.0,1.5,0.7,2.1,6,6,20,0.27,0.14,0.41,0.0,0.14,0.41,0.09,0.5,0.2,0.29,9,1,11.1,1.22,0.14,0.0,0.0,13,0,0.16,-1.0,-1.5,59,101,58.4,753,167,38,54,70.4,14,30,46.7,2,4,50.0,0.1,0.3,6,3,2,0,0,0,3,3,8,1.08,4,0,1,1,2,0,3,0,1,0,1,0,1,0,2,0,0,0,2,1,2,50.0,1,3,0,1,3,7,1,156,6,13,77,67,16,154,4,1,25.0,2,50.0,60,266,153,1,3,20,4,107,0,6,12,7,1,0,0,9,22,29,43.1
Sammie Szmodics,IRL,"FW,MF",Ipswich Town,Premier League,29,1995,13,9,666,7.4,3,0,3,3,0,0,1,0,2.6,2.6,0.1,2.7,8,12,39,0.41,0.0,0.41,0.41,0.41,0.35,0.02,0.37,0.35,0.37,13,7,53.8,1.76,0.95,0.23,0.43,12,0,0.2,0.4,0.4,88,121,72.7,1459,349,44,50,88.0,34,43,79.1,8,16,50.0,0.2,-0.1,3,5,3,1,0,0,6,7,5,0.67,4,0,0,1,0,0,0,0,0,0,0,0,0,0,9,6,2,6,1,4,8,50.0,4,8,1,4,13,7,0,196,7,40,82,77,21,196,10,3,30.0,5,50.0,118,576,212,4,3,15,11,127,0,9,7,6,0,1,0,21,4,8,33.3
Dominik Szoboszlai,HUN,MF,Liverpool,Premier League,24,2000,13,10,926,10.3,1,1,2,1,0,0,3,0,1.9,1.9,1.7,3.7,30,43,34,0.1,0.1,0.19,0.1,0.19,0.19,0.17,0.36,0.19,0.36,20,7,35.0,1.94,0.68,0.05,0.14,20,1,0.1,-0.9,-0.9,461,544,84.7,7217,1407,258,286,90.2,146,169,86.4,38,54,70.4,1.6,-0.7,21,36,12,2,2,8,19,9,38,3.69,31,3,0,3,0,1,2,0,2,0,0,0,0,0,10,5,5,3,2,6,12,50.0,6,17,2,6,16,5,0,623,8,76,326,229,28,623,13,10,76.9,3,23.1,339,1695,956,17,7,13,5,437,0,17,8,0,0,0,0,50,9,7,56.3
Alexander Sørloth,NOR,FW,Atlético Madrid,La Liga,29,1995,15,7,690,7.7,6,2,8,6,0,0,0,0,5.5,5.5,1.3,6.9,12,12,38,0.78,0.26,1.04,0.78,1.04,0.72,0.17,0.9,0.72,0.9,29,12,41.4,3.78,1.57,0.21,0.5,13,0,0.2,0.5,0.5,108,170,63.5,1310,279,64,100,64.0,27,41,65.9,3,4,75.0,0.4,0.7,8,10,4,1,1,0,1,2,21,2.74,11,0,3,5,2,0,4,0,2,0,1,1,0,0,3,1,0,2,1,1,2,50.0,1,2,1,0,3,11,0,269,12,22,133,117,45,269,10,5,50.0,4,40.0,131,700,308,6,5,32,11,204,0,10,8,3,0,0,0,25,45,22,67.2
Musa Al-Taamari,JOR,FW,Montpellier,Ligue 1,27,1997,8,5,489,5.4,0,0,0,0,0,0,2,0,0.9,0.9,0.1,1.0,22,12,30,0.0,0.0,0.0,0.0,0.0,0.16,0.03,0.19,0.16,0.19,12,3,25.0,2.21,0.55,0.0,0.0,20,0,0.07,-0.9,-0.9,113,140,80.7,1602,312,67,75,89.3,32,40,80.0,8,9,88.9,0.3,-0.1,3,9,5,1,0,0,5,8,12,2.21,7,0,0,2,3,0,2,0,0,0,0,1,1,0,11,7,4,4,3,7,10,70.0,3,1,0,3,14,0,1,225,1,21,103,110,23,225,33,6,18.2,22,66.7,151,1265,546,11,10,22,9,162,0,4,14,1,1,0,0,25,2,4,33.3
Haris Tabakovic,BIH,FW,Hoffenheim,Bundesliga,30,1994,8,2,271,3.0,1,0,1,1,0,0,0,0,1.6,1.6,0.2,1.8,1,3,11,0.33,0.0,0.33,0.33,0.33,0.52,0.08,0.6,0.52,0.6,11,5,45.5,3.65,1.66,0.09,0.2,10,0,0.14,-0.6,-0.6,39,60,65.0,519,112,24,36,66.7,9,14,64.3,2,2,100.0,0.1,-0.2,3,3,1,1,0,0,1,1,4,1.33,3,0,0,1,0,0,0,0,0,0,0,0,0,0,1,1,0,0,1,0,1,0.0,1,1,1,0,1,7,0,91,8,13,33,45,17,91,3,1,33.3,2,66.7,45,146,50,5,1,5,6,73,0,6,1,2,0,0,0,5,19,15,55.9
Nicolás Tagliafico,ARG,DF,Lyon,Ligue 1,32,1992,6,6,540,6.0,1,0,1,1,0,0,2,0,1.0,1.0,0.2,1.2,10,37,17,0.17,0.0,0.17,0.17,0.17,0.17,0.03,0.19,0.17,0.19,11,4,36.4,1.83,0.67,0.09,0.25,14,0,0.09,0.0,0.0,371,428,86.7,5949,1930,185,205,90.2,154,173,89.0,24,36,66.7,0.3,-0.2,2,31,4,1,0,1,10,5,8,1.33,7,0,0,1,0,0,0,0,0,0,0,0,0,0,20,13,8,8,4,13,17,76.5,4,8,4,15,35,14,0,511,17,134,277,101,14,511,4,0,0.0,2,50.0,228,923,450,7,0,6,1,310,0,6,7,1,0,0,0,34,17,10,63.0
Jonathan Tah,GER,DF,Leverkusen,Bundesliga,28,1996,12,12,1080,12.0,1,0,1,1,0,0,1,0,0.6,0.6,0.0,0.6,11,74,5,0.08,0.0,0.08,0.08,0.08,0.05,0.0,0.05,0.05,0.05,12,4,33.3,1.0,0.33,0.08,0.25,14,0,0.05,0.4,0.4,892,951,93.8,15559,6051,369,388,95.1,446,466,95.7,62,75,82.7,0.8,0.0,0,93,4,2,2,2,4,2,8,0.67,5,0,1,2,0,0,3,0,2,0,0,1,0,0,6,5,4,1,1,3,5,60.0,2,11,7,15,21,34,1,1048,77,302,681,69,20,1048,1,1,100.0,0,0.0,651,3822,2318,12,0,8,4,778,0,5,2,0,0,0,0,63,24,8,75.0
Adrien Tameze,CMR,"MF,DF",Torino,Serie A,30,1994,9,4,325,3.6,0,0,0,0,0,0,1,0,0.0,0.0,0.5,0.5,5,14,14,0.0,0.0,0.0,0.0,0.0,0.01,0.13,0.14,0.01,0.14,1,0,0.0,0.28,0.0,0.0,0.0,22,0,0.04,0.0,0.0,123,146,84.2,1988,457,60,71,84.5,55,60,91.7,7,11,63.6,0.6,-0.5,3,4,4,1,0,0,8,3,3,0.83,3,0,0,0,0,0,0,0,0,0,0,0,0,0,2,1,0,2,0,0,6,0.0,6,3,3,10,12,3,1,177,10,39,85,53,7,177,8,1,12.5,5,62.5,105,526,210,2,0,4,2,126,0,4,3,0,0,0,0,12,2,6,25.0
Renato Tapia,PER,"MF,DF",Leganés,La Liga,29,1995,14,9,808,9.0,1,0,1,1,0,0,4,0,0.3,0.3,0.1,0.4,9,25,10,0.11,0.0,0.11,0.11,0.11,0.04,0.01,0.04,0.04,0.04,4,3,75.0,0.45,0.33,0.25,0.33,22,0,0.08,0.7,0.7,281,387,72.6,5007,1589,134,162,82.7,112,139,80.6,30,59,50.8,0.3,-0.1,3,21,4,0,3,5,7,13,6,0.67,5,0,0,0,0,1,2,0,2,0,0,0,0,0,25,13,11,12,2,5,16,31.3,11,20,11,10,35,33,0,511,55,183,282,51,6,511,10,4,40.0,6,60.0,226,1097,523,7,1,10,8,271,0,14,11,0,0,0,0,58,12,9,57.1
Edmond Tapsoba,BFA,DF,Leverkusen,Bundesliga,25,1999,12,12,1075,11.9,0,0,0,0,0,0,1,0,0.4,0.4,0.2,0.6,23,78,8,0.0,0.0,0.0,0.0,0.0,0.04,0.01,0.05,0.04,0.05,11,1,9.1,0.92,0.08,0.0,0.0,19,0,0.04,-0.4,-0.4,767,886,86.6,12846,4467,374,402,93.0,323,356,90.7,59,108,54.6,0.8,-0.2,3,93,5,2,1,4,5,6,16,1.34,14,1,0,1,0,0,1,0,1,0,0,0,0,0,24,16,12,10,2,11,21,52.4,10,7,5,10,34,37,0,994,57,293,576,132,13,994,9,4,44.4,5,55.6,596,3166,1845,24,0,7,3,693,0,15,1,1,0,0,0,58,22,13,62.9
Florian Tardieu,FRA,MF,Saint-Étienne,Ligue 1,32,1992,5,2,165,1.8,0,0,0,0,0,0,0,0,0.0,0.0,0.0,0.0,0,10,1,0.0,0.0,0.0,0.0,0.0,0.01,0.0,0.01,0.01,0.01,1,0,0.0,0.55,0.0,0.0,0.0,22,0,0.02,0.0,0.0,97,121,80.2,1741,633,45,50,90.0,37,41,90.2,14,25,56.0,0.0,0.0,0,14,0,0,1,2,1,0,3,1.63,3,0,0,0,0,0,0,0,0,0,0,0,0,0,1,1,1,0,0,0,2,0.0,2,3,1,3,4,2,0,131,9,42,81,11,0,131,0,0,0.0,0,0.0,85,275,120,1,0,2,1,93,0,1,2,0,0,0,0,18,1,1,50.0
Mehdi Taremi,IRN,FW,Inter,Serie A,32,1992,10,1,241,2.7,0,1,1,0,0,0,0,0,0.9,0.9,0.5,1.4,5,7,16,0.0,0.37,0.37,0.0,0.37,0.34,0.2,0.54,0.34,0.54,4,2,50.0,1.49,0.75,0.0,0.0,9,0,0.23,-0.9,-0.9,58,74,78.4,764,119,34,38,89.5,19,23,82.6,1,2,50.0,0.5,0.5,2,3,3,0,3,0,0,3,7,2.61,6,0,0,1,0,0,2,0,1,0,0,1,0,0,2,1,0,1,1,0,0,0.0,0,5,0,0,2,3,0,103,3,9,37,61,15,103,4,2,50.0,1,25.0,69,427,181,4,2,4,1,74,0,4,3,3,0,0,0,7,5,9,35.7
Oussama Targhalline,MAR,MF,Le Havre,Ligue 1,22,2002,9,8,660,7.3,0,0,0,0,0,0,0,0,0.1,0.1,0.7,0.8,16,39,19,0.0,0.0,0.0,0.0,0.0,0.01,0.1,0.11,0.01,0.11,2,0,0.0,0.27,0.0,0.0,0.0,28,0,0.04,-0.1,-0.1,215,276,77.9,3516,1107,116,134,86.6,72,86,83.7,19,31,61.3,1.0,-0.7,6,35,8,2,4,2,8,8,16,2.18,15,1,0,0,0,0,2,0,2,0,0,0,0,0,14,10,8,2,4,3,8,37.5,5,12,6,11,25,7,1,350,14,73,193,89,8,350,8,3,37.5,5,62.5,206,1290,536,11,1,13,11,244,0,7,6,3,0,0,0,31,7,4,63.6
James Tarkowski,ENG,DF,Everton,Premier League,32,1992,13,13,1161,12.9,0,0,0,0,0,0,3,0,0.7,0.7,1.3,2.0,2,30,2,0.0,0.0,0.0,0.0,0.0,0.05,0.1,0.15,0.05,0.15,8,1,12.5,0.62,0.08,0.0,0.0,8,0,0.09,-0.7,-0.7,431,523,82.4,8885,3548,141,157,89.8,225,248,90.7,61,98,62.2,1.0,-1.3,9,36,4,0,0,8,0,7,20,1.55,15,2,0,3,0,0,0,0,0,0,0,0,0,0,31,19,15,14,2,15,24,62.5,9,22,18,12,43,75,2,679,137,367,269,49,28,679,6,4,66.7,2,33.3,283,1284,635,4,0,3,3,384,0,14,7,0,0,1,0,41,40,14,74.1
César Tárrega,ESP,DF,Valencia,La Liga,22,2002,11,11,990,11.0,2,0,2,2,0,0,3,0,1.2,1.2,0.0,1.2,9,30,0,0.18,0.0,0.18,0.18,0.18,0.11,0.0,0.11,0.11,0.11,7,2,28.6,0.64,0.18,0.29,1.0,10,0,0.17,0.8,0.8,401,522,76.8,8591,2845,87,103,84.5,260,293,88.7,53,111,47.7,0.1,0.0,1,32,0,0,0,2,0,5,2,0.18,2,0,0,0,0,0,0,0,0,0,0,0,0,0,14,11,8,5,1,5,10,50.0,5,9,5,6,20,52,1,626,69,324,287,21,13,626,2,2,100.0,0,0.0,327,1922,1135,5,0,6,0,402,0,18,1,0,0,0,0,35,27,20,57.4
Nuno Tavares,POR,DF,Lazio,Serie A,24,2000,9,9,726,8.1,0,8,8,0,0,0,3,1,0.6,0.6,2.7,3.3,40,39,44,0.0,0.99,0.99,0.0,0.99,0.08,0.33,0.41,0.08,0.41,15,2,13.3,1.86,0.25,0.0,0.0,25,2,0.04,-0.6,-0.6,306,397,77.1,4907,1904,171,192,89.1,109,139,78.4,20,49,40.8,2.4,5.3,17,23,17,11,2,2,51,9,32,3.97,23,3,3,1,2,0,11,1,7,1,2,0,1,0,13,11,8,3,2,4,10,40.0,6,4,0,7,20,23,0,500,34,137,210,165,19,500,42,18,42.9,16,38.1,282,2014,1246,23,12,13,7,302,1,8,19,1,0,1,0,48,6,3,66.7
Marcus Tavernier,ENG,"FW,MF",Bournemouth,Premier League,25,1999,13,11,983,10.9,1,3,4,1,0,0,2,0,2.7,2.7,1.9,4.6,24,61,69,0.09,0.27,0.37,0.09,0.37,0.24,0.17,0.42,0.24,0.42,26,8,30.8,2.38,0.73,0.04,0.13,21,2,0.11,-1.7,-1.7,309,434,71.2,5198,1622,147,171,86.0,131,171,76.6,26,68,38.2,1.8,1.1,26,40,20,7,3,2,65,13,56,5.13,40,8,3,2,3,0,7,0,4,2,0,0,1,0,27,16,8,11,8,6,16,37.5,10,6,0,3,30,8,0,565,8,56,221,300,23,565,27,12,44.4,14,51.9,308,1916,926,22,3,20,30,358,0,11,11,2,0,0,0,46,9,20,31.0
Charlie Taylor,ENG,DF,Southampton,Premier League,31,1993,5,2,209,2.3,0,0,0,0,0,0,1,0,0.0,0.0,0.1,0.1,2,6,6,0.0,0.0,0.0,0.0,0.0,0.0,0.03,0.03,0.0,0.03,0,0,0.0,0.0,0.0,0.0,0.0,0,0,0.0,0.0,0.0,124,147,84.4,2148,455,47,51,92.2,66,75,88.0,9,14,64.3,0.1,-0.1,1,6,2,1,0,0,9,3,2,0.86,2,0,0,0,0,0,1,0,1,0,0,0,0,0,7,5,4,3,0,5,6,83.3,1,5,3,3,10,20,1,186,19,76,78,33,1,186,2,2,100.0,0,0.0,73,318,109,2,0,1,0,109,0,2,2,0,0,0,0,6,4,2,66.7
Jack Taylor,IRL,MF,Ipswich Town,Premier League,26,1998,9,0,202,2.2,0,0,0,0,0,0,2,0,0.3,0.3,0.1,0.4,4,20,4,0.0,0.0,0.0,0.0,0.0,0.14,0.06,0.2,0.14,0.2,6,2,33.3,2.67,0.89,0.0,0.0,24,0,0.05,-0.3,-0.3,115,136,84.6,2057,666,55,64,85.9,45,50,90.0,13,18,72.2,0.3,-0.1,2,14,4,0,1,1,4,2,10,4.46,7,1,1,1,0,0,0,0,0,0,0,0,0,0,3,1,1,2,0,2,6,33.3,4,2,1,2,5,9,0,162,11,45,87,32,1,162,1,1,100.0,0,0.0,92,547,358,5,0,2,0,114,0,7,0,0,0,0,0,12,4,1,80.0
Loum Tchaouna,FRA,"FW,MF",Lazio,Serie A,21,2003,10,1,214,2.4,1,0,1,1,0,0,1,0,2.0,2.0,0.3,2.3,12,8,25,0.42,0.0,0.42,0.42,0.42,0.82,0.13,0.95,0.82,0.95,12,5,41.7,5.05,2.1,0.08,0.2,16,0,0.16,-1.0,-1.0,61,88,69.3,981,252,33,36,91.7,23,32,71.9,4,15,26.7,0.3,-0.3,3,5,4,1,0,2,15,1,11,4.6,10,0,0,0,0,1,3,1,3,0,0,0,0,0,4,2,1,1,2,2,5,40.0,3,1,0,2,6,1,0,124,1,10,45,69,14,124,5,3,60.0,2,40.0,78,532,270,6,5,10,4,92,0,3,0,0,0,0,0,7,2,13,13.3
Jackson Tchatchoua,CMR,"DF,MF",Hellas Verona,Serie A,23,2001,13,13,1115,12.4,1,1,2,1,0,0,4,1,0.2,0.2,1.2,1.4,36,24,62,0.08,0.08,0.16,0.08,0.16,0.02,0.09,0.11,0.02,0.11,4,1,25.0,0.32,0.08,0.25,1.0,18,0,0.06,0.8,0.8,335,426,78.6,4923,1357,204,231,88.3,109,133,82.0,15,39,38.5,1.1,-0.2,17,13,6,5,1,5,34,10,23,1.86,20,2,1,0,0,0,1,0,1,0,0,0,0,0,21,10,16,3,2,15,21,71.4,6,11,5,7,28,27,0,526,33,149,213,172,14,526,23,9,39.1,11,47.8,251,1694,955,21,9,12,7,283,0,9,4,3,0,1,0,41,15,8,65.2
Enzo Tchato,CMR,DF,Montpellier,Ligue 1,22,2002,13,7,823,9.1,0,0,0,0,0,0,2,0,0.0,0.0,0.3,0.4,12,29,34,0.0,0.0,0.0,0.0,0.0,0.01,0.04,0.04,0.01,0.04,2,1,50.0,0.22,0.11,0.0,0.0,29,0,0.02,0.0,0.0,349,445,78.4,5907,2024,152,177,85.9,156,185,84.3,31,60,51.7,0.4,-0.3,6,28,6,6,0,0,28,7,15,1.64,12,2,1,0,0,0,0,0,0,0,0,0,0,0,17,9,10,6,1,10,21,47.6,11,14,4,13,30,26,0,531,35,165,255,122,5,531,2,1,50.0,1,50.0,245,1164,617,8,0,12,0,299,0,6,6,0,0,0,0,27,7,6,53.8
Aurélien Tchouaméni,FRA,"MF,DF",Real Madrid,La Liga,24,2000,10,10,844,9.4,0,0,0,0,0,0,0,0,0.5,0.5,0.3,0.9,9,79,5,0.0,0.0,0.0,0.0,0.0,0.05,0.04,0.09,0.05,0.09,5,0,0.0,0.53,0.0,0.0,0.0,13,0,0.1,-0.5,-0.5,606,654,92.7,10573,3484,266,283,94.0,282,300,94.0,49,56,87.5,0.4,-0.3,3,86,5,0,0,4,1,4,16,1.71,16,0,0,0,0,0,0,0,0,0,0,0,0,0,20,10,9,10,1,7,16,43.8,9,8,7,23,43,13,0,747,38,164,507,83,9,747,5,3,60.0,2,40.0,455,2254,1165,3,1,9,3,559,0,8,8,0,0,0,0,44,18,8,69.2
Álvaro Tejero,ESP,"MF,DF",Espanyol,La Liga,28,1996,13,8,692,7.7,1,2,3,1,0,0,0,0,0.4,0.4,2.1,2.5,17,21,40,0.13,0.26,0.39,0.13,0.39,0.05,0.27,0.33,0.05,0.33,8,2,25.0,1.04,0.26,0.13,0.5,23,4,0.05,0.6,0.6,225,318,70.8,4256,1467,96,110,87.3,94,116,81.0,29,67,43.3,2.1,-0.1,21,10,12,8,1,2,66,9,31,4.03,17,11,1,1,0,1,4,0,2,0,1,1,0,0,6,3,2,3,1,2,11,18.2,9,7,0,5,11,15,1,386,14,70,150,174,10,386,11,2,18.2,8,72.7,168,1089,518,9,1,10,5,202,0,7,9,1,0,0,0,36,5,4,55.6
Martín Tejón,ESP,"MF,DF",Valencia,La Liga,20,2004,4,0,49,0.5,0,0,0,0,0,0,0,0,0.1,0.1,0.0,0.1,0,4,6,0.0,0.0,0.0,0.0,0.0,0.16,0.05,0.21,0.16,0.21,1,0,0.0,1.84,0.0,0.0,0.0,11,0,0.08,-0.1,-0.1,20,26,76.9,328,95,10,12,83.3,8,10,80.0,1,2,50.0,0.0,0.0,1,2,0,0,0,0,1,0,1,1.87,1,0,0,0,0,0,0,0,0,0,0,0,0,0,2,0,0,2,0,1,2,50.0,1,0,0,0,2,0,0,34,1,3,14,18,2,34,4,2,50.0,2,50.0,17,93,36,0,0,1,3,23,0,1,1,0,0,0,0,4,0,3,0.0
Mathys Tel,FRA,"FW,MF",Bayern Munich,Bundesliga,19,2005,5,2,175,1.9,0,0,0,0,0,0,0,0,0.5,0.5,0.0,0.5,4,5,17,0.0,0.0,0.0,0.0,0.0,0.26,0.0,0.26,0.26,0.26,5,3,60.0,2.57,1.54,0.0,0.0,19,0,0.1,-0.5,-0.5,69,84,82.1,1140,189,37,45,82.2,26,28,92.9,5,8,62.5,0.1,0.0,0,3,1,0,0,1,0,2,3,1.54,2,1,0,0,0,0,1,0,1,0,0,0,0,0,2,2,0,2,0,0,0,0.0,0,0,0,1,3,1,0,104,0,12,38,56,7,104,9,5,55.6,4,44.4,76,543,146,4,2,3,6,92,0,3,3,1,0,0,0,8,1,0,100.0
Nathan Tella,NGA,"DF,MF",Leverkusen,Bundesliga,25,1999,8,1,184,2.0,0,1,1,0,0,0,0,0,0.2,0.2,0.1,0.4,8,5,25,0.0,0.49,0.49,0.0,0.49,0.12,0.06,0.17,0.12,0.17,3,2,66.7,1.47,0.98,0.0,0.0,12,0,0.08,-0.2,-0.2,53,73,72.6,662,165,35,39,89.7,14,19,73.7,0,2,0.0,0.2,0.9,2,3,1,0,1,0,7,7,5,2.45,5,0,0,0,0,0,2,0,2,0,0,0,0,0,3,2,1,2,0,2,5,40.0,3,1,0,1,4,1,0,100,2,5,38,57,7,100,11,0,0.0,7,63.6,60,379,220,5,3,4,1,81,0,5,8,0,0,0,0,3,1,1,50.0
Nahuel Tenaglia,ARG,DF,Alavés,La Liga,28,1996,13,13,1111,12.3,1,1,2,1,0,0,3,0,0.5,0.5,0.7,1.3,13,25,44,0.08,0.08,0.16,0.08,0.16,0.04,0.06,0.1,0.04,0.1,9,2,22.2,0.73,0.16,0.11,0.5,13,0,0.06,0.5,0.5,265,404,65.6,4629,2260,116,148,78.4,124,170,72.9,19,58,32.8,0.7,0.3,9,25,8,3,0,0,30,15,22,1.78,12,5,0,1,3,1,1,0,1,0,0,0,0,0,28,15,22,3,3,14,24,58.3,10,8,2,10,38,37,0,539,37,186,212,144,20,539,13,6,46.2,4,30.8,211,1332,584,13,2,17,6,235,0,14,20,2,0,0,0,34,14,20,41.2
Casper Tengstedt,DEN,"FW,MF",Hellas Verona,Serie A,24,2000,13,12,896,10.0,4,0,4,3,1,1,2,0,3.6,2.8,0.3,3.1,21,17,51,0.4,0.0,0.4,0.3,0.3,0.36,0.03,0.39,0.28,0.31,20,5,25.0,2.01,0.5,0.15,0.6,15,0,0.14,0.4,0.2,122,181,67.4,1778,332,63,81,77.8,42,58,72.4,7,18,38.9,0.3,-0.3,7,7,5,1,1,2,7,11,17,1.71,11,0,1,3,2,0,2,0,1,0,0,1,0,0,4,2,0,3,1,1,3,33.3,2,3,1,3,7,17,0,276,17,28,132,121,26,275,18,7,38.9,9,50.0,139,840,377,7,8,25,4,181,0,4,7,4,0,0,0,25,10,41,19.6
Filippo Terracciano,ITA,DF,Milan,Serie A,21,2003,4,4,358,4.0,0,0,0,0,0,0,2,0,0.1,0.1,0.1,0.2,4,12,7,0.0,0.0,0.0,0.0,0.0,0.04,0.02,0.06,0.04,0.06,2,0,0.0,0.5,0.0,0.0,0.0,17,0,0.07,-0.1,-0.1,169,190,88.9,2974,609,73,79,92.4,87,94,92.6,8,14,57.1,0.1,-0.1,2,18,1,1,1,1,3,1,4,1.01,3,1,0,0,0,0,0,0,0,0,0,0,0,0,6,3,1,3,2,3,6,50.0,3,0,0,2,8,4,0,214,5,66,114,35,3,214,2,0,0.0,2,100.0,117,459,241,3,0,0,1,139,0,7,4,1,0,0,0,15,7,4,63.6
Ramón Terrats,ESP,"MF,FW",Villarreal,La Liga,24,2000,10,1,126,1.4,0,0,0,0,0,0,1,0,0.1,0.1,0.3,0.3,1,7,3,0.0,0.0,0.0,0.0,0.0,0.04,0.19,0.23,0.04,0.23,2,0,0.0,1.43,0.0,0.0,0.0,21,0,0.03,-0.1,-0.1,63,78,80.8,1148,305,27,28,96.4,27,35,77.1,7,12,58.3,0.4,-0.3,1,7,2,1,1,2,5,2,4,2.83,2,0,0,1,1,0,0,0,0,0,0,0,0,0,3,3,1,2,0,2,4,50.0,2,3,1,2,5,3,0,105,8,24,54,27,2,105,6,1,16.7,5,83.3,63,193,69,0,0,6,2,75,0,2,2,0,0,0,0,10,3,2,60.0
Martin Terrier,FRA,MF,Leverkusen,Bundesliga,27,1997,9,5,456,5.1,1,1,2,1,0,0,1,0,2.1,2.1,0.9,3.0,7,8,29,0.2,0.2,0.39,0.2,0.39,0.42,0.17,0.59,0.42,0.59,15,5,33.3,2.96,0.99,0.07,0.2,13,0,0.14,-1.1,-1.1,130,154,84.4,1721,270,88,95,92.6,31,38,81.6,6,7,85.7,1.6,0.1,6,4,3,1,1,0,4,4,14,2.76,9,1,0,2,2,0,3,0,3,0,0,0,0,0,2,1,0,0,2,1,2,50.0,1,2,0,1,3,1,0,190,2,8,73,109,31,190,2,1,50.0,1,50.0,102,429,164,4,3,5,6,163,0,1,9,2,0,0,0,3,7,8,46.7
Tanner Tessmann,USA,MF,Lyon,Ligue 1,23,2001,7,2,218,2.4,0,0,0,0,0,0,0,0,0.0,0.0,0.1,0.1,3,12,8,0.0,0.0,0.0,0.0,0.0,0.0,0.03,0.03,0.0,0.03,0,0,0.0,0.0,0.0,0.0,0.0,0,0,0.0,0.0,0.0,120,138,87.0,2160,628,54,59,91.5,50,52,96.2,13,22,59.1,0.2,-0.1,2,13,0,0,0,3,8,1,3,1.24,0,2,0,0,0,1,0,0,0,0,0,0,0,0,7,4,4,2,1,3,5,60.0,2,2,2,6,13,9,0,165,11,37,97,34,1,165,5,3,60.0,1,20.0,85,455,211,2,0,1,2,114,0,2,2,0,0,0,0,12,0,4,0.0
Kenny Tete,NED,DF,Fulham,Premier League,29,1995,13,13,1118,12.4,0,1,1,0,0,0,3,0,1.0,1.0,0.7,1.7,33,40,38,0.0,0.08,0.08,0.0,0.08,0.08,0.06,0.14,0.08,0.14,18,2,11.1,1.45,0.16,0.0,0.0,16,0,0.06,-1.0,-1.0,536,654,82.0,8543,2747,280,305,91.8,195,240,81.3,43,67,64.2,0.3,0.3,4,51,6,4,0,2,19,18,22,1.77,15,0,2,3,2,0,2,0,2,0,0,0,0,0,35,23,16,10,9,14,24,58.3,10,18,6,28,63,33,0,816,46,234,362,226,26,816,16,7,43.8,4,25.0,429,2164,1056,17,7,15,10,475,0,21,11,0,0,0,0,43,14,10,58.3
Teddy Teuma,MLT,MF,Reims,Ligue 1,31,1993,9,3,290,3.2,1,0,1,0,1,1,1,0,1.2,0.4,0.4,0.9,4,12,16,0.31,0.0,0.31,0.0,0.0,0.38,0.14,0.51,0.13,0.27,6,2,33.3,1.86,0.62,0.0,0.0,25,2,0.07,-0.2,-0.4,196,248,79.0,3077,735,107,118,90.7,62,75,82.7,16,31,51.6,0.5,-0.4,6,12,2,1,0,4,17,6,18,5.61,11,3,1,2,1,0,0,0,0,0,0,0,0,0,7,4,1,4,2,4,11,36.4,7,6,1,5,12,4,0,290,7,60,155,76,7,289,6,2,33.3,4,66.7,146,606,288,3,0,3,4,200,0,5,4,0,0,0,0,15,2,1,66.7
Jordan Teze,NED,DF,Monaco,Ligue 1,25,1999,8,3,238,2.6,1,0,1,1,0,0,1,1,1.2,1.2,0.2,1.4,3,9,15,0.38,0.0,0.38,0.38,0.38,0.45,0.07,0.51,0.45,0.51,4,1,25.0,1.51,0.38,0.25,1.0,10,0,0.3,-0.2,-0.2,96,118,81.4,1501,524,52,57,91.2,42,50,84.0,2,4,50.0,0.5,-0.2,3,7,2,0,0,1,2,4,5,1.89,5,0,0,0,0,0,0,0,0,0,0,0,0,0,10,5,6,3,1,3,4,75.0,1,8,1,2,12,3,0,149,2,32,73,45,10,149,4,1,25.0,3,75.0,69,319,187,4,2,2,2,76,0,7,1,0,0,0,0,8,4,3,57.1
Florian Thauvin,FRA,"FW,MF",Udinese,Serie A,31,1993,11,10,757,8.4,3,2,5,3,0,1,0,0,3.2,2.5,1.0,3.4,31,35,52,0.36,0.24,0.59,0.36,0.59,0.39,0.11,0.5,0.29,0.41,18,9,50.0,2.14,1.07,0.17,0.33,16,0,0.14,-0.2,0.5,212,329,64.4,3719,1300,99,121,81.8,65,112,58.0,33,66,50.0,1.8,1.0,12,27,19,10,1,6,70,10,29,3.45,21,4,1,1,1,1,4,0,3,0,0,1,0,0,9,7,6,2,1,6,12,50.0,6,4,0,3,12,3,0,429,3,48,178,208,32,428,35,16,45.7,17,48.6,272,1973,918,31,14,24,15,322,0,6,13,1,0,0,0,24,0,4,0.0
Arthur Theate,BEL,DF,Eint Frankfurt,Bundesliga,24,2000,11,11,953,10.6,0,0,0,0,0,0,5,1,0.4,0.4,0.3,0.7,14,38,8,0.0,0.0,0.0,0.0,0.0,0.04,0.03,0.07,0.04,0.07,11,2,18.2,1.04,0.19,0.0,0.0,20,0,0.04,-0.4,-0.4,450,553,81.4,8113,3123,191,205,93.2,200,233,85.8,51,97,52.6,0.3,-0.3,4,46,4,0,2,2,5,3,13,1.23,8,1,0,1,2,1,1,0,1,0,0,0,0,0,15,8,6,8,1,6,16,37.5,10,18,8,15,30,49,1,670,76,303,309,66,7,670,2,2,100.0,0,0.0,365,1609,793,11,1,4,3,404,1,5,7,0,0,0,0,46,12,10,54.5
Thiago,BRA,FW,Brentford,Premier League,23,2001,2,0,40,0.4,0,0,0,0,0,0,0,0,0.0,0.0,0.0,0.0,1,1,0,0.0,0.0,0.0,0.0,0.0,0.0,0.1,0.1,0.0,0.1,0,0,0.0,0.0,0.0,0.0,0.0,0,0,0.0,0.0,0.0,12,15,80.0,209,42,4,5,80.0,7,8,87.5,1,2,50.0,0.0,0.0,1,1,0,0,0,0,0,0,1,2.25,0,0,0,0,0,1,0,0,0,0,0,0,0,0,0,0,0,0,0,0,0,0.0,0,0,0,1,1,1,0,20,2,3,8,9,0,20,2,2,100.0,0,0.0,13,66,25,1,0,1,1,15,0,1,2,0,0,0,0,3,1,2,33.3
Malick Thiaw,GER,DF,Milan,Serie A,23,2001,7,7,630,7.0,0,0,0,0,0,0,0,0,0.1,0.1,0.0,0.1,1,27,0,0.0,0.0,0.0,0.0,0.0,0.01,0.0,0.01,0.01,0.01,1,0,0.0,0.14,0.0,0.0,0.0,6,0,0.09,-0.1,-0.1,432,458,94.3,8457,2695,132,135,97.8,251,262,95.8,46,55,83.6,0.1,0.0,0,24,0,0,1,3,2,0,4,0.57,3,0,0,1,0,0,0,0,0,0,0,0,0,0,7,5,2,4,1,0,2,0.0,2,6,4,5,12,21,0,504,48,245,247,14,4,504,0,0,0.0,0,0.0,320,1449,730,3,0,0,0,378,0,8,1,0,0,0,1,20,17,11,60.7
Denis Thomalla,GER,MF,Heidenheim,Bundesliga,32,1992,1,0,4,0.0,0,0,0,0,0,0,0,0,0.0,0.0,0.0,0.0,0,0,0,0.0,0.0,0.0,0.0,0.0,0.0,0.0,0.0,0.0,0.0,0,0,0.0,0.0,0.0,0.0,0.0,0,0,0.0,0.0,0.0,1,1,100.0,22,0,0,0,0.0,1,1,100.0,0,0,0.0,0.0,0.0,0,0,0,0,0,0,0,0,0,0.0,0,0,0,0,0,0,0,0,0,0,0,0,0,0,0,0,0,0,0,0,0,0.0,0,0,0,0,0,0,0,1,0,0,1,0,0,1,0,0,0.0,0,0.0,1,8,0,0,0,0,0,0,0,0,0,0,0,0,0,1,0,0,0.0
Luke Thomas,ENG,DF,Leicester City,Premier League,23,2001,1,1,90,1.0,0,0,0,0,0,0,0,0,0.0,0.0,0.1,0.1,1,3,5,0.0,0.0,0.0,0.0,0.0,0.02,0.05,0.07,0.02,0.07,1,0,0.0,1.0,0.0,0.0,0.0,21,0,0.02,0.0,0.0,40,57,70.2,611,137,22,24,91.7,16,22,72.7,2,8,25.0,0.0,-0.1,1,4,0,0,0,0,3,3,1,1.0,1,0,0,0,0,0,0,0,0,0,0,0,0,0,2,2,2,0,0,1,2,50.0,1,3,0,0,2,0,0,67,2,31,19,17,4,67,0,0,0.0,0,0.0,32,82,52,0,1,1,0,32,0,0,1,0,0,0,0,5,2,3,40.0
Sorba Thomas,WAL,FW,Nantes,Ligue 1,25,1999,11,7,618,6.9,1,0,1,1,0,0,0,0,1.2,1.2,1.2,2.4,21,18,47,0.15,0.0,0.15,0.15,0.15,0.18,0.18,0.36,0.18,0.36,6,1,16.7,0.87,0.15,0.17,1.0,16,0,0.21,-0.2,-0.2,155,254,61.0,2683,924,87,106,82.1,44,73,60.3,21,60,35.0,1.3,-1.2,17,13,13,9,0,1,64,11,28,4.08,20,8,0,0,0,0,3,0,3,0,0,0,0,0,8,4,3,4,1,5,9,55.6,4,8,0,2,10,8,1,315,8,34,123,163,15,315,17,7,41.2,9,52.9,167,996,471,14,5,12,15,214,0,4,8,2,0,0,0,27,0,7,0.0
Adrien Thomasson,FRA,MF,Lens,Ligue 1,31,1993,13,13,1032,11.5,2,1,3,2,0,0,1,0,1.7,1.7,3.3,5.0,9,59,47,0.17,0.09,0.26,0.17,0.26,0.15,0.28,0.44,0.15,0.44,11,5,45.5,0.96,0.44,0.18,0.4,16,0,0.16,0.3,0.3,470,595,79.0,7096,2052,257,297,86.5,153,189,81.0,35,60,58.3,2.4,-2.3,24,34,18,3,2,2,37,9,39,3.4,26,8,0,1,2,2,1,0,1,0,0,0,0,0,39,22,18,12,9,23,43,53.5,20,19,1,10,49,19,0,749,26,133,386,232,28,749,22,8,36.4,13,59.1,385,1431,566,6,2,28,14,461,0,24,19,4,0,0,0,86,6,15,28.6
Morten Thorsby,NOR,MF,Genoa,Serie A,28,1996,13,9,789,8.8,0,1,1,0,0,0,2,0,1.0,1.0,0.9,1.9,7,26,20,0.0,0.11,0.11,0.0,0.11,0.11,0.11,0.22,0.11,0.22,8,2,25.0,0.91,0.23,0.0,0.0,13,0,0.12,-1.0,-1.0,131,202,64.9,1799,692,79,107,73.8,38,59,64.4,6,10,60.0,0.6,0.1,17,25,6,0,3,0,2,9,30,3.42,26,0,0,2,1,1,1,0,1,0,0,0,0,0,15,11,5,7,3,6,13,46.2,7,8,0,3,18,8,0,291,10,51,142,101,32,291,8,3,37.5,5,62.5,103,542,260,7,3,15,9,187,0,29,6,4,0,2,0,15,52,45,53.6
Khéphren Thuram,FRA,MF,Juventus,Serie A,23,2001,12,8,653,7.3,0,1,1,0,0,0,2,0,1.5,1.5,0.8,2.3,24,36,23,0.0,0.14,0.14,0.0,0.14,0.2,0.11,0.31,0.2,0.31,10,1,10.0,1.38,0.14,0.0,0.0,18,0,0.15,-1.5,-1.5,355,409,86.8,5750,1297,184,200,92.0,147,165,89.1,20,32,62.5,0.5,0.2,7,29,4,0,1,1,4,2,18,2.48,14,0,2,2,0,0,2,0,2,0,0,0,0,0,13,6,3,10,0,8,11,72.7,3,4,1,4,17,13,0,489,20,105,294,97,16,489,23,16,69.6,5,21.7,323,2065,1157,18,7,9,5,385,0,12,9,0,0,0,0,29,11,6,64.7
Marcus Thuram,FRA,FW,Inter,Serie A,27,1997,13,13,1029,11.4,9,3,12,9,0,0,0,0,5.8,5.8,1.7,7.5,24,22,74,0.79,0.26,1.05,0.79,1.05,0.5,0.15,0.66,0.5,0.66,34,19,55.9,2.97,1.66,0.26,0.47,12,0,0.17,3.2,3.2,156,220,70.9,2033,442,90,127,70.9,47,59,79.7,5,7,71.4,1.5,1.3,17,9,10,2,2,1,5,2,36,3.15,25,0,2,3,5,1,8,0,5,0,1,0,2,0,11,7,3,3,5,2,6,33.3,4,10,3,1,12,4,0,349,8,25,129,201,87,349,21,4,19.0,15,71.4,181,1302,609,12,15,28,9,253,0,12,23,5,2,0,0,26,26,12,68.4
Youri Tielemans,BEL,MF,Aston Villa,Premier League,27,1997,13,13,1153,12.8,0,4,4,0,0,1,3,0,1.3,0.5,3.3,3.9,18,92,14,0.0,0.31,0.31,0.0,0.31,0.1,0.26,0.36,0.04,0.3,9,2,22.2,0.7,0.16,0.0,0.0,23,0,0.06,-1.3,-0.5,706,855,82.6,12195,4448,328,366,89.6,305,339,90.0,65,125,52.0,2.9,0.7,31,107,14,3,11,4,63,13,51,3.98,30,18,0,2,0,1,6,0,3,3,0,0,0,0,28,19,12,14,2,15,24,62.5,9,9,4,12,40,13,1,957,37,197,542,225,13,956,21,11,52.4,6,28.6,548,2228,1104,13,4,11,10,692,0,19,23,0,0,0,0,54,7,9,43.8
Phillip Tietz,GER,FW,Augsburg,Bundesliga,27,1997,12,10,759,8.4,4,1,5,3,1,1,2,0,2.6,1.8,0.6,2.4,4,17,51,0.47,0.12,0.59,0.36,0.47,0.31,0.07,0.38,0.21,0.28,16,4,25.0,1.9,0.47,0.19,0.75,16,0,0.11,1.4,1.2,130,210,61.9,1688,326,82,123,66.7,37,53,69.8,2,6,33.3,0.7,0.4,12,10,3,1,0,0,1,8,19,2.25,16,0,1,2,0,0,2,0,1,0,1,0,0,0,8,3,2,4,2,4,6,66.7,2,5,1,3,11,12,0,288,12,32,130,128,38,287,15,7,46.7,7,46.7,134,493,175,6,1,17,8,216,0,14,5,9,0,0,0,17,31,36,46.3
Jurriën Timber,NED,DF,Arsenal,Premier League,23,2001,11,10,860,9.6,0,1,1,0,0,0,3,0,0.5,0.5,0.6,1.1,16,39,31,0.0,0.1,0.1,0.0,0.1,0.05,0.06,0.12,0.05,0.12,9,1,11.1,0.94,0.1,0.0,0.0,16,0,0.06,-0.5,-0.5,311,385,80.8,4692,1489,162,186,87.1,134,167,80.2,8,15,53.3,0.4,0.4,12,27,7,1,1,0,11,9,20,2.09,17,0,2,0,1,0,2,0,2,0,0,0,0,0,16,9,5,8,3,4,11,36.4,7,10,4,4,20,20,1,487,26,115,226,149,23,487,19,10,52.6,7,36.8,227,1072,522,3,5,8,8,267,0,12,8,3,0,0,0,30,6,14,30.0
Jean-Clair Todibo,FRA,DF,West Ham,Premier League,25,1999,10,7,649,7.2,0,0,0,0,0,0,0,0,0.1,0.1,0.0,0.1,2,10,1,0.0,0.0,0.0,0.0,0.0,0.01,0.0,0.02,0.01,0.02,2,0,0.0,0.28,0.0,0.0,0.0,12,0,0.05,-0.1,-0.1,304,346,87.9,5799,2042,95,102,93.1,184,195,94.4,23,43,53.5,0.0,0.0,2,10,0,0,0,1,1,1,4,0.55,3,0,0,0,0,1,0,0,0,0,0,0,0,0,15,10,12,3,0,9,10,90.0,1,13,6,8,23,37,3,430,68,250,173,11,5,430,7,4,57.1,3,42.9,247,1071,580,3,0,2,5,281,0,5,3,0,0,0,0,34,12,10,54.5
Harry Toffolo,ENG,DF,Nott'Ham Forest,Premier League,29,1995,1,0,37,0.4,0,0,0,0,0,0,0,0,0.0,0.0,0.0,0.0,0,1,4,0.0,0.0,0.0,0.0,0.0,0.04,0.0,0.04,0.04,0.04,1,0,0.0,2.43,0.0,0.0,0.0,28,0,0.02,0.0,0.0,22,30,73.3,299,163,16,18,88.9,6,8,75.0,0,2,0.0,0.0,0.0,0,1,0,0,0,0,3,2,0,0.0,0,0,0,0,0,0,0,0,0,0,0,0,0,0,2,0,1,0,1,0,0,0.0,0,0,0,0,2,3,0,36,3,6,10,20,2,36,0,0,0.0,0,0.0,8,14,7,0,0,0,0,16,0,0,0,0,0,0,0,0,0,0,0.0
Umut Tohumcu,GER,MF,Hoffenheim,Bundesliga,20,2004,8,2,288,3.2,0,1,1,0,0,0,2,0,0.1,0.1,0.2,0.3,1,11,4,0.0,0.31,0.31,0.0,0.31,0.04,0.06,0.09,0.04,0.09,3,1,33.3,0.94,0.31,0.0,0.0,26,0,0.04,-0.1,-0.1,92,110,83.6,1320,332,48,54,88.9,38,44,86.4,3,7,42.9,0.1,0.8,2,8,0,0,0,0,6,1,3,0.93,1,1,0,1,0,0,1,0,1,0,0,0,0,0,9,5,3,5,1,5,7,71.4,2,2,0,3,12,6,0,140,7,39,74,27,0,140,5,3,60.0,2,40.0,75,248,112,1,0,2,6,86,0,4,4,0,0,0,0,10,0,0,0.0
Corentin Tolisso,FRA,MF,Lyon,Ligue 1,30,1994,12,9,774,8.6,1,1,2,1,0,0,2,0,1.5,1.5,2.9,4.3,9,69,43,0.12,0.12,0.23,0.12,0.23,0.17,0.33,0.5,0.17,0.5,19,6,31.6,2.21,0.7,0.05,0.17,16,0,0.08,-0.5,-0.5,419,501,83.6,6425,1961,227,265,85.7,155,174,89.1,26,36,72.2,1.9,-1.9,15,47,17,0,2,5,6,9,36,4.18,31,0,1,3,1,0,5,0,4,0,0,1,0,0,20,9,9,7,4,8,21,38.1,13,15,3,6,26,14,1,612,24,102,320,200,34,612,4,3,75.0,1,25.0,314,1434,614,13,1,15,7,455,0,19,19,2,0,0,0,47,21,23,47.7
Rafael Tolói,ITA,DF,Atalanta,Serie A,34,1990,2,1,114,1.3,0,0,0,0,0,0,0,0,0.0,0.0,0.2,0.2,1,10,2,0.0,0.0,0.0,0.0,0.0,0.02,0.12,0.15,0.02,0.15,1,0,0.0,0.79,0.0,0.0,0.0,27,0,0.03,0.0,0.0,73,79,92.4,1173,461,33,35,94.3,38,39,97.4,1,2,50.0,0.3,-0.2,2,4,0,0,0,1,1,0,5,3.95,4,0,0,0,0,1,0,0,0,0,0,0,0,0,4,1,2,2,0,2,4,50.0,2,1,0,2,6,1,0,85,2,28,45,13,1,85,0,0,0.0,0,0.0,33,153,100,2,0,0,0,58,0,2,1,0,0,0,0,8,2,0,100.0
Tiago Tomás,POR,"FW,MF",Wolfsburg,Bundesliga,22,2002,12,11,860,9.6,4,0,4,4,0,0,3,0,3.1,3.1,1.0,4.1,18,23,59,0.42,0.0,0.42,0.42,0.42,0.33,0.1,0.42,0.33,0.42,19,9,47.4,1.99,0.94,0.21,0.44,17,0,0.16,0.9,0.9,128,194,66.0,1834,517,73,93,78.5,47,70,67.1,4,15,26.7,0.4,-1.0,11,13,4,0,1,1,10,7,29,3.03,19,0,3,2,4,1,3,0,2,0,0,0,1,0,11,7,5,2,4,6,17,35.3,11,6,1,4,15,6,0,330,3,37,139,157,36,330,35,15,42.9,16,45.7,199,1013,410,8,8,26,13,244,0,13,26,3,1,0,0,30,6,12,33.3
Takehiro Tomiyasu,JPN,DF,Arsenal,Premier League,26,1998,1,0,7,0.1,0,0,0,0,0,0,0,0,0.2,0.2,0.0,0.2,0,1,0,0.0,0.0,0.0,0.0,0.0,2.37,0.0,2.37,2.37,2.37,1,0,0.0,12.86,0.0,0.0,0.0,1,0,0.18,-0.2,-0.2,3,4,75.0,42,10,1,1,100.0,2,2,100.0,0,1,0.0,0.0,0.0,0,0,0,0,0,0,0,0,1,12.86,1,0,0,0,0,0,0,0,0,0,0,0,0,0,0,0,0,0,0,0,0,0.0,0,0,0,0,0,1,0,7,1,4,1,2,1,7,0,0,0.0,0,0.0,1,7,5,0,0,0,0,2,0,0,0,0,0,0,0,0,0,0,0.0
Fikayo Tomori,ENG,DF,Milan,Serie A,27,1997,8,6,553,6.1,0,0,0,0,0,0,1,0,0.1,0.1,0.0,0.1,4,21,1,0.0,0.0,0.0,0.0,0.0,0.01,0.0,0.02,0.01,0.02,2,0,0.0,0.33,0.0,0.0,0.0,12,0,0.04,-0.1,-0.1,392,420,93.3,6566,2657,177,182,97.3,198,211,93.8,15,23,65.2,0.1,0.0,1,19,1,1,0,2,1,0,4,0.65,4,0,0,0,0,0,2,0,2,0,0,0,0,0,8,7,5,2,1,3,6,50.0,3,7,5,7,15,18,0,466,42,223,230,13,3,466,0,0,0.0,0,0.0,285,1292,797,4,0,1,1,351,0,2,2,0,0,0,0,16,15,11,57.7
Sandro Tonali,ITA,MF,Newcastle Utd,Premier League,24,2000,11,5,534,5.9,0,1,1,0,0,0,3,0,0.7,0.7,0.3,1.0,5,20,13,0.0,0.17,0.17,0.0,0.17,0.12,0.05,0.17,0.12,0.17,6,3,50.0,1.01,0.51,0.0,0.0,14,1,0.12,-0.7,-0.7,172,225,76.4,2591,843,107,122,87.7,55,72,76.4,9,22,40.9,0.3,0.7,4,19,2,0,1,0,15,5,12,2.01,8,1,0,1,2,0,2,0,2,0,0,0,0,0,14,9,4,10,0,5,10,50.0,5,8,4,11,25,9,1,297,15,71,153,77,11,297,11,4,36.4,5,45.5,169,828,302,5,1,8,4,186,0,8,14,1,1,0,0,31,2,3,40.0
Pablo Torre,ESP,"MF,FW",Barcelona,La Liga,21,2003,7,4,248,2.8,3,1,4,3,0,0,0,0,0.3,0.3,0.5,0.8,5,15,15,1.09,0.36,1.45,1.09,1.45,0.09,0.19,0.28,0.09,0.28,3,3,100.0,1.09,1.09,1.0,1.0,22,1,0.08,2.7,2.7,128,158,81.0,1913,475,65,73,89.0,48,54,88.9,8,16,50.0,0.9,0.5,5,10,4,1,1,0,9,2,13,4.74,11,1,0,0,1,0,2,0,2,0,0,0,0,0,5,4,1,3,1,2,2,100.0,0,0,0,1,6,4,1,182,4,18,80,85,7,182,5,2,40.0,3,60.0,93,382,168,7,0,4,4,140,0,4,6,1,0,0,0,9,1,6,14.3
David Torres,ESP,DF,Valladolid,La Liga,21,2003,9,7,697,7.7,0,0,0,0,0,0,4,0,0.0,0.0,0.0,0.0,2,21,0,0.0,0.0,0.0,0.0,0.0,0.0,0.0,0.0,0.0,0.0,1,0,0.0,0.13,0.0,0.0,0.0,16,0,0.01,0.0,0.0,302,353,85.6,5722,2592,101,104,97.1,172,188,91.5,28,53,52.8,0.0,0.0,0,15,0,0,0,3,0,4,1,0.13,1,0,0,0,0,0,0,0,0,0,0,0,0,0,4,3,4,0,0,1,3,33.3,2,10,9,2,6,33,0,410,79,267,141,3,2,410,0,0,0.0,0,0.0,212,1264,771,0,0,0,2,253,0,8,1,0,0,0,1,9,13,16,44.8
Ferrán Torres,ESP,"FW,MF",Barcelona,La Liga,24,2000,10,6,434,4.8,2,2,4,2,0,0,0,1,1.6,1.6,0.4,2.0,10,13,30,0.41,0.41,0.83,0.41,0.83,0.34,0.09,0.42,0.34,0.42,15,7,46.7,3.11,1.45,0.13,0.29,16,0,0.11,0.4,0.4,95,134,70.9,1147,353,64,76,84.2,20,31,64.5,4,13,30.8,0.4,1.6,6,9,7,1,1,1,10,5,13,2.7,8,2,2,0,1,0,2,0,2,0,0,0,0,0,5,3,1,2,2,1,2,50.0,1,5,0,1,6,1,0,184,0,10,64,111,23,184,8,6,75.0,1,12.5,96,523,226,5,5,9,5,143,0,3,2,2,0,0,0,11,1,2,33.3
Pau Torres,ESP,DF,Aston Villa,Premier League,27,1997,13,13,1170,13.0,0,0,0,0,0,0,1,0,0.2,0.2,0.0,0.3,25,54,4,0.0,0.0,0.0,0.0,0.0,0.02,0.0,0.02,0.02,0.02,4,1,25.0,0.31,0.08,0.0,0.0,11,0,0.06,-0.2,-0.2,713,816,87.4,11815,4535,330,351,94.0,332,358,92.7,40,87,46.0,0.3,0.0,1,73,6,0,3,2,1,2,9,0.69,7,0,0,2,0,0,2,0,1,0,0,1,0,0,13,11,7,5,1,7,10,70.0,3,9,5,6,19,32,2,885,125,380,450,60,9,885,13,12,92.3,1,7.7,579,3773,2472,14,0,3,3,633,0,5,4,0,0,0,0,41,9,17,34.6
Lucas Torró,ESP,MF,Osasuna,La Liga,30,1994,14,14,1219,13.5,2,0,2,2,0,0,5,0,0.7,0.7,0.3,1.1,3,41,16,0.15,0.0,0.15,0.15,0.15,0.06,0.02,0.08,0.06,0.08,7,3,42.9,0.52,0.22,0.29,0.67,17,0,0.11,1.3,1.3,404,553,73.1,6864,2077,189,247,76.5,165,206,80.1,36,73,49.3,0.4,-0.3,2,42,2,0,0,9,1,5,10,0.74,8,0,0,2,0,0,1,0,1,0,0,0,0,0,32,19,10,22,0,17,32,53.1,15,23,4,20,52,31,2,710,50,210,416,90,14,710,3,2,66.7,1,33.3,261,990,313,5,0,20,13,385,0,36,19,1,0,1,0,72,64,21,75.3
Abdoulaye Touré,GUI,MF,Le Havre,Ligue 1,30,1994,12,11,988,11.0,3,1,4,0,3,3,3,0,3.5,1.1,0.1,1.2,4,51,11,0.27,0.09,0.36,0.0,0.09,0.31,0.01,0.32,0.1,0.11,16,2,12.5,1.46,0.18,0.0,0.0,25,0,0.07,-0.5,-1.1,359,434,82.7,6316,1943,157,180,87.2,157,184,85.3,37,53,69.8,0.3,0.9,3,40,5,2,1,3,4,2,15,1.37,10,0,0,1,3,1,1,0,1,0,0,0,0,0,29,14,15,10,4,18,24,75.0,6,14,8,15,44,19,1,562,38,152,322,92,13,559,12,7,58.3,3,25.0,286,1319,600,7,0,13,15,339,0,15,16,0,0,0,0,64,16,7,69.6
Birama Touré,MLI,"MF,DF",Montpellier,Ligue 1,32,1992,7,2,298,3.3,0,0,0,0,0,0,2,0,0.0,0.0,0.1,0.1,0,9,2,0.0,0.0,0.0,0.0,0.0,0.01,0.03,0.04,0.01,0.04,3,1,33.3,0.91,0.3,0.0,0.0,26,0,0.01,0.0,0.0,101,123,82.1,1809,621,38,45,84.4,53,58,91.4,10,18,55.6,0.0,-0.1,3,4,0,0,0,1,0,0,6,1.81,5,0,0,0,0,1,0,0,0,0,0,0,0,0,8,5,5,2,1,4,6,66.7,2,3,2,5,13,7,0,156,21,70,65,22,3,156,0,0,0.0,0,0.0,85,274,71,1,1,6,0,99,0,2,5,0,0,0,0,14,4,4,50.0
Ousmane Toure,FRA,DF,Lille,Ligue 1,19,2005,1,0,6,0.1,0,0,0,0,0,0,0,0,0.0,0.0,0.0,0.0,0,2,0,0.0,0.0,0.0,0.0,0.0,0.0,0.0,0.0,0.0,0.0,0,0,0.0,0.0,0.0,0.0,0.0,0,0,0.0,0.0,0.0,4,6,66.7,92,47,0,0,0.0,4,6,66.7,0,0,0.0,0.0,0.0,0,0,0,0,0,0,0,0,0,0.0,0,0,0,0,0,0,0,0,0,0,0,0,0,0,0,0,0,0,0,0,0,0.0,0,0,0,1,1,2,0,8,0,4,4,0,0,8,0,0,0.0,0,0.0,4,23,1,0,0,0,0,2,0,0,0,0,0,0,0,1,1,0,100.0
Souleymane Touré,FRA,DF,Udinese,Serie A,21,2003,9,8,611,6.8,0,0,0,0,0,0,2,2,0.2,0.2,0.0,0.2,6,25,3,0.0,0.0,0.0,0.0,0.0,0.03,0.0,0.03,0.03,0.03,3,1,33.3,0.44,0.15,0.0,0.0,7,0,0.06,-0.2,-0.2,406,438,92.7,7209,1885,172,183,94.0,190,198,96.0,41,49,83.7,0.2,0.0,1,32,4,1,0,2,5,2,7,1.03,5,0,0,1,0,1,0,0,0,0,0,0,0,0,5,5,4,1,0,3,4,75.0,1,15,6,8,13,12,1,494,50,222,236,38,8,494,10,5,50.0,4,40.0,323,1610,779,5,1,6,0,358,0,12,5,1,0,0,1,21,7,4,63.6
Lucas Tousart,FRA,MF,Union Berlin,Bundesliga,27,1997,2,2,130,1.4,0,0,0,0,0,0,1,0,0.2,0.2,0.0,0.2,0,2,2,0.0,0.0,0.0,0.0,0.0,0.14,0.0,0.14,0.14,0.14,3,2,66.7,2.08,1.38,0.0,0.0,17,0,0.07,-0.2,-0.2,17,30,56.7,302,94,9,13,69.2,6,12,50.0,2,4,50.0,0.0,0.0,0,0,1,0,0,1,1,1,3,2.08,2,0,0,1,0,0,1,0,0,0,0,1,0,0,1,1,0,1,0,0,2,0.0,2,3,1,1,2,2,0,46,2,14,22,12,5,46,3,2,66.7,1,33.3,14,38,18,0,0,0,0,18,0,2,0,0,0,0,0,4,3,2,60.0
Conor Townsend,ENG,MF,Ipswich Town,Premier League,31,1993,1,0,1,0.0,0,0,0,0,0,0,0,0,0.0,0.0,0.0,0.0,0,0,0,0.0,0.0,0.0,0.0,0.0,0.0,1.6,1.6,0.0,1.6,0,0,0.0,0.0,0.0,0.0,0.0,0,0,0.0,0.0,0.0,0,0,0.0,0,0,0,0,0.0,0,0,0.0,0,0,0.0,0.0,0.0,1,0,0,0,0,0,0,0,0,0.0,0,0,0,0,0,0,0,0,0,0,0,0,0,0,1,1,1,0,0,0,0,0.0,0,0,0,0,1,0,0,2,1,1,0,1,0,2,0,0,0.0,0,0.0,0,0,0,0,0,0,0,0,0,0,0,0,0,0,0,0,0,1,0.0
Adama Traoré,ESP,"FW,MF",Fulham,Premier League,28,1996,12,9,738,8.2,1,3,4,1,0,0,2,0,2.8,2.8,2.2,5.0,44,28,64,0.12,0.37,0.49,0.12,0.49,0.34,0.27,0.61,0.34,0.61,21,7,33.3,2.56,0.85,0.05,0.14,14,0,0.13,-1.8,-1.8,184,255,72.2,2630,603,108,134,80.6,53,76,69.7,11,19,57.9,2.0,0.8,17,14,14,7,1,1,40,6,37,4.51,29,0,3,3,0,2,3,0,3,0,0,0,0,0,7,5,4,2,1,2,6,33.3,4,5,0,1,8,4,1,350,1,32,120,207,45,350,45,23,51.1,15,33.3,249,1965,1117,18,18,14,5,277,0,10,16,1,0,0,0,33,14,9,60.9
Hamari Traoré,MLI,DF,Real Sociedad,La Liga,32,1992,4,4,311,3.5,0,1,1,0,0,0,0,0,0.0,0.0,0.2,0.2,4,11,7,0.0,0.29,0.29,0.0,0.29,0.0,0.05,0.05,0.0,0.05,0,0,0.0,0.0,0.0,0.0,0.0,0,0,0.0,0.0,0.0,156,196,79.6,2747,921,71,78,91.0,68,87,78.2,16,26,61.5,0.2,0.8,2,8,3,1,0,1,3,3,3,0.87,3,0,0,0,0,0,1,0,1,0,0,0,0,0,11,7,7,3,1,9,12,75.0,3,1,1,3,14,11,0,227,12,69,127,34,2,227,3,2,66.7,1,33.3,81,347,176,0,2,2,1,112,0,4,3,0,0,0,0,15,4,6,40.0
Omar Traoré,GER,"DF,FW",Heidenheim,Bundesliga,26,1998,10,10,854,9.5,0,1,1,0,0,0,2,0,0.0,0.0,0.4,0.4,30,36,35,0.0,0.11,0.11,0.0,0.11,0.0,0.04,0.04,0.0,0.04,1,1,100.0,0.11,0.11,0.0,0.0,22,0,0.03,0.0,0.0,296,439,67.4,4999,2252,157,184,85.3,102,145,70.3,30,78,38.5,1.0,0.6,4,28,12,3,0,2,32,19,14,1.48,11,1,0,0,2,0,1,0,1,0,0,0,0,0,13,7,11,2,0,9,10,90.0,1,12,2,8,21,20,0,537,20,166,241,139,2,537,21,10,47.6,9,42.9,277,1718,975,16,0,14,12,305,0,11,10,0,0,1,0,39,8,11,42.1
Óscar Trejo,ARG,"MF,FW",Rayo Vallecano,La Liga,36,1988,5,2,167,1.9,0,0,0,0,0,0,0,0,0.3,0.3,0.9,1.2,2,14,10,0.0,0.0,0.0,0.0,0.0,0.14,0.49,0.63,0.14,0.63,2,0,0.0,1.08,0.0,0.0,0.0,16,0,0.13,-0.3,-0.3,77,97,79.4,1032,301,45,51,88.2,20,26,76.9,4,6,66.7,0.1,-0.9,4,7,2,0,0,0,2,3,5,2.71,3,0,0,1,1,0,0,0,0,0,0,0,0,0,3,3,0,3,0,3,4,75.0,1,1,0,1,4,2,0,132,2,8,78,48,8,132,10,4,40.0,6,60.0,66,276,79,1,2,11,6,100,0,5,4,1,0,0,0,10,1,4,20.0
Philipp Treu,GER,"MF,DF",St. Pauli,Bundesliga,24,2000,11,11,941,10.5,0,1,1,0,0,0,1,0,0.3,0.3,0.9,1.2,17,42,47,0.0,0.1,0.1,0.0,0.1,0.03,0.09,0.12,0.03,0.12,7,0,0.0,0.67,0.0,0.0,0.0,16,0,0.04,-0.3,-0.3,435,530,82.1,6906,2209,230,252,91.3,171,203,84.2,26,49,53.1,0.8,0.1,8,31,8,4,1,1,28,14,22,2.1,19,2,0,1,0,0,2,0,1,1,0,0,0,0,19,14,12,4,3,9,19,47.4,10,17,2,7,26,18,0,632,22,159,293,187,13,632,12,3,25.0,7,58.3,268,1470,763,17,1,10,7,333,0,9,11,0,0,0,0,44,5,14,26.3
Ryan Trevitt,ENG,MF,Brentford,Premier League,21,2003,1,0,4,0.0,0,0,0,0,0,0,0,0,0.0,0.0,0.0,0.0,0,0,1,0.0,0.0,0.0,0.0,0.0,0.0,0.0,0.0,0.0,0.0,0,0,0.0,0.0,0.0,0.0,0.0,0,0,0.0,0.0,0.0,4,7,57.1,73,23,1,2,50.0,3,3,100.0,0,0,0.0,0.0,0.0,0,1,0,0,0,0,0,1,0,0.0,0,0,0,0,0,0,0,0,0,0,0,0,0,0,1,1,1,0,0,0,0,0.0,0,0,0,0,1,0,0,7,1,2,4,1,0,7,0,0,0.0,0,0.0,4,7,2,0,0,0,0,4,0,0,0,0,0,0,0,2,0,0,0.0
Christopher Trimmel,AUT,"DF,MF",Union Berlin,Bundesliga,37,1987,10,8,722,8.0,0,0,0,0,0,0,3,0,0.2,0.2,0.6,0.8,8,24,23,0.0,0.0,0.0,0.0,0.0,0.02,0.08,0.1,0.02,0.1,7,2,28.6,0.87,0.25,0.0,0.0,22,0,0.03,-0.2,-0.2,213,332,64.2,3996,1936,92,106,86.8,91,140,65.0,29,71,40.8,1.1,-0.6,15,22,8,6,1,1,50,6,23,2.87,15,7,0,1,0,0,0,0,0,0,0,0,0,0,19,14,11,7,1,16,25,64.0,9,5,1,5,24,27,0,407,27,106,183,119,9,407,3,1,33.3,2,66.7,140,607,265,1,1,3,2,183,0,6,3,1,0,0,0,22,9,7,56.3
Kieran Trippier,ENG,DF,Newcastle Utd,Premier League,34,1990,6,3,287,3.2,0,0,0,0,0,0,0,0,0.0,0.0,0.2,0.2,6,21,13,0.0,0.0,0.0,0.0,0.0,0.01,0.06,0.06,0.01,0.06,1,0,0.0,0.31,0.0,0.0,0.0,17,0,0.03,0.0,0.0,211,263,80.2,3724,1260,101,109,92.7,89,106,84.0,19,41,46.3,0.2,-0.2,3,17,2,0,0,0,23,4,13,4.08,7,5,0,1,0,0,0,0,0,0,0,0,0,0,9,4,4,4,1,5,13,38.5,8,2,1,2,11,6,0,281,11,89,110,84,4,281,1,1,100.0,0,0.0,143,504,276,1,3,0,1,164,0,7,2,1,0,0,0,16,7,5,58.3
Leandro Trossard,BEL,FW,Arsenal,Premier League,30,1994,13,9,754,8.4,3,1,4,3,0,0,2,1,2.9,2.9,1.5,4.4,23,38,47,0.36,0.12,0.48,0.36,0.48,0.34,0.18,0.52,0.34,0.52,19,7,36.8,2.27,0.84,0.16,0.43,16,0,0.15,0.1,0.1,178,249,71.5,3289,1069,77,100,77.0,76,96,79.2,20,32,62.5,0.7,-0.5,13,12,17,3,2,2,20,10,26,3.1,25,0,0,0,0,1,2,0,2,0,0,0,0,0,12,9,2,7,3,6,15,40.0,9,10,0,5,17,7,0,339,8,58,106,184,46,339,22,8,36.4,13,59.1,206,1394,615,19,6,13,17,238,1,6,11,1,0,0,0,35,1,11,8.3
Adrien Truffert,FRA,"DF,MF",Rennes,Ligue 1,23,2001,12,10,865,9.6,0,0,0,0,0,0,3,0,0.4,0.4,0.2,0.6,22,40,56,0.0,0.0,0.0,0.0,0.0,0.04,0.02,0.06,0.04,0.06,11,4,36.4,1.14,0.42,0.0,0.0,23,0,0.04,-0.4,-0.4,357,468,76.3,5400,1622,185,212,87.3,141,185,76.2,16,38,42.1,0.4,-0.2,3,22,7,2,0,2,25,12,17,1.77,12,0,0,4,0,1,1,0,1,0,0,0,0,0,22,9,9,8,5,14,20,70.0,6,13,0,8,30,15,0,569,17,118,261,193,15,569,14,6,42.9,7,50.0,300,1566,853,17,3,11,8,357,0,12,5,1,0,0,0,40,11,9,55.0
Kostas Tsimikas,GRE,DF,Liverpool,Premier League,28,1996,6,2,232,2.6,0,0,0,0,0,0,0,0,0.1,0.1,0.5,0.6,5,28,6,0.0,0.0,0.0,0.0,0.0,0.03,0.2,0.23,0.03,0.23,2,1,50.0,0.78,0.39,0.0,0.0,19,0,0.04,-0.1,-0.1,180,209,86.1,3020,1117,87,90,96.7,73,82,89.0,14,28,50.0,0.6,-0.5,3,19,2,0,1,1,13,2,8,3.1,5,3,0,0,0,0,1,0,1,0,0,0,0,0,12,7,8,2,2,6,8,75.0,2,3,1,3,15,6,0,237,10,68,115,55,1,237,2,2,100.0,0,0.0,111,527,321,4,0,1,1,146,0,3,1,0,0,0,0,11,3,3,50.0
Viktor Tsyhankov,UKR,"FW,MF",Girona,La Liga,27,1997,7,6,471,5.2,1,1,2,1,0,0,1,0,0.9,0.9,0.8,1.8,13,23,62,0.19,0.19,0.38,0.19,0.38,0.18,0.16,0.34,0.18,0.34,9,3,33.3,1.72,0.57,0.11,0.33,20,1,0.1,0.1,0.1,188,242,77.7,2842,791,114,130,87.7,51,67,76.1,15,27,55.6,1.4,0.2,7,13,10,2,1,1,26,8,14,2.68,8,5,1,0,0,0,1,0,1,0,0,0,0,0,4,3,0,2,2,2,5,40.0,3,0,0,2,6,2,0,281,3,18,108,157,20,281,8,5,62.5,3,37.5,169,947,469,9,7,8,6,212,0,5,7,1,0,0,0,20,1,7,12.5
Axel Tuanzebe,COD,DF,Ipswich Town,Premier League,27,1997,9,9,770,8.6,0,0,0,0,0,0,3,0,0.2,0.2,0.2,0.4,4,20,3,0.0,0.0,0.0,0.0,0.0,0.02,0.03,0.05,0.02,0.05,3,0,0.0,0.35,0.0,0.0,0.0,11,0,0.06,-0.2,-0.2,291,353,82.4,4443,1682,160,181,88.4,111,136,81.6,14,22,63.6,0.1,-0.2,3,25,0,0,0,1,3,4,6,0.7,5,1,0,0,0,0,0,0,0,0,0,0,0,0,18,11,13,2,3,10,14,71.4,4,7,3,11,29,25,0,426,41,166,200,63,6,426,3,2,66.7,1,33.3,193,814,361,4,1,5,1,230,0,6,4,0,0,0,0,18,9,9,50.0
Beñat Turrientes,ESP,MF,Real Sociedad,La Liga,22,2002,11,6,516,5.7,0,0,0,0,0,0,2,0,0.4,0.4,0.0,0.4,10,26,25,0.0,0.0,0.0,0.0,0.0,0.08,0.0,0.08,0.08,0.08,5,1,20.0,0.87,0.17,0.0,0.0,19,0,0.09,-0.4,-0.4,201,234,85.9,3319,718,105,117,89.7,73,80,91.3,17,28,60.7,0.2,0.0,0,22,1,0,0,2,16,1,3,0.52,3,0,0,0,0,0,0,0,0,0,0,0,0,0,11,3,4,6,1,3,7,42.9,4,11,2,1,12,5,0,290,12,41,172,81,6,290,13,5,38.5,5,38.5,140,858,346,8,1,7,6,197,0,9,9,0,0,0,0,20,7,9,43.8
Tuta,BRA,"DF,MF",Eint Frankfurt,Bundesliga,25,1999,12,12,1034,11.5,1,1,2,1,0,0,4,0,0.4,0.4,0.3,0.7,3,25,3,0.09,0.09,0.17,0.09,0.17,0.04,0.02,0.06,0.04,0.06,7,3,42.9,0.61,0.26,0.14,0.33,15,0,0.06,0.6,0.6,530,587,90.3,9456,3415,221,230,96.1,270,282,95.7,33,61,54.1,0.4,0.7,2,31,6,0,2,0,0,5,16,1.39,14,0,0,2,0,0,1,0,1,0,0,0,0,0,25,15,14,9,2,17,24,70.8,7,22,13,19,44,70,0,761,124,408,318,38,9,761,9,7,77.8,2,22.2,407,1732,724,4,1,10,5,458,0,14,3,0,0,0,0,56,18,17,51.4
Chrisantus Uche,NGA,"FW,MF",Getafe,La Liga,21,2003,15,13,1102,12.2,1,0,1,1,0,0,3,0,2.0,2.0,0.3,2.3,20,19,75,0.08,0.0,0.08,0.08,0.08,0.16,0.02,0.18,0.16,0.18,23,5,21.7,1.88,0.41,0.04,0.2,15,0,0.09,-1.0,-1.0,166,243,68.3,2102,487,111,142,78.2,36,57,63.2,4,12,33.3,0.5,-0.3,9,21,7,2,0,1,11,11,34,2.78,20,0,4,2,8,0,1,0,0,0,0,0,1,0,9,6,2,3,4,1,2,50.0,1,7,1,2,11,6,0,403,6,40,159,212,47,403,43,18,41.9,22,51.2,255,1433,539,15,9,52,34,321,0,25,37,13,0,0,0,46,34,49,41.0
Destiny Udogie,ITA,DF,Tottenham,Premier League,22,2002,13,13,1094,12.2,0,1,1,0,0,0,2,0,0.3,0.3,1.2,1.5,31,75,66,0.0,0.08,0.08,0.0,0.08,0.02,0.1,0.12,0.02,0.12,5,1,20.0,0.41,0.08,0.0,0.0,15,0,0.06,-0.3,-0.3,578,666,86.8,8259,2406,325,354,91.8,220,247,89.1,13,17,76.5,1.0,-0.2,12,52,4,1,0,0,16,23,24,1.97,22,0,0,1,0,1,3,0,2,0,0,0,0,1,34,20,20,8,6,17,26,65.4,9,22,2,14,48,22,1,814,34,197,348,274,34,814,19,7,36.8,11,57.9,440,2366,1282,25,7,18,15,505,0,16,23,1,0,0,0,59,7,11,38.9
Manuel Ugarte Ribeiro,URU,MF,Manchester Utd,Premier League,23,2001,8,3,341,3.8,0,0,0,0,0,0,2,0,0.0,0.0,0.3,0.3,3,12,6,0.0,0.0,0.0,0.0,0.0,0.0,0.07,0.07,0.0,0.07,1,0,0.0,0.26,0.0,0.0,0.0,25,0,0.01,0.0,0.0,160,176,90.9,2725,596,70,79,88.6,81,84,96.4,9,13,69.2,0.1,-0.3,2,17,0,0,0,1,0,0,8,2.12,5,0,0,0,1,2,0,0,0,0,0,0,0,0,19,11,5,12,2,7,15,46.7,8,1,0,5,24,4,1,225,12,61,134,32,2,225,5,2,40.0,1,20.0,135,623,324,4,0,4,6,148,0,13,6,0,0,0,0,26,1,5,16.7
Lesley Ugochukwu,FRA,MF,Southampton,Premier League,20,2004,6,2,211,2.3,0,0,0,0,0,0,1,0,0.2,0.2,0.2,0.4,5,3,1,0.0,0.0,0.0,0.0,0.0,0.09,0.08,0.17,0.09,0.17,1,0,0.0,0.43,0.0,0.0,0.0,7,0,0.21,-0.2,-0.2,81,94,86.2,1122,169,45,46,97.8,30,34,88.2,1,3,33.3,0.1,-0.2,2,4,1,0,0,0,1,4,3,1.28,3,0,0,0,0,0,0,0,0,0,0,0,0,0,5,2,0,4,1,0,6,0.0,6,6,1,2,7,1,0,110,4,28,67,16,2,110,4,3,75.0,1,25.0,57,343,165,1,1,1,1,77,0,4,2,0,0,0,0,11,2,1,66.7
Lukas Ullrich,GER,DF,Gladbach,Bundesliga,20,2004,4,4,291,3.2,0,1,1,0,0,0,1,0,0.2,0.2,0.4,0.5,2,5,10,0.0,0.31,0.31,0.0,0.31,0.05,0.12,0.17,0.05,0.17,3,1,33.3,0.93,0.31,0.0,0.0,16,0,0.06,-0.2,-0.2,73,110,66.4,1178,401,39,47,83.0,31,43,72.1,3,13,23.1,0.4,0.6,2,1,2,1,0,0,8,6,4,1.24,2,0,1,1,0,0,1,0,1,0,0,0,0,0,2,1,1,0,1,1,6,16.7,5,6,2,5,7,11,0,143,17,63,51,31,7,143,2,1,50.0,0,0.0,84,291,147,2,0,3,1,84,0,5,3,0,0,0,0,8,3,3,50.0
Enes Ünal,TUR,"FW,MF",Bournemouth,Premier League,27,1997,10,1,180,2.0,0,1,1,0,0,0,1,0,1.0,1.0,0.2,1.3,4,8,11,0.0,0.5,0.5,0.0,0.5,0.52,0.11,0.63,0.52,0.63,10,2,20.0,5.0,1.0,0.0,0.0,14,1,0.1,-1.0,-1.0,29,48,60.4,353,114,15,20,75.0,11,21,52.4,0,1,0.0,0.1,0.8,3,3,3,0,1,1,2,1,5,2.51,3,0,0,2,0,0,1,0,1,0,0,0,0,0,1,0,0,0,1,0,1,0.0,1,1,0,0,1,3,0,89,4,8,33,48,13,89,8,1,12.5,6,75.0,50,161,71,3,1,7,6,67,0,3,4,1,0,0,0,7,12,9,57.1
Deniz Undav,GER,"FW,MF",Stuttgart,Bundesliga,28,1996,9,8,643,7.1,5,0,5,5,0,0,1,0,4.8,4.8,0.5,5.2,15,31,45,0.7,0.0,0.7,0.7,0.7,0.66,0.07,0.73,0.66,0.73,32,14,43.8,4.48,1.96,0.16,0.36,14,0,0.15,0.2,0.2,150,208,72.1,2398,677,89,113,78.8,47,63,74.6,12,21,57.1,0.5,-0.5,5,13,8,0,0,3,2,8,18,2.52,10,0,0,7,0,1,1,0,0,0,0,1,0,0,4,4,1,1,2,0,5,0.0,5,3,0,3,7,3,0,284,5,24,149,117,32,284,8,4,50.0,3,37.5,171,860,424,9,4,19,14,232,0,7,6,5,0,0,0,17,5,13,27.8
Naci Ünüvar,NED,"MF,DF",Espanyol,La Liga,21,2003,2,0,31,0.3,0,0,0,0,0,0,0,0,0.0,0.0,0.0,0.1,1,1,4,0.0,0.0,0.0,0.0,0.0,0.14,0.09,0.23,0.14,0.23,1,0,0.0,2.9,0.0,0.0,0.0,14,0,0.05,0.0,0.0,13,18,72.2,193,38,7,8,87.5,3,3,100.0,2,4,50.0,0.1,0.0,1,1,1,1,0,0,2,2,2,5.63,1,0,0,0,1,0,0,0,0,0,0,0,0,0,2,2,1,1,0,1,2,50.0,1,0,0,0,2,0,0,23,0,3,8,12,2,23,2,0,0.0,1,50.0,14,68,34,0,0,0,0,15,0,0,1,1,0,0,0,3,0,0,0.0
Dayot Upamecano,FRA,DF,Bayern Munich,Bundesliga,26,1998,12,12,1069,11.9,1,0,1,1,0,0,4,0,0.7,0.7,0.4,1.1,10,79,3,0.08,0.0,0.08,0.08,0.08,0.06,0.03,0.09,0.06,0.09,6,2,33.3,0.51,0.17,0.17,0.5,10,0,0.12,0.3,0.3,1131,1213,93.2,21159,7120,377,402,93.8,668,693,96.4,78,101,77.2,0.7,-0.4,4,101,2,1,0,1,3,4,8,0.67,8,0,0,0,0,0,0,0,0,0,0,0,0,0,17,11,6,9,2,8,17,47.1,9,12,6,17,34,27,0,1316,52,389,877,53,7,1316,2,1,50.0,1,50.0,883,4514,2694,11,0,6,3,1040,0,14,7,0,0,0,0,59,36,32,52.9
Kacper Urbanski,POL,MF,Bologna,Serie A,20,2004,7,1,247,2.7,1,0,1,1,0,0,2,0,0.3,0.3,0.5,0.8,5,15,19,0.36,0.0,0.36,0.36,0.36,0.12,0.17,0.29,0.12,0.29,4,1,25.0,1.46,0.36,0.25,1.0,15,0,0.08,0.7,0.7,106,126,84.1,1689,395,52,60,86.7,44,46,95.7,7,10,70.0,0.3,-0.5,9,14,5,1,1,0,8,4,8,2.91,7,1,0,0,0,0,0,0,0,0,0,0,0,0,5,2,4,0,1,4,6,66.7,2,5,1,2,7,5,0,163,6,23,68,73,10,163,5,3,60.0,2,40.0,107,551,201,2,0,8,3,110,0,5,4,0,0,0,0,16,2,8,20.0
Can Uzun,TUR,"FW,MF",Eint Frankfurt,Bundesliga,19,2005,6,0,96,1.1,1,0,1,1,0,0,0,0,0.8,0.8,0.0,0.8,1,8,4,0.94,0.0,0.94,0.94,0.94,0.71,0.0,0.71,0.71,0.71,2,1,50.0,1.87,0.94,0.5,1.0,8,0,0.38,0.2,0.2,33,39,84.6,518,206,18,20,90.0,11,13,84.6,3,4,75.0,0.0,0.0,0,4,2,0,1,0,1,1,1,0.93,1,0,0,0,0,0,0,0,0,0,0,0,0,0,2,1,1,0,1,1,2,50.0,1,2,0,0,2,1,0,52,1,4,34,14,3,52,2,0,0.0,2,100.0,28,131,67,1,0,2,4,44,0,4,1,0,0,0,0,2,2,0,100.0
Josha Vagnoman,GER,"DF,MF",Stuttgart,Bundesliga,24,2000,11,9,848,9.4,1,0,1,1,0,0,3,0,0.9,0.9,0.7,1.6,11,21,38,0.11,0.0,0.11,0.11,0.11,0.1,0.07,0.17,0.1,0.17,7,2,28.6,0.74,0.21,0.14,0.5,14,0,0.13,0.1,0.1,313,379,82.6,5048,1458,163,182,89.6,123,145,84.8,21,37,56.8,0.6,-0.7,11,11,9,3,1,0,11,5,12,1.27,10,0,1,1,0,0,0,0,0,0,0,0,0,0,8,3,6,2,0,5,11,45.5,6,7,2,6,14,23,0,459,32,144,197,121,16,459,14,3,21.4,9,64.3,191,972,407,8,6,11,6,270,0,7,8,0,0,0,0,45,11,11,50.0
Óscar Valentín,ESP,MF,Rayo Vallecano,La Liga,30,1994,14,11,967,10.7,0,0,0,0,0,0,1,0,0.3,0.3,0.2,0.5,6,51,5,0.0,0.0,0.0,0.0,0.0,0.03,0.02,0.04,0.03,0.04,2,1,50.0,0.19,0.09,0.0,0.0,8,0,0.15,-0.3,-0.3,329,410,80.2,5245,1860,166,192,86.5,133,160,83.1,23,39,59.0,0.4,-0.2,5,40,4,1,0,2,2,6,25,2.33,22,0,1,0,2,0,2,0,2,0,0,0,0,0,27,20,9,10,8,14,26,53.8,12,16,2,12,39,23,0,535,38,148,308,83,9,535,5,3,60.0,1,20.0,248,1055,551,5,1,13,4,276,0,28,20,0,0,0,0,61,18,19,48.6
Germán Valera,ESP,"MF,FW",Valencia,La Liga,22,2002,6,0,78,0.9,0,0,0,0,0,0,0,0,0.1,0.1,0.0,0.1,1,2,6,0.0,0.0,0.0,0.0,0.0,0.1,0.03,0.13,0.1,0.13,2,1,50.0,2.31,1.15,0.0,0.0,18,0,0.04,-0.1,-0.1,20,26,76.9,294,42,11,12,91.7,8,8,100.0,1,5,20.0,0.0,0.0,1,2,0,0,0,0,2,0,4,4.62,3,0,1,0,0,0,0,0,0,0,0,0,0,0,1,1,1,0,0,0,0,0.0,0,0,0,3,4,1,0,40,2,6,21,14,3,40,3,1,33.3,2,66.7,26,188,64,0,0,4,1,27,0,1,2,0,0,0,0,3,1,0,100.0
Emanuele Valeri,ITA,DF,Parma,Serie A,26,1998,11,11,862,9.6,1,2,3,1,0,0,0,0,0.2,0.2,1.0,1.2,16,27,34,0.1,0.21,0.31,0.1,0.31,0.02,0.11,0.12,0.02,0.12,7,2,28.6,0.73,0.21,0.14,0.5,26,0,0.02,0.8,0.8,246,375,65.6,4483,2030,107,139,77.0,105,154,68.2,28,58,48.3,0.8,1.0,8,21,8,4,0,4,33,8,22,2.3,14,4,0,0,2,2,4,0,4,0,0,0,0,0,19,9,13,4,2,14,20,70.0,6,10,3,12,31,25,1,477,35,144,189,148,10,477,18,2,11.1,12,66.7,226,1075,558,8,2,16,3,239,0,8,8,0,0,0,0,31,6,3,66.7
Martin Valjent,SVK,DF,Mallorca,La Liga,29,1995,12,12,1060,11.8,0,0,0,0,0,0,2,0,0.2,0.2,0.0,0.2,7,34,5,0.0,0.0,0.0,0.0,0.0,0.01,0.0,0.01,0.01,0.01,3,1,33.3,0.25,0.08,0.0,0.0,11,0,0.05,-0.2,-0.2,438,512,85.5,8792,3512,149,165,90.3,221,234,94.4,64,100,64.0,0.1,0.0,0,33,0,0,0,2,2,3,8,0.68,7,0,0,1,0,0,0,0,0,0,0,0,0,0,13,7,11,1,1,5,5,100.0,0,11,6,6,19,57,0,609,78,318,275,21,3,609,3,2,66.7,0,0.0,327,2056,1150,2,0,3,0,371,0,5,3,0,0,0,0,37,15,13,53.6
Jesús Vallejo,ESP,DF,Real Madrid,La Liga,27,1997,1,0,11,0.1,0,0,0,0,0,0,0,0,0.0,0.0,0.0,0.0,0,0,0,0.0,0.0,0.0,0.0,0.0,0.0,0.0,0.0,0.0,0.0,0,0,0.0,0.0,0.0,0.0,0.0,0,0,0.0,0.0,0.0,12,14,85.7,221,54,1,1,100.0,11,11,100.0,0,2,0.0,0.0,0.0,0,0,0,0,0,0,0,0,0,0.0,0,0,0,0,0,0,0,0,0,0,0,0,0,0,0,0,0,0,0,0,0,0.0,0,0,0,0,0,2,0,16,3,7,9,0,0,16,0,0,0.0,0,0.0,13,38,16,0,0,0,0,13,0,0,0,0,0,0,0,1,0,1,0.0
Mattia Valoti,ITA,MF,Monza,Serie A,31,1993,4,0,39,0.4,0,0,0,0,0,0,1,0,0.0,0.0,0.0,0.0,0,0,0,0.0,0.0,0.0,0.0,0.0,0.0,0.0,0.0,0.0,0.0,0,0,0.0,0.0,0.0,0.0,0.0,0,0,0.0,0.0,0.0,12,19,63.2,235,60,5,6,83.3,6,11,54.5,1,1,100.0,0.0,0.0,0,0,0,0,0,0,0,0,0,0.0,0,0,0,0,0,0,0,0,0,0,0,0,0,0,2,2,2,0,0,0,2,0.0,2,1,0,0,2,2,0,25,2,11,12,2,0,25,0,0,0.0,0,0.0,7,29,16,0,0,0,1,12,0,1,2,0,0,0,0,3,0,1,0.0
Federico Valverde,URU,"MF,DF",Real Madrid,La Liga,26,1998,14,14,1210,13.4,3,2,5,3,0,0,2,0,0.7,0.7,1.4,2.0,25,89,30,0.22,0.15,0.37,0.22,0.37,0.05,0.1,0.15,0.05,0.15,17,11,64.7,1.26,0.82,0.18,0.27,27,2,0.04,2.3,2.3,795,886,89.7,14211,3954,349,372,93.8,344,369,93.2,79,100,79.0,1.3,0.6,18,87,10,0,1,19,13,11,36,2.68,33,1,0,2,0,0,6,0,5,0,0,1,0,0,22,14,9,11,2,14,20,70.0,6,22,4,25,47,15,0,1017,34,191,590,245,14,1017,13,7,53.8,5,38.5,597,3552,1747,31,2,16,1,750,0,4,8,1,0,0,0,75,12,7,63.2
Ignace Van Der Brempt,BEL,DF,Como,Serie A,22,2002,6,5,464,5.2,0,0,0,0,0,0,1,0,0.2,0.2,0.2,0.3,4,18,15,0.0,0.0,0.0,0.0,0.0,0.03,0.03,0.06,0.03,0.06,3,1,33.3,0.58,0.19,0.0,0.0,12,0,0.06,-0.2,-0.2,241,290,83.1,3718,1077,125,135,92.6,98,118,83.1,9,16,56.3,0.1,-0.2,3,14,3,1,0,0,5,8,8,1.55,7,0,0,0,1,0,1,0,1,0,0,0,0,0,18,13,13,4,1,10,13,76.9,3,4,2,6,24,9,0,342,24,120,151,79,6,342,7,5,71.4,1,14.3,183,830,382,4,1,8,4,199,0,5,5,0,0,0,0,23,4,3,57.1
Virgil Van Dijk,NED,DF,Liverpool,Premier League,33,1991,13,13,1170,13.0,1,1,2,1,0,0,1,0,0.8,0.8,0.3,1.1,2,52,1,0.08,0.08,0.15,0.08,0.15,0.06,0.02,0.09,0.06,0.09,9,3,33.3,0.69,0.23,0.11,0.33,13,1,0.09,0.2,0.2,961,1053,91.3,17049,7484,425,442,96.2,455,475,95.8,72,112,64.3,0.3,0.7,5,75,3,0,0,10,0,3,16,1.23,13,0,0,0,1,2,3,0,3,0,0,0,0,0,8,3,6,1,1,3,6,50.0,3,8,3,25,33,62,2,1173,179,533,596,46,18,1173,2,1,50.0,1,50.0,651,2960,1394,7,0,2,2,815,0,7,4,0,0,0,0,37,43,16,72.9
Vanderson,BRA,DF,Monaco,Ligue 1,23,2001,10,9,755,8.4,1,1,2,1,0,0,5,1,0.5,0.5,1.0,1.6,16,26,39,0.12,0.12,0.24,0.12,0.24,0.07,0.12,0.19,0.07,0.19,6,4,66.7,0.72,0.48,0.17,0.25,17,0,0.09,0.5,0.5,379,492,77.0,6155,2290,211,244,86.5,131,171,76.6,30,51,58.8,1.0,0.0,6,18,7,3,2,5,14,10,14,1.67,10,0,2,0,1,1,3,0,2,0,1,0,0,0,30,17,13,13,4,18,25,72.0,7,15,4,22,52,16,1,611,20,150,324,143,16,611,14,3,21.4,9,64.3,279,1312,622,9,6,15,9,307,1,13,9,0,0,0,0,63,11,9,55.0
Jamie Vardy,ENG,FW,Leicester City,Premier League,37,1987,13,13,1043,11.6,5,2,7,4,1,1,4,0,4.2,3.4,1.4,4.7,13,9,42,0.43,0.17,0.6,0.35,0.52,0.36,0.12,0.48,0.29,0.41,14,6,42.9,1.21,0.52,0.29,0.67,13,0,0.24,0.8,0.6,91,144,63.2,1391,122,46,65,70.8,30,40,75.0,8,9,88.9,1.1,0.6,8,3,5,1,1,0,6,6,21,1.81,14,0,3,1,3,0,7,0,3,0,2,0,2,0,4,4,2,2,0,1,5,20.0,4,3,2,1,5,12,0,215,14,21,102,94,37,214,7,3,42.9,3,42.9,101,484,221,5,6,18,5,135,0,8,6,11,1,0,0,6,22,16,57.9
Ruben Vargas,SUI,MF,Augsburg,Bundesliga,26,1998,5,3,247,2.7,0,0,0,0,0,0,1,0,0.5,0.5,0.7,1.2,9,11,24,0.0,0.0,0.0,0.0,0.0,0.18,0.24,0.42,0.18,0.42,7,1,14.3,2.55,0.36,0.0,0.0,19,0,0.07,-0.5,-0.5,97,118,82.2,1818,348,38,43,88.4,45,58,77.6,11,13,84.6,1.1,-0.7,6,5,5,1,0,1,12,0,16,5.83,8,4,1,2,1,0,0,0,0,0,0,0,0,0,2,1,1,1,0,1,4,25.0,3,1,0,2,4,0,1,151,1,9,61,82,10,151,12,6,50.0,5,41.7,91,594,262,3,1,11,5,114,0,3,3,0,0,0,0,9,3,4,42.9
Johan Vásquez,MEX,DF,Genoa,Serie A,26,1998,14,12,1125,12.5,0,0,0,0,0,0,5,0,0.8,0.8,0.2,1.0,10,32,8,0.0,0.0,0.0,0.0,0.0,0.06,0.01,0.08,0.06,0.08,8,1,12.5,0.64,0.08,0.0,0.0,15,0,0.1,-0.8,-0.8,517,615,84.1,9645,3162,171,197,86.8,290,308,94.2,44,85,51.8,0.2,-0.2,3,30,3,1,0,2,2,5,10,0.8,9,1,0,0,0,0,0,0,0,0,0,0,0,0,15,8,5,8,2,4,13,30.8,9,19,11,18,33,48,1,755,110,373,337,47,15,755,1,0,0.0,1,100.0,364,2138,1134,10,2,12,2,457,0,13,4,0,0,0,0,36,26,26,50.0
Denis Vavro,SVK,DF,Wolfsburg,Bundesliga,28,1996,8,7,631,7.0,0,0,0,0,0,0,0,0,0.4,0.4,0.1,0.6,2,30,0,0.0,0.0,0.0,0.0,0.0,0.06,0.02,0.08,0.06,0.08,4,1,25.0,0.57,0.14,0.0,0.0,19,1,0.11,-0.4,-0.4,379,446,85.0,8519,3148,99,110,90.0,206,219,94.1,71,103,68.9,0.1,-0.1,4,29,2,0,0,7,1,2,12,1.71,8,0,1,3,0,0,2,0,0,0,0,2,0,0,4,3,4,0,0,3,5,60.0,2,10,5,8,12,56,1,542,65,247,278,17,6,542,5,3,60.0,2,40.0,288,1102,507,5,0,4,0,345,0,3,1,0,0,0,0,31,28,11,71.8
José Luis García Vayá,ESP,MF,Valencia,La Liga,26,1998,11,10,871,9.7,1,2,3,0,1,1,5,1,1.0,0.2,1.3,1.4,4,64,4,0.1,0.21,0.31,0.0,0.21,0.1,0.13,0.23,0.02,0.15,6,3,50.0,0.62,0.31,0.0,0.0,28,0,0.03,0.0,-0.2,465,608,76.5,8916,2854,202,225,89.8,197,236,83.5,62,125,49.6,1.2,0.7,16,75,1,0,2,14,54,7,27,2.79,14,12,0,1,0,0,2,0,2,0,0,0,0,0,17,11,7,7,3,4,12,33.3,8,10,3,3,20,15,0,676,24,142,398,144,4,675,2,1,50.0,1,50.0,289,1109,543,5,1,8,7,405,0,13,8,1,0,0,0,51,14,11,56.0
Jesus Vazquez,ESP,DF,Valencia,La Liga,21,2003,8,7,559,6.2,0,0,0,0,0,0,2,0,0.1,0.1,0.2,0.3,21,12,27,0.0,0.0,0.0,0.0,0.0,0.02,0.04,0.06,0.02,0.06,3,1,33.3,0.48,0.16,0.0,0.0,18,0,0.04,-0.1,-0.1,206,274,75.2,2968,791,123,136,90.4,73,96,76.0,7,19,36.8,0.3,-0.2,1,7,2,2,0,0,14,16,5,0.81,4,0,1,0,0,0,1,0,1,0,0,0,0,0,16,13,8,6,2,5,12,41.7,7,11,5,5,21,19,0,365,24,112,139,120,6,365,23,9,39.1,10,43.5,150,985,570,17,3,12,6,169,0,9,7,1,0,0,0,25,4,9,30.8
Lucas Vázquez,ESP,DF,Real Madrid,La Liga,33,1991,11,6,536,6.0,1,1,2,1,0,0,1,0,0.2,0.2,0.8,1.0,5,26,42,0.17,0.17,0.34,0.17,0.34,0.04,0.14,0.18,0.04,0.18,2,1,50.0,0.34,0.17,0.5,1.0,16,0,0.12,0.8,0.8,348,404,86.1,5342,1274,181,198,91.4,140,158,88.6,17,31,54.8,0.7,0.2,8,19,4,0,0,1,18,6,15,2.52,11,2,1,0,0,1,1,0,1,0,0,0,0,0,14,10,9,5,0,8,16,50.0,8,4,0,3,17,4,0,456,11,97,244,115,13,456,8,5,62.5,3,37.5,222,848,373,4,2,8,2,314,0,8,6,0,0,0,0,18,2,5,28.6
Matías Vecino,URU,MF,Lazio,Serie A,33,1991,10,4,486,5.4,1,1,2,1,0,0,2,0,1.2,1.2,1.5,2.6,1,16,7,0.19,0.19,0.37,0.19,0.37,0.22,0.27,0.49,0.22,0.49,11,3,27.3,2.04,0.56,0.09,0.33,11,0,0.11,-0.2,-0.2,187,229,81.7,3225,793,79,100,79.0,89,96,92.7,15,19,78.9,1.6,-0.5,7,19,2,0,2,1,1,5,16,2.96,13,0,0,2,0,1,2,0,2,0,0,0,0,0,8,6,1,6,1,3,13,23.1,10,5,2,5,13,6,0,276,9,53,169,55,18,276,0,0,0.0,0,0.0,142,660,254,6,1,5,6,191,0,11,1,0,0,0,0,18,13,13,50.0
Renato Veiga,POR,"DF,MF",Chelsea,Premier League,21,2003,5,1,168,1.9,0,0,0,0,0,0,2,0,0.2,0.2,0.0,0.2,4,7,2,0.0,0.0,0.0,0.0,0.0,0.08,0.0,0.08,0.08,0.08,3,1,33.3,1.61,0.54,0.0,0.0,17,0,0.05,-0.2,-0.2,111,130,85.4,2038,435,41,47,87.2,53,59,89.8,12,18,66.7,0.2,0.0,0,6,1,0,0,0,0,1,1,0.53,0,0,0,1,0,0,0,0,0,0,0,0,0,0,8,5,5,3,0,4,8,50.0,4,3,1,1,9,2,0,156,2,60,73,26,3,156,5,3,60.0,2,40.0,78,398,132,5,1,1,0,102,0,3,1,1,0,0,0,8,3,2,60.0
Alejo Véliz,ARG,FW,Espanyol,La Liga,21,2003,12,9,711,7.9,1,0,1,1,0,0,2,0,1.7,1.7,0.5,2.3,1,5,16,0.13,0.0,0.13,0.13,0.13,0.21,0.06,0.28,0.21,0.28,13,4,30.8,1.65,0.51,0.08,0.25,11,0,0.13,-0.7,-0.7,77,109,70.6,1124,130,46,57,80.7,21,31,67.7,7,8,87.5,0.0,-0.5,2,7,0,0,0,0,0,2,4,0.49,2,0,0,1,1,0,0,0,0,0,0,0,0,0,1,1,0,1,0,1,5,20.0,4,11,2,2,3,14,0,189,14,21,119,49,15,189,5,1,20.0,3,60.0,68,243,75,3,0,20,4,119,0,10,18,4,0,0,0,11,28,26,51.9
Miloš Veljković,SRB,DF,Werder Bremen,Bundesliga,29,1995,5,4,405,4.5,0,0,0,0,0,0,0,0,0.2,0.2,0.1,0.3,7,32,2,0.0,0.0,0.0,0.0,0.0,0.03,0.03,0.06,0.03,0.06,1,0,0.0,0.22,0.0,0.0,0.0,2,0,0.15,-0.2,-0.2,241,279,86.4,4893,1664,87,91,95.6,111,124,89.5,38,54,70.4,0.3,-0.1,2,28,3,3,0,10,7,5,7,1.56,7,0,0,0,0,0,0,0,0,0,0,0,0,0,2,1,1,0,1,1,5,20.0,4,6,5,1,3,15,0,309,23,123,156,32,3,309,0,0,0.0,0,0.0,212,1013,601,6,0,1,0,225,0,1,3,0,0,0,0,17,6,7,46.2
Joël Veltman,NED,DF,Brighton,Premier League,32,1992,11,11,956,10.6,0,0,0,0,0,0,1,0,0.1,0.1,0.3,0.3,19,34,18,0.0,0.0,0.0,0.0,0.0,0.01,0.02,0.03,0.01,0.03,2,0,0.0,0.19,0.0,0.0,0.0,22,0,0.03,-0.1,-0.1,394,499,79.0,6598,1823,206,230,89.6,146,182,80.2,36,59,61.0,1.1,-0.3,3,29,3,2,1,1,12,18,10,0.94,5,1,1,1,2,0,1,0,0,1,0,0,0,0,22,15,13,7,2,15,34,44.1,19,12,5,11,33,35,0,612,42,216,288,111,7,612,12,2,16.7,5,41.7,282,1405,696,10,3,11,5,336,0,12,27,0,0,0,0,38,9,13,40.9
Micky Van De Ven,NED,DF,Tottenham,Premier League,23,2001,8,8,710,7.9,0,2,2,0,0,0,4,0,0.2,0.2,1.2,1.4,8,42,1,0.0,0.25,0.25,0.0,0.25,0.03,0.15,0.18,0.03,0.18,4,1,25.0,0.51,0.13,0.0,0.0,11,0,0.06,-0.2,-0.2,560,607,92.3,10446,3007,171,185,92.4,350,362,96.7,34,47,72.3,0.7,0.8,2,40,1,0,0,1,0,5,9,1.14,6,0,0,2,1,0,2,0,2,0,0,0,0,0,7,4,3,3,1,5,10,50.0,5,6,4,9,16,24,1,670,72,336,311,31,7,670,6,4,66.7,2,33.3,471,2201,1076,10,1,3,3,489,0,8,6,0,0,0,0,51,16,16,50.0
Nikolas Veratschnig,AUT,"MF,DF",Mainz 05,Bundesliga,21,2003,4,0,7,0.1,0,0,0,0,0,0,0,0,0.0,0.0,0.0,0.0,0,0,2,0.0,0.0,0.0,0.0,0.0,0.0,0.0,0.0,0.0,0.0,0,0,0.0,0.0,0.0,0.0,0.0,0,0,0.0,0.0,0.0,6,7,85.7,90,21,2,3,66.7,4,4,100.0,0,0,0.0,0.0,0.0,0,0,0,0,0,0,1,0,1,12.86,0,1,0,0,0,0,0,0,0,0,0,0,0,0,0,0,0,0,0,0,0,0.0,0,1,0,0,0,0,0,8,0,0,3,5,0,8,0,0,0.0,0,0.0,3,5,0,0,0,0,0,4,0,1,0,0,0,0,0,0,0,0,0.0
Simone Verdi,ITA,"FW,MF",Como,Serie A,32,1992,6,0,100,1.1,0,0,0,0,0,0,1,0,0.1,0.1,0.5,0.6,3,5,12,0.0,0.0,0.0,0.0,0.0,0.1,0.42,0.52,0.1,0.52,2,2,100.0,1.8,1.8,0.0,0.0,26,0,0.06,-0.1,-0.1,28,55,50.9,509,222,15,22,68.2,9,13,69.2,4,14,28.6,0.5,-0.5,5,2,2,2,1,0,13,4,7,6.3,5,2,0,0,0,0,0,0,0,0,0,0,0,0,1,1,0,0,1,0,2,0.0,2,0,0,0,1,2,0,66,2,6,31,30,1,66,2,2,100.0,0,0.0,41,263,149,3,1,0,3,47,0,1,1,0,0,0,0,5,0,0,0.0
Jordan Veretout,FRA,MF,Lyon,Ligue 1,31,1993,9,8,644,7.2,1,0,1,1,0,0,1,0,0.3,0.3,0.4,0.7,18,47,33,0.14,0.0,0.14,0.14,0.14,0.04,0.05,0.1,0.04,0.1,5,2,40.0,0.7,0.28,0.2,0.5,16,0,0.06,0.7,0.7,322,394,81.7,5564,1507,148,171,86.5,137,163,84.0,32,45,71.1,0.5,-0.4,8,41,8,0,1,3,16,7,18,2.52,16,1,0,0,0,1,0,0,0,0,0,0,0,0,10,5,4,5,1,5,16,31.3,11,9,2,1,11,8,0,443,10,70,254,126,8,443,5,4,80.0,1,20.0,209,1019,551,9,2,6,4,303,0,7,3,0,0,0,0,35,3,9,25.0
Arthur Vermeeren,BEL,MF,Rb Leipzig,Bundesliga,19,2005,11,5,513,5.7,0,0,0,0,0,0,4,0,0.2,0.2,0.1,0.4,4,31,10,0.0,0.0,0.0,0.0,0.0,0.04,0.03,0.07,0.04,0.07,1,0,0.0,0.18,0.0,0.0,0.0,15,0,0.23,-0.2,-0.2,282,333,84.7,4281,1248,147,169,87.0,114,130,87.7,12,17,70.6,0.2,-0.1,3,24,2,0,1,1,3,8,12,2.1,11,0,0,0,0,1,0,0,0,0,0,0,0,0,13,10,4,9,0,4,19,21.1,15,12,5,12,25,8,0,388,16,82,232,78,2,388,3,2,66.7,1,33.3,169,634,276,6,1,8,6,259,0,9,0,0,0,0,0,41,2,4,33.3
Yorbe Vertessen,BEL,"MF,FW",Union Berlin,Bundesliga,23,2001,12,6,574,6.4,1,0,1,1,0,0,1,0,0.9,0.9,1.4,2.3,11,13,30,0.16,0.0,0.16,0.16,0.16,0.14,0.22,0.35,0.14,0.35,17,5,29.4,2.67,0.78,0.06,0.2,21,0,0.05,0.1,0.1,101,156,64.7,1587,459,55,74,74.3,32,44,72.7,9,25,36.0,1.7,-1.4,14,5,11,2,1,0,22,6,23,3.59,14,4,3,0,2,0,0,0,0,0,0,0,0,0,6,3,3,2,1,2,6,33.3,4,4,0,3,9,4,0,259,3,30,100,130,18,259,36,14,38.9,19,52.8,143,784,291,9,1,22,13,171,0,9,12,2,0,0,0,24,5,9,35.7
Mikel Vesga,ESP,MF,Athletic Club,La Liga,31,1993,9,4,373,4.1,0,0,0,0,0,0,1,0,0.0,0.0,0.5,0.6,2,25,6,0.0,0.0,0.0,0.0,0.0,0.01,0.12,0.13,0.01,0.13,1,0,0.0,0.24,0.0,0.0,0.0,9,0,0.05,0.0,0.0,167,207,80.7,2953,831,73,85,85.9,74,91,81.3,17,24,70.8,0.3,-0.5,6,18,2,0,1,3,1,2,7,1.69,7,0,0,0,0,0,0,0,0,0,0,0,0,0,8,5,2,6,0,4,12,33.3,8,6,0,6,14,5,0,245,7,50,161,36,3,245,4,2,50.0,2,50.0,111,508,226,2,1,7,4,148,0,6,0,0,0,0,0,31,3,5,37.5
Jannik Vestergaard,DEN,DF,Leicester City,Premier League,32,1992,6,5,475,5.3,0,0,0,0,0,0,1,0,0.0,0.0,0.0,0.0,1,13,1,0.0,0.0,0.0,0.0,0.0,0.0,0.0,0.0,0.0,0.0,1,0,0.0,0.19,0.0,0.0,0.0,12,0,0.01,0.0,0.0,275,307,89.6,4721,1961,117,125,93.6,135,146,92.5,17,28,60.7,0.0,0.0,1,17,0,0,0,0,0,1,1,0.19,1,0,0,0,0,0,0,0,0,0,0,0,0,0,10,3,6,4,0,2,4,50.0,2,4,2,5,15,31,1,356,66,196,156,6,3,356,0,0,0.0,0,0.0,225,811,400,1,0,1,0,250,0,5,2,0,0,0,0,11,13,5,72.2
Ben Viadere,FRA,MF,Auxerre,Ligue 1,19,2005,1,0,5,0.1,0,0,0,0,0,0,0,0,0.0,0.0,0.0,0.0,1,0,1,0.0,0.0,0.0,0.0,0.0,0.0,0.85,0.85,0.0,0.85,0,0,0.0,0.0,0.0,0.0,0.0,0,0,0.0,0.0,0.0,2,6,33.3,37,27,1,1,100.0,0,2,0.0,1,2,50.0,0.1,0.0,1,0,0,0,0,0,4,1,1,18.0,0,1,0,0,0,0,0,0,0,0,0,0,0,0,0,0,0,0,0,0,0,0.0,0,0,0,0,0,0,0,7,0,1,1,6,0,7,2,1,50.0,1,50.0,4,22,17,2,0,0,0,4,0,0,0,0,0,0,0,0,0,1,0.0
Carlos Vicente,ESP,"FW,MF",Alavés,La Liga,25,1999,14,14,1233,13.7,3,0,3,3,0,0,1,0,1.7,1.7,1.8,3.5,37,22,78,0.22,0.0,0.22,0.22,0.22,0.13,0.13,0.26,0.13,0.26,18,8,44.4,1.31,0.58,0.17,0.38,17,1,0.1,1.3,1.3,240,374,64.2,4082,1724,137,169,81.1,64,108,59.3,34,65,52.3,2.2,-1.8,29,11,17,13,1,1,98,18,44,3.21,17,22,1,3,1,0,1,0,1,0,0,0,0,0,13,10,9,2,2,6,10,60.0,4,9,1,4,17,11,0,520,12,81,155,294,38,520,47,13,27.7,31,66.0,259,1696,774,20,8,29,15,271,0,8,21,5,0,0,0,50,13,18,41.9
Pau Victor Delgado,ESP,FW,Barcelona,La Liga,23,2001,11,1,166,1.8,2,1,3,2,0,0,2,0,1.8,1.8,0.4,2.3,1,4,19,1.08,0.54,1.63,1.08,1.63,1.0,0.22,1.22,1.0,1.22,7,4,57.1,3.8,2.17,0.29,0.5,17,0,0.26,0.2,0.2,59,74,79.7,882,128,35,39,89.7,21,28,75.0,3,4,75.0,0.3,0.6,3,4,2,0,0,0,2,2,6,3.23,4,0,1,0,1,0,2,1,1,0,0,0,1,0,1,1,0,1,0,0,3,0.0,3,5,1,2,3,4,0,104,4,10,49,48,10,104,10,7,70.0,3,30.0,58,250,95,1,2,4,7,76,0,5,2,0,0,0,0,13,0,1,0.0
Nacho Vidal,ESP,DF,Osasuna,La Liga,29,1995,4,1,116,1.3,0,0,0,0,0,0,0,0,0.0,0.0,0.0,0.0,2,1,5,0.0,0.0,0.0,0.0,0.0,0.0,0.0,0.0,0.0,0.0,0,0,0.0,0.0,0.0,0.0,0.0,0,0,0.0,0.0,0.0,35,44,79.5,548,238,21,23,91.3,7,9,77.8,6,10,60.0,0.0,0.0,0,1,0,0,0,0,1,1,0,0.0,0,0,0,0,0,0,0,0,0,0,0,0,0,0,2,0,0,1,1,1,3,33.3,2,1,0,0,2,3,0,56,5,18,21,18,0,56,2,2,100.0,0,0.0,21,89,48,3,0,1,2,30,0,2,1,0,0,0,0,5,2,1,66.7
Gabriel Vidovic,CRO,MF,Mainz 05,Bundesliga,21,2003,1,0,4,0.0,0,0,0,0,0,0,0,0,0.1,0.1,0.0,0.1,0,0,2,0.0,0.0,0.0,0.0,0.0,1.17,0.0,1.17,1.17,1.17,1,0,0.0,22.5,0.0,0.0,0.0,13,0,0.05,-0.1,-0.1,6,6,100.0,113,0,2,2,100.0,4,4,100.0,0,0,0.0,0.0,0.0,0,0,0,0,0,0,0,0,0,0.0,0,0,0,0,0,0,0,0,0,0,0,0,0,0,0,0,0,0,0,0,0,0.0,0,0,0,0,0,0,0,8,0,0,4,4,1,8,0,0,0.0,0,0.0,3,13,5,0,0,1,0,5,0,0,1,0,0,0,0,0,0,0,0.0
Samuele Vignato,ITA,MF,Monza,Serie A,20,2004,7,2,228,2.5,0,0,0,0,0,0,0,0,0.2,0.2,0.0,0.2,2,6,15,0.0,0.0,0.0,0.0,0.0,0.07,0.01,0.08,0.07,0.08,3,0,0.0,1.18,0.0,0.0,0.0,13,0,0.06,-0.2,-0.2,55,81,67.9,752,141,37,46,80.4,15,24,62.5,1,5,20.0,0.2,0.0,1,4,2,0,1,0,8,4,2,0.79,2,0,0,0,0,0,0,0,0,0,0,0,0,0,4,2,0,2,2,3,5,60.0,2,0,0,0,4,4,0,114,4,16,58,42,4,114,9,2,22.2,7,77.8,63,337,110,5,0,6,5,82,0,2,2,0,0,0,0,7,2,6,25.0
Asier Villalibre,ESP,FW,Alavés,La Liga,27,1997,7,2,213,2.4,1,0,1,0,1,1,0,0,1.4,0.6,0.0,0.6,2,4,11,0.42,0.0,0.42,0.0,0.0,0.57,0.0,0.57,0.24,0.24,5,1,20.0,2.11,0.42,0.0,0.0,16,0,0.11,-0.4,-0.6,27,39,69.2,379,76,19,23,82.6,6,11,54.5,2,2,100.0,0.1,0.0,0,1,2,0,0,0,0,1,5,2.1,3,0,0,0,2,0,0,0,0,0,0,0,0,0,0,0,0,0,0,0,0,0.0,0,1,0,1,1,4,0,61,4,4,31,26,11,60,2,0,0.0,1,50.0,33,178,62,1,1,5,2,46,0,5,6,0,0,0,0,2,9,3,75.0
Nicolas Viola,ITA,"MF,FW",Cagliari,Serie A,35,1989,10,5,434,4.8,1,0,1,1,0,0,1,0,0.5,0.5,0.8,1.3,12,24,37,0.21,0.0,0.21,0.21,0.21,0.11,0.16,0.26,0.11,0.26,10,5,50.0,2.07,1.04,0.1,0.2,23,2,0.05,0.5,0.5,120,186,64.5,2186,887,67,80,83.8,28,51,54.9,23,41,56.1,1.1,-0.8,11,17,5,1,1,0,39,7,29,6.01,15,8,2,2,2,0,2,0,1,0,0,0,1,0,5,5,1,4,0,0,4,0.0,4,1,0,2,7,2,0,243,4,21,119,110,11,243,17,5,29.4,10,58.8,129,743,369,9,2,11,6,155,0,7,15,4,0,0,0,23,5,8,38.5
Viti,ESP,DF,Las Palmas,La Liga,27,1997,14,9,859,9.5,0,1,1,0,0,0,3,0,0.0,0.0,0.7,0.7,17,20,29,0.0,0.1,0.1,0.0,0.1,0.0,0.07,0.07,0.0,0.07,0,0,0.0,0.0,0.0,0.0,0.0,0,0,0.0,0.0,0.0,342,420,81.4,5620,2008,167,183,91.3,146,181,80.7,20,32,62.5,0.9,0.3,6,18,8,5,1,1,22,10,12,1.26,10,1,1,0,0,0,1,0,1,0,0,0,0,0,32,23,18,11,3,11,16,68.8,5,14,3,16,48,26,0,535,24,189,254,98,10,535,6,2,33.3,2,33.3,226,1530,657,5,1,17,2,259,0,19,13,0,0,0,0,35,10,7,58.8
Mattia Viti,ITA,DF,Empoli,Serie A,22,2002,14,14,1260,14.0,0,0,0,0,0,0,0,0,0.5,0.5,0.0,0.6,8,38,4,0.0,0.0,0.0,0.0,0.0,0.04,0.0,0.04,0.04,0.04,9,1,11.1,0.64,0.07,0.0,0.0,13,0,0.06,-0.5,-0.5,449,542,82.8,8130,3017,172,189,91.0,210,234,89.7,50,92,54.3,0.1,0.0,1,37,0,0,1,4,0,7,9,0.64,5,1,0,2,0,1,0,0,0,0,0,0,0,0,36,24,26,9,1,19,25,76.0,6,26,14,24,60,59,2,720,158,419,283,26,10,720,4,2,50.0,2,50.0,306,1674,903,4,0,12,11,361,0,11,12,0,0,0,0,49,23,19,54.8
Vitinha,POR,FW,Genoa,Serie A,24,2000,9,6,523,5.8,0,1,1,0,0,0,0,0,0.7,0.7,0.8,1.5,11,8,33,0.0,0.17,0.17,0.0,0.17,0.11,0.14,0.25,0.11,0.25,16,2,12.5,2.75,0.34,0.0,0.0,21,1,0.04,-0.7,-0.7,61,102,59.8,1081,228,28,38,73.7,27,36,75.0,5,11,45.5,0.2,0.2,2,5,3,1,1,1,12,7,14,2.41,9,1,2,0,2,0,1,0,1,0,0,0,0,0,10,4,4,3,3,4,15,26.7,11,5,1,4,14,6,0,199,7,27,85,96,18,199,27,11,40.7,15,55.6,110,777,393,9,5,21,16,127,0,3,12,6,0,0,0,18,9,12,42.9
Vitinha,POR,MF,Paris S-G,Ligue 1,24,2000,10,8,764,8.5,2,0,2,1,1,1,0,0,1.7,0.9,1.3,2.2,15,84,27,0.24,0.0,0.24,0.12,0.12,0.19,0.16,0.35,0.1,0.26,8,4,50.0,0.94,0.47,0.13,0.25,25,0,0.11,0.3,0.1,836,906,92.3,14060,3314,429,450,95.3,303,319,95.0,84,98,85.7,1.8,-1.3,13,94,12,1,5,7,6,10,32,3.77,29,1,1,1,0,0,3,0,1,1,1,0,0,0,17,9,6,10,1,11,19,57.9,8,7,2,3,20,6,1,970,15,117,583,275,13,969,12,6,50.0,4,33.3,657,3046,1371,23,2,13,7,826,0,1,5,0,0,0,0,46,0,1,0.0
Daniel Vivian,ESP,DF,Athletic Club,La Liga,25,1999,12,10,955,10.6,2,0,2,2,0,0,1,0,0.8,0.8,0.0,0.8,12,68,5,0.19,0.0,0.19,0.19,0.19,0.07,0.0,0.08,0.07,0.08,8,3,37.5,0.75,0.28,0.25,0.67,14,0,0.1,1.2,1.2,553,635,87.1,10885,4145,169,184,91.8,320,346,92.5,60,94,63.8,0.2,0.0,1,56,1,0,1,4,2,5,12,1.13,12,0,0,0,0,0,1,0,1,0,0,0,0,0,14,11,8,6,0,11,14,78.6,3,9,3,12,26,51,0,748,64,321,402,30,14,748,8,6,75.0,2,25.0,418,2228,1459,5,0,9,4,481,0,10,7,1,0,0,0,65,17,17,50.0
Dušan Vlahović,SRB,FW,Juventus,Serie A,24,2000,12,12,975,10.8,6,0,6,3,3,3,1,0,8.1,5.7,0.4,6.1,7,9,44,0.55,0.0,0.55,0.28,0.28,0.75,0.04,0.78,0.53,0.57,40,13,32.5,3.69,1.2,0.08,0.23,15,5,0.14,-2.1,-2.7,108,157,68.8,1586,188,62,77,80.5,39,56,69.6,4,6,66.7,0.4,-0.4,5,5,3,0,2,1,3,5,18,1.66,12,0,2,2,2,0,0,0,0,0,0,0,0,0,1,1,0,0,1,0,0,0.0,0,4,3,1,2,7,1,249,10,15,104,131,57,246,9,2,22.2,6,66.7,128,498,150,3,6,25,6,181,0,12,7,6,0,0,0,12,15,17,46.9
Vanja Vlahović,SRB,"MF,FW",Atalanta,Serie A,20,2004,2,0,25,0.3,0,0,0,0,0,0,0,0,0.0,0.0,0.0,0.0,0,0,2,0.0,0.0,0.0,0.0,0.0,0.0,0.0,0.0,0.0,0.0,0,0,0.0,0.0,0.0,0.0,0.0,0,0,0.0,0.0,0.0,1,3,33.3,14,0,1,3,33.3,0,0,0.0,0,0,0.0,0.0,0.0,0,0,0,0,0,0,0,0,1,3.6,0,0,0,0,1,0,1,3,0,0,0,0,1,0,0,0,0,0,0,0,0,0.0,0,0,0,0,0,0,0,6,0,0,2,4,2,6,1,0,0.0,0,0.0,6,20,11,0,0,2,0,5,0,0,3,0,1,0,0,0,0,3,0.0
Nikola Vlašić,CRO,"MF,FW",Torino,Serie A,27,1997,9,5,484,5.4,1,2,3,0,1,1,0,0,1.1,0.3,0.2,0.5,7,18,24,0.19,0.37,0.56,0.0,0.37,0.2,0.04,0.25,0.06,0.1,7,1,14.3,1.3,0.19,0.0,0.0,26,0,0.04,-0.1,-0.3,140,182,76.9,2064,529,75,89,84.3,52,70,74.3,6,11,54.5,0.2,1.8,3,9,1,0,0,0,7,4,11,2.05,8,0,1,0,1,1,2,0,2,0,0,0,0,0,18,12,6,8,4,6,11,54.5,5,6,2,4,22,3,0,232,4,26,110,98,9,231,10,5,50.0,5,50.0,136,659,273,8,0,11,8,163,0,7,7,1,0,0,0,21,4,6,40.0
Alessandro Vogliacco,ITA,DF,Genoa,Serie A,26,1998,11,7,670,7.4,2,0,2,2,0,0,2,0,1.3,1.3,0.0,1.4,8,25,2,0.27,0.0,0.27,0.27,0.27,0.18,0.0,0.18,0.18,0.18,5,2,40.0,0.67,0.27,0.4,1.0,10,0,0.27,0.7,0.7,241,305,79.0,4861,1986,91,101,90.1,110,131,84.0,35,60,58.3,0.2,0.0,1,35,4,3,0,4,10,6,6,0.81,4,0,0,2,0,0,0,0,0,0,0,0,0,0,12,3,5,7,0,7,8,87.5,1,11,7,9,21,19,0,365,35,157,176,32,5,365,0,0,0.0,0,0.0,192,1049,616,8,1,2,1,236,0,10,2,0,0,1,0,18,9,8,52.9
Kevin Vogt,GER,DF,Union Berlin,Bundesliga,33,1991,12,12,1030,11.4,1,0,1,0,1,1,4,0,0.8,0.0,0.0,0.0,2,39,0,0.09,0.0,0.09,0.0,0.0,0.07,0.0,0.07,0.0,0.0,0,0,0.0,0.0,0.0,0.0,0.0,0,0,0.0,0.2,0.0,551,639,86.2,11198,5105,163,173,94.2,298,326,91.4,79,125,63.2,0.2,0.0,0,38,5,0,0,2,0,1,8,0.7,6,2,0,0,0,0,0,0,0,0,0,0,0,0,6,3,4,2,0,5,8,62.5,3,12,6,6,12,52,0,729,114,407,324,6,1,728,2,2,100.0,0,0.0,366,1478,716,2,1,3,1,419,0,6,4,0,0,1,0,67,10,10,50.0
Mërgim Vojvoda,KVX,DF,Torino,Serie A,29,1995,12,8,711,7.9,0,0,0,0,0,0,3,0,0.1,0.1,0.3,0.4,8,35,22,0.0,0.0,0.0,0.0,0.0,0.01,0.04,0.05,0.01,0.05,3,0,0.0,0.38,0.0,0.0,0.0,23,0,0.04,-0.1,-0.1,399,479,83.3,7363,2227,158,181,87.3,191,219,87.2,44,61,72.1,0.7,-0.3,6,27,10,6,2,5,23,8,14,1.77,13,1,0,0,0,0,0,0,0,0,0,0,0,0,12,6,5,5,2,6,13,46.2,7,10,3,5,17,17,1,540,30,174,280,88,3,540,8,5,62.5,2,25.0,332,1627,789,9,0,7,6,375,0,9,2,1,0,0,0,29,7,8,46.7
Kevin Volland,GER,MF,Union Berlin,Bundesliga,32,1992,1,0,6,0.1,0,0,0,0,0,0,0,0,0.0,0.0,0.0,0.0,0,0,0,0.0,0.0,0.0,0.0,0.0,0.0,0.0,0.0,0.0,0.0,0,0,0.0,0.0,0.0,0.0,0.0,0,0,0.0,0.0,0.0,1,2,50.0,6,0,1,1,100.0,0,1,0.0,0,0,0.0,0.0,0.0,0,0,0,0,0,0,0,0,0,0.0,0,0,0,0,0,0,0,0,0,0,0,0,0,0,0,0,0,0,0,0,0,0.0,0,0,0,0,0,1,0,3,0,1,0,2,1,3,0,0,0.0,0,0.0,1,0,0,0,0,0,0,2,0,0,0,0,0,0,0,0,1,0,100.0
Aster Vranckx,BEL,MF,Wolfsburg,Bundesliga,22,2002,4,1,128,1.4,0,0,0,0,0,0,1,0,0.0,0.0,0.0,0.0,2,5,1,0.0,0.0,0.0,0.0,0.0,0.0,0.03,0.03,0.0,0.03,0,0,0.0,0.0,0.0,0.0,0.0,0,0,0.0,0.0,0.0,30,35,85.7,492,150,14,14,100.0,13,15,86.7,2,4,50.0,0.1,0.0,1,2,0,0,0,0,1,1,3,2.09,3,0,0,0,0,0,1,0,1,0,0,0,0,0,3,2,1,2,0,1,1,100.0,0,2,1,3,6,4,0,64,12,21,32,11,3,64,3,2,66.7,1,33.3,21,111,52,0,0,6,1,24,0,3,5,0,0,0,0,8,2,6,25.0
Stefan De Vrij,NED,DF,Inter,Serie A,32,1992,9,4,517,5.7,1,0,1,1,0,0,0,0,0.3,0.3,0.0,0.3,6,32,1,0.17,0.0,0.17,0.17,0.17,0.05,0.0,0.05,0.05,0.05,5,1,20.0,0.87,0.17,0.2,1.0,11,0,0.06,0.7,0.7,444,470,94.5,8267,2743,143,152,94.1,275,286,96.2,25,31,80.6,0.1,0.0,0,35,0,0,1,1,0,0,7,1.22,5,0,0,2,0,0,2,0,2,0,0,0,0,0,7,4,4,2,1,3,5,60.0,2,5,3,3,10,18,0,520,33,174,322,27,7,520,3,1,33.3,2,66.7,334,1883,1062,5,0,0,0,408,0,1,0,0,0,0,0,14,15,13,53.6
Ibrahima Wadji,SEN,"MF,FW",Saint-Étienne,Ligue 1,29,1995,4,0,104,1.2,0,0,0,0,0,0,0,0,0.2,0.2,0.0,0.2,3,0,7,0.0,0.0,0.0,0.0,0.0,0.18,0.01,0.19,0.18,0.19,4,0,0.0,3.46,0.0,0.0,0.0,16,0,0.05,-0.2,-0.2,12,17,70.6,154,7,7,8,87.5,5,7,71.4,0,0,0.0,0.0,0.0,1,0,0,0,0,0,1,1,5,4.33,3,0,1,1,0,0,0,0,0,0,0,0,0,0,4,4,1,2,1,3,7,42.9,4,0,0,0,4,0,0,33,0,5,13,15,5,33,4,3,75.0,1,25.0,20,162,72,2,1,7,4,22,0,3,0,3,0,0,0,2,2,3,40.0
Robert Wagner,GER,MF,St. Pauli,Bundesliga,21,2003,8,5,364,4.0,0,0,0,0,0,0,1,0,0.1,0.1,0.0,0.1,1,8,9,0.0,0.0,0.0,0.0,0.0,0.03,0.0,0.03,0.03,0.03,2,0,0.0,0.49,0.0,0.0,0.0,15,0,0.05,-0.1,-0.1,90,120,75.0,1303,403,52,62,83.9,29,38,76.3,6,12,50.0,0.1,0.0,0,6,0,0,0,1,2,3,3,0.74,3,0,0,0,0,0,0,0,0,0,0,0,0,0,7,2,1,6,0,3,10,30.0,7,6,0,1,8,9,0,162,6,32,97,34,3,162,2,1,50.0,1,50.0,52,198,70,2,0,3,6,85,0,5,5,0,0,0,0,19,4,5,44.4
Elye Wahi,FRA,FW,Marseille,Ligue 1,21,2003,11,7,520,5.8,2,1,3,1,1,1,1,0,4.9,4.2,0.4,4.6,6,7,36,0.35,0.17,0.52,0.17,0.35,0.86,0.07,0.93,0.72,0.79,13,7,53.8,2.25,1.21,0.08,0.14,12,0,0.32,-2.9,-3.2,80,102,78.4,1045,158,54,61,88.5,19,22,86.4,3,4,75.0,0.2,0.6,6,7,0,0,0,1,2,6,15,2.59,11,0,2,2,0,0,4,0,3,0,1,0,0,0,0,0,0,0,0,0,3,0.0,3,1,0,1,1,0,0,147,0,8,81,59,27,146,10,2,20.0,8,80.0,93,397,158,0,4,13,9,113,0,16,8,10,0,0,0,7,4,12,25.0
Hauke Wahl,GER,DF,St. Pauli,Bundesliga,30,1994,12,12,1080,12.0,0,0,0,0,0,0,0,0,0.3,0.3,0.3,0.6,9,50,5,0.0,0.0,0.0,0.0,0.0,0.03,0.03,0.05,0.03,0.05,2,1,50.0,0.17,0.08,0.0,0.0,6,0,0.16,-0.3,-0.3,545,644,84.6,9470,3039,211,241,87.6,296,328,90.2,29,59,49.2,0.7,-0.3,4,46,3,1,0,0,5,5,12,1.0,9,0,0,1,1,1,0,0,0,0,0,0,0,0,15,10,9,5,1,8,10,80.0,2,10,5,10,25,47,3,745,74,315,406,28,9,745,5,4,80.0,1,20.0,364,2149,1272,3,0,2,2,481,0,2,6,1,0,0,0,32,12,19,38.7
Kyle Walker,ENG,DF,Manchester City,Premier League,34,1990,9,7,649,7.2,0,0,0,0,0,0,1,0,0.1,0.1,0.4,0.6,10,47,9,0.0,0.0,0.0,0.0,0.0,0.02,0.06,0.08,0.02,0.08,5,2,40.0,0.69,0.28,0.0,0.0,27,0,0.03,-0.1,-0.1,502,570,88.1,8106,2548,255,269,94.8,210,232,90.5,28,50,56.0,1.3,-0.4,7,43,7,4,2,5,12,4,15,2.08,15,0,0,0,0,0,0,0,0,0,0,0,0,0,13,7,5,5,3,11,19,57.9,8,8,2,3,16,7,1,619,16,125,308,192,5,619,4,2,50.0,1,25.0,344,1564,816,11,0,9,2,431,0,4,5,1,0,0,0,36,8,5,61.5
Kyle Walker-Peters,ENG,DF,Southampton,Premier League,27,1997,11,11,980,10.9,0,1,1,0,0,0,3,0,0.2,0.2,0.9,1.1,41,46,29,0.0,0.09,0.09,0.0,0.09,0.02,0.08,0.1,0.02,0.1,8,3,37.5,0.73,0.28,0.0,0.0,19,0,0.03,-0.2,-0.2,628,692,90.8,9642,2717,331,352,94.0,262,287,91.3,24,29,82.8,0.5,0.1,7,51,8,1,1,0,16,8,18,1.65,9,1,2,3,2,1,2,0,2,0,0,0,0,0,17,12,10,5,2,8,17,47.1,9,14,6,8,25,28,0,807,61,273,370,169,16,807,36,13,36.1,17,47.2,527,3248,1766,17,10,4,17,595,0,10,21,1,0,0,0,38,4,8,33.3
Sebastian Walukiewicz,POL,DF,Torino,Serie A,24,2000,10,8,711,7.9,0,0,0,0,0,0,4,0,0.2,0.2,0.2,0.4,13,51,14,0.0,0.0,0.0,0.0,0.0,0.03,0.03,0.06,0.03,0.06,4,0,0.0,0.51,0.0,0.0,0.0,19,0,0.06,-0.2,-0.2,380,458,83.0,6515,1981,171,186,91.9,171,199,85.9,32,55,58.2,0.2,-0.2,1,35,5,0,0,1,6,5,7,0.89,6,0,0,1,0,0,1,0,1,0,0,0,0,0,10,6,6,3,1,6,11,54.5,5,11,2,11,21,29,0,531,36,165,292,80,3,531,6,3,50.0,3,50.0,270,1378,817,6,0,2,1,373,0,12,3,0,0,0,0,21,13,15,46.4
Sebastian Walukiewicz,POL,DF,Empoli,Serie A,24,2000,2,2,180,2.0,0,0,0,0,0,0,0,0,0.0,0.0,0.1,0.1,2,8,3,0.0,0.0,0.0,0.0,0.0,0.0,0.04,0.04,0.0,0.04,0,0,0.0,0.0,0.0,0.0,0.0,0,0,0.0,0.0,0.0,48,62,77.4,874,473,21,26,80.8,18,21,85.7,7,11,63.6,0.0,-0.1,1,6,1,0,0,1,2,0,4,2.0,4,0,0,0,0,0,0,0,0,0,0,0,0,0,1,0,1,0,0,0,1,0.0,1,3,3,1,2,15,0,83,16,37,38,9,0,83,0,0,0.0,0,0.0,32,279,157,0,0,2,0,33,0,4,0,0,0,0,0,6,5,3,62.5
Aaron Wan-Bissaka,ENG,DF,West Ham,Premier League,27,1997,13,12,1085,12.1,2,0,2,2,0,0,0,0,0.6,0.6,0.3,1.0,37,60,50,0.17,0.0,0.17,0.17,0.17,0.05,0.03,0.08,0.05,0.08,7,3,42.9,0.58,0.25,0.29,0.67,16,0,0.09,1.4,1.4,480,593,80.9,6827,2444,311,346,89.9,144,180,80.0,18,39,46.2,0.8,-0.3,9,37,11,2,3,1,22,13,38,3.15,29,2,3,2,0,2,3,0,2,0,0,1,0,0,25,18,12,11,2,10,13,76.9,3,11,3,22,47,41,0,744,59,225,307,228,18,744,45,22,48.9,16,35.6,341,2413,1399,19,5,12,11,416,0,10,6,1,0,0,0,60,7,10,41.2
Paul Wanner,GER,"MF,FW",Heidenheim,Bundesliga,19,2005,12,11,855,9.5,2,1,3,1,1,1,1,0,2.3,1.5,1.0,2.5,14,23,24,0.21,0.11,0.32,0.11,0.21,0.24,0.1,0.35,0.16,0.26,9,1,11.1,0.95,0.11,0.11,1.0,15,1,0.17,-0.3,-0.5,224,308,72.7,3394,851,120,144,83.3,72,97,74.2,19,39,48.7,0.9,0.0,12,19,7,2,4,1,26,7,24,2.53,12,7,1,2,2,0,3,0,3,0,0,0,0,0,21,12,9,12,0,8,17,47.1,9,5,0,1,22,7,0,414,6,64,207,154,19,413,36,15,41.7,21,58.3,219,1256,581,18,2,24,17,249,0,10,5,1,0,0,0,40,5,10,33.3
James Ward-Prowse,ENG,MF,West Ham,Premier League,30,1994,1,0,18,0.2,0,0,0,0,0,0,0,0,0.0,0.0,0.0,0.0,1,4,0,0.0,0.0,0.0,0.0,0.0,0.0,0.0,0.0,0.0,0.0,0,0,0.0,0.0,0.0,0.0,0.0,0,0,0.0,0.0,0.0,11,15,73.3,150,61,6,6,100.0,4,5,80.0,0,3,0.0,0.0,0.0,0,2,0,0,0,0,3,0,0,0.0,0,0,0,0,0,0,0,0,0,0,0,0,0,0,1,0,1,0,0,1,1,100.0,0,1,0,0,1,0,0,16,0,3,11,2,0,16,0,0,0.0,0,0.0,6,38,30,0,0,0,0,8,0,0,0,0,0,0,0,0,0,0,0.0
James Ward-Prowse,ENG,MF,Nott'Ham Forest,Premier League,30,1994,6,5,379,4.2,0,0,0,0,0,0,2,1,0.1,0.1,0.1,0.2,1,16,2,0.0,0.0,0.0,0.0,0.0,0.01,0.03,0.05,0.01,0.05,2,1,50.0,0.47,0.24,0.0,0.0,29,1,0.03,-0.1,-0.1,142,178,79.8,2249,762,81,87,93.1,51,58,87.9,8,23,34.8,0.4,-0.1,3,16,2,0,0,1,19,1,9,2.14,5,4,0,0,0,0,1,0,0,1,0,0,0,0,4,1,1,3,0,2,2,100.0,0,3,2,5,9,6,0,199,11,46,112,44,0,199,0,0,0.0,0,0.0,90,363,128,3,0,3,3,113,1,5,2,0,0,0,0,18,3,4,42.9
Kjell-Arik Wätjen,GER,MF,Dortmund,Bundesliga,18,2006,1,0,1,0.0,0,0,0,0,0,0,0,0,0.0,0.0,0.0,0.0,0,0,0,0.0,0.0,0.0,0.0,0.0,0.0,0.0,0.0,0.0,0.0,0,0,0.0,0.0,0.0,0.0,0.0,0,0,0.0,0.0,0.0,0,0,0.0,0,0,0,0,0.0,0,0,0.0,0,0,0.0,0.0,0.0,0,0,0,0,0,0,0,0,0,0.0,0,0,0,0,0,0,0,0,0,0,0,0,0,0,0,0,0,0,0,0,0,0.0,0,0,0,0,0,2,0,2,2,2,0,0,0,2,0,0,0.0,0,0.0,0,0,0,0,0,0,0,0,0,0,0,0,0,0,0,0,0,0,0.0
Ollie Watkins,ENG,FW,Aston Villa,Premier League,29,1995,13,13,1012,11.2,6,2,8,6,0,0,0,0,7.1,7.1,1.1,8.2,19,8,64,0.53,0.18,0.71,0.53,0.71,0.63,0.1,0.73,0.63,0.73,33,15,45.5,2.93,1.33,0.18,0.4,11,0,0.22,-1.1,-1.1,98,131,74.8,1100,176,62,79,78.5,23,25,92.0,1,2,50.0,0.6,0.9,9,3,2,0,0,0,3,5,22,1.96,12,0,3,4,3,0,3,0,1,0,1,1,0,0,3,2,0,2,1,0,4,0.0,4,7,1,2,5,3,0,241,4,10,82,151,66,241,22,4,18.2,16,72.7,157,736,339,11,15,27,21,204,0,14,15,2,0,0,0,10,16,16,50.0
Timothy Weah,USA,FW,Juventus,Serie A,24,2000,10,6,547,6.1,4,1,5,4,0,0,0,0,2.6,2.6,0.8,3.4,19,12,52,0.66,0.16,0.82,0.66,0.82,0.43,0.13,0.56,0.43,0.56,8,4,50.0,1.32,0.66,0.5,1.0,14,0,0.33,1.4,1.4,159,193,82.4,2519,371,79,87,90.8,72,82,87.8,7,15,46.7,0.6,0.2,8,6,8,3,2,0,14,6,13,2.14,12,0,1,0,0,0,1,0,1,0,0,0,0,0,7,4,2,3,2,1,3,33.3,2,6,0,4,11,5,0,243,8,26,92,127,14,243,14,6,42.9,6,42.9,178,1133,510,9,7,6,8,192,0,5,4,2,0,0,0,15,3,10,23.1
Adam Webster,ENG,DF,Brighton,Premier League,29,1995,3,2,79,0.9,0,0,0,0,0,0,0,0,0.0,0.0,0.0,0.0,0,10,1,0.0,0.0,0.0,0.0,0.0,0.0,0.0,0.0,0.0,0.0,0,0,0.0,0.0,0.0,0.0,0.0,0,0,0.0,0.0,0.0,69,78,88.5,1289,639,23,25,92.0,39,42,92.9,5,6,83.3,0.0,0.0,0,9,0,0,0,0,1,2,1,1.14,1,0,0,0,0,0,0,0,0,0,0,0,0,0,0,0,0,0,0,0,2,0.0,2,4,3,1,1,3,1,86,8,41,42,3,1,86,0,0,0.0,0,0.0,59,377,231,0,0,0,0,70,0,1,0,0,0,0,0,1,1,1,50.0
Julian Weigl,GER,MF,Gladbach,Bundesliga,29,1995,12,12,1032,11.5,0,0,0,0,0,0,4,0,0.5,0.5,0.3,0.8,4,42,3,0.0,0.0,0.0,0.0,0.0,0.04,0.03,0.07,0.04,0.07,12,4,33.3,1.05,0.35,0.0,0.0,23,0,0.04,-0.5,-0.5,620,700,88.6,10876,3429,270,287,94.1,276,306,90.2,58,73,79.5,1.2,-0.3,8,50,10,1,2,1,5,10,26,2.27,21,0,0,4,1,0,2,0,2,0,0,0,0,0,21,6,15,4,2,12,15,80.0,3,16,8,25,46,25,0,822,42,267,467,92,7,822,1,1,100.0,0,0.0,444,1629,773,8,1,7,5,561,0,11,11,0,0,1,0,57,13,9,59.1
Nelson Weiper,GER,"MF,FW",Mainz 05,Bundesliga,19,2005,5,0,43,0.5,0,0,0,0,0,0,0,0,0.0,0.0,0.2,0.2,1,0,6,0.0,0.0,0.0,0.0,0.0,0.0,0.47,0.47,0.0,0.47,0,0,0.0,0.0,0.0,0.0,0.0,0,0,0.0,0.0,0.0,10,17,58.8,146,21,7,11,63.6,2,3,66.7,1,1,100.0,0.0,-0.2,1,1,0,0,0,0,1,1,0,0.0,0,0,0,0,0,0,0,0,0,0,0,0,0,0,1,1,1,0,0,0,0,0.0,0,1,0,0,1,0,0,24,0,3,11,10,2,24,2,1,50.0,1,50.0,11,57,28,0,0,2,1,12,0,1,1,1,0,0,0,3,2,6,25.0
Mitchell Weiser,GER,"DF,MF",Werder Bremen,Bundesliga,30,1994,11,11,981,10.9,1,4,5,1,0,0,4,1,2.2,2.2,1.5,3.7,26,40,76,0.09,0.37,0.46,0.09,0.46,0.2,0.14,0.34,0.2,0.34,19,8,42.1,1.74,0.73,0.05,0.13,13,0,0.12,-1.2,-1.2,351,476,73.7,5078,1957,214,244,87.7,97,148,65.5,20,38,52.6,1.7,2.5,17,24,12,2,5,3,20,11,34,3.12,27,1,1,3,0,2,6,0,5,0,0,1,0,0,18,11,4,12,2,9,15,60.0,6,9,0,4,22,20,1,608,21,111,270,233,48,608,32,11,34.4,17,53.1,343,1583,776,17,5,27,16,402,1,8,13,0,0,0,0,38,13,15,46.4
Noah Weißhaupt,GER,FW,Freiburg,Bundesliga,23,2001,3,0,80,0.9,0,0,0,0,0,0,0,0,0.0,0.0,0.0,0.0,8,6,10,0.0,0.0,0.0,0.0,0.0,0.05,0.0,0.05,0.05,0.05,1,0,0.0,1.13,0.0,0.0,0.0,8,0,0.04,0.0,0.0,37,50,74.0,540,95,21,22,95.5,11,15,73.3,3,8,37.5,0.1,0.0,0,2,2,1,0,0,8,3,4,4.5,3,0,1,0,0,0,0,0,0,0,0,0,0,0,0,0,0,0,0,0,1,0.0,1,0,0,0,0,1,0,59,1,4,18,37,5,59,4,1,25.0,2,50.0,49,362,210,7,4,3,0,52,0,1,6,0,0,0,0,3,0,0,0.0
Danny Welbeck,ENG,FW,Brighton,Premier League,34,1990,13,13,1092,12.1,6,2,8,6,0,0,1,0,5.3,5.3,0.5,5.8,9,28,45,0.49,0.16,0.66,0.49,0.66,0.44,0.04,0.48,0.44,0.48,33,12,36.4,2.72,0.99,0.18,0.5,15,6,0.16,0.7,0.7,208,250,83.2,2526,522,130,155,83.9,49,57,86.0,7,7,100.0,0.4,1.5,12,11,8,0,0,0,2,7,28,2.31,19,0,3,1,5,0,4,0,4,0,0,0,0,0,11,6,3,7,1,3,10,30.0,7,11,1,4,15,8,0,380,9,32,179,172,50,380,21,6,28.6,13,61.9,218,1053,446,14,4,24,18,281,0,7,12,2,0,0,0,21,11,11,50.0
Timo Werner,GER,"FW,MF",Tottenham,Premier League,28,1996,10,3,337,3.7,0,3,3,0,0,0,0,0,0.9,0.9,1.6,2.5,30,19,61,0.0,0.8,0.8,0.0,0.8,0.25,0.42,0.68,0.25,0.68,7,3,42.9,1.87,0.8,0.0,0.0,19,0,0.14,-0.9,-0.9,104,155,67.1,1590,397,50,61,82.0,41,59,69.5,6,14,42.9,1.0,1.4,5,1,11,1,1,1,17,8,9,2.39,7,0,0,1,1,0,3,0,3,0,0,0,0,0,2,2,1,1,0,1,6,16.7,5,10,1,1,3,3,0,197,2,13,48,141,27,197,13,6,46.2,6,46.2,141,1206,761,18,16,10,6,154,0,2,4,1,0,0,0,12,0,1,0.0
Adam Wharton,ENG,MF,Crystal Palace,Premier League,20,2004,8,8,622,6.9,0,0,0,0,0,0,0,0,0.2,0.2,0.6,0.8,6,61,6,0.0,0.0,0.0,0.0,0.0,0.03,0.09,0.12,0.03,0.12,9,5,55.6,1.3,0.72,0.0,0.0,25,0,0.03,-0.2,-0.2,285,362,78.7,5362,1871,108,125,86.4,138,160,86.3,34,59,57.6,0.6,-0.6,8,39,11,2,2,1,16,6,26,3.77,20,4,0,1,0,1,1,0,1,0,0,0,0,0,18,10,9,9,0,9,26,34.6,17,5,0,10,28,13,0,434,13,96,232,109,6,434,7,1,14.3,6,85.7,225,961,504,10,2,5,10,268,0,5,12,0,0,0,0,51,5,11,31.3
Ben White,ENG,DF,Arsenal,Premier League,27,1997,9,7,695,7.7,0,1,1,0,0,0,2,0,0.1,0.1,0.4,0.6,4,30,15,0.0,0.13,0.13,0.0,0.13,0.02,0.06,0.07,0.02,0.07,4,1,25.0,0.52,0.13,0.0,0.0,23,0,0.03,-0.1,-0.1,294,352,83.5,4830,1659,150,164,91.5,123,142,86.6,14,32,43.8,0.4,0.6,3,27,6,1,1,5,7,2,8,1.04,8,0,0,0,0,0,1,0,1,0,0,0,0,0,10,6,8,1,1,9,21,42.9,12,6,5,11,21,23,0,419,37,137,191,93,7,419,2,0,0.0,1,50.0,193,672,332,7,1,7,3,245,0,7,3,1,0,0,0,20,10,3,76.9
Silvan Widmer,SUI,DF,Mainz 05,Bundesliga,31,1993,10,1,154,1.7,0,1,1,0,0,0,3,0,0.0,0.0,0.4,0.4,0,6,9,0.0,0.58,0.58,0.0,0.58,0.0,0.22,0.22,0.0,0.22,0,0,0.0,0.0,0.0,0.0,0.0,0,0,0.0,0.0,0.0,72,93,77.4,1303,428,38,42,90.5,23,35,65.7,10,13,76.9,0.3,0.6,2,5,3,1,0,0,3,1,4,2.32,4,0,0,0,0,0,1,0,1,0,0,0,0,0,4,2,1,2,1,2,3,66.7,1,1,0,2,6,8,0,118,7,28,51,39,1,118,1,0,0.0,1,100.0,55,219,48,2,0,4,1,66,0,1,0,1,0,0,0,2,3,5,37.5
Mats Wieffer,NED,MF,Brighton,Premier League,25,1999,9,2,283,3.1,0,1,1,0,0,0,1,0,0.2,0.2,0.1,0.4,4,20,5,0.0,0.32,0.32,0.0,0.32,0.08,0.04,0.12,0.08,0.12,3,1,33.3,0.95,0.32,0.0,0.0,9,0,0.08,-0.2,-0.2,172,208,82.7,2826,802,82,91,90.1,78,92,84.8,8,13,61.5,0.1,0.9,4,15,0,0,0,1,1,6,8,2.54,8,0,0,0,0,0,1,0,1,0,0,0,0,0,12,6,2,8,2,3,8,37.5,5,8,1,3,15,9,2,260,17,69,146,47,5,260,6,2,33.3,4,66.7,139,610,274,6,0,3,5,164,0,8,3,0,0,0,0,23,11,6,64.7
Mateusz Wieteska,POL,DF,Cagliari,Serie A,27,1997,2,1,107,1.2,0,0,0,0,0,0,0,0,0.2,0.2,0.0,0.2,0,4,0,0.0,0.0,0.0,0.0,0.0,0.18,0.0,0.18,0.18,0.18,1,0,0.0,0.84,0.0,0.0,0.0,8,0,0.21,-0.2,-0.2,54,61,88.5,1185,537,7,9,77.8,41,43,95.3,5,8,62.5,0.0,0.0,0,3,1,0,0,0,0,0,1,0.83,0,0,0,0,0,1,0,0,0,0,0,0,0,0,1,0,0,1,0,1,1,100.0,0,2,1,6,7,4,0,74,11,46,28,1,1,74,0,0,0.0,0,0.0,48,317,165,0,0,1,0,50,0,0,0,0,0,0,0,4,0,3,0.0
Caleb Wiley,USA,"DF,MF",Strasbourg,Ligue 1,20,2004,6,3,266,3.0,0,1,1,0,0,0,1,0,0.0,0.0,0.7,0.7,3,7,9,0.0,0.34,0.34,0.0,0.34,0.01,0.23,0.24,0.01,0.24,1,0,0.0,0.34,0.0,0.0,0.0,27,0,0.03,0.0,0.0,97,123,78.9,1476,602,56,65,86.2,32,37,86.5,5,11,45.5,0.3,0.3,2,2,3,2,1,2,7,4,4,1.35,3,0,0,0,1,0,1,0,1,0,0,0,0,0,1,0,0,1,0,0,1,0.0,1,3,1,4,5,5,0,149,7,56,59,35,4,149,1,0,0.0,1,100.0,70,337,144,2,0,7,4,90,0,2,2,0,0,0,0,17,0,4,0.0
Iñaki Williams,GHA,FW,Athletic Club,La Liga,30,1994,14,13,1113,12.4,3,4,7,3,0,0,0,0,3.5,3.5,3.9,7.4,34,27,114,0.24,0.32,0.57,0.24,0.57,0.28,0.32,0.6,0.28,0.6,21,7,33.3,1.7,0.57,0.14,0.43,16,0,0.16,-0.5,-0.5,192,308,62.3,2843,713,111,152,73.0,69,105,65.7,9,23,39.1,2.1,0.1,13,13,18,5,3,1,36,15,34,2.75,24,1,2,4,1,2,7,0,5,0,1,1,0,0,8,3,2,5,1,6,12,50.0,6,10,1,7,15,11,0,438,11,39,153,253,49,438,49,19,38.8,25,51.0,275,1699,834,15,16,27,17,353,0,12,20,7,1,0,0,33,17,12,58.6
Neco Williams,WAL,DF,Nott'Ham Forest,Premier League,23,2001,11,4,468,5.2,0,0,0,0,0,0,3,0,0.6,0.6,0.3,1.0,15,15,20,0.0,0.0,0.0,0.0,0.0,0.12,0.06,0.19,0.12,0.19,10,3,30.0,1.92,0.58,0.0,0.0,19,1,0.06,-0.6,-0.6,136,189,72.0,2214,845,77,87,88.5,45,64,70.3,11,21,52.4,0.3,-0.3,5,7,7,3,0,0,14,11,13,2.49,11,0,0,1,1,0,0,0,0,0,0,0,0,0,17,10,15,2,0,7,13,53.8,6,10,1,4,21,20,0,261,25,96,85,87,11,261,9,3,33.3,3,33.3,117,696,381,4,3,2,7,129,0,5,6,0,0,0,0,19,10,1,90.9
Nico Williams,ESP,FW,Athletic Club,La Liga,22,2002,13,11,953,10.6,1,3,4,1,0,0,1,0,1.9,1.9,2.2,4.1,70,36,127,0.09,0.28,0.38,0.09,0.38,0.18,0.21,0.39,0.18,0.39,25,7,28.0,2.36,0.66,0.04,0.14,18,1,0.08,-0.9,-0.9,239,342,69.9,3713,952,132,162,81.5,84,106,79.2,16,42,38.1,2.8,0.8,23,11,17,5,0,1,58,18,59,5.57,37,6,11,2,1,2,8,0,7,0,0,0,1,0,21,12,7,9,5,8,17,47.1,9,8,0,3,24,5,0,507,3,43,145,329,53,507,87,34,39.1,46,52.9,328,2720,1546,31,32,30,19,362,0,8,14,6,0,0,0,40,5,6,45.5
Joe Willock,ENG,"MF,FW",Newcastle Utd,Premier League,25,1999,11,5,448,5.0,0,1,1,0,0,0,2,0,0.5,0.5,1.1,1.6,16,20,38,0.0,0.2,0.2,0.0,0.2,0.1,0.23,0.33,0.1,0.33,8,1,12.5,1.61,0.2,0.0,0.0,16,0,0.06,-0.5,-0.5,123,153,80.4,1772,410,75,84,89.3,43,53,81.1,4,9,44.4,0.5,-0.1,11,13,2,0,0,2,8,3,21,4.23,19,0,1,1,0,0,2,0,2,0,0,0,0,0,11,7,4,5,2,7,12,58.3,5,11,1,2,13,4,0,227,6,29,92,109,23,227,14,5,35.7,7,50.0,147,897,396,12,6,17,11,166,0,8,7,2,0,0,0,16,1,6,14.3
Callum Wilson,ENG,FW,Newcastle Utd,Premier League,32,1992,2,0,39,0.4,0,0,0,0,0,0,1,0,0.0,0.0,0.0,0.0,0,0,1,0.0,0.0,0.0,0.0,0.0,0.0,0.0,0.0,0.0,0.0,0,0,0.0,0.0,0.0,0.0,0.0,0,0,0.0,0.0,0.0,4,5,80.0,44,0,1,1,100.0,2,2,100.0,0,0,0.0,0.0,0.0,0,0,0,0,0,0,0,1,0,0.0,0,0,0,0,0,0,0,0,0,0,0,0,0,0,1,1,0,1,0,0,0,0.0,0,0,0,0,1,0,0,8,0,0,8,0,0,8,0,0,0.0,0,0.0,9,37,6,0,0,1,4,7,0,0,0,0,0,0,0,2,0,2,0.0
Harry Wilson,WAL,"FW,MF",Fulham,Premier League,27,1997,9,0,141,1.6,3,0,3,3,0,0,2,0,0.7,0.7,0.0,0.7,4,10,21,1.91,0.0,1.91,1.91,1.91,0.47,0.0,0.47,0.47,0.47,5,3,60.0,3.19,1.91,0.6,1.0,13,0,0.15,2.3,2.3,59,80,73.8,895,212,34,39,87.2,21,25,84.0,3,11,27.3,0.1,0.0,0,6,2,0,1,1,6,2,2,1.28,1,1,0,0,0,0,0,0,0,0,0,0,0,0,3,2,2,1,0,1,2,50.0,1,2,0,1,4,1,0,102,1,11,36,58,15,102,3,1,33.3,1,33.3,57,372,157,5,5,7,1,62,0,3,3,0,0,0,0,11,1,2,33.3
Patrick Wimmer,AUT,"FW,MF",Wolfsburg,Bundesliga,23,2001,9,7,529,5.9,0,2,2,0,0,0,3,1,1.2,1.2,0.9,2.1,7,24,21,0.0,0.34,0.34,0.0,0.34,0.21,0.16,0.36,0.21,0.36,9,2,22.2,1.53,0.34,0.0,0.0,17,0,0.13,-1.2,-1.2,79,134,59.0,1285,545,41,60,68.3,23,38,60.5,9,16,56.3,0.7,1.1,8,9,7,1,1,0,8,11,19,3.23,12,3,1,0,2,1,5,0,3,0,0,0,1,1,8,5,3,4,1,4,10,40.0,6,8,0,8,16,3,0,200,2,26,88,91,19,200,15,8,53.3,7,46.7,100,544,275,7,3,17,9,113,0,12,11,4,0,0,0,27,13,24,35.1
Jonas Wind,DEN,"MF,FW",Wolfsburg,Bundesliga,25,1999,10,5,481,5.3,3,1,4,3,0,1,1,0,2.1,1.2,1.2,2.4,5,26,13,0.56,0.19,0.75,0.56,0.75,0.4,0.22,0.62,0.22,0.45,9,4,44.4,1.68,0.75,0.33,0.75,16,0,0.13,0.9,1.8,98,140,70.0,1362,514,56,75,74.7,34,45,75.6,3,8,37.5,0.7,-0.2,9,13,6,0,1,0,2,1,19,3.55,16,0,0,2,1,0,3,0,2,0,0,1,0,0,2,2,0,2,0,1,1,100.0,0,3,1,1,3,4,0,178,4,19,97,65,13,177,6,3,50.0,3,50.0,91,356,110,3,4,9,6,135,0,3,11,0,0,0,0,18,27,23,54.0
Harry Winks,ENG,MF,Leicester City,Premier League,28,1996,11,10,865,9.6,0,2,2,0,0,0,3,0,0.2,0.2,1.0,1.2,12,59,8,0.0,0.21,0.21,0.0,0.21,0.02,0.11,0.12,0.02,0.12,7,2,28.6,0.73,0.21,0.0,0.0,29,0,0.02,-0.2,-0.2,483,559,86.4,7607,3072,244,263,92.8,191,211,90.5,29,51,56.9,1.2,1.0,13,60,3,2,0,2,25,6,26,2.71,19,7,0,0,0,0,3,0,2,1,0,0,0,0,12,7,6,4,2,5,13,38.5,8,10,4,4,16,14,0,619,24,154,376,98,1,619,4,1,25.0,3,75.0,372,1739,841,4,0,7,5,428,0,5,7,0,0,0,0,56,4,6,40.0
Florian Wirtz,GER,MF,Leverkusen,Bundesliga,21,2003,12,10,944,10.5,4,4,8,3,1,2,1,0,3.3,1.6,3.1,4.8,66,73,142,0.38,0.38,0.76,0.29,0.67,0.32,0.3,0.62,0.15,0.45,33,16,48.5,3.15,1.53,0.09,0.19,19,0,0.05,0.7,1.4,649,806,80.5,8443,2211,441,491,89.8,149,209,71.3,31,50,62.0,4.5,0.9,28,36,32,4,7,6,36,21,74,7.05,58,5,8,2,1,0,8,0,6,0,0,2,0,0,13,8,5,6,2,5,11,45.5,6,13,1,7,20,1,0,948,3,46,337,580,63,946,71,38,53.5,30,42.3,540,3531,1835,37,26,21,20,751,0,11,12,3,0,0,0,49,3,10,23.1
Yoane Wissa,COD,FW,Brentford,Premier League,28,1996,10,9,726,8.1,8,1,9,8,0,0,1,0,6.1,6.1,0.5,6.5,10,17,41,0.99,0.12,1.12,0.99,1.12,0.75,0.06,0.81,0.75,0.81,19,11,57.9,2.36,1.36,0.42,0.73,12,0,0.32,1.9,1.9,148,184,80.4,2177,521,96,111,86.5,39,50,78.0,10,16,62.5,0.4,0.5,6,16,1,0,2,0,5,3,19,2.36,16,0,1,0,2,0,5,0,5,0,0,0,0,0,2,1,0,0,2,0,4,0.0,4,4,1,3,5,3,0,252,5,32,117,108,34,252,11,5,45.5,4,36.4,156,921,361,4,4,20,6,196,0,6,18,2,0,0,0,22,9,5,64.3
Dani De Wit,NED,"MF,FW",Bochum,Bundesliga,26,1998,10,8,661,7.3,2,0,2,2,0,0,1,0,1.3,1.3,0.2,1.5,2,13,14,0.27,0.0,0.27,0.27,0.27,0.17,0.03,0.2,0.17,0.2,10,3,30.0,1.36,0.41,0.2,0.67,11,0,0.13,0.7,0.7,159,212,75.0,2275,601,86,108,79.6,49,61,80.3,9,15,60.0,0.3,-0.2,4,13,3,2,1,0,5,3,8,1.09,6,1,0,1,0,0,1,0,0,0,0,1,0,0,14,9,6,7,1,8,15,53.3,7,9,3,6,20,13,1,284,15,61,166,57,14,284,3,1,33.3,2,66.7,121,384,159,4,0,5,2,155,0,14,4,4,0,0,0,20,18,24,42.9
Axel Witsel,BEL,DF,Atlético Madrid,La Liga,35,1989,9,7,620,6.9,0,1,1,0,0,0,0,0,0.0,0.0,0.5,0.6,2,16,1,0.0,0.15,0.15,0.0,0.15,0.0,0.08,0.08,0.0,0.08,1,0,0.0,0.15,0.0,0.0,0.0,10,0,0.03,0.0,0.0,379,418,90.7,6905,2640,140,151,92.7,211,229,92.1,26,32,81.3,0.6,0.5,2,15,0,0,0,2,0,1,3,0.44,2,0,1,0,0,0,2,0,1,0,1,0,0,0,10,9,2,7,1,8,10,80.0,2,9,5,6,16,24,1,485,56,240,232,14,4,485,1,1,100.0,0,0.0,300,1586,884,1,0,6,0,314,0,3,2,1,0,0,0,25,20,11,64.5
Maximilian Wittek,GER,DF,Bochum,Bundesliga,29,1995,12,12,1006,11.2,0,0,0,0,0,0,3,0,0.5,0.5,2.3,2.8,15,47,27,0.0,0.0,0.0,0.0,0.0,0.04,0.21,0.25,0.04,0.25,19,4,21.1,1.7,0.36,0.0,0.0,27,4,0.03,-0.5,-0.5,382,554,69.0,7256,3500,150,177,84.7,175,229,76.4,50,119,42.0,2.3,-2.3,23,35,12,5,3,5,57,12,41,3.67,26,11,1,3,0,0,3,0,2,0,0,1,0,0,18,14,8,8,2,14,21,66.7,7,22,5,14,32,30,1,684,41,204,322,162,9,684,9,3,33.3,4,44.4,275,1204,554,12,3,15,3,311,0,15,13,0,0,0,0,40,8,11,42.1
Marius Wolf,GER,DF,Augsburg,Bundesliga,29,1995,12,10,770,8.6,1,1,2,1,0,0,1,0,0.5,0.5,1.1,1.6,14,36,32,0.12,0.12,0.23,0.12,0.23,0.06,0.13,0.19,0.06,0.19,6,2,33.3,0.7,0.23,0.17,0.5,13,0,0.08,0.5,0.5,257,381,67.5,4454,2121,119,144,82.6,101,142,71.1,30,65,46.2,1.2,-0.1,17,24,7,4,1,1,41,18,33,3.85,22,8,1,0,2,0,4,0,2,1,1,0,0,0,12,6,5,4,3,7,17,41.2,10,15,3,7,19,21,0,469,22,117,177,179,16,469,10,4,40.0,4,40.0,177,795,448,10,3,11,6,236,0,6,7,0,0,0,0,29,5,3,62.5
Nick Woltemade,GER,"FW,MF",Stuttgart,Bundesliga,22,2002,7,1,146,1.6,1,0,1,1,0,0,0,0,0.5,0.5,0.1,0.6,0,10,24,0.62,0.0,0.62,0.62,0.62,0.28,0.08,0.36,0.28,0.36,4,2,50.0,2.47,1.23,0.25,0.5,11,0,0.12,0.5,0.5,38,58,65.5,586,143,22,29,75.9,11,14,78.6,3,4,75.0,0.1,-0.1,3,8,2,0,0,0,3,2,7,4.29,5,0,1,1,0,0,0,0,0,0,0,0,0,0,1,1,0,1,0,0,0,0.0,0,2,0,0,1,1,0,91,2,12,35,45,20,91,5,1,20.0,4,80.0,53,160,49,1,1,14,4,67,0,0,1,0,0,0,0,5,5,4,55.6
Jeong Woo-Yeong,KOR,"MF,FW",Union Berlin,Bundesliga,25,1999,11,7,587,6.5,2,0,2,2,0,0,2,0,1.7,1.7,0.4,2.1,9,30,47,0.31,0.0,0.31,0.31,0.31,0.27,0.06,0.32,0.27,0.32,14,4,28.6,2.15,0.61,0.14,0.5,19,1,0.12,0.3,0.3,200,253,79.1,2534,731,139,151,92.1,44,65,67.7,6,13,46.2,0.8,-0.4,7,12,10,2,0,0,19,8,24,3.68,18,2,1,3,0,0,2,0,0,1,1,0,0,0,2,1,1,1,0,0,2,0.0,2,3,1,5,7,1,0,307,4,32,120,161,18,307,12,8,66.7,4,33.3,180,867,387,10,1,14,5,217,0,8,5,3,0,0,0,29,5,12,29.4
Chris Wood,NZL,FW,Nott'Ham Forest,Premier League,33,1991,13,12,1007,11.2,9,0,9,7,2,2,1,0,5.3,3.7,1.0,4.7,8,10,31,0.8,0.0,0.8,0.63,0.63,0.47,0.09,0.56,0.33,0.42,20,13,65.0,1.79,1.16,0.35,0.54,14,0,0.19,3.7,3.3,111,176,63.1,1492,334,71,98,72.4,25,42,59.5,7,11,63.6,0.2,-1.0,6,6,3,1,0,1,1,4,12,1.07,9,0,0,2,0,1,0,0,0,0,0,0,0,0,1,1,0,0,1,1,5,20.0,4,2,2,2,3,8,0,269,12,27,137,106,36,267,4,1,25.0,2,50.0,138,546,209,4,3,29,6,207,0,7,8,12,0,0,0,15,34,45,43.0
Christopher Wooh,CMR,DF,Rennes,Ligue 1,23,2001,10,10,855,9.5,0,0,0,0,0,0,2,0,0.5,0.5,0.0,0.5,6,34,0,0.0,0.0,0.0,0.0,0.0,0.06,0.0,0.06,0.06,0.06,4,1,25.0,0.42,0.11,0.0,0.0,8,0,0.13,-0.5,-0.5,449,512,87.7,8859,3619,132,146,90.4,277,297,93.3,38,63,60.3,0.2,0.0,0,32,2,0,0,1,0,4,6,0.63,2,1,0,1,2,0,0,0,0,0,0,0,0,0,26,12,15,9,2,14,19,73.7,5,17,7,11,37,34,0,607,71,273,322,17,6,607,5,3,60.0,1,20.0,347,1742,1063,2,0,5,2,414,0,16,5,0,0,0,1,29,22,10,68.8
Luke Woolfenden,ENG,DF,Ipswich Town,Premier League,26,1998,5,4,378,4.2,0,0,0,0,0,0,1,0,0.0,0.0,0.0,0.0,3,9,0,0.0,0.0,0.0,0.0,0.0,0.01,0.0,0.01,0.01,0.01,1,0,0.0,0.24,0.0,0.0,0.0,12,0,0.03,0.0,0.0,190,216,88.0,3281,1162,82,86,95.3,95,100,95.0,11,25,44.0,0.0,0.0,0,12,0,0,0,2,0,0,0,0.0,0,0,0,0,0,0,0,0,0,0,0,0,0,0,1,1,1,0,0,0,2,0.0,2,8,3,8,9,22,0,261,59,149,106,6,2,261,0,0,0.0,0,0.0,158,746,399,3,0,1,0,174,0,2,1,0,0,0,0,12,5,5,50.0
Granit Xhaka,SUI,MF,Leverkusen,Bundesliga,32,1992,12,12,1080,12.0,2,4,6,2,0,0,1,0,0.5,0.5,2.0,2.5,15,147,30,0.17,0.33,0.5,0.17,0.5,0.04,0.17,0.21,0.04,0.21,11,3,27.3,0.92,0.25,0.18,0.67,25,0,0.04,1.5,1.5,1026,1136,90.3,16615,4763,549,579,94.8,381,414,92.0,73,102,71.6,2.1,2.0,27,164,15,1,5,7,13,6,58,4.83,57,1,0,0,0,0,9,0,8,1,0,0,0,0,14,8,3,10,1,6,12,50.0,6,11,4,3,17,11,0,1216,21,155,743,322,9,1216,8,2,25.0,6,75.0,709,2705,1418,25,0,7,3,976,0,10,9,0,0,0,0,58,11,9,55.0
Lamine Yamal,ESP,FW,Barcelona,La Liga,17,2007,14,12,1110,12.3,5,8,13,5,0,0,1,0,4.4,4.4,6.1,10.6,68,67,169,0.41,0.65,1.05,0.41,1.05,0.36,0.5,0.86,0.36,0.86,49,18,36.7,3.97,1.46,0.1,0.28,19,0,0.09,0.6,0.6,390,517,75.4,5734,1783,231,274,84.3,130,168,77.4,21,33,63.6,3.4,1.9,28,31,36,7,9,2,32,27,73,5.92,47,0,10,7,7,2,16,1,11,0,2,1,2,0,20,14,2,9,9,5,12,41.7,7,7,0,8,28,2,0,721,5,49,245,436,88,721,102,40,39.2,50,49.0,503,3560,1908,34,36,31,20,585,0,10,28,6,2,0,0,49,0,1,0.0
Yehor Yarmoliuk,UKR,MF,Brentford,Premier League,20,2004,9,1,170,1.9,0,0,0,0,0,0,1,0,0.2,0.2,0.1,0.3,1,6,11,0.0,0.0,0.0,0.0,0.0,0.12,0.05,0.17,0.12,0.17,3,1,33.3,1.59,0.53,0.0,0.0,18,0,0.07,-0.2,-0.2,106,132,80.3,1594,328,58,72,80.6,41,48,85.4,4,6,66.7,0.1,-0.1,2,8,1,1,1,0,5,2,4,2.13,4,0,0,0,0,0,2,1,2,0,0,0,0,0,4,3,1,2,1,1,7,14.3,6,7,3,5,9,4,0,171,14,49,80,46,3,171,5,2,40.0,3,60.0,86,458,147,5,1,8,5,99,0,2,0,0,0,0,0,20,3,1,75.0
Ryan Yates,ENG,MF,Nott'Ham Forest,Premier League,27,1997,13,9,989,11.0,1,0,1,1,0,0,4,0,1.6,1.6,0.7,2.3,11,28,10,0.09,0.0,0.09,0.09,0.09,0.15,0.06,0.21,0.15,0.21,21,5,23.8,1.91,0.46,0.05,0.2,17,0,0.08,-0.6,-0.6,350,420,83.3,5028,1048,190,213,89.2,121,136,89.0,17,30,56.7,0.3,-0.7,11,27,3,0,0,0,2,10,23,2.09,15,0,0,6,1,1,1,0,0,0,0,1,0,0,21,12,13,6,2,7,14,50.0,7,12,1,14,35,28,1,567,38,138,270,164,28,567,12,6,50.0,4,33.3,265,1234,549,13,1,12,12,329,0,21,28,5,0,0,0,48,24,17,58.5
John Yeboah,ECU,"MF,FW",Venezia,Serie A,24,2000,10,1,224,2.5,0,1,1,0,0,0,2,0,0.2,0.2,0.4,0.6,13,7,16,0.0,0.4,0.4,0.0,0.4,0.08,0.15,0.23,0.08,0.23,4,2,50.0,1.61,0.8,0.0,0.0,18,0,0.05,-0.2,-0.2,57,76,75.0,791,174,37,41,90.2,15,19,78.9,3,6,50.0,0.4,0.6,1,4,2,0,0,0,6,3,3,1.21,3,0,0,0,0,0,1,0,1,0,0,0,0,0,3,3,1,1,1,0,6,0.0,6,2,0,2,5,0,0,104,0,10,42,55,7,104,13,6,46.2,3,23.1,77,606,327,6,6,9,3,86,0,2,5,1,0,0,0,12,2,3,40.0
Bertuğ Yıldırım,TUR,FW,Getafe,La Liga,22,2002,11,9,735,8.2,1,0,1,1,0,0,5,0,2.1,2.1,0.8,2.9,4,8,31,0.12,0.0,0.12,0.12,0.12,0.25,0.1,0.35,0.25,0.35,15,5,33.3,1.84,0.61,0.07,0.2,11,0,0.14,-1.1,-1.1,57,109,52.3,721,195,34,58,58.6,15,29,51.7,2,5,40.0,0.4,-0.8,5,6,5,2,0,0,4,1,15,1.84,9,0,1,2,3,0,1,0,0,0,0,0,1,0,6,3,0,5,1,1,5,20.0,4,5,1,0,6,11,0,194,15,18,81,97,33,194,8,4,50.0,4,50.0,83,386,102,3,2,26,11,129,0,24,13,9,1,0,0,14,48,36,57.1
Kenan Yıldız,TUR,"FW,MF",Juventus,Serie A,19,2005,14,11,1001,11.1,3,2,5,3,0,0,0,0,1.4,1.4,2.2,3.6,53,40,91,0.27,0.18,0.45,0.27,0.45,0.13,0.2,0.33,0.13,0.33,22,6,27.3,1.98,0.54,0.14,0.5,17,0,0.07,1.6,1.6,338,415,81.4,5430,1271,182,199,91.5,129,151,85.4,22,46,47.8,1.7,-0.2,16,27,17,5,4,2,35,8,39,3.51,29,3,3,3,1,0,4,0,3,0,0,1,0,0,29,17,8,14,7,8,12,66.7,4,11,0,2,31,5,0,561,5,69,248,253,36,561,45,23,51.1,21,46.7,355,2570,1425,26,19,32,16,412,0,8,16,1,0,0,0,44,3,18,14.3
Ashley Young,ENG,DF,Everton,Premier League,39,1985,11,11,947,10.5,0,3,3,0,0,0,3,1,0.1,0.1,1.1,1.3,14,67,10,0.0,0.29,0.29,0.0,0.29,0.01,0.11,0.12,0.01,0.12,3,1,33.3,0.29,0.1,0.0,0.0,25,1,0.04,-0.1,-0.1,408,551,74.0,7344,3368,200,226,88.5,162,201,80.6,43,104,41.3,1.3,1.9,16,49,15,7,2,1,29,11,29,2.76,24,3,0,0,1,1,5,0,4,0,0,0,0,1,25,13,13,10,2,15,24,62.5,9,5,1,11,36,29,0,633,24,193,286,157,2,633,6,3,50.0,3,50.0,274,1329,854,17,1,2,0,347,0,10,9,0,0,0,0,41,5,7,41.7
Etienne Youte Kinkoue,FRA,DF,Le Havre,Ligue 1,22,2002,9,9,767,8.5,0,0,0,0,0,0,3,1,0.3,0.3,0.1,0.4,2,25,3,0.0,0.0,0.0,0.0,0.0,0.04,0.01,0.05,0.04,0.05,4,0,0.0,0.47,0.0,0.0,0.0,20,1,0.08,-0.3,-0.3,355,398,89.2,6957,2390,98,104,94.2,226,234,96.6,28,53,52.8,0.1,-0.1,1,21,1,0,0,0,1,1,3,0.35,3,0,0,0,0,0,0,0,0,0,0,0,0,0,5,1,3,2,0,3,6,50.0,3,16,10,10,15,51,0,493,92,271,206,18,3,493,1,1,100.0,0,0.0,271,1618,823,3,0,3,0,307,0,7,2,0,0,0,0,23,6,6,50.0
Illia Zabarnyi,UKR,DF,Bournemouth,Premier League,22,2002,13,13,1170,13.0,0,0,0,0,0,0,2,0,0.3,0.3,0.1,0.4,7,53,1,0.0,0.0,0.0,0.0,0.0,0.02,0.01,0.03,0.02,0.03,2,0,0.0,0.15,0.0,0.0,0.0,7,0,0.15,-0.3,-0.3,536,640,83.8,11407,4169,147,161,91.3,312,339,92.0,75,133,56.4,0.1,-0.1,3,53,2,0,1,1,1,2,14,1.08,12,1,0,0,0,1,0,0,0,0,0,0,0,0,16,9,8,8,0,8,13,61.5,5,14,5,14,30,58,0,762,95,364,383,22,3,762,4,2,50.0,1,25.0,465,2772,1578,6,0,4,1,477,0,5,1,0,0,0,0,64,27,17,61.4
Mattia Zaccagni,ITA,"FW,MF",Lazio,Serie A,29,1995,12,11,923,10.3,5,2,7,3,2,2,2,0,3.6,2.0,1.3,3.4,32,49,83,0.49,0.2,0.68,0.29,0.49,0.35,0.13,0.48,0.2,0.33,20,7,35.0,1.95,0.68,0.15,0.43,18,0,0.1,1.4,1.0,276,376,73.4,4566,1560,139,154,90.3,103,139,74.1,26,59,44.1,1.5,0.7,22,18,11,1,2,2,61,13,40,3.9,24,11,0,3,2,0,5,0,4,1,0,0,0,0,9,7,1,6,2,3,6,50.0,3,5,0,9,18,4,0,473,5,39,186,256,34,471,31,12,38.7,14,45.2,304,2160,1045,21,8,14,13,345,0,14,32,2,0,0,0,28,4,8,33.3
Dan-Axel Zagadou,FRA,"DF,MF",Stuttgart,Bundesliga,25,1999,2,0,29,0.3,0,0,0,0,0,0,1,0,0.0,0.0,0.0,0.0,0,0,0,0.0,0.0,0.0,0.0,0.0,0.0,0.0,0.0,0.0,0.0,0,0,0.0,0.0,0.0,0.0,0.0,0,0,0.0,0.0,0.0,9,9,100.0,153,22,4,4,100.0,5,5,100.0,0,0,0.0,0.0,0.0,0,0,0,0,0,0,0,0,0,0.0,0,0,0,0,0,0,0,0,0,0,0,0,0,0,0,0,0,0,0,0,0,0.0,0,0,0,1,1,1,0,12,1,10,2,0,0,12,0,0,0.0,0,0.0,6,11,1,1,0,0,0,9,0,1,0,0,0,0,0,0,0,0,0.0
Yoram Zague,FRA,DF,Paris S-G,Ligue 1,18,2006,3,2,160,1.8,0,0,0,0,0,0,0,0,0.1,0.1,0.0,0.1,4,8,13,0.0,0.0,0.0,0.0,0.0,0.03,0.02,0.04,0.03,0.04,1,1,100.0,0.56,0.56,0.0,0.0,10,0,0.05,-0.1,-0.1,152,161,94.4,2505,540,64,68,94.1,81,84,96.4,5,6,83.3,0.1,0.0,1,3,1,1,0,0,3,1,1,0.56,1,0,0,0,0,0,0,0,0,0,0,0,0,0,4,3,2,1,1,2,3,66.7,1,2,0,2,6,2,0,176,2,40,111,25,5,176,1,1,100.0,0,0.0,128,554,292,1,1,0,0,138,0,2,0,0,0,0,0,3,1,1,50.0
Wilfried Zaha,CIV,FW,Lyon,Ligue 1,32,1992,3,1,71,0.8,0,0,0,0,0,0,0,0,0.1,0.1,0.0,0.1,1,1,8,0.0,0.0,0.0,0.0,0.0,0.08,0.0,0.08,0.08,0.08,1,1,100.0,1.27,1.27,0.0,0.0,17,0,0.06,-0.1,-0.1,26,30,86.7,376,49,13,14,92.9,12,12,100.0,0,0,0.0,0.0,0.0,0,0,0,0,0,0,0,2,0,0.0,0,0,0,0,0,0,0,0,0,0,0,0,0,0,1,1,1,0,0,1,2,50.0,1,3,0,0,1,0,0,45,0,1,21,23,4,45,4,3,75.0,1,25.0,27,90,23,0,1,2,6,36,0,2,0,0,0,0,0,1,0,0,0.0
Warren Zaïre-Emery,FRA,"MF,DF",Paris S-G,Ligue 1,18,2006,12,10,868,9.6,1,1,2,1,0,0,2,0,0.7,0.7,0.7,1.4,14,45,39,0.1,0.1,0.21,0.1,0.21,0.07,0.07,0.15,0.07,0.15,7,5,71.4,0.73,0.52,0.14,0.2,18,0,0.1,0.3,0.3,607,663,91.6,8765,1572,347,363,95.6,206,218,94.5,26,38,68.4,0.5,0.3,9,37,2,0,1,6,1,10,25,2.59,24,0,1,0,0,0,3,0,2,0,1,0,0,0,23,10,3,12,8,12,21,57.1,9,18,1,6,29,13,1,771,22,119,423,236,16,771,18,5,27.8,13,72.2,497,2421,1027,19,4,16,13,614,0,12,9,1,0,0,0,59,4,10,28.6
Miha Zajc,SVN,MF,Toulouse,Ligue 1,30,1994,7,1,134,1.5,0,0,0,0,0,0,1,0,0.1,0.1,0.1,0.2,5,10,3,0.0,0.0,0.0,0.0,0.0,0.07,0.04,0.11,0.07,0.11,3,0,0.0,2.01,0.0,0.0,0.0,24,0,0.04,-0.1,-0.1,72,87,82.8,1042,216,40,48,83.3,27,28,96.4,3,7,42.9,0.1,-0.1,2,7,2,0,1,0,1,1,2,1.34,2,0,0,0,0,0,0,0,0,0,0,0,0,0,1,1,0,0,1,1,2,50.0,1,0,0,1,2,2,0,97,2,10,62,25,1,97,0,0,0.0,0,0.0,58,228,126,3,0,1,1,70,0,4,0,0,0,0,0,7,2,6,25.0
Denis Zakaria,SUI,MF,Monaco,Ligue 1,28,1996,10,9,835,9.3,2,2,4,2,0,0,2,0,1.9,1.9,0.3,2.2,8,30,7,0.22,0.22,0.43,0.22,0.43,0.2,0.03,0.23,0.2,0.23,9,5,55.6,0.97,0.54,0.22,0.4,16,0,0.21,0.1,0.1,399,451,88.5,5885,1731,231,250,92.4,147,163,90.2,15,25,60.0,0.5,1.7,4,26,6,1,2,0,3,1,14,1.51,11,0,0,1,0,2,6,0,5,0,0,0,0,1,12,8,5,5,2,7,11,63.6,4,10,4,14,26,22,0,551,28,129,364,67,9,551,21,11,52.4,8,38.1,310,1534,706,11,3,14,12,359,0,7,8,0,0,1,0,68,5,5,50.0
Nicola Zalewski,POL,"DF,FW",Roma,Serie A,22,2002,9,4,495,5.5,0,0,0,0,0,0,0,0,0.3,0.3,0.8,1.0,31,15,54,0.0,0.0,0.0,0.0,0.0,0.05,0.14,0.18,0.05,0.18,4,0,0.0,0.73,0.0,0.0,0.0,19,0,0.06,-0.3,-0.3,185,251,73.7,3059,513,98,113,86.7,67,91,73.6,15,29,51.7,0.6,-0.8,9,9,13,7,0,1,29,11,17,3.08,16,0,0,0,1,0,0,0,0,0,0,0,0,0,7,5,2,2,3,2,7,28.6,5,5,1,3,10,6,2,300,8,42,113,150,15,300,14,2,14.3,11,78.6,184,1547,813,18,6,7,4,210,0,2,12,1,0,0,0,21,5,8,38.5
Andre-Frank Zambo Anguissa,CMR,MF,Napoli,Serie A,29,1995,14,14,1251,13.9,1,1,2,1,0,0,3,0,0.6,0.6,1.2,1.8,15,81,46,0.07,0.07,0.14,0.07,0.14,0.04,0.09,0.13,0.04,0.13,13,2,15.4,0.94,0.14,0.08,0.5,24,0,0.05,0.4,0.4,631,729,86.6,9800,2623,340,377,90.2,238,266,89.5,37,45,82.2,1.3,-0.2,12,76,8,0,1,4,7,13,31,2.23,28,0,1,1,0,1,2,0,2,0,0,0,0,0,23,15,5,15,3,7,15,46.7,8,8,2,21,44,12,0,853,21,143,530,188,15,853,19,10,52.6,8,42.1,427,2047,892,19,4,16,10,624,0,19,11,0,0,1,0,70,18,17,51.4
Francesco Zampano,ITA,DF,Venezia,Serie A,31,1993,13,10,987,11.0,0,0,0,0,0,0,3,0,0.2,0.2,0.1,0.3,29,25,46,0.0,0.0,0.0,0.0,0.0,0.02,0.01,0.03,0.02,0.03,4,3,75.0,0.36,0.27,0.0,0.0,15,0,0.06,-0.2,-0.2,276,365,75.6,4562,1328,147,166,88.6,102,131,77.9,23,48,47.9,0.3,-0.1,2,20,6,2,0,5,34,13,12,1.09,9,0,1,1,1,0,0,0,0,0,0,0,0,0,19,13,10,7,2,8,16,50.0,8,11,0,5,24,15,2,448,22,121,192,142,16,448,14,6,42.9,7,50.0,249,1845,988,12,7,16,11,267,0,12,8,5,0,0,0,48,6,8,42.9
Nicolò Zaniolo,ITA,"FW,MF",Atalanta,Serie A,25,1999,8,0,179,2.0,1,1,2,1,0,0,2,0,0.5,0.5,0.4,0.8,5,9,18,0.5,0.5,1.01,0.5,1.01,0.23,0.19,0.42,0.23,0.42,7,2,28.6,3.52,1.01,0.14,0.5,15,0,0.07,0.5,0.5,48,57,84.2,667,184,25,27,92.6,18,24,75.0,2,2,100.0,0.3,0.6,6,3,4,0,0,0,3,1,13,6.54,9,0,0,2,2,0,2,1,2,0,0,0,0,0,0,0,0,0,0,0,0,0.0,0,0,0,0,0,0,0,80,0,1,28,52,15,80,9,4,44.4,4,44.4,64,344,154,5,4,7,8,84,0,4,9,0,0,0,0,5,4,3,57.1
Alessandro Zanoli,ITA,"DF,FW",Genoa,Serie A,24,2000,12,7,639,7.1,0,0,0,0,0,0,1,0,0.1,0.1,0.8,0.9,28,8,35,0.0,0.0,0.0,0.0,0.0,0.01,0.11,0.12,0.01,0.12,3,1,33.3,0.42,0.14,0.0,0.0,26,0,0.03,-0.1,-0.1,143,196,73.0,2583,778,57,63,90.5,71,92,77.2,12,24,50.0,0.6,-0.8,11,4,11,8,1,1,27,8,18,2.53,13,2,1,1,1,0,0,0,0,0,0,0,0,0,12,8,5,5,2,4,5,80.0,1,7,2,2,14,18,0,267,15,70,101,99,13,267,17,6,35.3,10,58.8,129,1330,751,23,7,10,3,156,0,11,6,1,0,0,0,20,4,5,44.4
Duván Zapata,COL,FW,Torino,Serie A,33,1991,7,7,587,6.5,3,0,3,3,0,0,1,0,3.4,3.4,0.5,3.9,6,7,36,0.46,0.0,0.46,0.46,0.46,0.52,0.08,0.59,0.52,0.59,21,8,38.1,3.22,1.23,0.14,0.38,11,0,0.16,-0.4,-0.4,87,126,69.0,1223,191,52,75,69.3,18,25,72.0,9,11,81.8,0.5,-0.5,9,4,4,1,0,0,3,3,20,3.07,14,0,1,3,1,1,1,0,0,0,0,1,0,0,7,5,2,0,5,0,3,0.0,3,2,1,2,9,7,0,192,11,25,72,96,39,192,9,1,11.1,7,77.8,104,470,207,4,4,9,8,141,0,10,8,2,0,0,0,15,20,28,41.7
Gabriele Zappa,ITA,DF,Cagliari,Serie A,25,1999,14,14,1215,13.5,2,0,2,2,0,0,3,0,0.6,0.6,1.0,1.6,18,59,23,0.15,0.0,0.15,0.15,0.15,0.04,0.08,0.12,0.04,0.12,5,3,60.0,0.37,0.22,0.4,0.67,14,0,0.11,1.4,1.4,591,742,79.6,9770,4495,284,305,93.1,268,322,83.2,30,77,39.0,0.9,-1.0,9,57,6,3,0,5,19,20,22,1.63,21,0,0,1,0,0,0,0,0,0,0,0,0,0,18,10,9,8,1,8,13,61.5,5,20,11,8,26,36,0,866,53,353,409,112,14,866,12,3,25.0,8,66.7,482,2377,1323,13,2,11,3,540,0,11,11,0,0,0,0,53,13,14,48.1
Davide Zappacosta,ITA,DF,Atalanta,Serie A,32,1992,11,9,706,7.8,2,1,3,2,0,0,1,0,0.6,0.6,0.7,1.3,21,32,52,0.25,0.13,0.38,0.25,0.38,0.07,0.09,0.16,0.07,0.16,15,5,33.3,1.91,0.64,0.13,0.4,20,0,0.04,1.4,1.4,310,367,84.5,4922,1393,163,175,93.1,128,154,83.1,15,26,57.7,0.9,0.3,8,18,15,9,1,0,29,6,18,2.29,14,1,0,3,0,0,2,0,2,0,0,0,0,0,6,4,3,2,1,6,13,46.2,7,8,1,2,8,7,0,437,11,84,158,197,16,437,9,0,0.0,8,88.9,230,1112,586,7,4,12,5,291,0,4,5,1,0,0,0,18,1,6,14.3
Bryan Zaragoza,ESP,"FW,MF",Osasuna,La Liga,23,2001,15,13,1051,11.7,1,5,6,1,0,0,3,0,1.8,1.8,1.9,3.7,61,26,83,0.09,0.43,0.51,0.09,0.51,0.15,0.17,0.32,0.15,0.32,18,7,38.9,1.54,0.6,0.06,0.14,19,0,0.1,-0.8,-0.8,156,265,58.9,2908,864,64,94,68.1,63,96,65.6,24,52,46.2,3.3,3.1,20,10,18,11,3,2,47,10,39,3.34,25,2,8,1,3,0,7,0,5,0,1,1,0,0,11,8,8,2,1,4,16,25.0,12,7,0,0,11,8,0,393,4,48,125,232,47,393,73,33,45.2,37,50.7,264,2566,1516,38,30,25,7,282,0,8,19,4,0,0,0,30,0,7,0.0
Anass Zaroury,MAR,"MF,FW",Lens,Ligue 1,24,2000,10,6,471,5.2,0,1,1,0,0,0,2,1,0.7,0.7,0.7,1.4,12,23,35,0.0,0.19,0.19,0.0,0.19,0.14,0.13,0.28,0.14,0.28,9,4,44.4,1.72,0.76,0.0,0.0,19,0,0.08,-0.7,-0.7,112,196,57.1,1831,569,60,87,69.0,42,63,66.7,9,28,32.1,0.8,0.3,10,11,10,2,1,0,32,11,19,3.63,13,3,1,1,1,0,1,0,1,0,0,0,0,0,6,5,0,4,2,2,8,25.0,6,4,0,0,6,1,0,236,1,24,112,103,12,236,9,5,55.6,4,44.4,153,872,446,8,3,9,4,171,1,4,10,1,0,0,0,23,2,1,66.7
Oier Zarraga,ESP,MF,Udinese,Serie A,25,1999,10,4,454,5.0,0,0,0,0,0,0,0,0,0.1,0.1,0.3,0.4,3,15,15,0.0,0.0,0.0,0.0,0.0,0.02,0.05,0.07,0.02,0.07,3,0,0.0,0.59,0.0,0.0,0.0,25,0,0.04,-0.1,-0.1,137,164,83.5,2184,535,78,83,94.0,42,49,85.7,13,21,61.9,0.5,-0.3,2,15,5,4,0,1,16,4,7,1.39,5,0,0,2,0,0,0,0,0,0,0,0,0,0,8,4,3,5,0,4,13,30.8,9,2,1,1,9,3,0,194,5,26,114,55,1,194,3,1,33.3,1,33.3,103,478,205,2,0,4,2,133,0,5,4,0,0,0,0,11,1,6,14.3
Jordan Zemura,ZIM,DF,Udinese,Serie A,25,1999,12,6,654,7.3,1,1,2,1,0,0,1,0,0.5,0.5,0.4,0.9,13,30,50,0.14,0.14,0.28,0.14,0.28,0.07,0.05,0.12,0.07,0.12,6,2,33.3,0.83,0.28,0.17,0.5,19,2,0.09,0.5,0.5,238,309,77.0,3761,1463,135,149,90.6,80,106,75.5,19,36,52.8,0.7,0.6,5,10,9,5,0,0,21,11,14,1.92,10,3,1,0,0,0,1,0,1,0,0,0,0,0,13,4,5,5,3,7,12,58.3,5,9,2,9,22,14,0,401,13,104,152,152,14,401,37,18,48.6,17,45.9,215,1297,629,13,3,10,9,229,0,14,3,1,0,0,0,35,0,9,0.0
Alessio Zerbin,ITA,DF,Napoli,Serie A,25,1999,1,0,1,0.0,0,0,0,0,0,0,0,0,0.0,0.0,0.0,0.0,0,0,0,0.0,0.0,0.0,0.0,0.0,0.0,0.0,0.0,0.0,0.0,0,0,0.0,0.0,0.0,0.0,0.0,0,0,0.0,0.0,0.0,0,0,0.0,0,0,0,0,0.0,0,0,0.0,0,0,0.0,0.0,0.0,0,0,0,0,0,0,0,0,0,0.0,0,0,0,0,0,0,0,0,0,0,0,0,0,0,1,1,1,0,0,1,1,100.0,0,0,0,0,1,0,0,1,0,1,0,0,0,1,0,0,0.0,0,0.0,0,0,0,0,0,0,0,0,0,0,0,0,0,0,0,0,0,0,0.0
Kevin Zeroli,ITA,MF,Milan,Serie A,19,2005,1,0,12,0.1,0,0,0,0,0,0,0,0,0.0,0.0,0.0,0.0,1,2,3,0.0,0.0,0.0,0.0,0.0,0.0,0.0,0.0,0.0,0.0,0,0,0.0,0.0,0.0,0.0,0.0,0,0,0.0,0.0,0.0,9,9,100.0,133,28,5,5,100.0,4,4,100.0,0,0,0.0,0.0,0.0,0,1,0,0,0,0,0,0,0,0.0,0,0,0,0,0,0,0,0,0,0,0,0,0,0,1,1,0,1,0,0,0,0.0,0,0,0,0,1,0,0,9,0,1,4,5,0,9,0,0,0.0,0,0.0,7,48,42,1,0,0,1,8,0,0,0,0,0,0,0,1,0,0,0.0
Cedric Zesiger,SUI,DF,Wolfsburg,Bundesliga,26,1998,7,5,522,5.8,0,0,0,0,0,0,4,0,0.1,0.1,0.0,0.1,3,19,2,0.0,0.0,0.0,0.0,0.0,0.01,0.0,0.01,0.01,0.01,2,1,50.0,0.34,0.17,0.0,0.0,25,0,0.03,-0.1,-0.1,189,237,79.7,3261,1271,76,79,96.2,93,107,86.9,12,36,33.3,0.2,0.0,1,15,2,1,0,2,3,4,5,0.86,5,0,0,0,0,0,0,0,0,0,0,0,0,0,13,8,6,5,2,6,12,50.0,6,6,5,3,16,28,0,303,48,153,131,19,0,303,3,3,100.0,0,0.0,135,653,299,0,0,1,1,154,0,14,5,0,0,1,0,16,3,10,23.1
Nathan Zeze,FRA,DF,Nantes,Ligue 1,19,2005,9,9,810,9.0,0,0,0,0,0,0,3,0,0.1,0.1,0.0,0.1,2,29,0,0.0,0.0,0.0,0.0,0.0,0.02,0.0,0.02,0.02,0.02,3,1,33.3,0.33,0.11,0.0,0.0,10,0,0.05,-0.1,-0.1,422,481,87.7,8197,3164,138,148,93.2,247,264,93.6,34,61,55.7,0.1,0.0,0,32,1,0,1,1,1,1,6,0.67,5,0,0,0,1,0,0,0,0,0,0,0,0,0,23,12,12,11,0,14,20,70.0,6,17,8,12,35,70,0,612,102,305,302,9,3,612,2,2,100.0,0,0.0,346,1753,981,2,0,6,0,381,0,6,7,0,0,0,0,40,13,15,46.4
Edon Zhegrova,KVX,"FW,MF",Lille,Ligue 1,25,1999,10,10,851,9.5,4,1,5,4,0,0,1,0,1.7,1.7,2.1,3.7,30,44,71,0.42,0.11,0.53,0.42,0.53,0.18,0.22,0.4,0.18,0.4,21,8,38.1,2.22,0.85,0.19,0.5,22,2,0.08,2.3,2.3,275,360,76.4,4303,1296,151,168,89.9,103,134,76.9,15,36,41.7,2.2,-1.1,13,16,22,3,1,0,52,7,31,3.28,17,7,5,0,2,0,2,0,2,0,0,0,0,0,4,2,3,0,1,2,7,28.6,5,7,0,3,7,1,0,453,0,29,138,292,30,453,45,20,44.4,23,51.1,319,2319,1058,24,16,22,24,346,0,8,9,5,0,0,0,37,3,2,60.0
Piotr Zieliński,POL,MF,Inter,Serie A,30,1994,9,2,297,3.3,2,0,2,0,2,2,0,0,1.8,0.3,0.4,0.6,8,27,11,0.61,0.0,0.61,0.0,0.0,0.56,0.12,0.67,0.08,0.2,5,2,40.0,1.52,0.61,0.0,0.0,26,0,0.05,0.2,-0.3,238,269,88.5,3807,1026,125,129,96.9,96,108,88.9,14,24,58.3,0.5,-0.4,6,30,2,0,1,1,16,2,16,4.85,11,3,1,1,0,0,1,0,1,0,0,0,0,0,5,5,2,2,1,2,7,28.6,5,1,0,0,5,1,0,289,2,21,191,79,5,287,4,1,25.0,1,25.0,191,1064,581,10,0,3,1,230,0,3,8,0,0,0,0,12,2,0,100.0
Oleksandr Zinchenko,UKR,"DF,MF",Arsenal,Premier League,28,1996,5,1,168,1.9,0,0,0,0,0,0,0,0,0.0,0.0,0.0,0.0,5,16,6,0.0,0.0,0.0,0.0,0.0,0.0,0.01,0.01,0.0,0.01,0,0,0.0,0.0,0.0,0.0,0.0,0,0,0.0,0.0,0.0,121,148,81.8,1981,515,67,73,91.8,47,56,83.9,6,12,50.0,0.1,0.0,1,9,1,0,0,3,3,2,5,2.68,5,0,0,0,0,0,1,0,1,0,0,0,0,0,1,0,1,0,0,0,1,0.0,1,4,0,2,3,5,0,161,7,36,93,33,7,161,1,1,100.0,0,0.0,90,507,220,2,2,2,1,102,0,4,0,0,0,0,0,8,3,4,42.9
Joshua Zirkzee,NED,FW,Manchester Utd,Premier League,23,2001,13,5,547,6.1,3,1,4,3,0,0,1,0,3.0,3.0,0.8,3.8,4,18,23,0.49,0.16,0.66,0.49,0.66,0.49,0.14,0.62,0.49,0.62,15,8,53.3,2.47,1.32,0.2,0.38,12,0,0.2,0.0,0.0,128,169,75.7,1604,447,90,109,82.6,28,36,77.8,3,7,42.9,0.4,0.2,8,12,3,0,1,1,3,6,18,2.96,17,0,0,1,0,0,2,0,1,0,0,1,0,0,2,0,2,0,0,2,2,100.0,0,7,2,2,4,1,0,226,5,24,113,91,26,226,11,5,45.5,6,54.5,123,531,198,4,2,14,11,171,0,5,2,1,0,0,0,20,12,21,36.4
Luc Zogbé,CIV,DF,Brest,Ligue 1,19,2005,6,3,219,2.4,0,0,0,0,0,0,0,0,0.1,0.1,0.0,0.1,0,8,7,0.0,0.0,0.0,0.0,0.0,0.03,0.02,0.05,0.03,0.05,3,0,0.0,1.23,0.0,0.0,0.0,22,0,0.02,-0.1,-0.1,96,124,77.4,1686,406,41,47,87.2,47,58,81.0,7,16,43.8,0.0,0.0,2,3,0,0,0,0,6,0,6,2.47,3,0,0,1,1,1,0,0,0,0,0,0,0,0,9,7,4,3,2,5,7,71.4,2,2,0,2,11,6,0,149,5,39,71,40,1,149,5,1,20.0,3,60.0,67,279,83,2,0,2,2,77,0,3,5,0,0,0,0,13,4,1,80.0
Nadir Zortea,ITA,"DF,FW",Cagliari,Serie A,25,1999,11,9,732,8.1,2,0,2,2,0,0,0,0,0.9,0.9,0.4,1.4,17,17,31,0.25,0.0,0.25,0.25,0.25,0.11,0.06,0.17,0.11,0.17,11,3,27.3,1.35,0.37,0.18,0.67,18,0,0.08,1.1,1.1,171,250,68.4,2944,1023,87,101,86.1,61,87,70.1,18,35,51.4,0.5,-0.4,8,18,10,5,1,0,39,13,18,2.21,13,0,5,0,0,0,1,0,1,0,0,0,0,0,11,4,5,5,1,6,12,50.0,6,1,0,4,15,16,0,317,15,89,137,96,9,317,18,9,50.0,7,38.9,181,1118,485,8,1,10,9,219,0,9,7,0,0,1,0,23,4,7,36.4
Aristide Zossou,CIV,MF,Auxerre,Ligue 1,19,2005,1,0,6,0.1,0,0,0,0,0,0,0,0,0.0,0.0,0.0,0.0,0,1,1,0.0,0.0,0.0,0.0,0.0,0.0,0.0,0.0,0.0,0.0,0,0,0.0,0.0,0.0,0.0,0.0,0,0,0.0,0.0,0.0,6,6,100.0,81,10,3,3,100.0,0,0,0.0,1,1,100.0,0.0,0.0,0,1,0,0,0,1,0,0,0,0.0,0,0,0,0,0,0,0,0,0,0,0,0,0,0,0,0,0,0,0,0,0,0.0,0,0,0,0,0,0,0,7,0,0,3,4,0,7,1,0,0.0,1,100.0,5,39,9,1,0,0,0,5,0,0,0,0,0,0,0,0,0,0,0.0
Yanis Zouaoui,ALG,"FW,DF",Le Havre,Ligue 1,30,1994,3,2,165,1.8,0,1,1,0,0,0,0,0,0.0,0.0,0.3,0.3,3,8,10,0.0,0.55,0.55,0.0,0.55,0.0,0.17,0.17,0.0,0.17,0,0,0.0,0.0,0.0,0.0,0.0,0,0,0.0,0.0,0.0,70,96,72.9,1222,462,37,40,92.5,25,34,73.5,7,14,50.0,0.4,0.7,6,4,3,3,0,0,16,5,8,4.36,3,5,0,0,0,0,1,0,0,1,0,0,0,0,2,2,1,1,0,1,1,100.0,0,1,0,2,4,4,0,114,2,25,46,46,0,114,6,4,66.7,1,16.7,55,322,192,5,0,2,2,54,0,3,2,1,0,0,0,9,0,1,0.0
Igor Zubeldia,ESP,DF,Real Sociedad,La Liga,27,1997,13,13,1115,12.4,0,0,0,0,0,0,4,0,0.1,0.1,0.3,0.4,9,54,2,0.0,0.0,0.0,0.0,0.0,0.01,0.03,0.03,0.01,0.03,2,2,100.0,0.16,0.16,0.0,0.0,25,0,0.03,-0.1,-0.1,663,768,86.3,13116,4109,192,215,89.3,415,442,93.9,53,94,56.4,0.5,-0.3,3,49,4,0,2,5,0,3,8,0.65,8,0,0,0,0,0,1,0,1,0,0,0,0,0,15,11,9,5,1,7,14,50.0,7,19,12,12,27,46,2,880,88,426,442,13,5,880,0,0,0.0,0,0.0,540,3047,2004,4,0,4,1,614,0,20,5,0,0,1,0,35,33,43,43.4
Martín Zubimendi,ESP,MF,Real Sociedad,La Liga,25,1999,15,14,1305,14.5,1,1,2,1,0,0,2,0,1.4,1.4,0.6,2.1,24,103,24,0.07,0.07,0.14,0.07,0.14,0.1,0.04,0.14,0.1,0.14,11,4,36.4,0.76,0.28,0.09,0.25,13,0,0.13,-0.4,-0.4,724,854,84.8,12278,3615,343,385,89.1,318,360,88.3,52,82,63.4,0.6,0.4,9,87,9,0,1,5,5,8,25,1.72,20,0,2,1,1,1,3,0,2,0,0,0,1,0,39,23,15,17,7,12,19,63.2,7,18,6,16,55,32,1,1023,56,236,657,138,25,1023,17,12,70.6,5,29.4,503,2714,1305,16,2,19,9,698,0,19,12,0,1,0,0,66,27,11,71.1
Martin Ødegaard,NOR,MF,Arsenal,Premier League,26,1998,6,6,498,5.5,1,2,3,0,1,1,1,0,1.6,0.8,0.9,1.8,16,53,27,0.18,0.36,0.54,0.0,0.36,0.3,0.17,0.46,0.15,0.32,8,3,37.5,1.45,0.54,0.0,0.0,18,0,0.11,-0.6,-0.8,221,263,84.0,3385,986,119,132,90.2,89,103,86.4,8,13,61.5,1.5,1.1,16,32,17,1,7,0,7,6,28,5.08,26,0,1,1,0,0,6,1,6,0,0,0,0,0,9,5,3,5,1,1,6,16.7,5,2,0,1,10,1,0,303,2,21,138,150,27,302,15,9,60.0,6,40.0,221,1328,605,8,7,5,14,242,0,3,6,0,0,0,0,20,1,0,100.0
Milan Đurić,BIH,FW,Monza,Serie A,34,1990,13,11,1008,11.2,4,1,5,4,0,0,3,0,2.4,2.4,1.1,3.4,2,16,17,0.36,0.09,0.45,0.36,0.45,0.21,0.1,0.31,0.21,0.31,16,7,43.8,1.43,0.62,0.25,0.57,11,0,0.15,1.6,1.6,93,199,46.7,1173,338,58,116,50.0,22,52,42.3,3,3,100.0,0.1,-0.1,4,11,2,0,0,2,0,1,5,0.45,5,0,0,0,0,0,1,0,1,0,0,0,0,0,1,1,0,1,0,0,2,0.0,2,6,0,2,3,12,0,268,14,32,163,76,20,268,2,2,100.0,0,0.0,104,281,102,1,1,13,12,214,0,14,13,4,0,0,0,10,102,37,73.4
